run_id,research_version,config_hash,dataset_id,feature_set_id,model_id,split_id,split_type,target,timeframe,horizon,random_seed,preprocessing_version,feature_columns,label_definition,purge_duration,embargo_duration,train_start,train_end,evaluation_start,evaluation_end,train_rows,evaluation_rows,holdout_used_for_selection,metric_roc_auc,metric_pr_auc,metric_balanced_accuracy,metric_log_loss,metric_brier_score,metric_accuracy,metric_mean_forward_return,metric_sample_count,metric_positive_rate,metric_signal_coverage_up_0_5,metric_signal_coverage_down_0_5,metric_mean_forward_return_up_0_5,metric_mean_forward_return_down_0_5,metric_signal_coverage_up_0_55,metric_signal_coverage_down_0_55,metric_mean_forward_return_up_0_55,metric_mean_forward_return_down_0_55,metric_signal_coverage_up_0_6,metric_signal_coverage_down_0_6,metric_mean_forward_return_up_0_6,metric_mean_forward_return_down_0_6,metric_signal_coverage_up_0_65,metric_signal_coverage_down_0_65,metric_mean_forward_return_up_0_65,metric_mean_forward_return_down_0_65,metric_signal_coverage_up_0_7,metric_signal_coverage_down_0_7,metric_mean_forward_return_up_0_7,metric_mean_forward_return_down_0_7,validation_status
736410cdca8a9a3668d4,3.3.0,73026dd08db19c83059c57c75b65bcebf077280cee941bdcbc1155cb400f6517,BTC_USDT_1h_1h_crypto_core_v1_no_macro_1.0.0,crypto_core_v1,logistic_regression,wf_2022,validation,BTC/USDT,1h,1h,42,train_only_standard_scaler_v1,btc_usdt_return_1|btc_usdt_log_return_1|btc_usdt_return_3|btc_usdt_log_return_3|btc_usdt_return_6|btc_usdt_log_return_6|btc_usdt_return_12|btc_usdt_log_return_12|btc_usdt_return_24|btc_usdt_log_return_24|btc_usdt_momentum_6|btc_usdt_momentum_12|btc_usdt_momentum_24|btc_usdt_sma_distance_20|btc_usdt_ema_distance_20|btc_usdt_sma_distance_50|btc_usdt_ema_distance_50|btc_usdt_rsi_14|btc_usdt_realized_vol_12|btc_usdt_range_12|btc_usdt_realized_vol_24|btc_usdt_range_24|btc_usdt_realized_vol_48|btc_usdt_range_48|btc_usdt_relative_volume_24|btc_usdt_range_position_20|btc_usdt_breakout_distance_20|btc_usdt_range_position_55|btc_usdt_breakout_distance_55,direction_raw_v1,0 days 01:00:00,0 days 01:00:00,2017-08-17T00:00:00Z,2021-12-31T23:59:59Z,2022-01-01T00:00:00Z,2022-12-31T23:59:59Z,38165,8760,False,0.5577090725376403,0.5426134973530268,0.5406046398451703,0.6887302656588077,0.24778854854038013,0.5404109589041096,-9.407711287377576e-05,8760.0,0.49748858447488586,0.5383561643835616,0.46164383561643835,-6.40948518909907e-05,0.00012904158933144499,0.17374429223744292,0.12648401826484018,-0.00010364654580959867,-5.759630051624277e-07,0.02968036529680365,0.015410958904109588,-0.0013375205471096833,-0.00016788183465635202,0.0031963470319634705,0.001141552511415525,0.00033130509649894376,0.0026920485902822587,0.00011415525114155251,0.0,0.06487232903615148,,ROBUST CANDIDATE
4cb9554981c541549133,3.3.0,73026dd08db19c83059c57c75b65bcebf077280cee941bdcbc1155cb400f6517,BTC_USDT_1h_1h_crypto_core_v1_no_macro_1.0.0,crypto_core_v1,hist_gradient_boosting,wf_2022,validation,BTC/USDT,1h,1h,42,train_only_standard_scaler_v1,btc_usdt_return_1|btc_usdt_log_return_1|btc_usdt_return_3|btc_usdt_log_return_3|btc_usdt_return_6|btc_usdt_log_return_6|btc_usdt_return_12|btc_usdt_log_return_12|btc_usdt_return_24|btc_usdt_log_return_24|btc_usdt_momentum_6|btc_usdt_momentum_12|btc_usdt_momentum_24|btc_usdt_sma_distance_20|btc_usdt_ema_distance_20|btc_usdt_sma_distance_50|btc_usdt_ema_distance_50|btc_usdt_rsi_14|btc_usdt_realized_vol_12|btc_usdt_range_12|btc_usdt_realized_vol_24|btc_usdt_range_24|btc_usdt_realized_vol_48|btc_usdt_range_48|btc_usdt_relative_volume_24|btc_usdt_range_position_20|btc_usdt_breakout_distance_20|btc_usdt_range_position_55|btc_usdt_breakout_distance_55,direction_raw_v1,0 days 01:00:00,0 days 01:00:00,2017-08-17T00:00:00Z,2021-12-31T23:59:59Z,2022-01-01T00:00:00Z,2022-12-31T23:59:59Z,38165,8760,False,0.5726248488577619,0.5558840277528173,0.5537125475320055,0.686025291304026,0.24645134142199798,0.553082191780822,-9.407711287377576e-05,8760.0,0.49748858447488586,0.6252283105022831,0.3747716894977169,-2.2744586950359675e-05,0.00021308053793699534,0.3122146118721461,0.1519406392694064,-0.00011581430139591242,0.00015327439825824253,0.08710045662100456,0.029908675799086758,7.029475409341704e-05,0.0004248888017410928,0.0091324200913242,0.0018264840182648401,0.0013966227616996022,0.0009084899131318949,0.00011415525114155251,0.00011415525114155251,0.033264924478542346,-0.003988641477555177,ROBUST CANDIDATE
db311923b9851ea2cce8,3.3.0,73026dd08db19c83059c57c75b65bcebf077280cee941bdcbc1155cb400f6517,BTC_USDT_1h_1h_crypto_core_v1_no_macro_1.0.0,crypto_core_v1,random_forest,wf_2022,validation,BTC/USDT,1h,1h,42,train_only_standard_scaler_v1,btc_usdt_return_1|btc_usdt_log_return_1|btc_usdt_return_3|btc_usdt_log_return_3|btc_usdt_return_6|btc_usdt_log_return_6|btc_usdt_return_12|btc_usdt_log_return_12|btc_usdt_return_24|btc_usdt_log_return_24|btc_usdt_momentum_6|btc_usdt_momentum_12|btc_usdt_momentum_24|btc_usdt_sma_distance_20|btc_usdt_ema_distance_20|btc_usdt_sma_distance_50|btc_usdt_ema_distance_50|btc_usdt_rsi_14|btc_usdt_realized_vol_12|btc_usdt_range_12|btc_usdt_realized_vol_24|btc_usdt_range_24|btc_usdt_realized_vol_48|btc_usdt_range_48|btc_usdt_relative_volume_24|btc_usdt_range_position_20|btc_usdt_breakout_distance_20|btc_usdt_range_position_55|btc_usdt_breakout_distance_55,direction_raw_v1,0 days 01:00:00,0 days 01:00:00,2017-08-17T00:00:00Z,2021-12-31T23:59:59Z,2022-01-01T00:00:00Z,2022-12-31T23:59:59Z,38165,8760,False,0.5701903615507908,0.5539952136419578,0.5523096014390388,0.6865384452200911,0.2466720439937552,0.5521689497716895,-9.407711287377576e-05,8760.0,0.49748858447488586,0.5277397260273973,0.47226027397260273,-1.841593448566944e-05,0.00017862669655475605,0.2845890410958904,0.21678082191780823,-6.486634050858925e-05,0.00017179877024516303,0.07579908675799087,0.057534246575342465,0.00019869845854249111,0.00023646470440163287,0.012671232876712329,0.006278538812785388,0.0007045710342702675,-0.0004659573291480378,0.003995433789954338,0.0006849315068493151,0.00046183298085037566,-0.0037949828254446225,ROBUST CANDIDATE
63bf5641c9599f05a6e6,3.3.0,73026dd08db19c83059c57c75b65bcebf077280cee941bdcbc1155cb400f6517,BTC_USDT_1h_1h_crypto_core_v1_no_macro_1.0.0,crypto_core_v1,logistic_regression,wf_2023,validation,BTC/USDT,1h,1h,42,train_only_standard_scaler_v1,btc_usdt_return_1|btc_usdt_log_return_1|btc_usdt_return_3|btc_usdt_log_return_3|btc_usdt_return_6|btc_usdt_log_return_6|btc_usdt_return_12|btc_usdt_log_return_12|btc_usdt_return_24|btc_usdt_log_return_24|btc_usdt_momentum_6|btc_usdt_momentum_12|btc_usdt_momentum_24|btc_usdt_sma_distance_20|btc_usdt_ema_distance_20|btc_usdt_sma_distance_50|btc_usdt_ema_distance_50|btc_usdt_rsi_14|btc_usdt_realized_vol_12|btc_usdt_range_12|btc_usdt_realized_vol_24|btc_usdt_range_24|btc_usdt_realized_vol_48|btc_usdt_range_48|btc_usdt_relative_volume_24|btc_usdt_range_position_20|btc_usdt_breakout_distance_20|btc_usdt_range_position_55|btc_usdt_breakout_distance_55,direction_raw_v1,0 days 01:00:00,0 days 01:00:00,2017-08-17T00:00:00Z,2022-12-31T23:59:59Z,2023-01-01T00:00:00Z,2023-12-31T23:59:59Z,46925,8759,False,0.5628070833394639,0.5679387232093743,0.5491752309558893,0.6873035315179603,0.24709505553269068,0.5497202877040758,0.00011746238176947424,8759.0,0.5134147733759562,0.5216348898276059,0.4783651101723941,9.279317281826221e-05,-0.00014436300604109425,0.13437607032766297,0.11416828405069072,0.00010440926723900994,-0.00041343276813872286,0.014156867222285648,0.005708414202534536,0.0006549928923012376,0.00025240293023686577,0.0012558511245575978,0.0,0.006008405177020604,,0.00022833656810138144,0.0,0.021562284289668998,,ROBUST CANDIDATE
c017749104466248df37,3.3.0,73026dd08db19c83059c57c75b65bcebf077280cee941bdcbc1155cb400f6517,BTC_USDT_1h_1h_crypto_core_v1_no_macro_1.0.0,crypto_core_v1,hist_gradient_boosting,wf_2023,validation,BTC/USDT,1h,1h,42,train_only_standard_scaler_v1,btc_usdt_return_1|btc_usdt_log_return_1|btc_usdt_return_3|btc_usdt_log_return_3|btc_usdt_return_6|btc_usdt_log_return_6|btc_usdt_return_12|btc_usdt_log_return_12|btc_usdt_return_24|btc_usdt_log_return_24|btc_usdt_momentum_6|btc_usdt_momentum_12|btc_usdt_momentum_24|btc_usdt_sma_distance_20|btc_usdt_ema_distance_20|btc_usdt_sma_distance_50|btc_usdt_ema_distance_50|btc_usdt_rsi_14|btc_usdt_realized_vol_12|btc_usdt_range_12|btc_usdt_realized_vol_24|btc_usdt_range_24|btc_usdt_realized_vol_48|btc_usdt_range_48|btc_usdt_relative_volume_24|btc_usdt_range_position_20|btc_usdt_breakout_distance_20|btc_usdt_range_position_55|btc_usdt_breakout_distance_55,direction_raw_v1,0 days 01:00:00,0 days 01:00:00,2017-08-17T00:00:00Z,2022-12-31T23:59:59Z,2023-01-01T00:00:00Z,2023-12-31T23:59:59Z,46925,8759,False,0.5700130709173965,0.5791350462830955,0.5470440327964615,0.6852590045035085,0.2460851233803602,0.5483502682954675,0.00011746238176947424,8759.0,0.5134147733759562,0.5499486242721772,0.45005137572782283,8.018410696525084e-05,-0.0001630152609505864,0.26247288503253796,0.14727708642539103,0.00023122213343515429,-0.0004476932350021001,0.049663203562050465,0.007763443315446969,0.0008367902342246129,7.473942080183143e-05,0.0011416828405069071,0.0,0.00047558691283089427,,0.0,0.0,,,ROBUST CANDIDATE
c414e6231dec3a6afc85,3.3.0,73026dd08db19c83059c57c75b65bcebf077280cee941bdcbc1155cb400f6517,BTC_USDT_1h_1h_crypto_core_v1_no_macro_1.0.0,crypto_core_v1,random_forest,wf_2023,validation,BTC/USDT,1h,1h,42,train_only_standard_scaler_v1,btc_usdt_return_1|btc_usdt_log_return_1|btc_usdt_return_3|btc_usdt_log_return_3|btc_usdt_return_6|btc_usdt_log_return_6|btc_usdt_return_12|btc_usdt_log_return_12|btc_usdt_return_24|btc_usdt_log_return_24|btc_usdt_momentum_6|btc_usdt_momentum_12|btc_usdt_momentum_24|btc_usdt_sma_distance_20|btc_usdt_ema_distance_20|btc_usdt_sma_distance_50|btc_usdt_ema_distance_50|btc_usdt_rsi_14|btc_usdt_realized_vol_12|btc_usdt_range_12|btc_usdt_realized_vol_24|btc_usdt_range_24|btc_usdt_realized_vol_48|btc_usdt_range_48|btc_usdt_relative_volume_24|btc_usdt_range_position_20|btc_usdt_breakout_distance_20|btc_usdt_range_position_55|btc_usdt_breakout_distance_55,direction_raw_v1,0 days 01:00:00,0 days 01:00:00,2017-08-17T00:00:00Z,2022-12-31T23:59:59Z,2023-01-01T00:00:00Z,2023-12-31T23:59:59Z,46925,8759,False,0.5655328172794063,0.569513612482163,0.5469568220411188,0.6867286974364761,0.2467976363190484,0.5473227537390113,0.00011746238176947424,8759.0,0.5134147733759562,0.5148989610686151,0.48510103893138484,6.455139646642019e-05,-0.00017362348878683688,0.2569928073981048,0.21851809567302202,0.00016051025182913073,-0.0002615970199127441,0.05582829090078776,0.04829318415344217,0.00023577250726883455,-0.0003753886425242282,0.005708414202534536,0.0038817216577234845,0.0014284240557515338,9.114536083867756e-05,0.0011416828405069071,0.0,-0.00228293481952182,,ROBUST CANDIDATE
fcd563f37aec63a26d46,3.3.0,73026dd08db19c83059c57c75b65bcebf077280cee941bdcbc1155cb400f6517,BTC_USDT_1h_1h_crypto_core_v1_no_macro_1.0.0,crypto_core_v1,logistic_regression,wf_2024,validation,BTC/USDT,1h,1h,42,train_only_standard_scaler_v1,btc_usdt_return_1|btc_usdt_log_return_1|btc_usdt_return_3|btc_usdt_log_return_3|btc_usdt_return_6|btc_usdt_log_return_6|btc_usdt_return_12|btc_usdt_log_return_12|btc_usdt_return_24|btc_usdt_log_return_24|btc_usdt_momentum_6|btc_usdt_momentum_12|btc_usdt_momentum_24|btc_usdt_sma_distance_20|btc_usdt_ema_distance_20|btc_usdt_sma_distance_50|btc_usdt_ema_distance_50|btc_usdt_rsi_14|btc_usdt_realized_vol_12|btc_usdt_range_12|btc_usdt_realized_vol_24|btc_usdt_range_24|btc_usdt_realized_vol_48|btc_usdt_range_48|btc_usdt_relative_volume_24|btc_usdt_range_position_20|btc_usdt_breakout_distance_20|btc_usdt_range_position_55|btc_usdt_breakout_distance_55,direction_raw_v1,0 days 01:00:00,0 days 01:00:00,2017-08-17T00:00:00Z,2023-12-31T23:59:59Z,2024-01-01T00:00:00Z,2024-12-31T23:59:59Z,55684,8784,False,0.5444418757929098,0.5487950983953214,0.5327323950879752,0.6903619093355734,0.2486039629106559,0.5322176684881603,0.00010622134319957378,8784.0,0.5114981785063752,0.4783697632058288,0.5216302367941712,0.00018928501173715175,-3.0046411904309147e-05,0.16040528233151183,0.1590391621129326,0.0003843969480761093,-6.476091796449426e-05,0.02925774134790528,0.013888888888888888,0.00025558320848229884,-8.734093857467286e-05,0.001138433515482696,0.0006830601092896175,0.0028621952024083684,-0.004911676253972393,0.00011384335154826958,0.00011384335154826958,0.017988702604923468,-0.004798408040593616,ROBUST CANDIDATE
5284564e0810f1b551ee,3.3.0,73026dd08db19c83059c57c75b65bcebf077280cee941bdcbc1155cb400f6517,BTC_USDT_1h_1h_crypto_core_v1_no_macro_1.0.0,crypto_core_v1,hist_gradient_boosting,wf_2024,validation,BTC/USDT,1h,1h,42,train_only_standard_scaler_v1,btc_usdt_return_1|btc_usdt_log_return_1|btc_usdt_return_3|btc_usdt_log_return_3|btc_usdt_return_6|btc_usdt_log_return_6|btc_usdt_return_12|btc_usdt_log_return_12|btc_usdt_return_24|btc_usdt_log_return_24|btc_usdt_momentum_6|btc_usdt_momentum_12|btc_usdt_momentum_24|btc_usdt_sma_distance_20|btc_usdt_ema_distance_20|btc_usdt_sma_distance_50|btc_usdt_ema_distance_50|btc_usdt_rsi_14|btc_usdt_realized_vol_12|btc_usdt_range_12|btc_usdt_realized_vol_24|btc_usdt_range_24|btc_usdt_realized_vol_48|btc_usdt_range_48|btc_usdt_relative_volume_24|btc_usdt_range_position_20|btc_usdt_breakout_distance_20|btc_usdt_range_position_55|btc_usdt_breakout_distance_55,direction_raw_v1,0 days 01:00:00,0 days 01:00:00,2017-08-17T00:00:00Z,2023-12-31T23:59:59Z,2024-01-01T00:00:00Z,2024-12-31T23:59:59Z,55684,8784,False,0.5579369093423401,0.5591005970227985,0.5472946004772021,0.6880570852104911,0.24746141212301742,0.5480418943533698,0.00010622134319957378,8784.0,0.5114981785063752,0.5335837887067395,0.4664162112932605,0.0002599038399675224,6.959263345441091e-05,0.28825136612021857,0.2058287795992714,0.00034298868360211466,0.00017231445069544138,0.06944444444444445,0.012978142076502733,0.0006051781714020061,0.0007506132054198121,0.0009107468123861566,0.0,0.0028832512501034135,,0.0,0.0,,,ROBUST CANDIDATE
e3c0577046f23620206d,3.3.0,73026dd08db19c83059c57c75b65bcebf077280cee941bdcbc1155cb400f6517,BTC_USDT_1h_1h_crypto_core_v1_no_macro_1.0.0,crypto_core_v1,random_forest,wf_2024,validation,BTC/USDT,1h,1h,42,train_only_standard_scaler_v1,btc_usdt_return_1|btc_usdt_log_return_1|btc_usdt_return_3|btc_usdt_log_return_3|btc_usdt_return_6|btc_usdt_log_return_6|btc_usdt_return_12|btc_usdt_log_return_12|btc_usdt_return_24|btc_usdt_log_return_24|btc_usdt_momentum_6|btc_usdt_momentum_12|btc_usdt_momentum_24|btc_usdt_sma_distance_20|btc_usdt_ema_distance_20|btc_usdt_sma_distance_50|btc_usdt_ema_distance_50|btc_usdt_rsi_14|btc_usdt_realized_vol_12|btc_usdt_range_12|btc_usdt_realized_vol_24|btc_usdt_range_24|btc_usdt_realized_vol_48|btc_usdt_range_48|btc_usdt_relative_volume_24|btc_usdt_range_position_20|btc_usdt_breakout_distance_20|btc_usdt_range_position_55|btc_usdt_breakout_distance_55,direction_raw_v1,0 days 01:00:00,0 days 01:00:00,2017-08-17T00:00:00Z,2023-12-31T23:59:59Z,2024-01-01T00:00:00Z,2024-12-31T23:59:59Z,55684,8784,False,0.5572183727316472,0.561811387835025,0.5450928794022945,0.6890390536573269,0.24794519092813683,0.5446265938069217,0.00010622134319957378,8784.0,0.5114981785063752,0.48076047358834245,0.5192395264116576,0.00021406005869987015,-6.3741834631669525e-06,0.27436247723132967,0.28506375227686703,0.00036692681550906826,8.535289577610144e-05,0.06967213114754098,0.07251821493624773,0.0008487915832344225,0.00032071516079165946,0.010701275045537341,0.004895264116575592,0.000765604314443358,-5.74883970144403e-05,0.0004553734061930783,0.00011384335154826958,0.003180104613985768,0.01687832197681194,ROBUST CANDIDATE
88ba375b8be45094de3b,3.3.0,73026dd08db19c83059c57c75b65bcebf077280cee941bdcbc1155cb400f6517,BTC_USDT_1h_1h_crypto_core_v1+crypto_context_proxy_v1_macro_proxy_1.0.0,crypto_core_v1+crypto_context_proxy_v1,logistic_regression,wf_2022,validation,BTC/USDT,1h,1h,42,train_only_standard_scaler_v1,btc_usdt_return_1|btc_usdt_log_return_1|btc_usdt_return_3|btc_usdt_log_return_3|btc_usdt_return_6|btc_usdt_log_return_6|btc_usdt_return_12|btc_usdt_log_return_12|btc_usdt_return_24|btc_usdt_log_return_24|btc_usdt_momentum_6|btc_usdt_momentum_12|btc_usdt_momentum_24|btc_usdt_sma_distance_20|btc_usdt_ema_distance_20|btc_usdt_sma_distance_50|btc_usdt_ema_distance_50|btc_usdt_rsi_14|btc_usdt_realized_vol_12|btc_usdt_range_12|btc_usdt_realized_vol_24|btc_usdt_range_24|btc_usdt_realized_vol_48|btc_usdt_range_48|btc_usdt_relative_volume_24|btc_usdt_range_position_20|btc_usdt_breakout_distance_20|btc_usdt_range_position_55|btc_usdt_breakout_distance_55|macro_es_f_proxy_value|macro_es_f_proxy_return_1|macro_nq_f_proxy_value|macro_nq_f_proxy_return_1|macro_vix_proxy_value|macro_vix_proxy_return_1|macro_urth_proxy_value|macro_urth_proxy_return_1,direction_raw_v1,0 days 01:00:00,0 days 01:00:00,2017-08-17T00:00:00Z,2021-12-31T23:59:59Z,2022-01-01T00:00:00Z,2022-12-31T23:59:59Z,20836,8760,False,0.5501430990419265,0.5377885703193482,0.5290242096556302,0.6912637186188239,0.24904554268865212,0.5301369863013699,-9.407711287377576e-05,8760.0,0.49748858447488586,0.278310502283105,0.721689497716895,-5.4481553330121755e-05,0.00010934664374492863,0.06621004566210045,0.3723744292237443,-0.00013916709335736073,7.509147670934594e-05,0.009817351598173516,0.09098173515981735,0.0013386751152222461,0.00042859948755725536,0.0007990867579908676,0.005365296803652968,0.003225930222618475,-0.0010808141382176012,0.0,0.0,,,ROBUST CANDIDATE
104b24022709b24e98af,3.3.0,73026dd08db19c83059c57c75b65bcebf077280cee941bdcbc1155cb400f6517,BTC_USDT_1h_1h_crypto_core_v1+crypto_context_proxy_v1_macro_proxy_1.0.0,crypto_core_v1+crypto_context_proxy_v1,hist_gradient_boosting,wf_2022,validation,BTC/USDT,1h,1h,42,train_only_standard_scaler_v1,btc_usdt_return_1|btc_usdt_log_return_1|btc_usdt_return_3|btc_usdt_log_return_3|btc_usdt_return_6|btc_usdt_log_return_6|btc_usdt_return_12|btc_usdt_log_return_12|btc_usdt_return_24|btc_usdt_log_return_24|btc_usdt_momentum_6|btc_usdt_momentum_12|btc_usdt_momentum_24|btc_usdt_sma_distance_20|btc_usdt_ema_distance_20|btc_usdt_sma_distance_50|btc_usdt_ema_distance_50|btc_usdt_rsi_14|btc_usdt_realized_vol_12|btc_usdt_range_12|btc_usdt_realized_vol_24|btc_usdt_range_24|btc_usdt_realized_vol_48|btc_usdt_range_48|btc_usdt_relative_volume_24|btc_usdt_range_position_20|btc_usdt_breakout_distance_20|btc_usdt_range_position_55|btc_usdt_breakout_distance_55|macro_es_f_proxy_value|macro_es_f_proxy_return_1|macro_nq_f_proxy_value|macro_nq_f_proxy_return_1|macro_vix_proxy_value|macro_vix_proxy_return_1|macro_urth_proxy_value|macro_urth_proxy_return_1,direction_raw_v1,0 days 01:00:00,0 days 01:00:00,2017-08-17T00:00:00Z,2021-12-31T23:59:59Z,2022-01-01T00:00:00Z,2022-12-31T23:59:59Z,20836,8760,False,0.5575652280796058,0.5429396708874493,0.5381617079641091,0.6896754826018888,0.2482568664128242,0.5373287671232877,-9.407711287377576e-05,8760.0,0.49748858447488586,0.6656392694063927,0.3343607305936073,-5.499527507542512e-05,0.0001718805257116667,0.3067351598173516,0.08812785388127854,0.0001933861314310233,0.0001493150038858219,0.06472602739726027,0.008447488584474886,0.00021250235194854024,0.0001696128316207039,0.0061643835616438354,0.0,0.002072243759308715,,0.00011415525114155251,0.0,0.0010899221944029591,,ROBUST CANDIDATE
023016b5da9f48a424eb,3.3.0,73026dd08db19c83059c57c75b65bcebf077280cee941bdcbc1155cb400f6517,BTC_USDT_1h_1h_crypto_core_v1+crypto_context_proxy_v1_macro_proxy_1.0.0,crypto_core_v1+crypto_context_proxy_v1,random_forest,wf_2022,validation,BTC/USDT,1h,1h,42,train_only_standard_scaler_v1,btc_usdt_return_1|btc_usdt_log_return_1|btc_usdt_return_3|btc_usdt_log_return_3|btc_usdt_return_6|btc_usdt_log_return_6|btc_usdt_return_12|btc_usdt_log_return_12|btc_usdt_return_24|btc_usdt_log_return_24|btc_usdt_momentum_6|btc_usdt_momentum_12|btc_usdt_momentum_24|btc_usdt_sma_distance_20|btc_usdt_ema_distance_20|btc_usdt_sma_distance_50|btc_usdt_ema_distance_50|btc_usdt_rsi_14|btc_usdt_realized_vol_12|btc_usdt_range_12|btc_usdt_realized_vol_24|btc_usdt_range_24|btc_usdt_realized_vol_48|btc_usdt_range_48|btc_usdt_relative_volume_24|btc_usdt_range_position_20|btc_usdt_breakout_distance_20|btc_usdt_range_position_55|btc_usdt_breakout_distance_55|macro_es_f_proxy_value|macro_es_f_proxy_return_1|macro_nq_f_proxy_value|macro_nq_f_proxy_return_1|macro_vix_proxy_value|macro_vix_proxy_return_1|macro_urth_proxy_value|macro_urth_proxy_return_1,direction_raw_v1,0 days 01:00:00,0 days 01:00:00,2017-08-17T00:00:00Z,2021-12-31T23:59:59Z,2022-01-01T00:00:00Z,2022-12-31T23:59:59Z,20836,8760,False,0.5628012549679637,0.5469544045235452,0.5412527869700847,0.688396041050132,0.2475514067691217,0.5408675799086758,-9.407711287377576e-05,8760.0,0.49748858447488586,0.5764840182648402,0.4235159817351598,-6.172292182833211e-05,0.00013811718424291063,0.276027397260274,0.15787671232876713,2.91358877823312e-05,0.00038012028028431557,0.07385844748858447,0.02899543378995434,9.560468770564414e-05,0.00031049996983331424,0.015867579908675798,0.0014840182648401827,0.0008800826096512522,-0.00024283582686343777,0.006621004566210046,0.0,-0.002087820843479341,,ROBUST CANDIDATE
00e2c9d878786595c453,3.3.0,73026dd08db19c83059c57c75b65bcebf077280cee941bdcbc1155cb400f6517,BTC_USDT_1h_1h_crypto_core_v1+crypto_context_proxy_v1_macro_proxy_1.0.0,crypto_core_v1+crypto_context_proxy_v1,logistic_regression,wf_2023,validation,BTC/USDT,1h,1h,42,train_only_standard_scaler_v1,btc_usdt_return_1|btc_usdt_log_return_1|btc_usdt_return_3|btc_usdt_log_return_3|btc_usdt_return_6|btc_usdt_log_return_6|btc_usdt_return_12|btc_usdt_log_return_12|btc_usdt_return_24|btc_usdt_log_return_24|btc_usdt_momentum_6|btc_usdt_momentum_12|btc_usdt_momentum_24|btc_usdt_sma_distance_20|btc_usdt_ema_distance_20|btc_usdt_sma_distance_50|btc_usdt_ema_distance_50|btc_usdt_rsi_14|btc_usdt_realized_vol_12|btc_usdt_range_12|btc_usdt_realized_vol_24|btc_usdt_range_24|btc_usdt_realized_vol_48|btc_usdt_range_48|btc_usdt_relative_volume_24|btc_usdt_range_position_20|btc_usdt_breakout_distance_20|btc_usdt_range_position_55|btc_usdt_breakout_distance_55|macro_es_f_proxy_value|macro_es_f_proxy_return_1|macro_nq_f_proxy_value|macro_nq_f_proxy_return_1|macro_vix_proxy_value|macro_vix_proxy_return_1|macro_urth_proxy_value|macro_urth_proxy_return_1,direction_raw_v1,0 days 01:00:00,0 days 01:00:00,2017-08-17T00:00:00Z,2022-12-31T23:59:59Z,2023-01-01T00:00:00Z,2023-12-31T23:59:59Z,29596,8759,False,0.5575217932973096,0.5641779252271851,0.5440997371729231,0.6882440019990641,0.24756111669196557,0.5430985272291358,0.00011746238176947424,8759.0,0.5134147733759562,0.4638657380979564,0.5361342619020436,0.00011181295435662177,-0.0001223502913900917,0.12695513186436808,0.1638314876127412,9.870041772490165e-05,-0.00048079261911192705,0.011873501541271834,0.008905126155953876,0.0009983142442853059,-0.0009437348566360209,0.0004566731362027629,0.00011416828405069072,0.014894143476473276,0.002130374909885102,0.00011416828405069072,0.0,0.018976669258333745,,ROBUST CANDIDATE
70081a9da82e086012ae,3.3.0,73026dd08db19c83059c57c75b65bcebf077280cee941bdcbc1155cb400f6517,BTC_USDT_1h_1h_crypto_core_v1+crypto_context_proxy_v1_macro_proxy_1.0.0,crypto_core_v1+crypto_context_proxy_v1,hist_gradient_boosting,wf_2023,validation,BTC/USDT,1h,1h,42,train_only_standard_scaler_v1,btc_usdt_return_1|btc_usdt_log_return_1|btc_usdt_return_3|btc_usdt_log_return_3|btc_usdt_return_6|btc_usdt_log_return_6|btc_usdt_return_12|btc_usdt_log_return_12|btc_usdt_return_24|btc_usdt_log_return_24|btc_usdt_momentum_6|btc_usdt_momentum_12|btc_usdt_momentum_24|btc_usdt_sma_distance_20|btc_usdt_ema_distance_20|btc_usdt_sma_distance_50|btc_usdt_ema_distance_50|btc_usdt_rsi_14|btc_usdt_realized_vol_12|btc_usdt_range_12|btc_usdt_realized_vol_24|btc_usdt_range_24|btc_usdt_realized_vol_48|btc_usdt_range_48|btc_usdt_relative_volume_24|btc_usdt_range_position_20|btc_usdt_breakout_distance_20|btc_usdt_range_position_55|btc_usdt_breakout_distance_55|macro_es_f_proxy_value|macro_es_f_proxy_return_1|macro_nq_f_proxy_value|macro_nq_f_proxy_return_1|macro_vix_proxy_value|macro_vix_proxy_return_1|macro_urth_proxy_value|macro_urth_proxy_return_1,direction_raw_v1,0 days 01:00:00,0 days 01:00:00,2017-08-17T00:00:00Z,2022-12-31T23:59:59Z,2023-01-01T00:00:00Z,2023-12-31T23:59:59Z,29596,8759,False,0.5649516644236572,0.5708210498400866,0.5464245833840736,0.6868954447004312,0.24688667872101466,0.5466377440347071,0.00011746238176947424,8759.0,0.5134147733759562,0.5091905468660806,0.4908094531339194,0.00011201358126727044,-0.00012311524295575686,0.16337481447653843,0.15572553944514214,0.00032909932568065433,-0.0004395524653305798,0.014156867222285648,0.007306770179244206,0.0002889775273279262,-0.0015830355468047404,0.00011416828405069072,0.0,-0.001810260341186587,,0.0,0.0,,,ROBUST CANDIDATE
a09bdbbaba364d552acc,3.3.0,73026dd08db19c83059c57c75b65bcebf077280cee941bdcbc1155cb400f6517,BTC_USDT_1h_1h_crypto_core_v1+crypto_context_proxy_v1_macro_proxy_1.0.0,crypto_core_v1+crypto_context_proxy_v1,random_forest,wf_2023,validation,BTC/USDT,1h,1h,42,train_only_standard_scaler_v1,btc_usdt_return_1|btc_usdt_log_return_1|btc_usdt_return_3|btc_usdt_log_return_3|btc_usdt_return_6|btc_usdt_log_return_6|btc_usdt_return_12|btc_usdt_log_return_12|btc_usdt_return_24|btc_usdt_log_return_24|btc_usdt_momentum_6|btc_usdt_momentum_12|btc_usdt_momentum_24|btc_usdt_sma_distance_20|btc_usdt_ema_distance_20|btc_usdt_sma_distance_50|btc_usdt_ema_distance_50|btc_usdt_rsi_14|btc_usdt_realized_vol_12|btc_usdt_range_12|btc_usdt_realized_vol_24|btc_usdt_range_24|btc_usdt_realized_vol_48|btc_usdt_range_48|btc_usdt_relative_volume_24|btc_usdt_range_position_20|btc_usdt_breakout_distance_20|btc_usdt_range_position_55|btc_usdt_breakout_distance_55|macro_es_f_proxy_value|macro_es_f_proxy_return_1|macro_nq_f_proxy_value|macro_nq_f_proxy_return_1|macro_vix_proxy_value|macro_vix_proxy_return_1|macro_urth_proxy_value|macro_urth_proxy_return_1,direction_raw_v1,0 days 01:00:00,0 days 01:00:00,2017-08-17T00:00:00Z,2022-12-31T23:59:59Z,2023-01-01T00:00:00Z,2023-12-31T23:59:59Z,29596,8759,False,0.5688808441771547,0.5731562789568794,0.548337037246897,0.6862294773477725,0.24656143817973164,0.547436922023062,0.00011746238176947424,8759.0,0.5134147733759562,0.4677474597556799,0.5322525402443201,0.0001124089225545997,-0.00012190339901600813,0.1798150473798379,0.21463637401529856,0.0001873551634835339,-0.00022782997671230904,0.024660349354949197,0.04863568900559424,0.0004915178992057248,-0.0003637331644119425,0.0022833656810138142,0.0012558511245575978,0.0024163467590290755,0.0013679634919429736,0.00011416828405069072,0.0,0.011105173803539259,,ROBUST CANDIDATE
615dccd8e6bdccb198fe,3.3.0,73026dd08db19c83059c57c75b65bcebf077280cee941bdcbc1155cb400f6517,BTC_USDT_1h_1h_crypto_core_v1+crypto_context_proxy_v1_macro_proxy_1.0.0,crypto_core_v1+crypto_context_proxy_v1,logistic_regression,wf_2024,validation,BTC/USDT,1h,1h,42,train_only_standard_scaler_v1,btc_usdt_return_1|btc_usdt_log_return_1|btc_usdt_return_3|btc_usdt_log_return_3|btc_usdt_return_6|btc_usdt_log_return_6|btc_usdt_return_12|btc_usdt_log_return_12|btc_usdt_return_24|btc_usdt_log_return_24|btc_usdt_momentum_6|btc_usdt_momentum_12|btc_usdt_momentum_24|btc_usdt_sma_distance_20|btc_usdt_ema_distance_20|btc_usdt_sma_distance_50|btc_usdt_ema_distance_50|btc_usdt_rsi_14|btc_usdt_realized_vol_12|btc_usdt_range_12|btc_usdt_realized_vol_24|btc_usdt_range_24|btc_usdt_realized_vol_48|btc_usdt_range_48|btc_usdt_relative_volume_24|btc_usdt_range_position_20|btc_usdt_breakout_distance_20|btc_usdt_range_position_55|btc_usdt_breakout_distance_55|macro_es_f_proxy_value|macro_es_f_proxy_return_1|macro_nq_f_proxy_value|macro_nq_f_proxy_return_1|macro_vix_proxy_value|macro_vix_proxy_return_1|macro_urth_proxy_value|macro_urth_proxy_return_1,direction_raw_v1,0 days 01:00:00,0 days 01:00:00,2017-08-17T00:00:00Z,2023-12-31T23:59:59Z,2024-01-01T00:00:00Z,2024-12-31T23:59:59Z,38355,8784,False,0.5452918994683618,0.5478512726456413,0.5312471099428444,0.691423953383718,0.2491292342967932,0.5286885245901639,0.00010622134319957378,8784.0,0.5114981785063752,0.38945810564663025,0.6105418943533698,0.00016887200830998836,-6.625715797810666e-05,0.12260928961748634,0.2611566484517304,0.00048012160235234397,-0.00011012027910081177,0.017531876138433516,0.03381147540983607,-0.00010640198471399849,0.000500239073729617,0.00034153005464480874,0.0009107468123861566,-0.0028860529411563287,-0.001308263378940605,0.0,0.0,,,ROBUST CANDIDATE
6a4561a010cd1a817c0b,3.3.0,73026dd08db19c83059c57c75b65bcebf077280cee941bdcbc1155cb400f6517,BTC_USDT_1h_1h_crypto_core_v1+crypto_context_proxy_v1_macro_proxy_1.0.0,crypto_core_v1+crypto_context_proxy_v1,hist_gradient_boosting,wf_2024,validation,BTC/USDT,1h,1h,42,train_only_standard_scaler_v1,btc_usdt_return_1|btc_usdt_log_return_1|btc_usdt_return_3|btc_usdt_log_return_3|btc_usdt_return_6|btc_usdt_log_return_6|btc_usdt_return_12|btc_usdt_log_return_12|btc_usdt_return_24|btc_usdt_log_return_24|btc_usdt_momentum_6|btc_usdt_momentum_12|btc_usdt_momentum_24|btc_usdt_sma_distance_20|btc_usdt_ema_distance_20|btc_usdt_sma_distance_50|btc_usdt_ema_distance_50|btc_usdt_rsi_14|btc_usdt_realized_vol_12|btc_usdt_range_12|btc_usdt_realized_vol_24|btc_usdt_range_24|btc_usdt_realized_vol_48|btc_usdt_range_48|btc_usdt_relative_volume_24|btc_usdt_range_position_20|btc_usdt_breakout_distance_20|btc_usdt_range_position_55|btc_usdt_breakout_distance_55|macro_es_f_proxy_value|macro_es_f_proxy_return_1|macro_nq_f_proxy_value|macro_nq_f_proxy_return_1|macro_vix_proxy_value|macro_vix_proxy_return_1|macro_urth_proxy_value|macro_urth_proxy_return_1,direction_raw_v1,0 days 01:00:00,0 days 01:00:00,2017-08-17T00:00:00Z,2023-12-31T23:59:59Z,2024-01-01T00:00:00Z,2024-12-31T23:59:59Z,38355,8784,False,0.5557226101162673,0.5589350333559131,0.5406688194583014,0.6883106684459429,0.24759448693134298,0.5406420765027322,0.00010622134319957378,8784.0,0.5114981785063752,0.49977231329690347,0.5002276867030966,0.0002417860089863057,2.9219913697047312e-05,0.22586520947176686,0.2032103825136612,0.0004715630834010164,6.239667405725864e-05,0.043943533697632056,0.009790528233151184,0.0004828374381228951,0.00116775015620068,0.0023907103825136613,0.0,0.0017170673968911001,,0.0,0.0,,,ROBUST CANDIDATE
367b67540401d6f170fb,3.3.0,73026dd08db19c83059c57c75b65bcebf077280cee941bdcbc1155cb400f6517,BTC_USDT_1h_1h_crypto_core_v1+crypto_context_proxy_v1_macro_proxy_1.0.0,crypto_core_v1+crypto_context_proxy_v1,random_forest,wf_2024,validation,BTC/USDT,1h,1h,42,train_only_standard_scaler_v1,btc_usdt_return_1|btc_usdt_log_return_1|btc_usdt_return_3|btc_usdt_log_return_3|btc_usdt_return_6|btc_usdt_log_return_6|btc_usdt_return_12|btc_usdt_log_return_12|btc_usdt_return_24|btc_usdt_log_return_24|btc_usdt_momentum_6|btc_usdt_momentum_12|btc_usdt_momentum_24|btc_usdt_sma_distance_20|btc_usdt_ema_distance_20|btc_usdt_sma_distance_50|btc_usdt_ema_distance_50|btc_usdt_rsi_14|btc_usdt_realized_vol_12|btc_usdt_range_12|btc_usdt_realized_vol_24|btc_usdt_range_24|btc_usdt_realized_vol_48|btc_usdt_range_48|btc_usdt_relative_volume_24|btc_usdt_range_position_20|btc_usdt_breakout_distance_20|btc_usdt_range_position_55|btc_usdt_breakout_distance_55|macro_es_f_proxy_value|macro_es_f_proxy_return_1|macro_nq_f_proxy_value|macro_nq_f_proxy_return_1|macro_vix_proxy_value|macro_vix_proxy_return_1|macro_urth_proxy_value|macro_urth_proxy_return_1,direction_raw_v1,0 days 01:00:00,0 days 01:00:00,2017-08-17T00:00:00Z,2023-12-31T23:59:59Z,2024-01-01T00:00:00Z,2024-12-31T23:59:59Z,38355,8784,False,0.5579351458077437,0.5604169333178328,0.5389973258072593,0.6896312918584109,0.24822955665347876,0.5377959927140255,0.00010622134319957378,8784.0,0.5114981785063752,0.4486566484517304,0.5513433515482696,0.00023046236485882947,-5.119987354203841e-06,0.21061020036429873,0.34073315118397085,0.00048295260564101117,5.096994916266625e-05,0.043943533697632056,0.09437613843351549,0.0001767646098728991,3.8376510114259705e-05,0.0036429872495446266,0.001366120218579235,0.0016297558797601468,-0.0004290695418099344,0.0,0.0,,,ROBUST CANDIDATE
e49e68a0471fbd216fc1,3.3.0,73026dd08db19c83059c57c75b65bcebf077280cee941bdcbc1155cb400f6517,BTC_USDT_1h_2h_crypto_core_v1_no_macro_1.0.0,crypto_core_v1,logistic_regression,wf_2022,validation,BTC/USDT,1h,2h,42,train_only_standard_scaler_v1,btc_usdt_return_1|btc_usdt_log_return_1|btc_usdt_return_3|btc_usdt_log_return_3|btc_usdt_return_6|btc_usdt_log_return_6|btc_usdt_return_12|btc_usdt_log_return_12|btc_usdt_return_24|btc_usdt_log_return_24|btc_usdt_momentum_6|btc_usdt_momentum_12|btc_usdt_momentum_24|btc_usdt_sma_distance_20|btc_usdt_ema_distance_20|btc_usdt_sma_distance_50|btc_usdt_ema_distance_50|btc_usdt_rsi_14|btc_usdt_realized_vol_12|btc_usdt_range_12|btc_usdt_realized_vol_24|btc_usdt_range_24|btc_usdt_realized_vol_48|btc_usdt_range_48|btc_usdt_relative_volume_24|btc_usdt_range_position_20|btc_usdt_breakout_distance_20|btc_usdt_range_position_55|btc_usdt_breakout_distance_55,direction_raw_v1,0 days 02:00:00,0 days 02:00:00,2017-08-17T00:00:00Z,2021-12-31T23:59:59Z,2022-01-01T00:00:00Z,2022-12-31T23:59:59Z,38164,8760,False,0.5462058943285758,0.5285363260160072,0.5357956258273036,0.6909123469244267,0.24886260068295557,0.5356164383561643,-0.00018920254211381577,8760.0,0.49668949771689497,0.5268264840182648,0.4731735159817352,-0.00013638524629254917,0.00024800877135751787,0.18378995433789955,0.14315068493150684,8.479395126895938e-05,0.0003132194221589763,0.03550228310502283,0.0182648401826484,-0.0015627566967552926,0.0013714921999289254,0.004223744292237443,0.0009132420091324201,0.003584403710527145,0.005019482887828636,0.00034246575342465754,0.0,0.04640637581983246,,ROBUST CANDIDATE
36683855331108ee61c7,3.3.0,73026dd08db19c83059c57c75b65bcebf077280cee941bdcbc1155cb400f6517,BTC_USDT_1h_2h_crypto_core_v1_no_macro_1.0.0,crypto_core_v1,hist_gradient_boosting,wf_2022,validation,BTC/USDT,1h,2h,42,train_only_standard_scaler_v1,btc_usdt_return_1|btc_usdt_log_return_1|btc_usdt_return_3|btc_usdt_log_return_3|btc_usdt_return_6|btc_usdt_log_return_6|btc_usdt_return_12|btc_usdt_log_return_12|btc_usdt_return_24|btc_usdt_log_return_24|btc_usdt_momentum_6|btc_usdt_momentum_12|btc_usdt_momentum_24|btc_usdt_sma_distance_20|btc_usdt_ema_distance_20|btc_usdt_sma_distance_50|btc_usdt_ema_distance_50|btc_usdt_rsi_14|btc_usdt_realized_vol_12|btc_usdt_range_12|btc_usdt_realized_vol_24|btc_usdt_range_24|btc_usdt_realized_vol_48|btc_usdt_range_48|btc_usdt_relative_volume_24|btc_usdt_range_position_20|btc_usdt_breakout_distance_20|btc_usdt_range_position_55|btc_usdt_breakout_distance_55,direction_raw_v1,0 days 02:00:00,0 days 02:00:00,2017-08-17T00:00:00Z,2021-12-31T23:59:59Z,2022-01-01T00:00:00Z,2022-12-31T23:59:59Z,38164,8760,False,0.5530553793485349,0.5370599914789926,0.5424530453395013,0.692215199722228,0.2494464148365261,0.5415525114155251,-0.00018920254211381577,8760.0,0.49668949771689497,0.6357305936073059,0.36426940639269406,-0.00013029797715581224,0.00029200402197941325,0.3608447488584475,0.14942922374429224,-4.069695157101653e-05,2.4680206539806218e-05,0.129337899543379,0.04680365296803653,8.236042487886532e-05,0.0002976567316454811,0.03207762557077626,0.013013698630136987,0.001163382600453089,6.623457972694316e-05,0.003424657534246575,0.003995433789954338,0.0032740229305945594,0.00034374471938374284,ROBUST CANDIDATE
f8e9ac46a2dad3b6eca0,3.3.0,73026dd08db19c83059c57c75b65bcebf077280cee941bdcbc1155cb400f6517,BTC_USDT_1h_2h_crypto_core_v1_no_macro_1.0.0,crypto_core_v1,random_forest,wf_2022,validation,BTC/USDT,1h,2h,42,train_only_standard_scaler_v1,btc_usdt_return_1|btc_usdt_log_return_1|btc_usdt_return_3|btc_usdt_log_return_3|btc_usdt_return_6|btc_usdt_log_return_6|btc_usdt_return_12|btc_usdt_log_return_12|btc_usdt_return_24|btc_usdt_log_return_24|btc_usdt_momentum_6|btc_usdt_momentum_12|btc_usdt_momentum_24|btc_usdt_sma_distance_20|btc_usdt_ema_distance_20|btc_usdt_sma_distance_50|btc_usdt_ema_distance_50|btc_usdt_rsi_14|btc_usdt_realized_vol_12|btc_usdt_range_12|btc_usdt_realized_vol_24|btc_usdt_range_24|btc_usdt_realized_vol_48|btc_usdt_range_48|btc_usdt_relative_volume_24|btc_usdt_range_position_20|btc_usdt_breakout_distance_20|btc_usdt_range_position_55|btc_usdt_breakout_distance_55,direction_raw_v1,0 days 02:00:00,0 days 02:00:00,2017-08-17T00:00:00Z,2021-12-31T23:59:59Z,2022-01-01T00:00:00Z,2022-12-31T23:59:59Z,38164,8760,False,0.5563224217153866,0.5406573251051479,0.53957876116731,0.6898736025206818,0.2483155981913784,0.539269406392694,-0.00018920254211381577,8760.0,0.49668949771689497,0.5464611872146119,0.4535388127853881,-0.00017316516673947731,0.00020852570242515684,0.28013698630136985,0.22465753424657534,0.00010552253399021203,0.0001419578066785853,0.07420091324200913,0.06438356164383562,0.0004303149496041121,-0.00023397869586581547,0.014611872146118721,0.01141552511415525,0.0012579540917267906,0.0001415093800525513,0.0031963470319634705,0.001141552511415525,0.0031686228332058197,-0.002244712294036977,ROBUST CANDIDATE
0272e242a494c28cc602,3.3.0,73026dd08db19c83059c57c75b65bcebf077280cee941bdcbc1155cb400f6517,BTC_USDT_1h_2h_crypto_core_v1_no_macro_1.0.0,crypto_core_v1,logistic_regression,wf_2023,validation,BTC/USDT,1h,2h,42,train_only_standard_scaler_v1,btc_usdt_return_1|btc_usdt_log_return_1|btc_usdt_return_3|btc_usdt_log_return_3|btc_usdt_return_6|btc_usdt_log_return_6|btc_usdt_return_12|btc_usdt_log_return_12|btc_usdt_return_24|btc_usdt_log_return_24|btc_usdt_momentum_6|btc_usdt_momentum_12|btc_usdt_momentum_24|btc_usdt_sma_distance_20|btc_usdt_ema_distance_20|btc_usdt_sma_distance_50|btc_usdt_ema_distance_50|btc_usdt_rsi_14|btc_usdt_realized_vol_12|btc_usdt_range_12|btc_usdt_realized_vol_24|btc_usdt_range_24|btc_usdt_realized_vol_48|btc_usdt_range_48|btc_usdt_relative_volume_24|btc_usdt_range_position_20|btc_usdt_breakout_distance_20|btc_usdt_range_position_55|btc_usdt_breakout_distance_55,direction_raw_v1,0 days 02:00:00,0 days 02:00:00,2017-08-17T00:00:00Z,2022-12-31T23:59:59Z,2023-01-01T00:00:00Z,2023-12-31T23:59:59Z,46924,8759,False,0.5638978154163163,0.5741624549156992,0.5491906962941816,0.6872046802100512,0.24704648752675526,0.5490352779997717,0.0002347045604540087,8759.0,0.512729763671652,0.49514784792784566,0.5048521520721544,0.00019665340040424495,-0.00027202429838612657,0.12649845872816531,0.12706930014841877,0.0003462412601324971,-0.0006658204515567681,0.011759333257221144,0.005365909350382464,0.0012318878735657656,-0.0005849041548055911,0.0012558511245575978,0.0,0.006607605383394474,,0.00011416828405069072,0.0,0.02845370718369944,,ROBUST CANDIDATE
fdb914cd28dc08bbf43b,3.3.0,73026dd08db19c83059c57c75b65bcebf077280cee941bdcbc1155cb400f6517,BTC_USDT_1h_2h_crypto_core_v1_no_macro_1.0.0,crypto_core_v1,hist_gradient_boosting,wf_2023,validation,BTC/USDT,1h,2h,42,train_only_standard_scaler_v1,btc_usdt_return_1|btc_usdt_log_return_1|btc_usdt_return_3|btc_usdt_log_return_3|btc_usdt_return_6|btc_usdt_log_return_6|btc_usdt_return_12|btc_usdt_log_return_12|btc_usdt_return_24|btc_usdt_log_return_24|btc_usdt_momentum_6|btc_usdt_momentum_12|btc_usdt_momentum_24|btc_usdt_sma_distance_20|btc_usdt_ema_distance_20|btc_usdt_sma_distance_50|btc_usdt_ema_distance_50|btc_usdt_rsi_14|btc_usdt_realized_vol_12|btc_usdt_range_12|btc_usdt_realized_vol_24|btc_usdt_range_24|btc_usdt_realized_vol_48|btc_usdt_range_48|btc_usdt_relative_volume_24|btc_usdt_range_position_20|btc_usdt_breakout_distance_20|btc_usdt_range_position_55|btc_usdt_breakout_distance_55,direction_raw_v1,0 days 02:00:00,0 days 02:00:00,2017-08-17T00:00:00Z,2022-12-31T23:59:59Z,2023-01-01T00:00:00Z,2023-12-31T23:59:59Z,46924,8759,False,0.5677950715551692,0.5697940752675179,0.5466137158206865,0.6861257997530563,0.2465016021605741,0.5490352779997717,0.0002347045604540087,8759.0,0.512729763671652,0.5963009475967577,0.4036990524032424,0.00016843873007365943,-0.00033258533875620444,0.2991209042128097,0.17250827720059367,0.0002550928784401941,-0.00035648578125713144,0.09270464664916087,0.04475396734787076,0.0005916187274900359,0.00012736053813435465,0.013700194086082886,0.0038817216577234845,0.0005227652168913346,0.0012711646383793897,0.00159835597670967,0.00011416828405069072,-0.0002077071571719039,0.001152755421691798,ROBUST CANDIDATE
1fdf8d26d9b125f63c1b,3.3.0,73026dd08db19c83059c57c75b65bcebf077280cee941bdcbc1155cb400f6517,BTC_USDT_1h_2h_crypto_core_v1_no_macro_1.0.0,crypto_core_v1,random_forest,wf_2023,validation,BTC/USDT,1h,2h,42,train_only_standard_scaler_v1,btc_usdt_return_1|btc_usdt_log_return_1|btc_usdt_return_3|btc_usdt_log_return_3|btc_usdt_return_6|btc_usdt_log_return_6|btc_usdt_return_12|btc_usdt_log_return_12|btc_usdt_return_24|btc_usdt_log_return_24|btc_usdt_momentum_6|btc_usdt_momentum_12|btc_usdt_momentum_24|btc_usdt_sma_distance_20|btc_usdt_ema_distance_20|btc_usdt_sma_distance_50|btc_usdt_ema_distance_50|btc_usdt_rsi_14|btc_usdt_realized_vol_12|btc_usdt_range_12|btc_usdt_realized_vol_24|btc_usdt_range_24|btc_usdt_realized_vol_48|btc_usdt_range_48|btc_usdt_relative_volume_24|btc_usdt_range_position_20|btc_usdt_breakout_distance_20|btc_usdt_range_position_55|btc_usdt_breakout_distance_55,direction_raw_v1,0 days 02:00:00,0 days 02:00:00,2017-08-17T00:00:00Z,2022-12-31T23:59:59Z,2023-01-01T00:00:00Z,2023-12-31T23:59:59Z,46924,8759,False,0.5710611058626678,0.5726139052416106,0.5519772753880143,0.6857801633442616,0.246327359995243,0.5523461582372416,0.0002347045604540087,8759.0,0.512729763671652,0.5158123073410207,0.4841876926589793,0.00018781385238237925,-0.0002846579250066193,0.23061993378239526,0.22080146135403586,0.0003348628115958993,-0.00034285006488923934,0.052174905811165656,0.04863568900559424,0.0008667817865738518,-0.00044763381650204747,0.006621760474940062,0.005137572782281082,0.0016473724418659724,-0.0010547578134922414,0.0013700194086082886,0.00011416828405069072,-0.0023163808886228856,0.001193131846949802,ROBUST CANDIDATE
6588b83120f80a4a2b69,3.3.0,73026dd08db19c83059c57c75b65bcebf077280cee941bdcbc1155cb400f6517,BTC_USDT_1h_2h_crypto_core_v1_no_macro_1.0.0,crypto_core_v1,logistic_regression,wf_2024,validation,BTC/USDT,1h,2h,42,train_only_standard_scaler_v1,btc_usdt_return_1|btc_usdt_log_return_1|btc_usdt_return_3|btc_usdt_log_return_3|btc_usdt_return_6|btc_usdt_log_return_6|btc_usdt_return_12|btc_usdt_log_return_12|btc_usdt_return_24|btc_usdt_log_return_24|btc_usdt_momentum_6|btc_usdt_momentum_12|btc_usdt_momentum_24|btc_usdt_sma_distance_20|btc_usdt_ema_distance_20|btc_usdt_sma_distance_50|btc_usdt_ema_distance_50|btc_usdt_rsi_14|btc_usdt_realized_vol_12|btc_usdt_range_12|btc_usdt_realized_vol_24|btc_usdt_range_24|btc_usdt_realized_vol_48|btc_usdt_range_48|btc_usdt_relative_volume_24|btc_usdt_range_position_20|btc_usdt_breakout_distance_20|btc_usdt_range_position_55|btc_usdt_breakout_distance_55,direction_raw_v1,0 days 02:00:00,0 days 02:00:00,2017-08-17T00:00:00Z,2023-12-31T23:59:59Z,2024-01-01T00:00:00Z,2024-12-31T23:59:59Z,55683,8784,False,0.5451669482856948,0.556584147992278,0.5323161727382401,0.6902527044746745,0.24855620483853236,0.530851548269581,0.00021250732299260458,8784.0,0.5170765027322405,0.4582194899817851,0.5417805100182149,0.000265298059638836,-0.0001678587171928396,0.16029143897996356,0.17349726775956284,0.0006182578073180632,1.4939810617246459e-05,0.0299408014571949,0.011384335154826957,0.001024363316829182,0.0010187837606663675,0.0017076502732240437,0.00022768670309653916,0.002719235752068679,9.539571731853602e-05,0.00011384335154826958,0.0,0.04007763683265275,,ROBUST CANDIDATE
77065a48369bff890e05,3.3.0,73026dd08db19c83059c57c75b65bcebf077280cee941bdcbc1155cb400f6517,BTC_USDT_1h_2h_crypto_core_v1_no_macro_1.0.0,crypto_core_v1,hist_gradient_boosting,wf_2024,validation,BTC/USDT,1h,2h,42,train_only_standard_scaler_v1,btc_usdt_return_1|btc_usdt_log_return_1|btc_usdt_return_3|btc_usdt_log_return_3|btc_usdt_return_6|btc_usdt_log_return_6|btc_usdt_return_12|btc_usdt_log_return_12|btc_usdt_return_24|btc_usdt_log_return_24|btc_usdt_momentum_6|btc_usdt_momentum_12|btc_usdt_momentum_24|btc_usdt_sma_distance_20|btc_usdt_ema_distance_20|btc_usdt_sma_distance_50|btc_usdt_ema_distance_50|btc_usdt_rsi_14|btc_usdt_realized_vol_12|btc_usdt_range_12|btc_usdt_realized_vol_24|btc_usdt_range_24|btc_usdt_realized_vol_48|btc_usdt_range_48|btc_usdt_relative_volume_24|btc_usdt_range_position_20|btc_usdt_breakout_distance_20|btc_usdt_range_position_55|btc_usdt_breakout_distance_55,direction_raw_v1,0 days 02:00:00,0 days 02:00:00,2017-08-17T00:00:00Z,2023-12-31T23:59:59Z,2024-01-01T00:00:00Z,2024-12-31T23:59:59Z,55683,8784,False,0.5626201396323818,0.5704722880746753,0.5428091544764969,0.6869278938963183,0.24690283940161173,0.5445127504553734,0.00021250732299260458,8784.0,0.5170765027322405,0.5513433515482696,0.4486566484517304,0.00036808843805591427,-2.1317437112977903e-05,0.303620218579235,0.20070582877959928,0.0006525318152956224,0.00037532798491699557,0.09061930783242259,0.04007285974499089,0.0011393943923640056,-0.00032145656134402364,0.012522768670309653,0.005806010928961749,0.0019962042136424376,-5.2312351437424806e-05,0.000569216757741348,0.00022768670309653916,0.0036602162691182103,0.008304832076311053,ROBUST CANDIDATE
5e3dc4c04d95ec1619a2,3.3.0,73026dd08db19c83059c57c75b65bcebf077280cee941bdcbc1155cb400f6517,BTC_USDT_1h_2h_crypto_core_v1_no_macro_1.0.0,crypto_core_v1,random_forest,wf_2024,validation,BTC/USDT,1h,2h,42,train_only_standard_scaler_v1,btc_usdt_return_1|btc_usdt_log_return_1|btc_usdt_return_3|btc_usdt_log_return_3|btc_usdt_return_6|btc_usdt_log_return_6|btc_usdt_return_12|btc_usdt_log_return_12|btc_usdt_return_24|btc_usdt_log_return_24|btc_usdt_momentum_6|btc_usdt_momentum_12|btc_usdt_momentum_24|btc_usdt_sma_distance_20|btc_usdt_ema_distance_20|btc_usdt_sma_distance_50|btc_usdt_ema_distance_50|btc_usdt_rsi_14|btc_usdt_realized_vol_12|btc_usdt_range_12|btc_usdt_realized_vol_24|btc_usdt_range_24|btc_usdt_realized_vol_48|btc_usdt_range_48|btc_usdt_relative_volume_24|btc_usdt_range_position_20|btc_usdt_breakout_distance_20|btc_usdt_range_position_55|btc_usdt_breakout_distance_55,direction_raw_v1,0 days 02:00:00,0 days 02:00:00,2017-08-17T00:00:00Z,2023-12-31T23:59:59Z,2024-01-01T00:00:00Z,2024-12-31T23:59:59Z,55683,8784,False,0.5633321541250181,0.5700181348253165,0.5443674533522422,0.6876280877117295,0.2472444399105669,0.5438296903460837,0.00021250732299260458,8784.0,0.5170765027322405,0.4857695810564663,0.5142304189435337,0.0004306916082831467,-6.398767461335275e-06,0.2637750455373406,0.2784608378870674,0.0005889126037817722,0.0002092932899639137,0.07046903460837887,0.0703551912568306,0.0010833386002644578,-0.00013985345712114975,0.009562841530054645,0.003301457194899818,0.002235693921021935,0.0004524126078452815,0.001138433515482696,0.00034153005464480874,0.009010733169404128,0.0006009606658781141,ROBUST CANDIDATE
f04a7cf331cc4ba2fa8e,3.3.0,73026dd08db19c83059c57c75b65bcebf077280cee941bdcbc1155cb400f6517,BTC_USDT_1h_2h_crypto_core_v1+crypto_context_proxy_v1_macro_proxy_1.0.0,crypto_core_v1+crypto_context_proxy_v1,logistic_regression,wf_2022,validation,BTC/USDT,1h,2h,42,train_only_standard_scaler_v1,btc_usdt_return_1|btc_usdt_log_return_1|btc_usdt_return_3|btc_usdt_log_return_3|btc_usdt_return_6|btc_usdt_log_return_6|btc_usdt_return_12|btc_usdt_log_return_12|btc_usdt_return_24|btc_usdt_log_return_24|btc_usdt_momentum_6|btc_usdt_momentum_12|btc_usdt_momentum_24|btc_usdt_sma_distance_20|btc_usdt_ema_distance_20|btc_usdt_sma_distance_50|btc_usdt_ema_distance_50|btc_usdt_rsi_14|btc_usdt_realized_vol_12|btc_usdt_range_12|btc_usdt_realized_vol_24|btc_usdt_range_24|btc_usdt_realized_vol_48|btc_usdt_range_48|btc_usdt_relative_volume_24|btc_usdt_range_position_20|btc_usdt_breakout_distance_20|btc_usdt_range_position_55|btc_usdt_breakout_distance_55|macro_es_f_proxy_value|macro_es_f_proxy_return_1|macro_nq_f_proxy_value|macro_nq_f_proxy_return_1|macro_vix_proxy_value|macro_vix_proxy_return_1|macro_urth_proxy_value|macro_urth_proxy_return_1,direction_raw_v1,0 days 02:00:00,0 days 02:00:00,2017-08-17T00:00:00Z,2021-12-31T23:59:59Z,2022-01-01T00:00:00Z,2022-12-31T23:59:59Z,20835,8760,False,0.5416462607381665,0.5262900450730266,0.5217853996747944,0.6961980214762722,0.2514509026084934,0.5237442922374429,-0.00018920254211381577,8760.0,0.49668949771689497,0.20399543378995433,0.7960045662100457,0.00012043700025774512,0.0002685551682744323,0.04794520547945205,0.5070776255707763,-0.00031829898146957695,0.0001874458139544892,0.007648401826484018,0.20856164383561643,0.0012807755241429283,0.00024481188935437037,0.00045662100456621003,0.02899543378995434,0.00265414086572216,0.0009411302275448548,0.0,0.00011415525114155251,,-0.0010976017541315386,ROBUST CANDIDATE
5b17c168793767edcd16,3.3.0,73026dd08db19c83059c57c75b65bcebf077280cee941bdcbc1155cb400f6517,BTC_USDT_1h_2h_crypto_core_v1+crypto_context_proxy_v1_macro_proxy_1.0.0,crypto_core_v1+crypto_context_proxy_v1,hist_gradient_boosting,wf_2022,validation,BTC/USDT,1h,2h,42,train_only_standard_scaler_v1,btc_usdt_return_1|btc_usdt_log_return_1|btc_usdt_return_3|btc_usdt_log_return_3|btc_usdt_return_6|btc_usdt_log_return_6|btc_usdt_return_12|btc_usdt_log_return_12|btc_usdt_return_24|btc_usdt_log_return_24|btc_usdt_momentum_6|btc_usdt_momentum_12|btc_usdt_momentum_24|btc_usdt_sma_distance_20|btc_usdt_ema_distance_20|btc_usdt_sma_distance_50|btc_usdt_ema_distance_50|btc_usdt_rsi_14|btc_usdt_realized_vol_12|btc_usdt_range_12|btc_usdt_realized_vol_24|btc_usdt_range_24|btc_usdt_realized_vol_48|btc_usdt_range_48|btc_usdt_relative_volume_24|btc_usdt_range_position_20|btc_usdt_breakout_distance_20|btc_usdt_range_position_55|btc_usdt_breakout_distance_55|macro_es_f_proxy_value|macro_es_f_proxy_return_1|macro_nq_f_proxy_value|macro_nq_f_proxy_return_1|macro_vix_proxy_value|macro_vix_proxy_return_1|macro_urth_proxy_value|macro_urth_proxy_return_1,direction_raw_v1,0 days 02:00:00,0 days 02:00:00,2017-08-17T00:00:00Z,2021-12-31T23:59:59Z,2022-01-01T00:00:00Z,2022-12-31T23:59:59Z,20835,8760,False,0.5357603091272063,0.5182419757297796,0.5226525224021257,0.7018489418953673,0.2540208816693251,0.5211187214611872,-0.00018920254211381577,8760.0,0.49668949771689497,0.7315068493150685,0.2684931506849315,-0.00018475235614457317,0.00020132702837695625,0.5219178082191781,0.12089041095890411,-0.0002218573835043409,0.00021943630887314428,0.25490867579908677,0.03755707762557078,-0.00014174533064474152,0.0005334310956192355,0.07796803652968036,0.007990867579908675,-0.00020178014058224646,-0.00013169629395180912,0.019178082191780823,0.0013698630136986301,-4.019954650651136e-05,0.003032550591051684,ROBUST CANDIDATE
504264898328547f20e3,3.3.0,73026dd08db19c83059c57c75b65bcebf077280cee941bdcbc1155cb400f6517,BTC_USDT_1h_2h_crypto_core_v1+crypto_context_proxy_v1_macro_proxy_1.0.0,crypto_core_v1+crypto_context_proxy_v1,random_forest,wf_2022,validation,BTC/USDT,1h,2h,42,train_only_standard_scaler_v1,btc_usdt_return_1|btc_usdt_log_return_1|btc_usdt_return_3|btc_usdt_log_return_3|btc_usdt_return_6|btc_usdt_log_return_6|btc_usdt_return_12|btc_usdt_log_return_12|btc_usdt_return_24|btc_usdt_log_return_24|btc_usdt_momentum_6|btc_usdt_momentum_12|btc_usdt_momentum_24|btc_usdt_sma_distance_20|btc_usdt_ema_distance_20|btc_usdt_sma_distance_50|btc_usdt_ema_distance_50|btc_usdt_rsi_14|btc_usdt_realized_vol_12|btc_usdt_range_12|btc_usdt_realized_vol_24|btc_usdt_range_24|btc_usdt_realized_vol_48|btc_usdt_range_48|btc_usdt_relative_volume_24|btc_usdt_range_position_20|btc_usdt_breakout_distance_20|btc_usdt_range_position_55|btc_usdt_breakout_distance_55|macro_es_f_proxy_value|macro_es_f_proxy_return_1|macro_nq_f_proxy_value|macro_nq_f_proxy_return_1|macro_vix_proxy_value|macro_vix_proxy_return_1|macro_urth_proxy_value|macro_urth_proxy_return_1,direction_raw_v1,0 days 02:00:00,0 days 02:00:00,2017-08-17T00:00:00Z,2021-12-31T23:59:59Z,2022-01-01T00:00:00Z,2022-12-31T23:59:59Z,20835,8760,False,0.5481707539252753,0.531713717365568,0.5362687392886795,0.6918929981093417,0.24932646989623064,0.5353881278538812,-0.00018920254211381577,8760.0,0.49668949771689497,0.6327625570776255,0.3672374429223744,-0.00015256791018216295,0.0002523252542049415,0.3376712328767123,0.14942922374429224,-7.667974692103154e-05,0.0003332725333011461,0.1050228310502283,0.029908675799086758,0.0002198202218314372,8.672650668270816e-08,0.014840182648401826,0.0014840182648401827,0.0011782170032931616,9.211909383035109e-05,0.002511415525114155,0.0,0.005117733276558471,,ROBUST CANDIDATE
5b831a5284426143eab3,3.3.0,73026dd08db19c83059c57c75b65bcebf077280cee941bdcbc1155cb400f6517,BTC_USDT_1h_2h_crypto_core_v1+crypto_context_proxy_v1_macro_proxy_1.0.0,crypto_core_v1+crypto_context_proxy_v1,logistic_regression,wf_2023,validation,BTC/USDT,1h,2h,42,train_only_standard_scaler_v1,btc_usdt_return_1|btc_usdt_log_return_1|btc_usdt_return_3|btc_usdt_log_return_3|btc_usdt_return_6|btc_usdt_log_return_6|btc_usdt_return_12|btc_usdt_log_return_12|btc_usdt_return_24|btc_usdt_log_return_24|btc_usdt_momentum_6|btc_usdt_momentum_12|btc_usdt_momentum_24|btc_usdt_sma_distance_20|btc_usdt_ema_distance_20|btc_usdt_sma_distance_50|btc_usdt_ema_distance_50|btc_usdt_rsi_14|btc_usdt_realized_vol_12|btc_usdt_range_12|btc_usdt_realized_vol_24|btc_usdt_range_24|btc_usdt_realized_vol_48|btc_usdt_range_48|btc_usdt_relative_volume_24|btc_usdt_range_position_20|btc_usdt_breakout_distance_20|btc_usdt_range_position_55|btc_usdt_breakout_distance_55|macro_es_f_proxy_value|macro_es_f_proxy_return_1|macro_nq_f_proxy_value|macro_nq_f_proxy_return_1|macro_vix_proxy_value|macro_vix_proxy_return_1|macro_urth_proxy_value|macro_urth_proxy_return_1,direction_raw_v1,0 days 02:00:00,0 days 02:00:00,2017-08-17T00:00:00Z,2022-12-31T23:59:59Z,2023-01-01T00:00:00Z,2023-12-31T23:59:59Z,29595,8759,False,0.5598211939864317,0.570380533789563,0.544262115817598,0.6875781438255372,0.2472321449943039,0.5438977052174906,0.0002347045604540087,8759.0,0.512729763671652,0.48681356319214525,0.5131864368078548,0.00020674478952140536,-0.00026122746662900773,0.15949309281881494,0.16645735814590706,0.00020596877906072406,-0.0007122063655050576,0.018495262016211895,0.015412718346843247,0.0015876823341588828,-0.0011994783905495728,0.0006850097043041443,0.00011416828405069072,0.007157436882436807,-0.002563563528491075,0.00011416828405069072,0.0,0.02845370718369944,,ROBUST CANDIDATE
817a4f40574072c7718c,3.3.0,73026dd08db19c83059c57c75b65bcebf077280cee941bdcbc1155cb400f6517,BTC_USDT_1h_2h_crypto_core_v1+crypto_context_proxy_v1_macro_proxy_1.0.0,crypto_core_v1+crypto_context_proxy_v1,hist_gradient_boosting,wf_2023,validation,BTC/USDT,1h,2h,42,train_only_standard_scaler_v1,btc_usdt_return_1|btc_usdt_log_return_1|btc_usdt_return_3|btc_usdt_log_return_3|btc_usdt_return_6|btc_usdt_log_return_6|btc_usdt_return_12|btc_usdt_log_return_12|btc_usdt_return_24|btc_usdt_log_return_24|btc_usdt_momentum_6|btc_usdt_momentum_12|btc_usdt_momentum_24|btc_usdt_sma_distance_20|btc_usdt_ema_distance_20|btc_usdt_sma_distance_50|btc_usdt_ema_distance_50|btc_usdt_rsi_14|btc_usdt_realized_vol_12|btc_usdt_range_12|btc_usdt_realized_vol_24|btc_usdt_range_24|btc_usdt_realized_vol_48|btc_usdt_range_48|btc_usdt_relative_volume_24|btc_usdt_range_position_20|btc_usdt_breakout_distance_20|btc_usdt_range_position_55|btc_usdt_breakout_distance_55|macro_es_f_proxy_value|macro_es_f_proxy_return_1|macro_nq_f_proxy_value|macro_nq_f_proxy_return_1|macro_vix_proxy_value|macro_vix_proxy_return_1|macro_urth_proxy_value|macro_urth_proxy_return_1,direction_raw_v1,0 days 02:00:00,0 days 02:00:00,2017-08-17T00:00:00Z,2022-12-31T23:59:59Z,2023-01-01T00:00:00Z,2023-12-31T23:59:59Z,29595,8759,False,0.5627307410822895,0.5642468378028828,0.5524891812157064,0.6877320848142436,0.24728701206012102,0.5523461582372416,0.0002347045604540087,8759.0,0.512729763671652,0.4957186893480991,0.5042813106519008,0.0002978589070508955,-0.00017262256522564495,0.20150702134946913,0.20379038703048294,0.00040030546170018025,-0.0004223298158873394,0.05137572782281082,0.04829318415344217,0.0004396059116100563,-0.0010356550625158832,0.0074209384632948966,0.0038817216577234845,-0.000495151335880693,-0.003567040015141615,0.0005708414202534536,0.0,0.002823285207088899,,ROBUST CANDIDATE
7de38536b0accfe69d5c,3.3.0,73026dd08db19c83059c57c75b65bcebf077280cee941bdcbc1155cb400f6517,BTC_USDT_1h_2h_crypto_core_v1+crypto_context_proxy_v1_macro_proxy_1.0.0,crypto_core_v1+crypto_context_proxy_v1,random_forest,wf_2023,validation,BTC/USDT,1h,2h,42,train_only_standard_scaler_v1,btc_usdt_return_1|btc_usdt_log_return_1|btc_usdt_return_3|btc_usdt_log_return_3|btc_usdt_return_6|btc_usdt_log_return_6|btc_usdt_return_12|btc_usdt_log_return_12|btc_usdt_return_24|btc_usdt_log_return_24|btc_usdt_momentum_6|btc_usdt_momentum_12|btc_usdt_momentum_24|btc_usdt_sma_distance_20|btc_usdt_ema_distance_20|btc_usdt_sma_distance_50|btc_usdt_ema_distance_50|btc_usdt_rsi_14|btc_usdt_realized_vol_12|btc_usdt_range_12|btc_usdt_realized_vol_24|btc_usdt_range_24|btc_usdt_realized_vol_48|btc_usdt_range_48|btc_usdt_relative_volume_24|btc_usdt_range_position_20|btc_usdt_breakout_distance_20|btc_usdt_range_position_55|btc_usdt_breakout_distance_55|macro_es_f_proxy_value|macro_es_f_proxy_return_1|macro_nq_f_proxy_value|macro_nq_f_proxy_return_1|macro_vix_proxy_value|macro_vix_proxy_return_1|macro_urth_proxy_value|macro_urth_proxy_return_1,direction_raw_v1,0 days 02:00:00,0 days 02:00:00,2017-08-17T00:00:00Z,2022-12-31T23:59:59Z,2023-01-01T00:00:00Z,2023-12-31T23:59:59Z,29595,8759,False,0.5751760732753646,0.579649737020536,0.5554845241873938,0.6850976897141661,0.24599210977929112,0.5547436922023062,0.0002347045604540087,8759.0,0.512729763671652,0.4723141911177075,0.5276858088822926,0.0002490552468640496,-0.00022185973360884658,0.19614111199908665,0.2238840050234045,0.0004195958932612198,-0.00041041176753434946,0.030482931841534423,0.0381322068729307,0.0007303719265890961,-0.0010965182681459047,0.0014841876926589793,0.0012558511245575978,0.002070674040544268,0.0003121769235722665,0.0,0.0,,,ROBUST CANDIDATE
08896e6c4675a6dc9338,3.3.0,73026dd08db19c83059c57c75b65bcebf077280cee941bdcbc1155cb400f6517,BTC_USDT_1h_2h_crypto_core_v1+crypto_context_proxy_v1_macro_proxy_1.0.0,crypto_core_v1+crypto_context_proxy_v1,logistic_regression,wf_2024,validation,BTC/USDT,1h,2h,42,train_only_standard_scaler_v1,btc_usdt_return_1|btc_usdt_log_return_1|btc_usdt_return_3|btc_usdt_log_return_3|btc_usdt_return_6|btc_usdt_log_return_6|btc_usdt_return_12|btc_usdt_log_return_12|btc_usdt_return_24|btc_usdt_log_return_24|btc_usdt_momentum_6|btc_usdt_momentum_12|btc_usdt_momentum_24|btc_usdt_sma_distance_20|btc_usdt_ema_distance_20|btc_usdt_sma_distance_50|btc_usdt_ema_distance_50|btc_usdt_rsi_14|btc_usdt_realized_vol_12|btc_usdt_range_12|btc_usdt_realized_vol_24|btc_usdt_range_24|btc_usdt_realized_vol_48|btc_usdt_range_48|btc_usdt_relative_volume_24|btc_usdt_range_position_20|btc_usdt_breakout_distance_20|btc_usdt_range_position_55|btc_usdt_breakout_distance_55|macro_es_f_proxy_value|macro_es_f_proxy_return_1|macro_nq_f_proxy_value|macro_nq_f_proxy_return_1|macro_vix_proxy_value|macro_vix_proxy_return_1|macro_urth_proxy_value|macro_urth_proxy_return_1,direction_raw_v1,0 days 02:00:00,0 days 02:00:00,2017-08-17T00:00:00Z,2023-12-31T23:59:59Z,2024-01-01T00:00:00Z,2024-12-31T23:59:59Z,38354,8784,False,0.5437339402934444,0.5539346392090303,0.5318252338538251,0.692357779959803,0.2495978267490673,0.5275500910746812,0.00021250732299260458,8784.0,0.5170765027322405,0.3759107468123862,0.6240892531876139,0.00020061431968554453,-0.00021967089411991435,0.12682149362477232,0.3073770491803279,0.0006223235972031628,-0.00012007451299676356,0.020833333333333332,0.04644808743169399,9.328309670440057e-05,0.0006555572328942774,0.001366120218579235,0.000569216757741348,0.0036547350945932235,0.0004174360859785731,0.0,0.0,,,ROBUST CANDIDATE
fe3de72772c2edfd8fc3,3.3.0,73026dd08db19c83059c57c75b65bcebf077280cee941bdcbc1155cb400f6517,BTC_USDT_1h_2h_crypto_core_v1+crypto_context_proxy_v1_macro_proxy_1.0.0,crypto_core_v1+crypto_context_proxy_v1,hist_gradient_boosting,wf_2024,validation,BTC/USDT,1h,2h,42,train_only_standard_scaler_v1,btc_usdt_return_1|btc_usdt_log_return_1|btc_usdt_return_3|btc_usdt_log_return_3|btc_usdt_return_6|btc_usdt_log_return_6|btc_usdt_return_12|btc_usdt_log_return_12|btc_usdt_return_24|btc_usdt_log_return_24|btc_usdt_momentum_6|btc_usdt_momentum_12|btc_usdt_momentum_24|btc_usdt_sma_distance_20|btc_usdt_ema_distance_20|btc_usdt_sma_distance_50|btc_usdt_ema_distance_50|btc_usdt_rsi_14|btc_usdt_realized_vol_12|btc_usdt_range_12|btc_usdt_realized_vol_24|btc_usdt_range_24|btc_usdt_realized_vol_48|btc_usdt_range_48|btc_usdt_relative_volume_24|btc_usdt_range_position_20|btc_usdt_breakout_distance_20|btc_usdt_range_position_55|btc_usdt_breakout_distance_55|macro_es_f_proxy_value|macro_es_f_proxy_return_1|macro_nq_f_proxy_value|macro_nq_f_proxy_return_1|macro_vix_proxy_value|macro_vix_proxy_return_1|macro_urth_proxy_value|macro_urth_proxy_return_1,direction_raw_v1,0 days 02:00:00,0 days 02:00:00,2017-08-17T00:00:00Z,2023-12-31T23:59:59Z,2024-01-01T00:00:00Z,2024-12-31T23:59:59Z,38354,8784,False,0.5621904967435788,0.5675486703067238,0.5444977787078575,0.6885324374650781,0.24769785095534316,0.5428051001821493,0.00021250732299260458,8784.0,0.5170765027322405,0.45195810564663025,0.5480418943533698,0.00046645253678153086,-3.084286278429768e-06,0.2519353369763206,0.3275273224043716,0.0005612493800962295,3.061167014939287e-05,0.09198542805100182,0.0950591985428051,0.0008746464215731226,0.0005037791975893391,0.010018214936247723,0.01343351548269581,0.0021337241961802422,0.0008269207069419168,0.00011384335154826958,0.00034153005464480874,-0.0025418576406871507,0.0014198203958518303,ROBUST CANDIDATE
d89f715eab9ccea8fc6a,3.3.0,73026dd08db19c83059c57c75b65bcebf077280cee941bdcbc1155cb400f6517,BTC_USDT_1h_2h_crypto_core_v1+crypto_context_proxy_v1_macro_proxy_1.0.0,crypto_core_v1+crypto_context_proxy_v1,random_forest,wf_2024,validation,BTC/USDT,1h,2h,42,train_only_standard_scaler_v1,btc_usdt_return_1|btc_usdt_log_return_1|btc_usdt_return_3|btc_usdt_log_return_3|btc_usdt_return_6|btc_usdt_log_return_6|btc_usdt_return_12|btc_usdt_log_return_12|btc_usdt_return_24|btc_usdt_log_return_24|btc_usdt_momentum_6|btc_usdt_momentum_12|btc_usdt_momentum_24|btc_usdt_sma_distance_20|btc_usdt_ema_distance_20|btc_usdt_sma_distance_50|btc_usdt_ema_distance_50|btc_usdt_rsi_14|btc_usdt_realized_vol_12|btc_usdt_range_12|btc_usdt_realized_vol_24|btc_usdt_range_24|btc_usdt_realized_vol_48|btc_usdt_range_48|btc_usdt_relative_volume_24|btc_usdt_range_position_20|btc_usdt_breakout_distance_20|btc_usdt_range_position_55|btc_usdt_breakout_distance_55|macro_es_f_proxy_value|macro_es_f_proxy_return_1|macro_nq_f_proxy_value|macro_nq_f_proxy_return_1|macro_vix_proxy_value|macro_vix_proxy_return_1|macro_urth_proxy_value|macro_urth_proxy_return_1,direction_raw_v1,0 days 02:00:00,0 days 02:00:00,2017-08-17T00:00:00Z,2023-12-31T23:59:59Z,2024-01-01T00:00:00Z,2024-12-31T23:59:59Z,38354,8784,False,0.5586603716042486,0.5678437654745142,0.5400302815712785,0.6904425279940974,0.24863878170995163,0.5364298724954463,0.00021250732299260458,8784.0,0.5170765027322405,0.3959471766848816,0.6040528233151184,0.0003735601649507621,-0.00010693970438527858,0.19774590163934427,0.3854735883424408,0.0005318416719297151,4.0126418143381844e-06,0.05931238615664845,0.12397540983606557,0.0008381406782208313,0.0001652396145019394,0.007627504553734062,0.004667577413479053,0.003131392184972827,0.0007975594534720274,0.00022768670309653916,0.0,-0.00366266582338165,,ROBUST CANDIDATE
4c8a462205a26c516927,3.3.0,73026dd08db19c83059c57c75b65bcebf077280cee941bdcbc1155cb400f6517,BTC_USDT_1h_4h_crypto_core_v1_no_macro_1.0.0,crypto_core_v1,logistic_regression,wf_2022,validation,BTC/USDT,1h,4h,42,train_only_standard_scaler_v1,btc_usdt_return_1|btc_usdt_log_return_1|btc_usdt_return_3|btc_usdt_log_return_3|btc_usdt_return_6|btc_usdt_log_return_6|btc_usdt_return_12|btc_usdt_log_return_12|btc_usdt_return_24|btc_usdt_log_return_24|btc_usdt_momentum_6|btc_usdt_momentum_12|btc_usdt_momentum_24|btc_usdt_sma_distance_20|btc_usdt_ema_distance_20|btc_usdt_sma_distance_50|btc_usdt_ema_distance_50|btc_usdt_rsi_14|btc_usdt_realized_vol_12|btc_usdt_range_12|btc_usdt_realized_vol_24|btc_usdt_range_24|btc_usdt_realized_vol_48|btc_usdt_range_48|btc_usdt_relative_volume_24|btc_usdt_range_position_20|btc_usdt_breakout_distance_20|btc_usdt_range_position_55|btc_usdt_breakout_distance_55,direction_raw_v1,0 days 04:00:00,0 days 04:00:00,2017-08-17T00:00:00Z,2021-12-31T23:59:59Z,2022-01-01T00:00:00Z,2022-12-31T23:59:59Z,38162,8760,False,0.5402524109316733,0.5262636597255644,0.5329226969823483,0.6914987882839378,0.24916337704325645,0.532648401826484,-0.0003814488729362025,8760.0,0.49668949771689497,0.5412100456621004,0.45878995433789954,-0.0002710754398925857,0.000511650526596264,0.1884703196347032,0.1339041095890411,-0.00023432927740135685,0.0009923108007858135,0.029794520547945205,0.012785388127853882,-0.0005801886821843932,0.00226004529712643,0.002625570776255708,0.00045662100456621003,-0.0009664600631898759,0.011468692167336036,0.00045662100456621003,0.0,0.025308172098073234,,ROBUST CANDIDATE
adc060d0d5989e8bea14,3.3.0,73026dd08db19c83059c57c75b65bcebf077280cee941bdcbc1155cb400f6517,BTC_USDT_1h_4h_crypto_core_v1_no_macro_1.0.0,crypto_core_v1,hist_gradient_boosting,wf_2022,validation,BTC/USDT,1h,4h,42,train_only_standard_scaler_v1,btc_usdt_return_1|btc_usdt_log_return_1|btc_usdt_return_3|btc_usdt_log_return_3|btc_usdt_return_6|btc_usdt_log_return_6|btc_usdt_return_12|btc_usdt_log_return_12|btc_usdt_return_24|btc_usdt_log_return_24|btc_usdt_momentum_6|btc_usdt_momentum_12|btc_usdt_momentum_24|btc_usdt_sma_distance_20|btc_usdt_ema_distance_20|btc_usdt_sma_distance_50|btc_usdt_ema_distance_50|btc_usdt_rsi_14|btc_usdt_realized_vol_12|btc_usdt_range_12|btc_usdt_realized_vol_24|btc_usdt_range_24|btc_usdt_realized_vol_48|btc_usdt_range_48|btc_usdt_relative_volume_24|btc_usdt_range_position_20|btc_usdt_breakout_distance_20|btc_usdt_range_position_55|btc_usdt_breakout_distance_55,direction_raw_v1,0 days 04:00:00,0 days 04:00:00,2017-08-17T00:00:00Z,2021-12-31T23:59:59Z,2022-01-01T00:00:00Z,2022-12-31T23:59:59Z,38162,8760,False,0.5481512841282477,0.5330818529892649,0.5330465269765636,0.6932341093511747,0.24993990396713928,0.5320776255707762,-0.0003814488729362025,8760.0,0.49668949771689497,0.6461187214611872,0.3538812785388128,-0.00041102604984568665,0.00032744667251437005,0.3781963470319635,0.13744292237442923,-0.0003936054285686953,0.0005462366749187951,0.12579908675799087,0.03207762557077626,-0.000620219484276698,0.0013356608169529489,0.030593607305936073,0.00821917808219178,-0.0003117805699359354,0.0013335976929390299,0.0058219178082191785,0.002397260273972603,-0.0024625032435415892,0.00183769976151553,ROBUST CANDIDATE
ae24eae2db08b329632a,3.3.0,73026dd08db19c83059c57c75b65bcebf077280cee941bdcbc1155cb400f6517,BTC_USDT_1h_4h_crypto_core_v1_no_macro_1.0.0,crypto_core_v1,random_forest,wf_2022,validation,BTC/USDT,1h,4h,42,train_only_standard_scaler_v1,btc_usdt_return_1|btc_usdt_log_return_1|btc_usdt_return_3|btc_usdt_log_return_3|btc_usdt_return_6|btc_usdt_log_return_6|btc_usdt_return_12|btc_usdt_log_return_12|btc_usdt_return_24|btc_usdt_log_return_24|btc_usdt_momentum_6|btc_usdt_momentum_12|btc_usdt_momentum_24|btc_usdt_sma_distance_20|btc_usdt_ema_distance_20|btc_usdt_sma_distance_50|btc_usdt_ema_distance_50|btc_usdt_rsi_14|btc_usdt_realized_vol_12|btc_usdt_range_12|btc_usdt_realized_vol_24|btc_usdt_range_24|btc_usdt_realized_vol_48|btc_usdt_range_48|btc_usdt_relative_volume_24|btc_usdt_range_position_20|btc_usdt_breakout_distance_20|btc_usdt_range_position_55|btc_usdt_breakout_distance_55,direction_raw_v1,0 days 04:00:00,0 days 04:00:00,2017-08-17T00:00:00Z,2021-12-31T23:59:59Z,2022-01-01T00:00:00Z,2022-12-31T23:59:59Z,38162,8760,False,0.5524143356297964,0.5394800053797146,0.5405404179693664,0.6901158065011955,0.24846177568545283,0.5401826484018265,-0.0003814488729362025,8760.0,0.49668949771689497,0.5537671232876712,0.44623287671232875,-0.00036692237005090365,0.0003994760066012279,0.28356164383561644,0.2110730593607306,-0.0004371282999050895,0.00012005775739608628,0.05639269406392694,0.04908675799086758,0.00010360487132358419,0.0001560278406721654,0.009246575342465754,0.007420091324200913,-0.0008401029738199769,0.0011917156377267621,0.001141552511415525,0.0007990867579908676,0.004555497540169318,0.0028317022297650795,ROBUST CANDIDATE
0b44df34768b8d6adbc8,3.3.0,73026dd08db19c83059c57c75b65bcebf077280cee941bdcbc1155cb400f6517,BTC_USDT_1h_4h_crypto_core_v1_no_macro_1.0.0,crypto_core_v1,logistic_regression,wf_2023,validation,BTC/USDT,1h,4h,42,train_only_standard_scaler_v1,btc_usdt_return_1|btc_usdt_log_return_1|btc_usdt_return_3|btc_usdt_log_return_3|btc_usdt_return_6|btc_usdt_log_return_6|btc_usdt_return_12|btc_usdt_log_return_12|btc_usdt_return_24|btc_usdt_log_return_24|btc_usdt_momentum_6|btc_usdt_momentum_12|btc_usdt_momentum_24|btc_usdt_sma_distance_20|btc_usdt_ema_distance_20|btc_usdt_sma_distance_50|btc_usdt_ema_distance_50|btc_usdt_rsi_14|btc_usdt_realized_vol_12|btc_usdt_range_12|btc_usdt_realized_vol_24|btc_usdt_range_24|btc_usdt_realized_vol_48|btc_usdt_range_48|btc_usdt_relative_volume_24|btc_usdt_range_position_20|btc_usdt_breakout_distance_20|btc_usdt_range_position_55|btc_usdt_breakout_distance_55,direction_raw_v1,0 days 04:00:00,0 days 04:00:00,2017-08-17T00:00:00Z,2022-12-31T23:59:59Z,2023-01-01T00:00:00Z,2023-12-31T23:59:59Z,46922,8759,False,0.5668824709143042,0.5695150875777295,0.5571793636940463,0.6872036204485461,0.24703828821540094,0.5575978993035735,0.0004712740487291986,8759.0,0.5089622102979792,0.5243749286448225,0.4756250713551775,0.00047913934535051344,-0.0004626025875237981,0.12273090535449252,0.10651900901929444,0.0008676403085284623,-0.0013671965046191563,0.005594245918483845,0.0021691973969631237,0.0035713754303663935,-0.008018642388316259,0.00022833656810138144,0.0,0.013958677658175267,,0.0,0.0,,,ROBUST CANDIDATE
9a66e09cebfe94d886ea,3.3.0,73026dd08db19c83059c57c75b65bcebf077280cee941bdcbc1155cb400f6517,BTC_USDT_1h_4h_crypto_core_v1_no_macro_1.0.0,crypto_core_v1,hist_gradient_boosting,wf_2023,validation,BTC/USDT,1h,4h,42,train_only_standard_scaler_v1,btc_usdt_return_1|btc_usdt_log_return_1|btc_usdt_return_3|btc_usdt_log_return_3|btc_usdt_return_6|btc_usdt_log_return_6|btc_usdt_return_12|btc_usdt_log_return_12|btc_usdt_return_24|btc_usdt_log_return_24|btc_usdt_momentum_6|btc_usdt_momentum_12|btc_usdt_momentum_24|btc_usdt_sma_distance_20|btc_usdt_ema_distance_20|btc_usdt_sma_distance_50|btc_usdt_ema_distance_50|btc_usdt_rsi_14|btc_usdt_realized_vol_12|btc_usdt_range_12|btc_usdt_realized_vol_24|btc_usdt_range_24|btc_usdt_realized_vol_48|btc_usdt_range_48|btc_usdt_relative_volume_24|btc_usdt_range_position_20|btc_usdt_breakout_distance_20|btc_usdt_range_position_55|btc_usdt_breakout_distance_55,direction_raw_v1,0 days 04:00:00,0 days 04:00:00,2017-08-17T00:00:00Z,2022-12-31T23:59:59Z,2023-01-01T00:00:00Z,2023-12-31T23:59:59Z,46922,8759,False,0.5666212558787074,0.5575567586170815,0.5480787434641479,0.687098792472103,0.2469637236689434,0.5498344559881265,0.0004712740487291986,8759.0,0.5089622102979792,0.5988126498458728,0.4011873501541272,0.0004912868821987185,-0.00044140287298997504,0.31658865167256534,0.14944628382235414,0.0005992014733318046,-0.00025279569536270047,0.08676789587852494,0.02717205160406439,0.0009704212603578147,-0.0002212881181129281,0.01427103550633634,0.0022833656810138142,0.0002985882724026947,0.0018543797122827443,0.0010275145564562164,0.00011416828405069072,0.0019810280557802156,0.0025074247230632007,ROBUST CANDIDATE
708e1faffce08a3f0ab7,3.3.0,73026dd08db19c83059c57c75b65bcebf077280cee941bdcbc1155cb400f6517,BTC_USDT_1h_4h_crypto_core_v1_no_macro_1.0.0,crypto_core_v1,random_forest,wf_2023,validation,BTC/USDT,1h,4h,42,train_only_standard_scaler_v1,btc_usdt_return_1|btc_usdt_log_return_1|btc_usdt_return_3|btc_usdt_log_return_3|btc_usdt_return_6|btc_usdt_log_return_6|btc_usdt_return_12|btc_usdt_log_return_12|btc_usdt_return_24|btc_usdt_log_return_24|btc_usdt_momentum_6|btc_usdt_momentum_12|btc_usdt_momentum_24|btc_usdt_sma_distance_20|btc_usdt_ema_distance_20|btc_usdt_sma_distance_50|btc_usdt_ema_distance_50|btc_usdt_rsi_14|btc_usdt_realized_vol_12|btc_usdt_range_12|btc_usdt_realized_vol_24|btc_usdt_range_24|btc_usdt_realized_vol_48|btc_usdt_range_48|btc_usdt_relative_volume_24|btc_usdt_range_position_20|btc_usdt_breakout_distance_20|btc_usdt_range_position_55|btc_usdt_breakout_distance_55,direction_raw_v1,0 days 04:00:00,0 days 04:00:00,2017-08-17T00:00:00Z,2022-12-31T23:59:59Z,2023-01-01T00:00:00Z,2023-12-31T23:59:59Z,46922,8759,False,0.5752260708303983,0.5639129267410736,0.5613210184408375,0.6847725894049226,0.24582841929825808,0.561822125813449,0.0004712740487291986,8759.0,0.5089622102979792,0.5290558282909008,0.4709441717090992,0.000653763957066943,-0.0002662659917020213,0.24317844502797123,0.20892795981276402,0.0006544178680143034,-0.00042967961723040034,0.033679643794953765,0.030825436693686495,0.0015324052770988395,-0.0004850072765512571,0.003539216805571412,0.0018266925448110515,0.0034465927367254862,0.0002898531705552293,0.00022833656810138144,0.00022833656810138144,0.011476115083880134,0.01252001883162207,ROBUST CANDIDATE
bd77975dd0ae5371e343,3.3.0,73026dd08db19c83059c57c75b65bcebf077280cee941bdcbc1155cb400f6517,BTC_USDT_1h_4h_crypto_core_v1_no_macro_1.0.0,crypto_core_v1,logistic_regression,wf_2024,validation,BTC/USDT,1h,4h,42,train_only_standard_scaler_v1,btc_usdt_return_1|btc_usdt_log_return_1|btc_usdt_return_3|btc_usdt_log_return_3|btc_usdt_return_6|btc_usdt_log_return_6|btc_usdt_return_12|btc_usdt_log_return_12|btc_usdt_return_24|btc_usdt_log_return_24|btc_usdt_momentum_6|btc_usdt_momentum_12|btc_usdt_momentum_24|btc_usdt_sma_distance_20|btc_usdt_ema_distance_20|btc_usdt_sma_distance_50|btc_usdt_ema_distance_50|btc_usdt_rsi_14|btc_usdt_realized_vol_12|btc_usdt_range_12|btc_usdt_realized_vol_24|btc_usdt_range_24|btc_usdt_realized_vol_48|btc_usdt_range_48|btc_usdt_relative_volume_24|btc_usdt_range_position_20|btc_usdt_breakout_distance_20|btc_usdt_range_position_55|btc_usdt_breakout_distance_55,direction_raw_v1,0 days 04:00:00,0 days 04:00:00,2017-08-17T00:00:00Z,2023-12-31T23:59:59Z,2024-01-01T00:00:00Z,2024-12-31T23:59:59Z,55681,8784,False,0.5426864550420814,0.5588131609612059,0.5299814822776301,0.690203944052208,0.24853865475945167,0.5288023679417122,0.0004221157517958839,8784.0,0.519808743169399,0.4714253187613843,0.5285746812386156,0.000424187398837027,-0.0004202680907152521,0.15050091074681238,0.15630692167577415,0.0009907787522947967,0.00017331205479615265,0.017304189435336976,0.00808287795992714,0.0028623362409614756,0.0037452272217808804,0.00022768670309653916,0.00034153005464480874,0.023632314086470485,0.003487206796209804,0.0,0.0,,,ROBUST CANDIDATE
2921a7b3e99b8966d529,3.3.0,73026dd08db19c83059c57c75b65bcebf077280cee941bdcbc1155cb400f6517,BTC_USDT_1h_4h_crypto_core_v1_no_macro_1.0.0,crypto_core_v1,hist_gradient_boosting,wf_2024,validation,BTC/USDT,1h,4h,42,train_only_standard_scaler_v1,btc_usdt_return_1|btc_usdt_log_return_1|btc_usdt_return_3|btc_usdt_log_return_3|btc_usdt_return_6|btc_usdt_log_return_6|btc_usdt_return_12|btc_usdt_log_return_12|btc_usdt_return_24|btc_usdt_log_return_24|btc_usdt_momentum_6|btc_usdt_momentum_12|btc_usdt_momentum_24|btc_usdt_sma_distance_20|btc_usdt_ema_distance_20|btc_usdt_sma_distance_50|btc_usdt_ema_distance_50|btc_usdt_rsi_14|btc_usdt_realized_vol_12|btc_usdt_range_12|btc_usdt_realized_vol_24|btc_usdt_range_24|btc_usdt_realized_vol_48|btc_usdt_range_48|btc_usdt_relative_volume_24|btc_usdt_range_position_20|btc_usdt_breakout_distance_20|btc_usdt_range_position_55|btc_usdt_breakout_distance_55,direction_raw_v1,0 days 04:00:00,0 days 04:00:00,2017-08-17T00:00:00Z,2023-12-31T23:59:59Z,2024-01-01T00:00:00Z,2024-12-31T23:59:59Z,55681,8784,False,0.5576286484284962,0.5721852494010151,0.5370915212882154,0.6875316768784574,0.2472138666827033,0.5391621129326047,0.0004221157517958839,8784.0,0.519808743169399,0.5537340619307832,0.44626593806921677,0.000573454203607831,-0.00023433252995575345,0.3084016393442623,0.18875227686703097,0.000879578930232678,3.909787959638869e-05,0.08094262295081968,0.023110200364298724,0.0011222638175490288,-0.0015031895997618292,0.010359744990892532,0.0009107468123861566,0.0024678614854084257,-0.005777060499777845,0.0007969034608378871,0.00011384335154826958,0.005620059366316995,0.0032832084426277497,ROBUST CANDIDATE
5c88a07721afcd5430cc,3.3.0,73026dd08db19c83059c57c75b65bcebf077280cee941bdcbc1155cb400f6517,BTC_USDT_1h_4h_crypto_core_v1_no_macro_1.0.0,crypto_core_v1,random_forest,wf_2024,validation,BTC/USDT,1h,4h,42,train_only_standard_scaler_v1,btc_usdt_return_1|btc_usdt_log_return_1|btc_usdt_return_3|btc_usdt_log_return_3|btc_usdt_return_6|btc_usdt_log_return_6|btc_usdt_return_12|btc_usdt_log_return_12|btc_usdt_return_24|btc_usdt_log_return_24|btc_usdt_momentum_6|btc_usdt_momentum_12|btc_usdt_momentum_24|btc_usdt_sma_distance_20|btc_usdt_ema_distance_20|btc_usdt_sma_distance_50|btc_usdt_ema_distance_50|btc_usdt_rsi_14|btc_usdt_realized_vol_12|btc_usdt_range_12|btc_usdt_realized_vol_24|btc_usdt_range_24|btc_usdt_realized_vol_48|btc_usdt_range_48|btc_usdt_relative_volume_24|btc_usdt_range_position_20|btc_usdt_breakout_distance_20|btc_usdt_range_position_55|btc_usdt_breakout_distance_55,direction_raw_v1,0 days 04:00:00,0 days 04:00:00,2017-08-17T00:00:00Z,2023-12-31T23:59:59Z,2024-01-01T00:00:00Z,2024-12-31T23:59:59Z,55681,8784,False,0.55891739654448,0.5729466222077599,0.5395511010007172,0.6882540090850966,0.24756376709809302,0.5393897996357013,0.0004221157517958839,8784.0,0.519808743169399,0.49749544626593806,0.5025045537340619,0.0007473105830708713,-0.00010016255454357415,0.24840619307832423,0.2608151183970856,0.0010455967372467309,7.015890391713982e-05,0.043943533697632056,0.06602914389799636,0.0021565097438348913,0.00024993975328979395,0.0012522768670309653,0.002959927140255009,0.0026617124807157932,0.002250883425802981,0.00022768670309653916,0.0,0.0013716989772248334,,ROBUST CANDIDATE
5b655855a0447e10b5eb,3.3.0,73026dd08db19c83059c57c75b65bcebf077280cee941bdcbc1155cb400f6517,BTC_USDT_1h_4h_crypto_core_v1+crypto_context_proxy_v1_macro_proxy_1.0.0,crypto_core_v1+crypto_context_proxy_v1,logistic_regression,wf_2022,validation,BTC/USDT,1h,4h,42,train_only_standard_scaler_v1,btc_usdt_return_1|btc_usdt_log_return_1|btc_usdt_return_3|btc_usdt_log_return_3|btc_usdt_return_6|btc_usdt_log_return_6|btc_usdt_return_12|btc_usdt_log_return_12|btc_usdt_return_24|btc_usdt_log_return_24|btc_usdt_momentum_6|btc_usdt_momentum_12|btc_usdt_momentum_24|btc_usdt_sma_distance_20|btc_usdt_ema_distance_20|btc_usdt_sma_distance_50|btc_usdt_ema_distance_50|btc_usdt_rsi_14|btc_usdt_realized_vol_12|btc_usdt_range_12|btc_usdt_realized_vol_24|btc_usdt_range_24|btc_usdt_realized_vol_48|btc_usdt_range_48|btc_usdt_relative_volume_24|btc_usdt_range_position_20|btc_usdt_breakout_distance_20|btc_usdt_range_position_55|btc_usdt_breakout_distance_55|macro_es_f_proxy_value|macro_es_f_proxy_return_1|macro_nq_f_proxy_value|macro_nq_f_proxy_return_1|macro_vix_proxy_value|macro_vix_proxy_return_1|macro_urth_proxy_value|macro_urth_proxy_return_1,direction_raw_v1,0 days 04:00:00,0 days 04:00:00,2017-08-17T00:00:00Z,2021-12-31T23:59:59Z,2022-01-01T00:00:00Z,2022-12-31T23:59:59Z,20833,8760,False,0.5351797338543907,0.5234656387995542,0.51477861850348,0.7023562472742165,0.2543913858660002,0.5171232876712328,-0.0003814488729362025,8760.0,0.49668949771689497,0.14577625570776256,0.8542237442922375,0.0003085967583981456,0.0004992075621268963,0.04052511415525114,0.619406392694064,0.0021656942100551396,0.00045733027594113473,0.009703196347031963,0.3208904109589041,0.0005388973949063516,0.0004845834191813121,0.0027397260273972603,0.08561643835616438,-0.0013352509971563166,0.0010085991119258306,0.00022831050228310502,0.007077625570776256,0.025110613896986378,0.002319664013196896,ROBUST CANDIDATE
83f404dc878bd5e19740,3.3.0,73026dd08db19c83059c57c75b65bcebf077280cee941bdcbc1155cb400f6517,BTC_USDT_1h_4h_crypto_core_v1+crypto_context_proxy_v1_macro_proxy_1.0.0,crypto_core_v1+crypto_context_proxy_v1,hist_gradient_boosting,wf_2022,validation,BTC/USDT,1h,4h,42,train_only_standard_scaler_v1,btc_usdt_return_1|btc_usdt_log_return_1|btc_usdt_return_3|btc_usdt_log_return_3|btc_usdt_return_6|btc_usdt_log_return_6|btc_usdt_return_12|btc_usdt_log_return_12|btc_usdt_return_24|btc_usdt_log_return_24|btc_usdt_momentum_6|btc_usdt_momentum_12|btc_usdt_momentum_24|btc_usdt_sma_distance_20|btc_usdt_ema_distance_20|btc_usdt_sma_distance_50|btc_usdt_ema_distance_50|btc_usdt_rsi_14|btc_usdt_realized_vol_12|btc_usdt_range_12|btc_usdt_realized_vol_24|btc_usdt_range_24|btc_usdt_realized_vol_48|btc_usdt_range_48|btc_usdt_relative_volume_24|btc_usdt_range_position_20|btc_usdt_breakout_distance_20|btc_usdt_range_position_55|btc_usdt_breakout_distance_55|macro_es_f_proxy_value|macro_es_f_proxy_return_1|macro_nq_f_proxy_value|macro_nq_f_proxy_return_1|macro_vix_proxy_value|macro_vix_proxy_return_1|macro_urth_proxy_value|macro_urth_proxy_return_1,direction_raw_v1,0 days 04:00:00,0 days 04:00:00,2017-08-17T00:00:00Z,2021-12-31T23:59:59Z,2022-01-01T00:00:00Z,2022-12-31T23:59:59Z,20833,8760,False,0.5339484190603005,0.5191870622192738,0.5307419754592982,0.7061669577431067,0.2559441647562093,0.5289954337899543,-0.0003814488729362025,8760.0,0.49668949771689497,0.7635844748858448,0.23641552511415526,-0.00020074422032037226,0.0009650961068074182,0.5642694063926941,0.1045662100456621,-0.0004598573083315686,0.0015032177507681543,0.33287671232876714,0.039155251141552515,-0.0005136524266743223,0.00147988215500957,0.1404109589041096,0.012328767123287671,-0.0006824538146165156,0.001280121797778352,0.03573059360730593,0.002511415525114155,-0.00012589780680256524,0.0038161735397837415,ROBUST CANDIDATE
f2cb10fabf786178e7f3,3.3.0,73026dd08db19c83059c57c75b65bcebf077280cee941bdcbc1155cb400f6517,BTC_USDT_1h_4h_crypto_core_v1+crypto_context_proxy_v1_macro_proxy_1.0.0,crypto_core_v1+crypto_context_proxy_v1,random_forest,wf_2022,validation,BTC/USDT,1h,4h,42,train_only_standard_scaler_v1,btc_usdt_return_1|btc_usdt_log_return_1|btc_usdt_return_3|btc_usdt_log_return_3|btc_usdt_return_6|btc_usdt_log_return_6|btc_usdt_return_12|btc_usdt_log_return_12|btc_usdt_return_24|btc_usdt_log_return_24|btc_usdt_momentum_6|btc_usdt_momentum_12|btc_usdt_momentum_24|btc_usdt_sma_distance_20|btc_usdt_ema_distance_20|btc_usdt_sma_distance_50|btc_usdt_ema_distance_50|btc_usdt_rsi_14|btc_usdt_realized_vol_12|btc_usdt_range_12|btc_usdt_realized_vol_24|btc_usdt_range_24|btc_usdt_realized_vol_48|btc_usdt_range_48|btc_usdt_relative_volume_24|btc_usdt_range_position_20|btc_usdt_breakout_distance_20|btc_usdt_range_position_55|btc_usdt_breakout_distance_55|macro_es_f_proxy_value|macro_es_f_proxy_return_1|macro_nq_f_proxy_value|macro_nq_f_proxy_return_1|macro_vix_proxy_value|macro_vix_proxy_return_1|macro_urth_proxy_value|macro_urth_proxy_return_1,direction_raw_v1,0 days 04:00:00,0 days 04:00:00,2017-08-17T00:00:00Z,2021-12-31T23:59:59Z,2022-01-01T00:00:00Z,2022-12-31T23:59:59Z,20833,8760,False,0.5403008378163823,0.5288734715284421,0.5275290158619681,0.6949776738053822,0.25082234122774594,0.5264840182648401,-0.0003814488729362025,8760.0,0.49668949771689497,0.657648401826484,0.34235159817351596,-0.00031826170383835253,0.0005028297602895579,0.40878995433789955,0.13356164383561644,-0.000470916998784757,0.0006349815486664841,0.16872146118721462,0.025228310502283104,-0.0001456207460001179,0.0005884404697279853,0.03995433789954338,0.0014840182648401827,0.0015783182123668734,0.00420467533260724,0.006735159817351598,0.00011415525114155251,0.00432413912282542,0.0015619878576429436,ROBUST CANDIDATE
3d05ae6fdf7e548d0cab,3.3.0,73026dd08db19c83059c57c75b65bcebf077280cee941bdcbc1155cb400f6517,BTC_USDT_1h_4h_crypto_core_v1+crypto_context_proxy_v1_macro_proxy_1.0.0,crypto_core_v1+crypto_context_proxy_v1,logistic_regression,wf_2023,validation,BTC/USDT,1h,4h,42,train_only_standard_scaler_v1,btc_usdt_return_1|btc_usdt_log_return_1|btc_usdt_return_3|btc_usdt_log_return_3|btc_usdt_return_6|btc_usdt_log_return_6|btc_usdt_return_12|btc_usdt_log_return_12|btc_usdt_return_24|btc_usdt_log_return_24|btc_usdt_momentum_6|btc_usdt_momentum_12|btc_usdt_momentum_24|btc_usdt_sma_distance_20|btc_usdt_ema_distance_20|btc_usdt_sma_distance_50|btc_usdt_ema_distance_50|btc_usdt_rsi_14|btc_usdt_realized_vol_12|btc_usdt_range_12|btc_usdt_realized_vol_24|btc_usdt_range_24|btc_usdt_realized_vol_48|btc_usdt_range_48|btc_usdt_relative_volume_24|btc_usdt_range_position_20|btc_usdt_breakout_distance_20|btc_usdt_range_position_55|btc_usdt_breakout_distance_55|macro_es_f_proxy_value|macro_es_f_proxy_return_1|macro_nq_f_proxy_value|macro_nq_f_proxy_return_1|macro_vix_proxy_value|macro_vix_proxy_return_1|macro_urth_proxy_value|macro_urth_proxy_return_1,direction_raw_v1,0 days 04:00:00,0 days 04:00:00,2017-08-17T00:00:00Z,2022-12-31T23:59:59Z,2023-01-01T00:00:00Z,2023-12-31T23:59:59Z,29593,8759,False,0.5609565378026686,0.5626691333982028,0.5496665042580371,0.6880855991404864,0.24746935405163972,0.5494919511359744,0.0004712740487291986,8759.0,0.5089622102979792,0.4911519579860715,0.5088480420139285,0.00045207581753852025,-0.0004898046277245539,0.17262244548464437,0.1822125813449024,0.0006730939533325681,-0.0013739817970807532,0.022719488526087454,0.031167941545838566,0.0019733504189250284,-0.0033188997476568307,0.0004566731362027629,0.002740038817216577,0.01010793627592399,0.0012768404909932474,0.0,0.0,,,ROBUST CANDIDATE
31822f67671b1106a5df,3.3.0,73026dd08db19c83059c57c75b65bcebf077280cee941bdcbc1155cb400f6517,BTC_USDT_1h_4h_crypto_core_v1+crypto_context_proxy_v1_macro_proxy_1.0.0,crypto_core_v1+crypto_context_proxy_v1,hist_gradient_boosting,wf_2023,validation,BTC/USDT,1h,4h,42,train_only_standard_scaler_v1,btc_usdt_return_1|btc_usdt_log_return_1|btc_usdt_return_3|btc_usdt_log_return_3|btc_usdt_return_6|btc_usdt_log_return_6|btc_usdt_return_12|btc_usdt_log_return_12|btc_usdt_return_24|btc_usdt_log_return_24|btc_usdt_momentum_6|btc_usdt_momentum_12|btc_usdt_momentum_24|btc_usdt_sma_distance_20|btc_usdt_ema_distance_20|btc_usdt_sma_distance_50|btc_usdt_ema_distance_50|btc_usdt_rsi_14|btc_usdt_realized_vol_12|btc_usdt_range_12|btc_usdt_realized_vol_24|btc_usdt_range_24|btc_usdt_realized_vol_48|btc_usdt_range_48|btc_usdt_relative_volume_24|btc_usdt_range_position_20|btc_usdt_breakout_distance_20|btc_usdt_range_position_55|btc_usdt_breakout_distance_55|macro_es_f_proxy_value|macro_es_f_proxy_return_1|macro_nq_f_proxy_value|macro_nq_f_proxy_return_1|macro_vix_proxy_value|macro_vix_proxy_return_1|macro_urth_proxy_value|macro_urth_proxy_return_1,direction_raw_v1,0 days 04:00:00,0 days 04:00:00,2017-08-17T00:00:00Z,2022-12-31T23:59:59Z,2023-01-01T00:00:00Z,2023-12-31T23:59:59Z,29593,8759,False,0.5621598167671837,0.5578158377841862,0.5458400964479866,0.6893024456827069,0.24800835403447102,0.5452677246260988,0.0004712740487291986,8759.0,0.5089622102979792,0.4688891425961868,0.5311108574038133,0.0006197755944943394,-0.0003401700400324159,0.1880351638314876,0.25916200479506796,0.0006319068621815063,-0.0005620970474675737,0.04600981847242836,0.09749971457928987,0.0007973667791789869,-0.0008938185253600781,0.0076492750313962785,0.028085397876469916,-0.000629251044720374,-0.0011948978318959836,0.0006850097043041443,0.005480077634433154,0.0032781763736046132,-0.0011371201299184726,ROBUST CANDIDATE
06eaea6970efe4ab6da4,3.3.0,73026dd08db19c83059c57c75b65bcebf077280cee941bdcbc1155cb400f6517,BTC_USDT_1h_4h_crypto_core_v1+crypto_context_proxy_v1_macro_proxy_1.0.0,crypto_core_v1+crypto_context_proxy_v1,random_forest,wf_2023,validation,BTC/USDT,1h,4h,42,train_only_standard_scaler_v1,btc_usdt_return_1|btc_usdt_log_return_1|btc_usdt_return_3|btc_usdt_log_return_3|btc_usdt_return_6|btc_usdt_log_return_6|btc_usdt_return_12|btc_usdt_log_return_12|btc_usdt_return_24|btc_usdt_log_return_24|btc_usdt_momentum_6|btc_usdt_momentum_12|btc_usdt_momentum_24|btc_usdt_sma_distance_20|btc_usdt_ema_distance_20|btc_usdt_sma_distance_50|btc_usdt_ema_distance_50|btc_usdt_rsi_14|btc_usdt_realized_vol_12|btc_usdt_range_12|btc_usdt_realized_vol_24|btc_usdt_range_24|btc_usdt_realized_vol_48|btc_usdt_range_48|btc_usdt_relative_volume_24|btc_usdt_range_position_20|btc_usdt_breakout_distance_20|btc_usdt_range_position_55|btc_usdt_breakout_distance_55|macro_es_f_proxy_value|macro_es_f_proxy_return_1|macro_nq_f_proxy_value|macro_nq_f_proxy_return_1|macro_vix_proxy_value|macro_vix_proxy_return_1|macro_urth_proxy_value|macro_urth_proxy_return_1,direction_raw_v1,0 days 04:00:00,0 days 04:00:00,2017-08-17T00:00:00Z,2022-12-31T23:59:59Z,2023-01-01T00:00:00Z,2023-12-31T23:59:59Z,29593,8759,False,0.5725766301179449,0.5663501218532101,0.5542415876867347,0.6865966609811797,0.24672977375824837,0.552231989953191,0.0004712740487291986,8759.0,0.5089622102979792,0.3888571754766526,0.6111428245233474,0.0006441342829954919,-0.0003612867597490016,0.13848612855348785,0.22902157780568558,0.0006503919128492256,-0.0004978239786521515,0.02568786391140541,0.044297294211668,0.0006054993058628784,-0.0018025357991499661,0.00159835597670967,0.00468089964607832,0.0028866244383746503,-0.002555625343829116,0.0,0.00034250485215207214,,0.0028493537947438994,ROBUST CANDIDATE
1bc30dd5549206b5c59e,3.3.0,73026dd08db19c83059c57c75b65bcebf077280cee941bdcbc1155cb400f6517,BTC_USDT_1h_4h_crypto_core_v1+crypto_context_proxy_v1_macro_proxy_1.0.0,crypto_core_v1+crypto_context_proxy_v1,logistic_regression,wf_2024,validation,BTC/USDT,1h,4h,42,train_only_standard_scaler_v1,btc_usdt_return_1|btc_usdt_log_return_1|btc_usdt_return_3|btc_usdt_log_return_3|btc_usdt_return_6|btc_usdt_log_return_6|btc_usdt_return_12|btc_usdt_log_return_12|btc_usdt_return_24|btc_usdt_log_return_24|btc_usdt_momentum_6|btc_usdt_momentum_12|btc_usdt_momentum_24|btc_usdt_sma_distance_20|btc_usdt_ema_distance_20|btc_usdt_sma_distance_50|btc_usdt_ema_distance_50|btc_usdt_rsi_14|btc_usdt_realized_vol_12|btc_usdt_range_12|btc_usdt_realized_vol_24|btc_usdt_range_24|btc_usdt_realized_vol_48|btc_usdt_range_48|btc_usdt_relative_volume_24|btc_usdt_range_position_20|btc_usdt_breakout_distance_20|btc_usdt_range_position_55|btc_usdt_breakout_distance_55|macro_es_f_proxy_value|macro_es_f_proxy_return_1|macro_nq_f_proxy_value|macro_nq_f_proxy_return_1|macro_vix_proxy_value|macro_vix_proxy_return_1|macro_urth_proxy_value|macro_urth_proxy_return_1,direction_raw_v1,0 days 04:00:00,0 days 04:00:00,2017-08-17T00:00:00Z,2023-12-31T23:59:59Z,2024-01-01T00:00:00Z,2024-12-31T23:59:59Z,38352,8784,False,0.5402456194350516,0.5532490368402281,0.5216371361332977,0.6944006463402559,0.2506080497714203,0.5150273224043715,0.0004221157517958839,8784.0,0.519808743169399,0.33401639344262296,0.6659836065573771,0.0003408354507155661,-0.0004628809489530894,0.10632969034608379,0.3551912568306011,0.0011149829117624696,-0.00032949217968588143,0.014799635701275045,0.07388433515482695,0.0021641189862384724,0.0005646208225630135,0.0006830601092896175,0.0028460837887067394,0.012945835865530423,0.003125142730873569,0.0,0.0,,,ROBUST CANDIDATE
663019a86cb17c0dd6c4,3.3.0,73026dd08db19c83059c57c75b65bcebf077280cee941bdcbc1155cb400f6517,BTC_USDT_1h_4h_crypto_core_v1+crypto_context_proxy_v1_macro_proxy_1.0.0,crypto_core_v1+crypto_context_proxy_v1,hist_gradient_boosting,wf_2024,validation,BTC/USDT,1h,4h,42,train_only_standard_scaler_v1,btc_usdt_return_1|btc_usdt_log_return_1|btc_usdt_return_3|btc_usdt_log_return_3|btc_usdt_return_6|btc_usdt_log_return_6|btc_usdt_return_12|btc_usdt_log_return_12|btc_usdt_return_24|btc_usdt_log_return_24|btc_usdt_momentum_6|btc_usdt_momentum_12|btc_usdt_momentum_24|btc_usdt_sma_distance_20|btc_usdt_ema_distance_20|btc_usdt_sma_distance_50|btc_usdt_ema_distance_50|btc_usdt_rsi_14|btc_usdt_realized_vol_12|btc_usdt_range_12|btc_usdt_realized_vol_24|btc_usdt_range_24|btc_usdt_realized_vol_48|btc_usdt_range_48|btc_usdt_relative_volume_24|btc_usdt_range_position_20|btc_usdt_breakout_distance_20|btc_usdt_range_position_55|btc_usdt_breakout_distance_55|macro_es_f_proxy_value|macro_es_f_proxy_return_1|macro_nq_f_proxy_value|macro_nq_f_proxy_return_1|macro_vix_proxy_value|macro_vix_proxy_return_1|macro_urth_proxy_value|macro_urth_proxy_return_1,direction_raw_v1,0 days 04:00:00,0 days 04:00:00,2017-08-17T00:00:00Z,2023-12-31T23:59:59Z,2024-01-01T00:00:00Z,2024-12-31T23:59:59Z,38352,8784,False,0.5601269884588234,0.5721135770982653,0.5382705307146831,0.6927672673696753,0.24972616899562677,0.5358606557377049,0.0004221157517958839,8784.0,0.519808743169399,0.44068761384335153,0.5593123861566485,0.0007207041039800624,-0.00018685511444498735,0.2856329690346084,0.3879781420765027,0.0009451923317141254,-9.281359937391847e-05,0.1384335154826958,0.21869307832422585,0.0014801181089003125,0.0001512676096778036,0.034380692167577415,0.0782103825136612,0.002338829023014312,0.0007998145481469647,0.0015938069216757742,0.011839708561020037,0.004015949852063169,0.0025020943964680193,ROBUST CANDIDATE
facef21e1faf94c1511e,3.3.0,73026dd08db19c83059c57c75b65bcebf077280cee941bdcbc1155cb400f6517,BTC_USDT_1h_4h_crypto_core_v1+crypto_context_proxy_v1_macro_proxy_1.0.0,crypto_core_v1+crypto_context_proxy_v1,random_forest,wf_2024,validation,BTC/USDT,1h,4h,42,train_only_standard_scaler_v1,btc_usdt_return_1|btc_usdt_log_return_1|btc_usdt_return_3|btc_usdt_log_return_3|btc_usdt_return_6|btc_usdt_log_return_6|btc_usdt_return_12|btc_usdt_log_return_12|btc_usdt_return_24|btc_usdt_log_return_24|btc_usdt_momentum_6|btc_usdt_momentum_12|btc_usdt_momentum_24|btc_usdt_sma_distance_20|btc_usdt_ema_distance_20|btc_usdt_sma_distance_50|btc_usdt_ema_distance_50|btc_usdt_rsi_14|btc_usdt_realized_vol_12|btc_usdt_range_12|btc_usdt_realized_vol_24|btc_usdt_range_24|btc_usdt_realized_vol_48|btc_usdt_range_48|btc_usdt_relative_volume_24|btc_usdt_range_position_20|btc_usdt_breakout_distance_20|btc_usdt_range_position_55|btc_usdt_breakout_distance_55|macro_es_f_proxy_value|macro_es_f_proxy_return_1|macro_nq_f_proxy_value|macro_nq_f_proxy_return_1|macro_vix_proxy_value|macro_vix_proxy_return_1|macro_urth_proxy_value|macro_urth_proxy_return_1,direction_raw_v1,0 days 04:00:00,0 days 04:00:00,2017-08-17T00:00:00Z,2023-12-31T23:59:59Z,2024-01-01T00:00:00Z,2024-12-31T23:59:59Z,38352,8784,False,0.5534407946919185,0.5683687927726278,0.5354001902864203,0.6935918762703346,0.2501522564158849,0.5314207650273224,0.0004221157517958839,8784.0,0.519808743169399,0.40095628415300544,0.5990437158469946,0.0005831924788680254,-0.00031430270870426804,0.21061020036429873,0.3987932604735883,0.0009409904295037591,-0.0001995662098339085,0.04644808743169399,0.19216757741347906,0.0013823475387552502,1.0851877385223235e-05,0.0010245901639344263,0.033242258652094715,0.008268835022448857,0.00017002522449275145,0.00011384335154826958,0.00022768670309653916,-0.0009522364277855244,-0.0021137240483369846,ROBUST CANDIDATE
7a6827fcab65e1793cae,3.3.0,73026dd08db19c83059c57c75b65bcebf077280cee941bdcbc1155cb400f6517,BTC_USDT_1h_8h_crypto_core_v1_no_macro_1.0.0,crypto_core_v1,logistic_regression,wf_2022,validation,BTC/USDT,1h,8h,42,train_only_standard_scaler_v1,btc_usdt_return_1|btc_usdt_log_return_1|btc_usdt_return_3|btc_usdt_log_return_3|btc_usdt_return_6|btc_usdt_log_return_6|btc_usdt_return_12|btc_usdt_log_return_12|btc_usdt_return_24|btc_usdt_log_return_24|btc_usdt_momentum_6|btc_usdt_momentum_12|btc_usdt_momentum_24|btc_usdt_sma_distance_20|btc_usdt_ema_distance_20|btc_usdt_sma_distance_50|btc_usdt_ema_distance_50|btc_usdt_rsi_14|btc_usdt_realized_vol_12|btc_usdt_range_12|btc_usdt_realized_vol_24|btc_usdt_range_24|btc_usdt_realized_vol_48|btc_usdt_range_48|btc_usdt_relative_volume_24|btc_usdt_range_position_20|btc_usdt_breakout_distance_20|btc_usdt_range_position_55|btc_usdt_breakout_distance_55,direction_raw_v1,0 days 08:00:00,0 days 08:00:00,2017-08-17T00:00:00Z,2021-12-31T23:59:59Z,2022-01-01T00:00:00Z,2022-12-31T23:59:59Z,38158,8760,False,0.538528302436173,0.5145742621181124,0.5254398479728946,0.6919177102659768,0.2493585954917408,0.5247716894977169,-0.0007698167163356191,8760.0,0.483675799086758,0.5196347031963471,0.480365296803653,-0.0004030353943215786,0.0011665820627728605,0.1745433789954338,0.14531963470319634,0.0005480613256906143,0.003099724017386988,0.03801369863013699,0.021917808219178082,-0.00063941448777308,0.005507244572075953,0.008561643835616438,0.0017123287671232876,-0.005646455100408625,0.011091368516594232,0.0015981735159817352,0.0,-0.017951315843868627,,ROBUST CANDIDATE
33b354d4e08cc238ae12,3.3.0,73026dd08db19c83059c57c75b65bcebf077280cee941bdcbc1155cb400f6517,BTC_USDT_1h_8h_crypto_core_v1_no_macro_1.0.0,crypto_core_v1,hist_gradient_boosting,wf_2022,validation,BTC/USDT,1h,8h,42,train_only_standard_scaler_v1,btc_usdt_return_1|btc_usdt_log_return_1|btc_usdt_return_3|btc_usdt_log_return_3|btc_usdt_return_6|btc_usdt_log_return_6|btc_usdt_return_12|btc_usdt_log_return_12|btc_usdt_return_24|btc_usdt_log_return_24|btc_usdt_momentum_6|btc_usdt_momentum_12|btc_usdt_momentum_24|btc_usdt_sma_distance_20|btc_usdt_ema_distance_20|btc_usdt_sma_distance_50|btc_usdt_ema_distance_50|btc_usdt_rsi_14|btc_usdt_realized_vol_12|btc_usdt_range_12|btc_usdt_realized_vol_24|btc_usdt_range_24|btc_usdt_realized_vol_48|btc_usdt_range_48|btc_usdt_relative_volume_24|btc_usdt_range_position_20|btc_usdt_breakout_distance_20|btc_usdt_range_position_55|btc_usdt_breakout_distance_55,direction_raw_v1,0 days 08:00:00,0 days 08:00:00,2017-08-17T00:00:00Z,2021-12-31T23:59:59Z,2022-01-01T00:00:00Z,2022-12-31T23:59:59Z,38158,8760,False,0.5288860319043813,0.5105196000457399,0.5190881828073971,0.7001349939379693,0.2533020376328189,0.5138127853881278,-0.0007698167163356191,8760.0,0.483675799086758,0.660958904109589,0.339041095890411,-0.000823511759762541,0.0006651385003619226,0.3692922374429224,0.11621004566210046,-0.0010437950905111027,0.0016013121314101097,0.1495433789954338,0.03276255707762557,-0.0006540363372193234,0.0018250445679184157,0.050799086757990865,0.013812785388127854,-0.0028453279315115427,0.0029978612918109496,0.014726027397260274,0.002511415525114155,-0.0024548043177354205,0.00014415633030023296,ROBUST CANDIDATE
611b64dc45a2042c15c8,3.3.0,73026dd08db19c83059c57c75b65bcebf077280cee941bdcbc1155cb400f6517,BTC_USDT_1h_8h_crypto_core_v1_no_macro_1.0.0,crypto_core_v1,random_forest,wf_2022,validation,BTC/USDT,1h,8h,42,train_only_standard_scaler_v1,btc_usdt_return_1|btc_usdt_log_return_1|btc_usdt_return_3|btc_usdt_log_return_3|btc_usdt_return_6|btc_usdt_log_return_6|btc_usdt_return_12|btc_usdt_log_return_12|btc_usdt_return_24|btc_usdt_log_return_24|btc_usdt_momentum_6|btc_usdt_momentum_12|btc_usdt_momentum_24|btc_usdt_sma_distance_20|btc_usdt_ema_distance_20|btc_usdt_sma_distance_50|btc_usdt_ema_distance_50|btc_usdt_rsi_14|btc_usdt_realized_vol_12|btc_usdt_range_12|btc_usdt_realized_vol_24|btc_usdt_range_24|btc_usdt_realized_vol_48|btc_usdt_range_48|btc_usdt_relative_volume_24|btc_usdt_range_position_20|btc_usdt_breakout_distance_20|btc_usdt_range_position_55|btc_usdt_breakout_distance_55,direction_raw_v1,0 days 08:00:00,0 days 08:00:00,2017-08-17T00:00:00Z,2021-12-31T23:59:59Z,2022-01-01T00:00:00Z,2022-12-31T23:59:59Z,38158,8760,False,0.534309443809369,0.5158547110454672,0.5196173795268001,0.6945694714643019,0.2506501912915731,0.519406392694064,-0.0007698167163356191,8760.0,0.483675799086758,0.5058219178082192,0.49417808219178083,-0.0008248906062577869,0.0007134451741214528,0.2513698630136986,0.21929223744292237,-0.0008459004453960463,0.00113759269930436,0.07728310502283105,0.05,-0.0005930528391534937,0.000927690161954857,0.018949771689497717,0.014269406392694063,-0.0017265654591554597,0.003798504160262464,0.0038812785388127853,0.003767123287671233,-0.008492479049427586,0.0029793211280478077,ROBUST CANDIDATE
00d865409af6f8189e5a,3.3.0,73026dd08db19c83059c57c75b65bcebf077280cee941bdcbc1155cb400f6517,BTC_USDT_1h_8h_crypto_core_v1_no_macro_1.0.0,crypto_core_v1,logistic_regression,wf_2023,validation,BTC/USDT,1h,8h,42,train_only_standard_scaler_v1,btc_usdt_return_1|btc_usdt_log_return_1|btc_usdt_return_3|btc_usdt_log_return_3|btc_usdt_return_6|btc_usdt_log_return_6|btc_usdt_return_12|btc_usdt_log_return_12|btc_usdt_return_24|btc_usdt_log_return_24|btc_usdt_momentum_6|btc_usdt_momentum_12|btc_usdt_momentum_24|btc_usdt_sma_distance_20|btc_usdt_ema_distance_20|btc_usdt_sma_distance_50|btc_usdt_ema_distance_50|btc_usdt_rsi_14|btc_usdt_realized_vol_12|btc_usdt_range_12|btc_usdt_realized_vol_24|btc_usdt_range_24|btc_usdt_realized_vol_48|btc_usdt_range_48|btc_usdt_relative_volume_24|btc_usdt_range_position_20|btc_usdt_breakout_distance_20|btc_usdt_range_position_55|btc_usdt_breakout_distance_55,direction_raw_v1,0 days 08:00:00,0 days 08:00:00,2017-08-17T00:00:00Z,2022-12-31T23:59:59Z,2023-01-01T00:00:00Z,2023-12-31T23:59:59Z,46918,8759,False,0.5714668428808048,0.5788491758931247,0.5531798001918655,0.6866309469663743,0.2467601166812316,0.5521178216691404,0.000942970243506154,8759.0,0.512729763671652,0.4596415115880808,0.5403584884119191,0.0013774301050153862,-0.0005734085696341554,0.07866194771092591,0.10035392168055714,0.002765290508981877,-0.0005194650532548076,0.009019294440004566,0.005480077634433154,0.007139696467894654,0.005852450890145897,0.0009133462724055258,0.0006850097043041443,0.013930713171709158,0.0047961833922880075,0.0,0.0,,,ROBUST CANDIDATE
80656dabe42602ed41e4,3.3.0,73026dd08db19c83059c57c75b65bcebf077280cee941bdcbc1155cb400f6517,BTC_USDT_1h_8h_crypto_core_v1_no_macro_1.0.0,crypto_core_v1,hist_gradient_boosting,wf_2023,validation,BTC/USDT,1h,8h,42,train_only_standard_scaler_v1,btc_usdt_return_1|btc_usdt_log_return_1|btc_usdt_return_3|btc_usdt_log_return_3|btc_usdt_return_6|btc_usdt_log_return_6|btc_usdt_return_12|btc_usdt_log_return_12|btc_usdt_return_24|btc_usdt_log_return_24|btc_usdt_momentum_6|btc_usdt_momentum_12|btc_usdt_momentum_24|btc_usdt_sma_distance_20|btc_usdt_ema_distance_20|btc_usdt_sma_distance_50|btc_usdt_ema_distance_50|btc_usdt_rsi_14|btc_usdt_realized_vol_12|btc_usdt_range_12|btc_usdt_realized_vol_24|btc_usdt_range_24|btc_usdt_realized_vol_48|btc_usdt_range_48|btc_usdt_relative_volume_24|btc_usdt_range_position_20|btc_usdt_breakout_distance_20|btc_usdt_range_position_55|btc_usdt_breakout_distance_55,direction_raw_v1,0 days 08:00:00,0 days 08:00:00,2017-08-17T00:00:00Z,2022-12-31T23:59:59Z,2023-01-01T00:00:00Z,2023-12-31T23:59:59Z,46918,8759,False,0.5549047694472564,0.560492029702199,0.5447942380647998,0.6894771321495703,0.24813676573828355,0.5467519123187579,0.000942970243506154,8759.0,0.512729763671652,0.5780340221486471,0.42196597785135287,0.0011724168312400507,-0.0006286606997570419,0.2678387943829204,0.15469802488868592,0.0013963123241348297,-0.0010687452582930222,0.0824295010845987,0.060052517410663316,0.0013770362663495625,7.258098185179712e-05,0.020093617992921566,0.01609772805114739,0.00040097200327193647,0.001489318375172023,0.003995889941774175,0.0017125242607603608,0.0021705063619004627,0.0007911145674392106,ROBUST CANDIDATE
fdc7c8406c6460c35539,3.3.0,73026dd08db19c83059c57c75b65bcebf077280cee941bdcbc1155cb400f6517,BTC_USDT_1h_8h_crypto_core_v1_no_macro_1.0.0,crypto_core_v1,random_forest,wf_2023,validation,BTC/USDT,1h,8h,42,train_only_standard_scaler_v1,btc_usdt_return_1|btc_usdt_log_return_1|btc_usdt_return_3|btc_usdt_log_return_3|btc_usdt_return_6|btc_usdt_log_return_6|btc_usdt_return_12|btc_usdt_log_return_12|btc_usdt_return_24|btc_usdt_log_return_24|btc_usdt_momentum_6|btc_usdt_momentum_12|btc_usdt_momentum_24|btc_usdt_sma_distance_20|btc_usdt_ema_distance_20|btc_usdt_sma_distance_50|btc_usdt_ema_distance_50|btc_usdt_rsi_14|btc_usdt_realized_vol_12|btc_usdt_range_12|btc_usdt_realized_vol_24|btc_usdt_range_24|btc_usdt_realized_vol_48|btc_usdt_range_48|btc_usdt_relative_volume_24|btc_usdt_range_position_20|btc_usdt_breakout_distance_20|btc_usdt_range_position_55|btc_usdt_breakout_distance_55,direction_raw_v1,0 days 08:00:00,0 days 08:00:00,2017-08-17T00:00:00Z,2022-12-31T23:59:59Z,2023-01-01T00:00:00Z,2023-12-31T23:59:59Z,46918,8759,False,0.5669648158130277,0.5681996466550436,0.5508359737281499,0.6868792547887089,0.24686803860677137,0.5497202877040758,0.000942970243506154,8759.0,0.512729763671652,0.4574723141911177,0.5425276858088823,0.0012206556050200388,-0.0007088193084080613,0.17696084027857062,0.21851809567302202,0.001707299242921604,-0.0005979617807776846,0.04498230391597214,0.05617079575293983,0.0005818001159129375,0.0005127299570035606,0.011416828405069072,0.011416828405069072,0.0028738134951548423,0.0013056790426786823,0.003539216805571412,0.0030825436693686496,0.005224006396629014,0.002096517937593015,ROBUST CANDIDATE
deca11aa49951d63312b,3.3.0,73026dd08db19c83059c57c75b65bcebf077280cee941bdcbc1155cb400f6517,BTC_USDT_1h_8h_crypto_core_v1_no_macro_1.0.0,crypto_core_v1,logistic_regression,wf_2024,validation,BTC/USDT,1h,8h,42,train_only_standard_scaler_v1,btc_usdt_return_1|btc_usdt_log_return_1|btc_usdt_return_3|btc_usdt_log_return_3|btc_usdt_return_6|btc_usdt_log_return_6|btc_usdt_return_12|btc_usdt_log_return_12|btc_usdt_return_24|btc_usdt_log_return_24|btc_usdt_momentum_6|btc_usdt_momentum_12|btc_usdt_momentum_24|btc_usdt_sma_distance_20|btc_usdt_ema_distance_20|btc_usdt_sma_distance_50|btc_usdt_ema_distance_50|btc_usdt_rsi_14|btc_usdt_realized_vol_12|btc_usdt_range_12|btc_usdt_realized_vol_24|btc_usdt_range_24|btc_usdt_realized_vol_48|btc_usdt_range_48|btc_usdt_relative_volume_24|btc_usdt_range_position_20|btc_usdt_breakout_distance_20|btc_usdt_range_position_55|btc_usdt_breakout_distance_55,direction_raw_v1,0 days 08:00:00,0 days 08:00:00,2017-08-17T00:00:00Z,2023-12-31T23:59:59Z,2024-01-01T00:00:00Z,2024-12-31T23:59:59Z,55677,8784,False,0.5298001384513196,0.5659737128318968,0.5195885592264354,0.6928863933087341,0.24986602055766374,0.5161657559198543,0.0008427211848131914,8784.0,0.5347222222222222,0.4520719489981785,0.5479280510018215,0.0008561883174269706,-0.0008316100309363338,0.1294398907103825,0.15687613843351547,0.00216644235475384,-0.0002265840492122014,0.01980874316939891,0.01650728597449909,0.00521063501815671,0.0009358364846317549,0.0015938069216757742,0.0010245901639344263,0.0065236344250267685,-0.0014114786079557258,0.00011384335154826958,0.0,0.04106295687925732,,ROBUST CANDIDATE
05fd9f15e7f168b71ce4,3.3.0,73026dd08db19c83059c57c75b65bcebf077280cee941bdcbc1155cb400f6517,BTC_USDT_1h_8h_crypto_core_v1_no_macro_1.0.0,crypto_core_v1,hist_gradient_boosting,wf_2024,validation,BTC/USDT,1h,8h,42,train_only_standard_scaler_v1,btc_usdt_return_1|btc_usdt_log_return_1|btc_usdt_return_3|btc_usdt_log_return_3|btc_usdt_return_6|btc_usdt_log_return_6|btc_usdt_return_12|btc_usdt_log_return_12|btc_usdt_return_24|btc_usdt_log_return_24|btc_usdt_momentum_6|btc_usdt_momentum_12|btc_usdt_momentum_24|btc_usdt_sma_distance_20|btc_usdt_ema_distance_20|btc_usdt_sma_distance_50|btc_usdt_ema_distance_50|btc_usdt_rsi_14|btc_usdt_realized_vol_12|btc_usdt_range_12|btc_usdt_realized_vol_24|btc_usdt_range_24|btc_usdt_realized_vol_48|btc_usdt_range_48|btc_usdt_relative_volume_24|btc_usdt_range_position_20|btc_usdt_breakout_distance_20|btc_usdt_range_position_55|btc_usdt_breakout_distance_55,direction_raw_v1,0 days 08:00:00,0 days 08:00:00,2017-08-17T00:00:00Z,2023-12-31T23:59:59Z,2024-01-01T00:00:00Z,2024-12-31T23:59:59Z,55677,8784,False,0.5511887523644113,0.5808655068642777,0.5381348526687406,0.6883100598878714,0.24757772672532605,0.5433743169398907,0.0008427211848131914,8784.0,0.5347222222222222,0.5780965391621129,0.42190346083788705,0.0012523291572424506,-0.0002814720525963058,0.27641165755919855,0.12067395264116576,0.0018166897436292504,-0.00010272372755828757,0.07798269581056466,0.013205828779599272,0.002679125441603213,-0.0030768242292832934,0.012636612021857924,0.0023907103825136613,0.0030462129917670265,-0.0073279125915502955,0.001366120218579235,0.0004553734061930783,0.00962040022791912,-0.018249921299264504,ROBUST CANDIDATE
dad70fe691bbb20e1b32,3.3.0,73026dd08db19c83059c57c75b65bcebf077280cee941bdcbc1155cb400f6517,BTC_USDT_1h_8h_crypto_core_v1_no_macro_1.0.0,crypto_core_v1,random_forest,wf_2024,validation,BTC/USDT,1h,8h,42,train_only_standard_scaler_v1,btc_usdt_return_1|btc_usdt_log_return_1|btc_usdt_return_3|btc_usdt_log_return_3|btc_usdt_return_6|btc_usdt_log_return_6|btc_usdt_return_12|btc_usdt_log_return_12|btc_usdt_return_24|btc_usdt_log_return_24|btc_usdt_momentum_6|btc_usdt_momentum_12|btc_usdt_momentum_24|btc_usdt_sma_distance_20|btc_usdt_ema_distance_20|btc_usdt_sma_distance_50|btc_usdt_ema_distance_50|btc_usdt_rsi_14|btc_usdt_realized_vol_12|btc_usdt_range_12|btc_usdt_realized_vol_24|btc_usdt_range_24|btc_usdt_realized_vol_48|btc_usdt_range_48|btc_usdt_relative_volume_24|btc_usdt_range_position_20|btc_usdt_breakout_distance_20|btc_usdt_range_position_55|btc_usdt_breakout_distance_55,direction_raw_v1,0 days 08:00:00,0 days 08:00:00,2017-08-17T00:00:00Z,2023-12-31T23:59:59Z,2024-01-01T00:00:00Z,2024-12-31T23:59:59Z,55677,8784,False,0.549069396991838,0.5771735243904874,0.5377869011340995,0.6909579914692827,0.24885837569613117,0.5368852459016393,0.0008427211848131914,8784.0,0.5347222222222222,0.48964025500910746,0.5103597449908925,0.0014116326263889862,-0.00029690630410440436,0.2013888888888889,0.24316939890710382,0.0016155052980307498,0.00019786214087337583,0.0389344262295082,0.036999089253187616,0.0029247398960200437,-0.001834496878013124,0.005236794171220401,0.005009107468123861,0.005036537511665254,-0.005233498446770265,0.0006830601092896175,0.0012522768670309653,0.0007552035226745893,-0.005844245882862748,ROBUST CANDIDATE
e33c954e3d88bf870e37,3.3.0,73026dd08db19c83059c57c75b65bcebf077280cee941bdcbc1155cb400f6517,BTC_USDT_1h_8h_crypto_core_v1+crypto_context_proxy_v1_macro_proxy_1.0.0,crypto_core_v1+crypto_context_proxy_v1,logistic_regression,wf_2022,validation,BTC/USDT,1h,8h,42,train_only_standard_scaler_v1,btc_usdt_return_1|btc_usdt_log_return_1|btc_usdt_return_3|btc_usdt_log_return_3|btc_usdt_return_6|btc_usdt_log_return_6|btc_usdt_return_12|btc_usdt_log_return_12|btc_usdt_return_24|btc_usdt_log_return_24|btc_usdt_momentum_6|btc_usdt_momentum_12|btc_usdt_momentum_24|btc_usdt_sma_distance_20|btc_usdt_ema_distance_20|btc_usdt_sma_distance_50|btc_usdt_ema_distance_50|btc_usdt_rsi_14|btc_usdt_realized_vol_12|btc_usdt_range_12|btc_usdt_realized_vol_24|btc_usdt_range_24|btc_usdt_realized_vol_48|btc_usdt_range_48|btc_usdt_relative_volume_24|btc_usdt_range_position_20|btc_usdt_breakout_distance_20|btc_usdt_range_position_55|btc_usdt_breakout_distance_55|macro_es_f_proxy_value|macro_es_f_proxy_return_1|macro_nq_f_proxy_value|macro_nq_f_proxy_return_1|macro_vix_proxy_value|macro_vix_proxy_return_1|macro_urth_proxy_value|macro_urth_proxy_return_1,direction_raw_v1,0 days 08:00:00,0 days 08:00:00,2017-08-17T00:00:00Z,2021-12-31T23:59:59Z,2022-01-01T00:00:00Z,2022-12-31T23:59:59Z,20829,8760,False,0.5339826844683542,0.5119856456707101,0.5089929524449316,0.7056314479637091,0.25584893794140257,0.5223744292237443,-0.0007698167163356191,8760.0,0.483675799086758,0.08984018264840182,0.9101598173515981,0.0006071433196802829,0.0009057338803070872,0.030707762557077627,0.7581050228310502,4.02818506029422e-05,0.0011383885514454984,0.00993150684931507,0.48333333333333334,-0.005078768351565741,0.0010214662135180608,0.0036529680365296802,0.18344748858447488,-0.007950483700201728,0.0019865182317265534,0.0006849315068493151,0.030821917808219176,-0.028520046115029212,0.004110784787853376,ROBUST CANDIDATE
f45361e86df38ba9c176,3.3.0,73026dd08db19c83059c57c75b65bcebf077280cee941bdcbc1155cb400f6517,BTC_USDT_1h_8h_crypto_core_v1+crypto_context_proxy_v1_macro_proxy_1.0.0,crypto_core_v1+crypto_context_proxy_v1,hist_gradient_boosting,wf_2022,validation,BTC/USDT,1h,8h,42,train_only_standard_scaler_v1,btc_usdt_return_1|btc_usdt_log_return_1|btc_usdt_return_3|btc_usdt_log_return_3|btc_usdt_return_6|btc_usdt_log_return_6|btc_usdt_return_12|btc_usdt_log_return_12|btc_usdt_return_24|btc_usdt_log_return_24|btc_usdt_momentum_6|btc_usdt_momentum_12|btc_usdt_momentum_24|btc_usdt_sma_distance_20|btc_usdt_ema_distance_20|btc_usdt_sma_distance_50|btc_usdt_ema_distance_50|btc_usdt_rsi_14|btc_usdt_realized_vol_12|btc_usdt_range_12|btc_usdt_realized_vol_24|btc_usdt_range_24|btc_usdt_realized_vol_48|btc_usdt_range_48|btc_usdt_relative_volume_24|btc_usdt_range_position_20|btc_usdt_breakout_distance_20|btc_usdt_range_position_55|btc_usdt_breakout_distance_55|macro_es_f_proxy_value|macro_es_f_proxy_return_1|macro_nq_f_proxy_value|macro_nq_f_proxy_return_1|macro_vix_proxy_value|macro_vix_proxy_return_1|macro_urth_proxy_value|macro_urth_proxy_return_1,direction_raw_v1,0 days 08:00:00,0 days 08:00:00,2017-08-17T00:00:00Z,2021-12-31T23:59:59Z,2022-01-01T00:00:00Z,2022-12-31T23:59:59Z,20829,8760,False,0.5265178354922739,0.4980967749224643,0.5238743044166623,0.7180750081983497,0.26140295962444926,0.5154109589041096,-0.0007698167163356191,8760.0,0.483675799086758,0.7584474885844749,0.2415525114155251,-0.00044585516431373487,0.0017870192454629342,0.5858447488584475,0.11038812785388127,-0.00030384541540575175,0.0020678277319581984,0.3863013698630137,0.036187214611872145,-0.00047132149651351734,0.003951109203589105,0.20445205479452055,0.012671232876712329,-0.001094514213794117,0.0038670641641927275,0.08162100456621005,0.003995433789954338,-2.4995542252604974e-06,0.006344447985500446,ROBUST CANDIDATE
fffc96b3de1d4315ea7b,3.3.0,73026dd08db19c83059c57c75b65bcebf077280cee941bdcbc1155cb400f6517,BTC_USDT_1h_8h_crypto_core_v1+crypto_context_proxy_v1_macro_proxy_1.0.0,crypto_core_v1+crypto_context_proxy_v1,random_forest,wf_2022,validation,BTC/USDT,1h,8h,42,train_only_standard_scaler_v1,btc_usdt_return_1|btc_usdt_log_return_1|btc_usdt_return_3|btc_usdt_log_return_3|btc_usdt_return_6|btc_usdt_log_return_6|btc_usdt_return_12|btc_usdt_log_return_12|btc_usdt_return_24|btc_usdt_log_return_24|btc_usdt_momentum_6|btc_usdt_momentum_12|btc_usdt_momentum_24|btc_usdt_sma_distance_20|btc_usdt_ema_distance_20|btc_usdt_sma_distance_50|btc_usdt_ema_distance_50|btc_usdt_rsi_14|btc_usdt_realized_vol_12|btc_usdt_range_12|btc_usdt_realized_vol_24|btc_usdt_range_24|btc_usdt_realized_vol_48|btc_usdt_range_48|btc_usdt_relative_volume_24|btc_usdt_range_position_20|btc_usdt_breakout_distance_20|btc_usdt_range_position_55|btc_usdt_breakout_distance_55|macro_es_f_proxy_value|macro_es_f_proxy_return_1|macro_nq_f_proxy_value|macro_nq_f_proxy_return_1|macro_vix_proxy_value|macro_vix_proxy_return_1|macro_urth_proxy_value|macro_urth_proxy_return_1,direction_raw_v1,0 days 08:00:00,0 days 08:00:00,2017-08-17T00:00:00Z,2021-12-31T23:59:59Z,2022-01-01T00:00:00Z,2022-12-31T23:59:59Z,20829,8760,False,0.5329337880273228,0.5054050879369146,0.5203155393165011,0.7037109754461224,0.2549840710389084,0.5128995433789955,-0.0007698167163356191,8760.0,0.483675799086758,0.7264840182648402,0.27351598173515984,-0.00036244263246209814,0.0018518403681599459,0.475,0.08972602739726028,-0.00017380986016761007,0.002066270490902254,0.24703196347031964,0.01997716894977169,0.00025432252501359534,0.00416729945563706,0.0841324200913242,0.0036529680365296802,6.8403622881097e-05,0.0029921860210939573,0.01643835616438356,0.00045662100456621003,0.0018064534219667512,0.004282888507825849,ROBUST CANDIDATE
b0b67b2a36f3cd1ab2d1,3.3.0,73026dd08db19c83059c57c75b65bcebf077280cee941bdcbc1155cb400f6517,BTC_USDT_1h_8h_crypto_core_v1+crypto_context_proxy_v1_macro_proxy_1.0.0,crypto_core_v1+crypto_context_proxy_v1,logistic_regression,wf_2023,validation,BTC/USDT,1h,8h,42,train_only_standard_scaler_v1,btc_usdt_return_1|btc_usdt_log_return_1|btc_usdt_return_3|btc_usdt_log_return_3|btc_usdt_return_6|btc_usdt_log_return_6|btc_usdt_return_12|btc_usdt_log_return_12|btc_usdt_return_24|btc_usdt_log_return_24|btc_usdt_momentum_6|btc_usdt_momentum_12|btc_usdt_momentum_24|btc_usdt_sma_distance_20|btc_usdt_ema_distance_20|btc_usdt_sma_distance_50|btc_usdt_ema_distance_50|btc_usdt_rsi_14|btc_usdt_realized_vol_12|btc_usdt_range_12|btc_usdt_realized_vol_24|btc_usdt_range_24|btc_usdt_realized_vol_48|btc_usdt_range_48|btc_usdt_relative_volume_24|btc_usdt_range_position_20|btc_usdt_breakout_distance_20|btc_usdt_range_position_55|btc_usdt_breakout_distance_55|macro_es_f_proxy_value|macro_es_f_proxy_return_1|macro_nq_f_proxy_value|macro_nq_f_proxy_return_1|macro_vix_proxy_value|macro_vix_proxy_return_1|macro_urth_proxy_value|macro_urth_proxy_return_1,direction_raw_v1,0 days 08:00:00,0 days 08:00:00,2017-08-17T00:00:00Z,2022-12-31T23:59:59Z,2023-01-01T00:00:00Z,2023-12-31T23:59:59Z,29589,8759,False,0.5566217825633564,0.5717875448687505,0.5469900281662983,0.6891597635507656,0.24800438595252972,0.5454960611942002,0.000942970243506154,8759.0,0.512729763671652,0.44251626898047725,0.5574837310195228,0.0009883503997646192,-0.0009069486408729754,0.11839251056056628,0.20379038703048294,0.0015819168256175058,-0.0015345330993055144,0.0172394108916543,0.054686608060280854,0.0047769551129346,-0.0030033225147535814,0.0019408608288617422,0.006964265327092134,0.015036446846390853,0.00011696900559773585,0.00011416828405069072,0.0019408608288617422,0.015120714285714376,0.008593205719337756,ROBUST CANDIDATE
7f86160bcefc853097b2,3.3.0,73026dd08db19c83059c57c75b65bcebf077280cee941bdcbc1155cb400f6517,BTC_USDT_1h_8h_crypto_core_v1+crypto_context_proxy_v1_macro_proxy_1.0.0,crypto_core_v1+crypto_context_proxy_v1,hist_gradient_boosting,wf_2023,validation,BTC/USDT,1h,8h,42,train_only_standard_scaler_v1,btc_usdt_return_1|btc_usdt_log_return_1|btc_usdt_return_3|btc_usdt_log_return_3|btc_usdt_return_6|btc_usdt_log_return_6|btc_usdt_return_12|btc_usdt_log_return_12|btc_usdt_return_24|btc_usdt_log_return_24|btc_usdt_momentum_6|btc_usdt_momentum_12|btc_usdt_momentum_24|btc_usdt_sma_distance_20|btc_usdt_ema_distance_20|btc_usdt_sma_distance_50|btc_usdt_ema_distance_50|btc_usdt_rsi_14|btc_usdt_realized_vol_12|btc_usdt_range_12|btc_usdt_realized_vol_24|btc_usdt_range_24|btc_usdt_realized_vol_48|btc_usdt_range_48|btc_usdt_relative_volume_24|btc_usdt_range_position_20|btc_usdt_breakout_distance_20|btc_usdt_range_position_55|btc_usdt_breakout_distance_55|macro_es_f_proxy_value|macro_es_f_proxy_return_1|macro_nq_f_proxy_value|macro_nq_f_proxy_return_1|macro_vix_proxy_value|macro_vix_proxy_return_1|macro_urth_proxy_value|macro_urth_proxy_return_1,direction_raw_v1,0 days 08:00:00,0 days 08:00:00,2017-08-17T00:00:00Z,2022-12-31T23:59:59Z,2023-01-01T00:00:00Z,2023-12-31T23:59:59Z,29589,8759,False,0.5531945125281281,0.5545538130633466,0.5386774799207913,0.6919569161727418,0.2493410865249565,0.5364767667541956,0.000942970243506154,8759.0,0.512729763671652,0.414545039388058,0.585454960611942,0.001105770332353765,-0.0008276958436220519,0.18632263957072726,0.3240095901358603,0.0011375430728551008,-0.0007902348460049801,0.059595844274460553,0.13300605091905468,0.0007709640954309858,0.00016732543711440494,0.010503482132663547,0.038703048293184154,0.001232857858041031,0.0011811191462425198,0.0013700194086082886,0.0071926018951935155,0.0016609938749769237,-0.0008894583048879807,ROBUST CANDIDATE
b406cb2bdfd082c53fc4,3.3.0,73026dd08db19c83059c57c75b65bcebf077280cee941bdcbc1155cb400f6517,BTC_USDT_1h_8h_crypto_core_v1+crypto_context_proxy_v1_macro_proxy_1.0.0,crypto_core_v1+crypto_context_proxy_v1,random_forest,wf_2023,validation,BTC/USDT,1h,8h,42,train_only_standard_scaler_v1,btc_usdt_return_1|btc_usdt_log_return_1|btc_usdt_return_3|btc_usdt_log_return_3|btc_usdt_return_6|btc_usdt_log_return_6|btc_usdt_return_12|btc_usdt_log_return_12|btc_usdt_return_24|btc_usdt_log_return_24|btc_usdt_momentum_6|btc_usdt_momentum_12|btc_usdt_momentum_24|btc_usdt_sma_distance_20|btc_usdt_ema_distance_20|btc_usdt_sma_distance_50|btc_usdt_ema_distance_50|btc_usdt_rsi_14|btc_usdt_realized_vol_12|btc_usdt_range_12|btc_usdt_realized_vol_24|btc_usdt_range_24|btc_usdt_realized_vol_48|btc_usdt_range_48|btc_usdt_relative_volume_24|btc_usdt_range_position_20|btc_usdt_breakout_distance_20|btc_usdt_range_position_55|btc_usdt_breakout_distance_55|macro_es_f_proxy_value|macro_es_f_proxy_return_1|macro_nq_f_proxy_value|macro_nq_f_proxy_return_1|macro_vix_proxy_value|macro_vix_proxy_return_1|macro_urth_proxy_value|macro_urth_proxy_return_1,direction_raw_v1,0 days 08:00:00,0 days 08:00:00,2017-08-17T00:00:00Z,2022-12-31T23:59:59Z,2023-01-01T00:00:00Z,2023-12-31T23:59:59Z,29589,8759,False,0.5542381232317806,0.5633614522974414,0.5364006937127406,0.6909514709763133,0.24889282121417558,0.5312250256878639,0.000942970243506154,8759.0,0.512729763671652,0.2976367165201507,0.7023632834798493,0.0012027312952521277,-0.0008328926976833721,0.0700993264071241,0.30540015983559765,0.002423782763970655,-0.0009108422412764755,0.011873501541271834,0.06062335883091677,0.001592306726529696,-0.0025787944619091747,0.0026258705331658866,0.006507592190889371,0.0026636286805837416,0.001627145407036256,0.0006850097043041443,0.0,-0.00035682802792785795,,ROBUST CANDIDATE
0e5a0eae2dd701c69289,3.3.0,73026dd08db19c83059c57c75b65bcebf077280cee941bdcbc1155cb400f6517,BTC_USDT_1h_8h_crypto_core_v1+crypto_context_proxy_v1_macro_proxy_1.0.0,crypto_core_v1+crypto_context_proxy_v1,logistic_regression,wf_2024,validation,BTC/USDT,1h,8h,42,train_only_standard_scaler_v1,btc_usdt_return_1|btc_usdt_log_return_1|btc_usdt_return_3|btc_usdt_log_return_3|btc_usdt_return_6|btc_usdt_log_return_6|btc_usdt_return_12|btc_usdt_log_return_12|btc_usdt_return_24|btc_usdt_log_return_24|btc_usdt_momentum_6|btc_usdt_momentum_12|btc_usdt_momentum_24|btc_usdt_sma_distance_20|btc_usdt_ema_distance_20|btc_usdt_sma_distance_50|btc_usdt_ema_distance_50|btc_usdt_rsi_14|btc_usdt_realized_vol_12|btc_usdt_range_12|btc_usdt_realized_vol_24|btc_usdt_range_24|btc_usdt_realized_vol_48|btc_usdt_range_48|btc_usdt_relative_volume_24|btc_usdt_range_position_20|btc_usdt_breakout_distance_20|btc_usdt_range_position_55|btc_usdt_breakout_distance_55|macro_es_f_proxy_value|macro_es_f_proxy_return_1|macro_nq_f_proxy_value|macro_nq_f_proxy_return_1|macro_vix_proxy_value|macro_vix_proxy_return_1|macro_urth_proxy_value|macro_urth_proxy_return_1,direction_raw_v1,0 days 08:00:00,0 days 08:00:00,2017-08-17T00:00:00Z,2023-12-31T23:59:59Z,2024-01-01T00:00:00Z,2024-12-31T23:59:59Z,38348,8784,False,0.5252673137209071,0.5604983542396305,0.5149412613322571,0.7034638132996808,0.25503523384236576,0.4973816029143898,0.0008427211848131914,8784.0,0.5347222222222222,0.24817850637522768,0.7518214936247724,0.0011781911902150066,-0.0007319815403892125,0.07058287795992714,0.4455828779599271,0.002480509523490823,-0.0008838157865559203,0.012864298724954462,0.1503870673952641,0.0047387328426408285,-0.0002319427335041251,0.0009107468123861566,0.02151639344262295,0.00828221916632052,0.0007864397368640445,0.0,0.001138433515482696,,0.004890061025525516,ROBUST CANDIDATE
a69f4c83235428d2e8ef,3.3.0,73026dd08db19c83059c57c75b65bcebf077280cee941bdcbc1155cb400f6517,BTC_USDT_1h_8h_crypto_core_v1+crypto_context_proxy_v1_macro_proxy_1.0.0,crypto_core_v1+crypto_context_proxy_v1,hist_gradient_boosting,wf_2024,validation,BTC/USDT,1h,8h,42,train_only_standard_scaler_v1,btc_usdt_return_1|btc_usdt_log_return_1|btc_usdt_return_3|btc_usdt_log_return_3|btc_usdt_return_6|btc_usdt_log_return_6|btc_usdt_return_12|btc_usdt_log_return_12|btc_usdt_return_24|btc_usdt_log_return_24|btc_usdt_momentum_6|btc_usdt_momentum_12|btc_usdt_momentum_24|btc_usdt_sma_distance_20|btc_usdt_ema_distance_20|btc_usdt_sma_distance_50|btc_usdt_ema_distance_50|btc_usdt_rsi_14|btc_usdt_realized_vol_12|btc_usdt_range_12|btc_usdt_realized_vol_24|btc_usdt_range_24|btc_usdt_realized_vol_48|btc_usdt_range_48|btc_usdt_relative_volume_24|btc_usdt_range_position_20|btc_usdt_breakout_distance_20|btc_usdt_range_position_55|btc_usdt_breakout_distance_55|macro_es_f_proxy_value|macro_es_f_proxy_return_1|macro_nq_f_proxy_value|macro_nq_f_proxy_return_1|macro_vix_proxy_value|macro_vix_proxy_return_1|macro_urth_proxy_value|macro_urth_proxy_return_1,direction_raw_v1,0 days 08:00:00,0 days 08:00:00,2017-08-17T00:00:00Z,2023-12-31T23:59:59Z,2024-01-01T00:00:00Z,2024-12-31T23:59:59Z,38348,8784,False,0.5546792852644673,0.5833113877116785,0.5383684091782942,0.6998698941911106,0.2531341664445147,0.5275500910746812,0.0008427211848131914,8784.0,0.5347222222222222,0.3468806921675774,0.6531193078324226,0.0015365880993997306,-0.0004741988754624534,0.18135245901639344,0.462431693989071,0.0015302609624568539,-0.0002755897668997515,0.06295537340619307,0.2645719489981785,0.0016249308170758127,5.734022879984119e-07,0.010473588342440802,0.09642531876138434,0.0052578896059614294,0.00044401191653671,0.0006830601092896175,0.012067395264116576,0.012015735614759401,-0.00034297889186085884,ROBUST CANDIDATE
44562942a0a7feb00206,3.3.0,73026dd08db19c83059c57c75b65bcebf077280cee941bdcbc1155cb400f6517,BTC_USDT_1h_8h_crypto_core_v1+crypto_context_proxy_v1_macro_proxy_1.0.0,crypto_core_v1+crypto_context_proxy_v1,random_forest,wf_2024,validation,BTC/USDT,1h,8h,42,train_only_standard_scaler_v1,btc_usdt_return_1|btc_usdt_log_return_1|btc_usdt_return_3|btc_usdt_log_return_3|btc_usdt_return_6|btc_usdt_log_return_6|btc_usdt_return_12|btc_usdt_log_return_12|btc_usdt_return_24|btc_usdt_log_return_24|btc_usdt_momentum_6|btc_usdt_momentum_12|btc_usdt_momentum_24|btc_usdt_sma_distance_20|btc_usdt_ema_distance_20|btc_usdt_sma_distance_50|btc_usdt_ema_distance_50|btc_usdt_rsi_14|btc_usdt_realized_vol_12|btc_usdt_range_12|btc_usdt_realized_vol_24|btc_usdt_range_24|btc_usdt_realized_vol_48|btc_usdt_range_48|btc_usdt_relative_volume_24|btc_usdt_range_position_20|btc_usdt_breakout_distance_20|btc_usdt_range_position_55|btc_usdt_breakout_distance_55|macro_es_f_proxy_value|macro_es_f_proxy_return_1|macro_nq_f_proxy_value|macro_nq_f_proxy_return_1|macro_vix_proxy_value|macro_vix_proxy_return_1|macro_urth_proxy_value|macro_urth_proxy_return_1,direction_raw_v1,0 days 08:00:00,0 days 08:00:00,2017-08-17T00:00:00Z,2023-12-31T23:59:59Z,2024-01-01T00:00:00Z,2024-12-31T23:59:59Z,38348,8784,False,0.5490248058527328,0.5739080995275696,0.5366381844238463,0.7044620720450395,0.2552640247217128,0.5278916211293261,0.0008427211848131914,8784.0,0.5347222222222222,0.37659380692167577,0.6234061930783242,0.0012897934913673,-0.0005726490171577877,0.17395264116575593,0.44216757741347906,0.0011442717914568207,-0.000709464231529309,0.03335610200364299,0.3013433515482696,0.0016272897228084028,-0.0005831851577763555,0.0014799635701275046,0.1493624772313297,0.0031953765376504174,9.498642695697256e-05,0.0,0.040300546448087435,,0.0005057029761817556,ROBUST CANDIDATE
9057478e5c9e5af8c817,3.3.0,73026dd08db19c83059c57c75b65bcebf077280cee941bdcbc1155cb400f6517,BTC_USDT_1h_12h_crypto_core_v1_no_macro_1.0.0,crypto_core_v1,logistic_regression,wf_2022,validation,BTC/USDT,1h,12h,42,train_only_standard_scaler_v1,btc_usdt_return_1|btc_usdt_log_return_1|btc_usdt_return_3|btc_usdt_log_return_3|btc_usdt_return_6|btc_usdt_log_return_6|btc_usdt_return_12|btc_usdt_log_return_12|btc_usdt_return_24|btc_usdt_log_return_24|btc_usdt_momentum_6|btc_usdt_momentum_12|btc_usdt_momentum_24|btc_usdt_sma_distance_20|btc_usdt_ema_distance_20|btc_usdt_sma_distance_50|btc_usdt_ema_distance_50|btc_usdt_rsi_14|btc_usdt_realized_vol_12|btc_usdt_range_12|btc_usdt_realized_vol_24|btc_usdt_range_24|btc_usdt_realized_vol_48|btc_usdt_range_48|btc_usdt_relative_volume_24|btc_usdt_range_position_20|btc_usdt_breakout_distance_20|btc_usdt_range_position_55|btc_usdt_breakout_distance_55,direction_raw_v1,0 days 12:00:00,0 days 12:00:00,2017-08-17T00:00:00Z,2021-12-31T23:59:59Z,2022-01-01T00:00:00Z,2022-12-31T23:59:59Z,38154,8760,False,0.5449992541350507,0.5087493549562444,0.5326588125945118,0.6911623944358447,0.24895301178220772,0.5305936073059361,-0.0011562891748861793,8760.0,0.46929223744292237,0.5316210045662101,0.46837899543378997,-0.0004431454993327138,0.001965723758618201,0.16267123287671234,0.12385844748858447,0.0003804091025871988,0.003394545723192424,0.04577625570776256,0.015753424657534248,0.0016025638698683134,0.010636650241041112,0.014726027397260274,0.0019406392694063927,-0.0034935856424434674,0.020262639164618484,0.0045662100456621,0.0,-0.017779179604420943,,ROBUST CANDIDATE
b9fece78e320b4e943d8,3.3.0,73026dd08db19c83059c57c75b65bcebf077280cee941bdcbc1155cb400f6517,BTC_USDT_1h_12h_crypto_core_v1_no_macro_1.0.0,crypto_core_v1,hist_gradient_boosting,wf_2022,validation,BTC/USDT,1h,12h,42,train_only_standard_scaler_v1,btc_usdt_return_1|btc_usdt_log_return_1|btc_usdt_return_3|btc_usdt_log_return_3|btc_usdt_return_6|btc_usdt_log_return_6|btc_usdt_return_12|btc_usdt_log_return_12|btc_usdt_return_24|btc_usdt_log_return_24|btc_usdt_momentum_6|btc_usdt_momentum_12|btc_usdt_momentum_24|btc_usdt_sma_distance_20|btc_usdt_ema_distance_20|btc_usdt_sma_distance_50|btc_usdt_ema_distance_50|btc_usdt_rsi_14|btc_usdt_realized_vol_12|btc_usdt_range_12|btc_usdt_realized_vol_24|btc_usdt_range_24|btc_usdt_realized_vol_48|btc_usdt_range_48|btc_usdt_relative_volume_24|btc_usdt_range_position_20|btc_usdt_breakout_distance_20|btc_usdt_range_position_55|btc_usdt_breakout_distance_55,direction_raw_v1,0 days 12:00:00,0 days 12:00:00,2017-08-17T00:00:00Z,2021-12-31T23:59:59Z,2022-01-01T00:00:00Z,2022-12-31T23:59:59Z,38154,8760,False,0.5190348345354465,0.48038275576907596,0.5156318224340166,0.7061033756856123,0.25611952582059244,0.5069634703196347,-0.0011562891748861793,8760.0,0.46929223744292237,0.6401826484018265,0.3598173515981735,-0.0013271310406873437,0.0008523294085749697,0.3754566210045662,0.13561643835616438,-0.001439573796647633,0.0014268718190230403,0.17751141552511415,0.04178082191780822,-0.0013826200959006214,0.0028092026458021576,0.06495433789954339,0.014269406392694063,-0.002636046201850704,0.0009759762877021476,0.020776255707762557,0.0046803652968036525,-0.0027922582918094257,-0.004403857141723127,ROBUST CANDIDATE
daf42eff7959bb2664c8,3.3.0,73026dd08db19c83059c57c75b65bcebf077280cee941bdcbc1155cb400f6517,BTC_USDT_1h_12h_crypto_core_v1_no_macro_1.0.0,crypto_core_v1,random_forest,wf_2022,validation,BTC/USDT,1h,12h,42,train_only_standard_scaler_v1,btc_usdt_return_1|btc_usdt_log_return_1|btc_usdt_return_3|btc_usdt_log_return_3|btc_usdt_return_6|btc_usdt_log_return_6|btc_usdt_return_12|btc_usdt_log_return_12|btc_usdt_return_24|btc_usdt_log_return_24|btc_usdt_momentum_6|btc_usdt_momentum_12|btc_usdt_momentum_24|btc_usdt_sma_distance_20|btc_usdt_ema_distance_20|btc_usdt_sma_distance_50|btc_usdt_ema_distance_50|btc_usdt_rsi_14|btc_usdt_realized_vol_12|btc_usdt_range_12|btc_usdt_realized_vol_24|btc_usdt_range_24|btc_usdt_realized_vol_48|btc_usdt_range_48|btc_usdt_relative_volume_24|btc_usdt_range_position_20|btc_usdt_breakout_distance_20|btc_usdt_range_position_55|btc_usdt_breakout_distance_55,direction_raw_v1,0 days 12:00:00,0 days 12:00:00,2017-08-17T00:00:00Z,2021-12-31T23:59:59Z,2022-01-01T00:00:00Z,2022-12-31T23:59:59Z,38154,8760,False,0.529095508857009,0.4880636302825689,0.5221146210511605,0.6978054453402763,0.25217265358281654,0.5207762557077625,-0.0011562891748861793,8760.0,0.46929223744292237,0.5204337899543379,0.4795662100456621,-0.0010112157748368906,0.0013137254116928217,0.2773972602739726,0.20993150684931508,-0.0015591326397015157,0.001210145830051708,0.09200913242009133,0.05582191780821918,-0.0017573762413529345,0.0016985041033814837,0.018378995433789954,0.016552511415525113,-0.003223080375692475,0.0015839310775848639,0.005479452054794521,0.006735159817351598,-0.0044274206314139156,0.0032789184371814404,ROBUST CANDIDATE
dbf8d71d9710635ab730,3.3.0,73026dd08db19c83059c57c75b65bcebf077280cee941bdcbc1155cb400f6517,BTC_USDT_1h_12h_crypto_core_v1_no_macro_1.0.0,crypto_core_v1,logistic_regression,wf_2023,validation,BTC/USDT,1h,12h,42,train_only_standard_scaler_v1,btc_usdt_return_1|btc_usdt_log_return_1|btc_usdt_return_3|btc_usdt_log_return_3|btc_usdt_return_6|btc_usdt_log_return_6|btc_usdt_return_12|btc_usdt_log_return_12|btc_usdt_return_24|btc_usdt_log_return_24|btc_usdt_momentum_6|btc_usdt_momentum_12|btc_usdt_momentum_24|btc_usdt_sma_distance_20|btc_usdt_ema_distance_20|btc_usdt_sma_distance_50|btc_usdt_ema_distance_50|btc_usdt_rsi_14|btc_usdt_realized_vol_12|btc_usdt_range_12|btc_usdt_realized_vol_24|btc_usdt_range_24|btc_usdt_realized_vol_48|btc_usdt_range_48|btc_usdt_relative_volume_24|btc_usdt_range_position_20|btc_usdt_breakout_distance_20|btc_usdt_range_position_55|btc_usdt_breakout_distance_55,direction_raw_v1,0 days 12:00:00,0 days 12:00:00,2017-08-17T00:00:00Z,2022-12-31T23:59:59Z,2023-01-01T00:00:00Z,2023-12-31T23:59:59Z,46914,8759,False,0.5566811247210803,0.5655297123291217,0.5408882671531032,0.6886065930737907,0.2477410024838234,0.5395593104235643,0.0014174688604865658,8759.0,0.5183240095901359,0.46523575750656465,0.5347642424934353,0.002135826848585539,-0.0007925096799777454,0.07112684096358032,0.07683525516611485,0.0049140832013455935,-0.0007489944446131877,0.013015184381778741,0.006050919054686608,0.008339882187392714,0.007237590320146204,0.0017125242607603608,0.0004566731362027629,0.014812408834363943,0.008935762821211779,0.0,0.0,,,ROBUST CANDIDATE
c74fde76c55728a27e0f,3.3.0,73026dd08db19c83059c57c75b65bcebf077280cee941bdcbc1155cb400f6517,BTC_USDT_1h_12h_crypto_core_v1_no_macro_1.0.0,crypto_core_v1,hist_gradient_boosting,wf_2023,validation,BTC/USDT,1h,12h,42,train_only_standard_scaler_v1,btc_usdt_return_1|btc_usdt_log_return_1|btc_usdt_return_3|btc_usdt_log_return_3|btc_usdt_return_6|btc_usdt_log_return_6|btc_usdt_return_12|btc_usdt_log_return_12|btc_usdt_return_24|btc_usdt_log_return_24|btc_usdt_momentum_6|btc_usdt_momentum_12|btc_usdt_momentum_24|btc_usdt_sma_distance_20|btc_usdt_ema_distance_20|btc_usdt_sma_distance_50|btc_usdt_ema_distance_50|btc_usdt_rsi_14|btc_usdt_realized_vol_12|btc_usdt_range_12|btc_usdt_realized_vol_24|btc_usdt_range_24|btc_usdt_realized_vol_48|btc_usdt_range_48|btc_usdt_relative_volume_24|btc_usdt_range_position_20|btc_usdt_breakout_distance_20|btc_usdt_range_position_55|btc_usdt_breakout_distance_55,direction_raw_v1,0 days 12:00:00,0 days 12:00:00,2017-08-17T00:00:00Z,2022-12-31T23:59:59Z,2023-01-01T00:00:00Z,2023-12-31T23:59:59Z,46914,8759,False,0.5326564691092216,0.5518799005049968,0.5220270843144031,0.6965719381120764,0.2515487384678452,0.5244890969288731,0.0014174688604865658,8759.0,0.5183240095901359,0.5679872131521864,0.4320127868478137,0.001665981260521201,-0.0010907381019843701,0.2874757392396392,0.20127868478136773,0.002066631409550457,-0.0018238923325025024,0.10389313848612855,0.08174449138029455,0.002503883538450219,-0.0024187871550323215,0.03824637515698139,0.035620504623815503,0.0027122017688491454,-0.001860783388352637,0.010389313848612856,0.01564105491494463,0.0036575392021618975,-0.002187877665002422,ROBUST CANDIDATE
c62ee71afccdfcd33215,3.3.0,73026dd08db19c83059c57c75b65bcebf077280cee941bdcbc1155cb400f6517,BTC_USDT_1h_12h_crypto_core_v1_no_macro_1.0.0,crypto_core_v1,random_forest,wf_2023,validation,BTC/USDT,1h,12h,42,train_only_standard_scaler_v1,btc_usdt_return_1|btc_usdt_log_return_1|btc_usdt_return_3|btc_usdt_log_return_3|btc_usdt_return_6|btc_usdt_log_return_6|btc_usdt_return_12|btc_usdt_log_return_12|btc_usdt_return_24|btc_usdt_log_return_24|btc_usdt_momentum_6|btc_usdt_momentum_12|btc_usdt_momentum_24|btc_usdt_sma_distance_20|btc_usdt_ema_distance_20|btc_usdt_sma_distance_50|btc_usdt_ema_distance_50|btc_usdt_rsi_14|btc_usdt_realized_vol_12|btc_usdt_range_12|btc_usdt_realized_vol_24|btc_usdt_range_24|btc_usdt_realized_vol_48|btc_usdt_range_48|btc_usdt_relative_volume_24|btc_usdt_range_position_20|btc_usdt_breakout_distance_20|btc_usdt_range_position_55|btc_usdt_breakout_distance_55,direction_raw_v1,0 days 12:00:00,0 days 12:00:00,2017-08-17T00:00:00Z,2022-12-31T23:59:59Z,2023-01-01T00:00:00Z,2023-12-31T23:59:59Z,46914,8759,False,0.5534470138757644,0.5648566978985528,0.5413802986907351,0.6900406152344586,0.2484127077399127,0.5409293298321726,0.0014174688604865658,8759.0,0.5183240095901359,0.48921109715720973,0.5107889028427903,0.001889717735348066,-0.0009651697034053126,0.19397191460212354,0.2435209498801233,0.0026656808708091615,-0.0011699998402263396,0.04817901586939148,0.07044183125927617,0.004612096147038686,-0.0019794597664700418,0.010960155268866309,0.018266925448110514,0.008401540674133354,0.0022492294297673235,0.0019408608288617422,0.004338394793926247,0.011932363701744227,0.004721715490858126,ROBUST CANDIDATE
fa270011610f59c16452,3.3.0,73026dd08db19c83059c57c75b65bcebf077280cee941bdcbc1155cb400f6517,BTC_USDT_1h_12h_crypto_core_v1_no_macro_1.0.0,crypto_core_v1,logistic_regression,wf_2024,validation,BTC/USDT,1h,12h,42,train_only_standard_scaler_v1,btc_usdt_return_1|btc_usdt_log_return_1|btc_usdt_return_3|btc_usdt_log_return_3|btc_usdt_return_6|btc_usdt_log_return_6|btc_usdt_return_12|btc_usdt_log_return_12|btc_usdt_return_24|btc_usdt_log_return_24|btc_usdt_momentum_6|btc_usdt_momentum_12|btc_usdt_momentum_24|btc_usdt_sma_distance_20|btc_usdt_ema_distance_20|btc_usdt_sma_distance_50|btc_usdt_ema_distance_50|btc_usdt_rsi_14|btc_usdt_realized_vol_12|btc_usdt_range_12|btc_usdt_realized_vol_24|btc_usdt_range_24|btc_usdt_realized_vol_48|btc_usdt_range_48|btc_usdt_relative_volume_24|btc_usdt_range_position_20|btc_usdt_breakout_distance_20|btc_usdt_range_position_55|btc_usdt_breakout_distance_55,direction_raw_v1,0 days 12:00:00,0 days 12:00:00,2017-08-17T00:00:00Z,2023-12-31T23:59:59Z,2024-01-01T00:00:00Z,2024-12-31T23:59:59Z,55673,8784,False,0.5332824503076958,0.5667934996633534,0.5338145977565616,0.6927725805454802,0.2498019073027399,0.530851548269581,0.0012614836883870998,8784.0,0.5329007285974499,0.45719489981785066,0.5428051001821493,0.0021129675566128737,-0.0005442942557539819,0.1096311475409836,0.13000910746812386,0.003123277137372689,-0.0007383570667062436,0.021402550091074682,0.015255009107468125,0.0029398060599175433,0.0011483420167676208,0.002959927140255009,0.0012522768670309653,0.009025229297798117,-0.010408858713167607,0.00034153005464480874,0.0,0.03366212003188355,,ROBUST CANDIDATE
1752abb59160dfc6188e,3.3.0,73026dd08db19c83059c57c75b65bcebf077280cee941bdcbc1155cb400f6517,BTC_USDT_1h_12h_crypto_core_v1_no_macro_1.0.0,crypto_core_v1,hist_gradient_boosting,wf_2024,validation,BTC/USDT,1h,12h,42,train_only_standard_scaler_v1,btc_usdt_return_1|btc_usdt_log_return_1|btc_usdt_return_3|btc_usdt_log_return_3|btc_usdt_return_6|btc_usdt_log_return_6|btc_usdt_return_12|btc_usdt_log_return_12|btc_usdt_return_24|btc_usdt_log_return_24|btc_usdt_momentum_6|btc_usdt_momentum_12|btc_usdt_momentum_24|btc_usdt_sma_distance_20|btc_usdt_ema_distance_20|btc_usdt_sma_distance_50|btc_usdt_ema_distance_50|btc_usdt_rsi_14|btc_usdt_realized_vol_12|btc_usdt_range_12|btc_usdt_realized_vol_24|btc_usdt_range_24|btc_usdt_realized_vol_48|btc_usdt_range_48|btc_usdt_relative_volume_24|btc_usdt_range_position_20|btc_usdt_breakout_distance_20|btc_usdt_range_position_55|btc_usdt_breakout_distance_55,direction_raw_v1,0 days 12:00:00,0 days 12:00:00,2017-08-17T00:00:00Z,2023-12-31T23:59:59Z,2024-01-01T00:00:00Z,2024-12-31T23:59:59Z,55673,8784,False,0.542882425690572,0.5688949921101967,0.5321640841682789,0.6906863961850295,0.24873826697214643,0.5381375227686703,0.0012614836883870998,8784.0,0.5329007285974499,0.592896174863388,0.40710382513661203,0.0019700008686854165,-0.0002296163855365319,0.2773224043715847,0.13968579234972678,0.0022015575248157137,0.0001856514505722531,0.07206284153005464,0.025842440801457194,0.0012588236139068787,-0.0006528391372322462,0.012181238615664846,0.005236794171220401,0.0029402899521077286,-0.0033246884623051947,0.004326047358834244,0.0004553734061930783,0.004694339656684769,-0.014910562669557481,ROBUST CANDIDATE
c6c4ee1220165da4a2a2,3.3.0,73026dd08db19c83059c57c75b65bcebf077280cee941bdcbc1155cb400f6517,BTC_USDT_1h_12h_crypto_core_v1_no_macro_1.0.0,crypto_core_v1,random_forest,wf_2024,validation,BTC/USDT,1h,12h,42,train_only_standard_scaler_v1,btc_usdt_return_1|btc_usdt_log_return_1|btc_usdt_return_3|btc_usdt_log_return_3|btc_usdt_return_6|btc_usdt_log_return_6|btc_usdt_return_12|btc_usdt_log_return_12|btc_usdt_return_24|btc_usdt_log_return_24|btc_usdt_momentum_6|btc_usdt_momentum_12|btc_usdt_momentum_24|btc_usdt_sma_distance_20|btc_usdt_ema_distance_20|btc_usdt_sma_distance_50|btc_usdt_ema_distance_50|btc_usdt_rsi_14|btc_usdt_realized_vol_12|btc_usdt_range_12|btc_usdt_realized_vol_24|btc_usdt_range_24|btc_usdt_realized_vol_48|btc_usdt_range_48|btc_usdt_relative_volume_24|btc_usdt_range_position_20|btc_usdt_breakout_distance_20|btc_usdt_range_position_55|btc_usdt_breakout_distance_55,direction_raw_v1,0 days 12:00:00,0 days 12:00:00,2017-08-17T00:00:00Z,2023-12-31T23:59:59Z,2024-01-01T00:00:00Z,2024-12-31T23:59:59Z,55673,8784,False,0.5519801138625282,0.5736253424911062,0.5421323792080481,0.690907124072655,0.2488129036151415,0.5409836065573771,0.0012614836883870998,8784.0,0.5329007285974499,0.4853142076502732,0.5146857923497268,0.0023581802532790627,-0.00022737232892361016,0.17941712204007285,0.21152094717668488,0.002502976432770743,0.0003056455705710862,0.03938979963570127,0.031079234972677595,0.0033579593264710323,-0.00018464635379991645,0.007741347905282332,0.004553734061930784,-0.001546268577938742,-0.0073048681993367615,0.002276867030965392,0.0018214936247723133,0.0042842435294063565,-0.01171400838644087,ROBUST CANDIDATE
8202b8dd87701c9b22a9,3.3.0,73026dd08db19c83059c57c75b65bcebf077280cee941bdcbc1155cb400f6517,BTC_USDT_1h_12h_crypto_core_v1+crypto_context_proxy_v1_macro_proxy_1.0.0,crypto_core_v1+crypto_context_proxy_v1,logistic_regression,wf_2022,validation,BTC/USDT,1h,12h,42,train_only_standard_scaler_v1,btc_usdt_return_1|btc_usdt_log_return_1|btc_usdt_return_3|btc_usdt_log_return_3|btc_usdt_return_6|btc_usdt_log_return_6|btc_usdt_return_12|btc_usdt_log_return_12|btc_usdt_return_24|btc_usdt_log_return_24|btc_usdt_momentum_6|btc_usdt_momentum_12|btc_usdt_momentum_24|btc_usdt_sma_distance_20|btc_usdt_ema_distance_20|btc_usdt_sma_distance_50|btc_usdt_ema_distance_50|btc_usdt_rsi_14|btc_usdt_realized_vol_12|btc_usdt_range_12|btc_usdt_realized_vol_24|btc_usdt_range_24|btc_usdt_realized_vol_48|btc_usdt_range_48|btc_usdt_relative_volume_24|btc_usdt_range_position_20|btc_usdt_breakout_distance_20|btc_usdt_range_position_55|btc_usdt_breakout_distance_55|macro_es_f_proxy_value|macro_es_f_proxy_return_1|macro_nq_f_proxy_value|macro_nq_f_proxy_return_1|macro_vix_proxy_value|macro_vix_proxy_return_1|macro_urth_proxy_value|macro_urth_proxy_return_1,direction_raw_v1,0 days 12:00:00,0 days 12:00:00,2017-08-17T00:00:00Z,2021-12-31T23:59:59Z,2022-01-01T00:00:00Z,2022-12-31T23:59:59Z,20825,8760,False,0.5317412757477107,0.4962141936798402,0.5123070856019077,0.7025863245799763,0.25434283889262205,0.5378995433789955,-0.0011562891748861793,8760.0,0.46929223744292237,0.08253424657534246,0.9174657534246575,0.0016535229465184692,0.0014090568946541972,0.027511415525114154,0.7912100456621004,0.0009360513396391812,0.0015099908661432716,0.008447488584474886,0.5465753424657535,-0.01217047336986716,0.00149033009833323,0.0027397260273972603,0.2273972602739726,-0.019402429827102562,0.00260058657585749,0.00022831050228310502,0.03892694063926941,-0.0677087258408195,0.004991000519332181,ROBUST CANDIDATE
c317b947f72aa57b3a20,3.3.0,73026dd08db19c83059c57c75b65bcebf077280cee941bdcbc1155cb400f6517,BTC_USDT_1h_12h_crypto_core_v1+crypto_context_proxy_v1_macro_proxy_1.0.0,crypto_core_v1+crypto_context_proxy_v1,hist_gradient_boosting,wf_2022,validation,BTC/USDT,1h,12h,42,train_only_standard_scaler_v1,btc_usdt_return_1|btc_usdt_log_return_1|btc_usdt_return_3|btc_usdt_log_return_3|btc_usdt_return_6|btc_usdt_log_return_6|btc_usdt_return_12|btc_usdt_log_return_12|btc_usdt_return_24|btc_usdt_log_return_24|btc_usdt_momentum_6|btc_usdt_momentum_12|btc_usdt_momentum_24|btc_usdt_sma_distance_20|btc_usdt_ema_distance_20|btc_usdt_sma_distance_50|btc_usdt_ema_distance_50|btc_usdt_rsi_14|btc_usdt_realized_vol_12|btc_usdt_range_12|btc_usdt_realized_vol_24|btc_usdt_range_24|btc_usdt_realized_vol_48|btc_usdt_range_48|btc_usdt_relative_volume_24|btc_usdt_range_position_20|btc_usdt_breakout_distance_20|btc_usdt_range_position_55|btc_usdt_breakout_distance_55|macro_es_f_proxy_value|macro_es_f_proxy_return_1|macro_nq_f_proxy_value|macro_nq_f_proxy_return_1|macro_vix_proxy_value|macro_vix_proxy_return_1|macro_urth_proxy_value|macro_urth_proxy_return_1,direction_raw_v1,0 days 12:00:00,0 days 12:00:00,2017-08-17T00:00:00Z,2021-12-31T23:59:59Z,2022-01-01T00:00:00Z,2022-12-31T23:59:59Z,20825,8760,False,0.5224883645329522,0.47950443357145117,0.5221733013416308,0.738372143788636,0.2704935912560104,0.5035388127853881,-0.0011562891748861793,8760.0,0.46929223744292237,0.802054794520548,0.19794520547945205,-0.0007816740910337609,0.002674193199769159,0.6772831050228311,0.11358447488584475,-0.0005913034620303465,0.003379646360383509,0.49897260273972605,0.0591324200913242,-0.0004650151506477384,0.004448773507975625,0.3204337899543379,0.025,-0.00020299572846346013,0.004794314874030582,0.1603881278538813,0.008333333333333333,-0.000561112699227364,0.00626161252270318,ROBUST CANDIDATE
6ba303b0ac275ee3c791,3.3.0,73026dd08db19c83059c57c75b65bcebf077280cee941bdcbc1155cb400f6517,BTC_USDT_1h_12h_crypto_core_v1+crypto_context_proxy_v1_macro_proxy_1.0.0,crypto_core_v1+crypto_context_proxy_v1,random_forest,wf_2022,validation,BTC/USDT,1h,12h,42,train_only_standard_scaler_v1,btc_usdt_return_1|btc_usdt_log_return_1|btc_usdt_return_3|btc_usdt_log_return_3|btc_usdt_return_6|btc_usdt_log_return_6|btc_usdt_return_12|btc_usdt_log_return_12|btc_usdt_return_24|btc_usdt_log_return_24|btc_usdt_momentum_6|btc_usdt_momentum_12|btc_usdt_momentum_24|btc_usdt_sma_distance_20|btc_usdt_ema_distance_20|btc_usdt_sma_distance_50|btc_usdt_ema_distance_50|btc_usdt_rsi_14|btc_usdt_realized_vol_12|btc_usdt_range_12|btc_usdt_realized_vol_24|btc_usdt_range_24|btc_usdt_realized_vol_48|btc_usdt_range_48|btc_usdt_relative_volume_24|btc_usdt_range_position_20|btc_usdt_breakout_distance_20|btc_usdt_range_position_55|btc_usdt_breakout_distance_55|macro_es_f_proxy_value|macro_es_f_proxy_return_1|macro_nq_f_proxy_value|macro_nq_f_proxy_return_1|macro_vix_proxy_value|macro_vix_proxy_return_1|macro_urth_proxy_value|macro_urth_proxy_return_1,direction_raw_v1,0 days 12:00:00,0 days 12:00:00,2017-08-17T00:00:00Z,2021-12-31T23:59:59Z,2022-01-01T00:00:00Z,2022-12-31T23:59:59Z,20825,8760,False,0.5260611910639152,0.47556544262508477,0.525243905163651,0.7161554562013512,0.2607648463603969,0.5073059360730594,-0.0011562891748861793,8760.0,0.46929223744292237,0.7905251141552512,0.20947488584474885,-0.0007363385023972547,0.0027411166446332097,0.5681506849315069,0.07705479452054795,-0.0006389061751406017,0.004740735911128676,0.3252283105022831,0.02317351598173516,-0.0016368058087233267,0.0062842484805200795,0.14657534246575343,0.007762557077625571,-0.003318440336772477,0.0014391107856221213,0.0410958904109589,0.00022831050228310502,-0.0055025708146765676,0.003228993854006046,ROBUST CANDIDATE
e56ee7bb6d7a7e4798e2,3.3.0,73026dd08db19c83059c57c75b65bcebf077280cee941bdcbc1155cb400f6517,BTC_USDT_1h_12h_crypto_core_v1+crypto_context_proxy_v1_macro_proxy_1.0.0,crypto_core_v1+crypto_context_proxy_v1,logistic_regression,wf_2023,validation,BTC/USDT,1h,12h,42,train_only_standard_scaler_v1,btc_usdt_return_1|btc_usdt_log_return_1|btc_usdt_return_3|btc_usdt_log_return_3|btc_usdt_return_6|btc_usdt_log_return_6|btc_usdt_return_12|btc_usdt_log_return_12|btc_usdt_return_24|btc_usdt_log_return_24|btc_usdt_momentum_6|btc_usdt_momentum_12|btc_usdt_momentum_24|btc_usdt_sma_distance_20|btc_usdt_ema_distance_20|btc_usdt_sma_distance_50|btc_usdt_ema_distance_50|btc_usdt_rsi_14|btc_usdt_realized_vol_12|btc_usdt_range_12|btc_usdt_realized_vol_24|btc_usdt_range_24|btc_usdt_realized_vol_48|btc_usdt_range_48|btc_usdt_relative_volume_24|btc_usdt_range_position_20|btc_usdt_breakout_distance_20|btc_usdt_range_position_55|btc_usdt_breakout_distance_55|macro_es_f_proxy_value|macro_es_f_proxy_return_1|macro_nq_f_proxy_value|macro_nq_f_proxy_return_1|macro_vix_proxy_value|macro_vix_proxy_return_1|macro_urth_proxy_value|macro_urth_proxy_return_1,direction_raw_v1,0 days 12:00:00,0 days 12:00:00,2017-08-17T00:00:00Z,2022-12-31T23:59:59Z,2023-01-01T00:00:00Z,2023-12-31T23:59:59Z,29585,8759,False,0.5453818106259392,0.5665103627513135,0.5387167397748595,0.6920542839954913,0.249427617479584,0.5370476081744492,0.0014174688604865658,8759.0,0.5183240095901359,0.455873958214408,0.544126041785592,0.0014509585557281439,-0.00138941087620213,0.13506108003196712,0.2263957072725197,0.0027090320289636237,-0.0026264266502776462,0.022034478821783308,0.07226852380408723,0.0069239559443289465,-0.003624720227673931,0.0022833656810138142,0.013471857517981505,0.0185325240211531,-0.006798326046736713,0.0,0.0017125242607603608,,0.004900124289159054,ROBUST CANDIDATE
97b45c6e667e5c58fcb8,3.3.0,73026dd08db19c83059c57c75b65bcebf077280cee941bdcbc1155cb400f6517,BTC_USDT_1h_12h_crypto_core_v1+crypto_context_proxy_v1_macro_proxy_1.0.0,crypto_core_v1+crypto_context_proxy_v1,hist_gradient_boosting,wf_2023,validation,BTC/USDT,1h,12h,42,train_only_standard_scaler_v1,btc_usdt_return_1|btc_usdt_log_return_1|btc_usdt_return_3|btc_usdt_log_return_3|btc_usdt_return_6|btc_usdt_log_return_6|btc_usdt_return_12|btc_usdt_log_return_12|btc_usdt_return_24|btc_usdt_log_return_24|btc_usdt_momentum_6|btc_usdt_momentum_12|btc_usdt_momentum_24|btc_usdt_sma_distance_20|btc_usdt_ema_distance_20|btc_usdt_sma_distance_50|btc_usdt_ema_distance_50|btc_usdt_rsi_14|btc_usdt_realized_vol_12|btc_usdt_range_12|btc_usdt_realized_vol_24|btc_usdt_range_24|btc_usdt_realized_vol_48|btc_usdt_range_48|btc_usdt_relative_volume_24|btc_usdt_range_position_20|btc_usdt_breakout_distance_20|btc_usdt_range_position_55|btc_usdt_breakout_distance_55|macro_es_f_proxy_value|macro_es_f_proxy_return_1|macro_nq_f_proxy_value|macro_nq_f_proxy_return_1|macro_vix_proxy_value|macro_vix_proxy_return_1|macro_urth_proxy_value|macro_urth_proxy_return_1,direction_raw_v1,0 days 12:00:00,0 days 12:00:00,2017-08-17T00:00:00Z,2022-12-31T23:59:59Z,2023-01-01T00:00:00Z,2023-12-31T23:59:59Z,29585,8759,False,0.5293643816049276,0.536743889689081,0.5110196635108848,0.7049816055660669,0.25549445231821133,0.5072496860372189,0.0014174688604865658,8759.0,0.5183240095901359,0.39753396506450506,0.6024660349354949,0.001125907932139726,-0.0016098537671577233,0.21817559082086996,0.3936522434067816,0.0010669369874381435,-0.0015683935751157308,0.09293298321726225,0.2153213837196027,0.001044482249871305,-0.0005044051358920971,0.0270578833200137,0.10138143623701336,-0.000263934600146394,-0.0006303524612731028,0.00627925562278799,0.03550633633976481,-0.002642225218005438,0.0015167139936397992,ROBUST CANDIDATE
1004fc00b47eb4177152,3.3.0,73026dd08db19c83059c57c75b65bcebf077280cee941bdcbc1155cb400f6517,BTC_USDT_1h_12h_crypto_core_v1+crypto_context_proxy_v1_macro_proxy_1.0.0,crypto_core_v1+crypto_context_proxy_v1,random_forest,wf_2023,validation,BTC/USDT,1h,12h,42,train_only_standard_scaler_v1,btc_usdt_return_1|btc_usdt_log_return_1|btc_usdt_return_3|btc_usdt_log_return_3|btc_usdt_return_6|btc_usdt_log_return_6|btc_usdt_return_12|btc_usdt_log_return_12|btc_usdt_return_24|btc_usdt_log_return_24|btc_usdt_momentum_6|btc_usdt_momentum_12|btc_usdt_momentum_24|btc_usdt_sma_distance_20|btc_usdt_ema_distance_20|btc_usdt_sma_distance_50|btc_usdt_ema_distance_50|btc_usdt_rsi_14|btc_usdt_realized_vol_12|btc_usdt_range_12|btc_usdt_realized_vol_24|btc_usdt_range_24|btc_usdt_realized_vol_48|btc_usdt_range_48|btc_usdt_relative_volume_24|btc_usdt_range_position_20|btc_usdt_breakout_distance_20|btc_usdt_range_position_55|btc_usdt_breakout_distance_55|macro_es_f_proxy_value|macro_es_f_proxy_return_1|macro_nq_f_proxy_value|macro_nq_f_proxy_return_1|macro_vix_proxy_value|macro_vix_proxy_return_1|macro_urth_proxy_value|macro_urth_proxy_return_1,direction_raw_v1,0 days 12:00:00,0 days 12:00:00,2017-08-17T00:00:00Z,2022-12-31T23:59:59Z,2023-01-01T00:00:00Z,2023-12-31T23:59:59Z,29585,8759,False,0.5577606234853238,0.5656263827818038,0.5335750376156532,0.6936388398991314,0.2501815597326483,0.5254024432012787,0.0014174688604865658,8759.0,0.5183240095901359,0.27822810823153327,0.7217718917684667,0.0021486070958633523,-0.0011356302208767543,0.06964265327092134,0.37823952505993835,0.003881417884898623,-0.0007030572452442226,0.010845986984815618,0.13334855577120677,0.004194719594733629,-0.0011126037386184823,0.00319671195341934,0.027400388172165772,0.0050173242309544674,-0.0016385881635346108,0.0004566731362027629,0.0018266925448110515,0.02339897225822274,0.000508592861983348,ROBUST CANDIDATE
4ea2fa01a5e1341f7e25,3.3.0,73026dd08db19c83059c57c75b65bcebf077280cee941bdcbc1155cb400f6517,BTC_USDT_1h_12h_crypto_core_v1+crypto_context_proxy_v1_macro_proxy_1.0.0,crypto_core_v1+crypto_context_proxy_v1,logistic_regression,wf_2024,validation,BTC/USDT,1h,12h,42,train_only_standard_scaler_v1,btc_usdt_return_1|btc_usdt_log_return_1|btc_usdt_return_3|btc_usdt_log_return_3|btc_usdt_return_6|btc_usdt_log_return_6|btc_usdt_return_12|btc_usdt_log_return_12|btc_usdt_return_24|btc_usdt_log_return_24|btc_usdt_momentum_6|btc_usdt_momentum_12|btc_usdt_momentum_24|btc_usdt_sma_distance_20|btc_usdt_ema_distance_20|btc_usdt_sma_distance_50|btc_usdt_ema_distance_50|btc_usdt_rsi_14|btc_usdt_realized_vol_12|btc_usdt_range_12|btc_usdt_realized_vol_24|btc_usdt_range_24|btc_usdt_realized_vol_48|btc_usdt_range_48|btc_usdt_relative_volume_24|btc_usdt_range_position_20|btc_usdt_breakout_distance_20|btc_usdt_range_position_55|btc_usdt_breakout_distance_55|macro_es_f_proxy_value|macro_es_f_proxy_return_1|macro_nq_f_proxy_value|macro_nq_f_proxy_return_1|macro_vix_proxy_value|macro_vix_proxy_return_1|macro_urth_proxy_value|macro_urth_proxy_return_1,direction_raw_v1,0 days 12:00:00,0 days 12:00:00,2017-08-17T00:00:00Z,2023-12-31T23:59:59Z,2024-01-01T00:00:00Z,2024-12-31T23:59:59Z,38344,8784,False,0.520806337847219,0.5604907414129559,0.5198692939024769,0.7039828224644435,0.2552656270855321,0.5034153005464481,0.0012614836883870998,8784.0,0.5329007285974499,0.25125227686703094,0.748747723132969,0.0018203819465790513,-0.0010739379295563812,0.07342896174863388,0.43613387978142076,0.002837081332924416,-0.001249522674996724,0.012864298724954462,0.15551001821493624,0.0010894442852964659,-0.0007232550309262492,0.0007969034608378871,0.025387067395264116,0.00661934944852511,-0.002018631984650926,0.0,0.001138433515482696,,-0.010225406179622398,ROBUST CANDIDATE
0c2b259a2dda88cbd31a,3.3.0,73026dd08db19c83059c57c75b65bcebf077280cee941bdcbc1155cb400f6517,BTC_USDT_1h_12h_crypto_core_v1+crypto_context_proxy_v1_macro_proxy_1.0.0,crypto_core_v1+crypto_context_proxy_v1,hist_gradient_boosting,wf_2024,validation,BTC/USDT,1h,12h,42,train_only_standard_scaler_v1,btc_usdt_return_1|btc_usdt_log_return_1|btc_usdt_return_3|btc_usdt_log_return_3|btc_usdt_return_6|btc_usdt_log_return_6|btc_usdt_return_12|btc_usdt_log_return_12|btc_usdt_return_24|btc_usdt_log_return_24|btc_usdt_momentum_6|btc_usdt_momentum_12|btc_usdt_momentum_24|btc_usdt_sma_distance_20|btc_usdt_ema_distance_20|btc_usdt_sma_distance_50|btc_usdt_ema_distance_50|btc_usdt_rsi_14|btc_usdt_realized_vol_12|btc_usdt_range_12|btc_usdt_realized_vol_24|btc_usdt_range_24|btc_usdt_realized_vol_48|btc_usdt_range_48|btc_usdt_relative_volume_24|btc_usdt_range_position_20|btc_usdt_breakout_distance_20|btc_usdt_range_position_55|btc_usdt_breakout_distance_55|macro_es_f_proxy_value|macro_es_f_proxy_return_1|macro_nq_f_proxy_value|macro_nq_f_proxy_return_1|macro_vix_proxy_value|macro_vix_proxy_return_1|macro_urth_proxy_value|macro_urth_proxy_return_1,direction_raw_v1,0 days 12:00:00,0 days 12:00:00,2017-08-17T00:00:00Z,2023-12-31T23:59:59Z,2024-01-01T00:00:00Z,2024-12-31T23:59:59Z,38344,8784,False,0.5419878681523926,0.5689201035408119,0.5233092089338292,0.7183574378512939,0.26163102748773315,0.5110428051001822,0.0012614836883870998,8784.0,0.5329007285974499,0.3151183970856102,0.6848816029143898,0.0017505643424806743,-0.0010364545576472374,0.20685336976320584,0.5505464480874317,0.0015951956415878347,-0.0008982174765499664,0.1163479052823315,0.4049408014571949,0.0020521689726158894,-0.0007376719901078897,0.047244990892531875,0.24055100182149364,0.0033430363337694736,-0.0007283345735348769,0.01092896174863388,0.09528688524590163,0.003000913899021894,0.0007614593080294752,ROBUST CANDIDATE
4b2d77e51812033e6ce8,3.3.0,73026dd08db19c83059c57c75b65bcebf077280cee941bdcbc1155cb400f6517,BTC_USDT_1h_12h_crypto_core_v1+crypto_context_proxy_v1_macro_proxy_1.0.0,crypto_core_v1+crypto_context_proxy_v1,random_forest,wf_2024,validation,BTC/USDT,1h,12h,42,train_only_standard_scaler_v1,btc_usdt_return_1|btc_usdt_log_return_1|btc_usdt_return_3|btc_usdt_log_return_3|btc_usdt_return_6|btc_usdt_log_return_6|btc_usdt_return_12|btc_usdt_log_return_12|btc_usdt_return_24|btc_usdt_log_return_24|btc_usdt_momentum_6|btc_usdt_momentum_12|btc_usdt_momentum_24|btc_usdt_sma_distance_20|btc_usdt_ema_distance_20|btc_usdt_sma_distance_50|btc_usdt_ema_distance_50|btc_usdt_rsi_14|btc_usdt_realized_vol_12|btc_usdt_range_12|btc_usdt_realized_vol_24|btc_usdt_range_24|btc_usdt_realized_vol_48|btc_usdt_range_48|btc_usdt_relative_volume_24|btc_usdt_range_position_20|btc_usdt_breakout_distance_20|btc_usdt_range_position_55|btc_usdt_breakout_distance_55|macro_es_f_proxy_value|macro_es_f_proxy_return_1|macro_nq_f_proxy_value|macro_nq_f_proxy_return_1|macro_vix_proxy_value|macro_vix_proxy_return_1|macro_urth_proxy_value|macro_urth_proxy_return_1,direction_raw_v1,0 days 12:00:00,0 days 12:00:00,2017-08-17T00:00:00Z,2023-12-31T23:59:59Z,2024-01-01T00:00:00Z,2024-12-31T23:59:59Z,38344,8784,False,0.5421715854141043,0.5730261113149206,0.5287794379121304,0.7079708623777239,0.25702522266013444,0.5162795992714025,0.0012614836883870998,8784.0,0.5329007285974499,0.31193078324225865,0.6880692167577414,0.0014995791393334961,-0.0011535449829613677,0.15551001821493624,0.5251593806921676,0.001054155285124397,-0.001091767980543054,0.03494990892531876,0.337431693989071,0.0025379839196958123,-0.001093133394786894,0.0006830601092896175,0.14458105646630237,0.022662802878373873,-0.0003669228013461466,0.0,0.024020947176684883,,0.0019684269904100948,ROBUST CANDIDATE
228301fd151ec27b745e,3.3.0,73026dd08db19c83059c57c75b65bcebf077280cee941bdcbc1155cb400f6517,BTC_USDT_1h_24h_crypto_core_v1_no_macro_1.0.0,crypto_core_v1,logistic_regression,wf_2022,validation,BTC/USDT,1h,24h,42,train_only_standard_scaler_v1,btc_usdt_return_1|btc_usdt_log_return_1|btc_usdt_return_3|btc_usdt_log_return_3|btc_usdt_return_6|btc_usdt_log_return_6|btc_usdt_return_12|btc_usdt_log_return_12|btc_usdt_return_24|btc_usdt_log_return_24|btc_usdt_momentum_6|btc_usdt_momentum_12|btc_usdt_momentum_24|btc_usdt_sma_distance_20|btc_usdt_ema_distance_20|btc_usdt_sma_distance_50|btc_usdt_ema_distance_50|btc_usdt_rsi_14|btc_usdt_realized_vol_12|btc_usdt_range_12|btc_usdt_realized_vol_24|btc_usdt_range_24|btc_usdt_realized_vol_48|btc_usdt_range_48|btc_usdt_relative_volume_24|btc_usdt_range_position_20|btc_usdt_breakout_distance_20|btc_usdt_range_position_55|btc_usdt_breakout_distance_55,direction_raw_v1,1 days 00:00:00,1 days 00:00:00,2017-08-17T00:00:00Z,2021-12-31T23:59:59Z,2022-01-01T00:00:00Z,2022-12-31T23:59:59Z,38142,8760,False,0.5285831247685946,0.48814151746798784,0.5192257222140091,0.6930272130274996,0.24991710988083457,0.5190639269406393,-0.0023088406224894597,8760.0,0.4686073059360731,0.5013698630136987,0.4986301369863014,-0.002079439470629727,0.0025395022202385317,0.07351598173515982,0.04246575342465753,0.0005517134978708752,0.00026795172570636045,0.012557077625570776,0.0,0.0016682011083021474,,0.0027397260273972603,0.0,-0.035743554608682025,,0.00034246575342465754,0.0,0.007075408096300362,,ROBUST CANDIDATE
b4b0dd5073c6024fe8e4,3.3.0,73026dd08db19c83059c57c75b65bcebf077280cee941bdcbc1155cb400f6517,BTC_USDT_1h_24h_crypto_core_v1_no_macro_1.0.0,crypto_core_v1,hist_gradient_boosting,wf_2022,validation,BTC/USDT,1h,24h,42,train_only_standard_scaler_v1,btc_usdt_return_1|btc_usdt_log_return_1|btc_usdt_return_3|btc_usdt_log_return_3|btc_usdt_return_6|btc_usdt_log_return_6|btc_usdt_return_12|btc_usdt_log_return_12|btc_usdt_return_24|btc_usdt_log_return_24|btc_usdt_momentum_6|btc_usdt_momentum_12|btc_usdt_momentum_24|btc_usdt_sma_distance_20|btc_usdt_ema_distance_20|btc_usdt_sma_distance_50|btc_usdt_ema_distance_50|btc_usdt_rsi_14|btc_usdt_realized_vol_12|btc_usdt_range_12|btc_usdt_realized_vol_24|btc_usdt_range_24|btc_usdt_realized_vol_48|btc_usdt_range_48|btc_usdt_relative_volume_24|btc_usdt_range_position_20|btc_usdt_breakout_distance_20|btc_usdt_range_position_55|btc_usdt_breakout_distance_55,direction_raw_v1,1 days 00:00:00,1 days 00:00:00,2017-08-17T00:00:00Z,2021-12-31T23:59:59Z,2022-01-01T00:00:00Z,2022-12-31T23:59:59Z,38142,8760,False,0.507397936288433,0.4727222392248538,0.5066452454435201,0.7121534825832994,0.2589790182904597,0.49292237442922376,-0.0023088406224894597,8760.0,0.4686073059360731,0.7181506849315068,0.28184931506849314,-0.00298427029978986,0.0005878490874968227,0.41404109589041094,0.10251141552511416,-0.003962107849443687,0.00015718491349796585,0.19657534246575342,0.039269406392694065,-0.0049175089052989965,0.0014343166347503275,0.08184931506849315,0.012785388127853882,-0.0033667766517748803,0.0055311871024436,0.03002283105022831,0.0038812785388127853,0.0008897170541244375,0.014985440763124048,ROBUST CANDIDATE
f39980cfd69bb8875ec1,3.3.0,73026dd08db19c83059c57c75b65bcebf077280cee941bdcbc1155cb400f6517,BTC_USDT_1h_24h_crypto_core_v1_no_macro_1.0.0,crypto_core_v1,random_forest,wf_2022,validation,BTC/USDT,1h,24h,42,train_only_standard_scaler_v1,btc_usdt_return_1|btc_usdt_log_return_1|btc_usdt_return_3|btc_usdt_log_return_3|btc_usdt_return_6|btc_usdt_log_return_6|btc_usdt_return_12|btc_usdt_log_return_12|btc_usdt_return_24|btc_usdt_log_return_24|btc_usdt_momentum_6|btc_usdt_momentum_12|btc_usdt_momentum_24|btc_usdt_sma_distance_20|btc_usdt_ema_distance_20|btc_usdt_sma_distance_50|btc_usdt_ema_distance_50|btc_usdt_rsi_14|btc_usdt_realized_vol_12|btc_usdt_range_12|btc_usdt_realized_vol_24|btc_usdt_range_24|btc_usdt_realized_vol_48|btc_usdt_range_48|btc_usdt_relative_volume_24|btc_usdt_range_position_20|btc_usdt_breakout_distance_20|btc_usdt_range_position_55|btc_usdt_breakout_distance_55,direction_raw_v1,1 days 00:00:00,1 days 00:00:00,2017-08-17T00:00:00Z,2021-12-31T23:59:59Z,2022-01-01T00:00:00Z,2022-12-31T23:59:59Z,38142,8760,False,0.5190154784909027,0.4795417421947815,0.5197360898330741,0.7000938828249264,0.25323560895706926,0.5191780821917809,-0.0023088406224894597,8760.0,0.4686073059360731,0.507648401826484,0.492351598173516,-0.0026306079627719955,0.0019770763372503135,0.2606164383561644,0.15570776255707763,-0.004000632363613821,0.0006028209961967157,0.0865296803652968,0.03207762557077626,-0.005220692564157236,0.002233435336063675,0.021461187214611873,0.010730593607305937,-0.002101758827041921,0.0017250682945290524,0.007990867579908675,0.005136986301369863,-0.0040063324788301114,0.002045219299852066,ROBUST CANDIDATE
56ec3be96d475bddddf4,3.3.0,73026dd08db19c83059c57c75b65bcebf077280cee941bdcbc1155cb400f6517,BTC_USDT_1h_24h_crypto_core_v1_no_macro_1.0.0,crypto_core_v1,logistic_regression,wf_2023,validation,BTC/USDT,1h,24h,42,train_only_standard_scaler_v1,btc_usdt_return_1|btc_usdt_log_return_1|btc_usdt_return_3|btc_usdt_log_return_3|btc_usdt_return_6|btc_usdt_log_return_6|btc_usdt_return_12|btc_usdt_log_return_12|btc_usdt_return_24|btc_usdt_log_return_24|btc_usdt_momentum_6|btc_usdt_momentum_12|btc_usdt_momentum_24|btc_usdt_sma_distance_20|btc_usdt_ema_distance_20|btc_usdt_sma_distance_50|btc_usdt_ema_distance_50|btc_usdt_rsi_14|btc_usdt_realized_vol_12|btc_usdt_range_12|btc_usdt_realized_vol_24|btc_usdt_range_24|btc_usdt_realized_vol_48|btc_usdt_range_48|btc_usdt_relative_volume_24|btc_usdt_range_position_20|btc_usdt_breakout_distance_20|btc_usdt_range_position_55|btc_usdt_breakout_distance_55,direction_raw_v1,1 days 00:00:00,1 days 00:00:00,2017-08-17T00:00:00Z,2022-12-31T23:59:59Z,2023-01-01T00:00:00Z,2023-12-31T23:59:59Z,46902,8759,False,0.5436618105257873,0.5710648426771137,0.5404342235038055,0.6915040393997361,0.24917878657208228,0.5349925790615367,0.002874054585371239,8759.0,0.5274574723141912,0.4031282109829889,0.5968717890170111,0.0022449908333970437,-0.003298925302322441,0.00787761159949766,0.027628724740267153,0.011518285232576732,-0.004041549358477088,0.00022833656810138144,0.00011416828405069072,0.01880803894174654,-0.0004631605493907731,0.0,0.0,,,0.0,0.0,,,ROBUST CANDIDATE
0ccb28ca6d57b38929eb,3.3.0,73026dd08db19c83059c57c75b65bcebf077280cee941bdcbc1155cb400f6517,BTC_USDT_1h_24h_crypto_core_v1_no_macro_1.0.0,crypto_core_v1,hist_gradient_boosting,wf_2023,validation,BTC/USDT,1h,24h,42,train_only_standard_scaler_v1,btc_usdt_return_1|btc_usdt_log_return_1|btc_usdt_return_3|btc_usdt_log_return_3|btc_usdt_return_6|btc_usdt_log_return_6|btc_usdt_return_12|btc_usdt_log_return_12|btc_usdt_return_24|btc_usdt_log_return_24|btc_usdt_momentum_6|btc_usdt_momentum_12|btc_usdt_momentum_24|btc_usdt_sma_distance_20|btc_usdt_ema_distance_20|btc_usdt_sma_distance_50|btc_usdt_ema_distance_50|btc_usdt_rsi_14|btc_usdt_realized_vol_12|btc_usdt_range_12|btc_usdt_realized_vol_24|btc_usdt_range_24|btc_usdt_realized_vol_48|btc_usdt_range_48|btc_usdt_relative_volume_24|btc_usdt_range_position_20|btc_usdt_breakout_distance_20|btc_usdt_range_position_55|btc_usdt_breakout_distance_55,direction_raw_v1,1 days 00:00:00,1 days 00:00:00,2017-08-17T00:00:00Z,2022-12-31T23:59:59Z,2023-01-01T00:00:00Z,2023-12-31T23:59:59Z,46902,8759,False,0.5388848447195874,0.5626062126268727,0.5246542235247237,0.6959295698497864,0.2511499015125775,0.5288274917227994,0.002874054585371239,8759.0,0.5274574723141912,0.577349012444343,0.42265098755565705,0.0027363974264390393,-0.0030620967930211937,0.3046009818472428,0.19100353921680557,0.003201605773905939,-0.002797486084551762,0.12250256878639114,0.08220116451649731,0.0036416881683965906,-0.004270762472902533,0.04018723598584313,0.03733302888457587,0.0005395178207356352,-0.0049708003860165955,0.0172394108916543,0.01895193515241466,0.002749492158342034,-0.005761190320019197,ROBUST CANDIDATE
6a3b12a62cdf9f6b662e,3.3.0,73026dd08db19c83059c57c75b65bcebf077280cee941bdcbc1155cb400f6517,BTC_USDT_1h_24h_crypto_core_v1_no_macro_1.0.0,crypto_core_v1,random_forest,wf_2023,validation,BTC/USDT,1h,24h,42,train_only_standard_scaler_v1,btc_usdt_return_1|btc_usdt_log_return_1|btc_usdt_return_3|btc_usdt_log_return_3|btc_usdt_return_6|btc_usdt_log_return_6|btc_usdt_return_12|btc_usdt_log_return_12|btc_usdt_return_24|btc_usdt_log_return_24|btc_usdt_momentum_6|btc_usdt_momentum_12|btc_usdt_momentum_24|btc_usdt_sma_distance_20|btc_usdt_ema_distance_20|btc_usdt_sma_distance_50|btc_usdt_ema_distance_50|btc_usdt_rsi_14|btc_usdt_realized_vol_12|btc_usdt_range_12|btc_usdt_realized_vol_24|btc_usdt_range_24|btc_usdt_realized_vol_48|btc_usdt_range_48|btc_usdt_relative_volume_24|btc_usdt_range_position_20|btc_usdt_breakout_distance_20|btc_usdt_range_position_55|btc_usdt_breakout_distance_55,direction_raw_v1,1 days 00:00:00,1 days 00:00:00,2017-08-17T00:00:00Z,2022-12-31T23:59:59Z,2023-01-01T00:00:00Z,2023-12-31T23:59:59Z,46902,8759,False,0.5576855776904097,0.5814415411115516,0.548368046948622,0.6895366876557317,0.2481527049636579,0.5445827149217948,0.002874054585371239,8759.0,0.5274574723141912,0.43372531110857404,0.566274688891426,0.003080846533893122,-0.0027156669618965145,0.18175590820869963,0.1992236556684553,0.004178678597316181,-0.003773388056153706,0.044297294211668,0.04909236214179701,0.005736155316474667,-0.005270709160668742,0.008562621303801804,0.018381093732161204,0.007910177521896504,-0.002815459255765755,0.0011416828405069071,0.0041100582258248655,0.011523910013752348,0.004650727045522492,ROBUST CANDIDATE
b1038e16fca822b61d07,3.3.0,73026dd08db19c83059c57c75b65bcebf077280cee941bdcbc1155cb400f6517,BTC_USDT_1h_24h_crypto_core_v1_no_macro_1.0.0,crypto_core_v1,logistic_regression,wf_2024,validation,BTC/USDT,1h,24h,42,train_only_standard_scaler_v1,btc_usdt_return_1|btc_usdt_log_return_1|btc_usdt_return_3|btc_usdt_log_return_3|btc_usdt_return_6|btc_usdt_log_return_6|btc_usdt_return_12|btc_usdt_log_return_12|btc_usdt_return_24|btc_usdt_log_return_24|btc_usdt_momentum_6|btc_usdt_momentum_12|btc_usdt_momentum_24|btc_usdt_sma_distance_20|btc_usdt_ema_distance_20|btc_usdt_sma_distance_50|btc_usdt_ema_distance_50|btc_usdt_rsi_14|btc_usdt_realized_vol_12|btc_usdt_range_12|btc_usdt_realized_vol_24|btc_usdt_range_24|btc_usdt_realized_vol_48|btc_usdt_range_48|btc_usdt_relative_volume_24|btc_usdt_range_position_20|btc_usdt_breakout_distance_20|btc_usdt_range_position_55|btc_usdt_breakout_distance_55,direction_raw_v1,1 days 00:00:00,1 days 00:00:00,2017-08-17T00:00:00Z,2023-12-31T23:59:59Z,2024-01-01T00:00:00Z,2024-12-31T23:59:59Z,55661,8784,False,0.5403593353796877,0.5747058077693961,0.5283568830908848,0.6912135788643097,0.24903702566171235,0.5241347905282332,0.0025133823597573725,8784.0,0.5373406193078324,0.4455828779599271,0.5544171220400729,0.0028354936189361364,-0.002254502797452305,0.04587887067395264,0.06318306010928962,0.007199968884757936,0.0007156660990337003,0.0007969034608378871,0.00022768670309653916,0.07106953696879478,-0.03247488747074745,0.0,0.0,,,0.0,0.0,,,ROBUST CANDIDATE
b17165384cd66cf5079c,3.3.0,73026dd08db19c83059c57c75b65bcebf077280cee941bdcbc1155cb400f6517,BTC_USDT_1h_24h_crypto_core_v1_no_macro_1.0.0,crypto_core_v1,hist_gradient_boosting,wf_2024,validation,BTC/USDT,1h,24h,42,train_only_standard_scaler_v1,btc_usdt_return_1|btc_usdt_log_return_1|btc_usdt_return_3|btc_usdt_log_return_3|btc_usdt_return_6|btc_usdt_log_return_6|btc_usdt_return_12|btc_usdt_log_return_12|btc_usdt_return_24|btc_usdt_log_return_24|btc_usdt_momentum_6|btc_usdt_momentum_12|btc_usdt_momentum_24|btc_usdt_sma_distance_20|btc_usdt_ema_distance_20|btc_usdt_sma_distance_50|btc_usdt_ema_distance_50|btc_usdt_rsi_14|btc_usdt_realized_vol_12|btc_usdt_range_12|btc_usdt_realized_vol_24|btc_usdt_range_24|btc_usdt_realized_vol_48|btc_usdt_range_48|btc_usdt_relative_volume_24|btc_usdt_range_position_20|btc_usdt_breakout_distance_20|btc_usdt_range_position_55|btc_usdt_breakout_distance_55,direction_raw_v1,1 days 00:00:00,1 days 00:00:00,2017-08-17T00:00:00Z,2023-12-31T23:59:59Z,2024-01-01T00:00:00Z,2024-12-31T23:59:59Z,55661,8784,False,0.5220202397237421,0.5506846703826166,0.521081342586414,0.6947727166074611,0.2506892847685952,0.530851548269581,0.0025133823597573725,8784.0,0.5373406193078324,0.6323998178506375,0.36760018214936246,0.0025158790727366894,-0.0025090871474315432,0.32388433515482695,0.09551457194899818,0.0018059652497935392,-0.003152337278706849,0.11179417122040072,0.021971766848816028,0.003182871579058453,-0.0034063228257707866,0.019581056466302368,0.008652094717668488,0.0021427338112872214,-0.004947044415250369,0.0031876138433515485,0.0020491803278688526,-0.010867613487617786,-0.01315220392347004,ROBUST CANDIDATE
fecd6232a23c216b88e5,3.3.0,73026dd08db19c83059c57c75b65bcebf077280cee941bdcbc1155cb400f6517,BTC_USDT_1h_24h_crypto_core_v1_no_macro_1.0.0,crypto_core_v1,random_forest,wf_2024,validation,BTC/USDT,1h,24h,42,train_only_standard_scaler_v1,btc_usdt_return_1|btc_usdt_log_return_1|btc_usdt_return_3|btc_usdt_log_return_3|btc_usdt_return_6|btc_usdt_log_return_6|btc_usdt_return_12|btc_usdt_log_return_12|btc_usdt_return_24|btc_usdt_log_return_24|btc_usdt_momentum_6|btc_usdt_momentum_12|btc_usdt_momentum_24|btc_usdt_sma_distance_20|btc_usdt_ema_distance_20|btc_usdt_sma_distance_50|btc_usdt_ema_distance_50|btc_usdt_rsi_14|btc_usdt_realized_vol_12|btc_usdt_range_12|btc_usdt_realized_vol_24|btc_usdt_range_24|btc_usdt_realized_vol_48|btc_usdt_range_48|btc_usdt_relative_volume_24|btc_usdt_range_position_20|btc_usdt_breakout_distance_20|btc_usdt_range_position_55|btc_usdt_breakout_distance_55,direction_raw_v1,1 days 00:00:00,1 days 00:00:00,2017-08-17T00:00:00Z,2023-12-31T23:59:59Z,2024-01-01T00:00:00Z,2024-12-31T23:59:59Z,55661,8784,False,0.5299841310222875,0.5542734292606932,0.5229897904711064,0.6945737381192403,0.2506322284436656,0.5212887067395264,0.0025133823597573725,8784.0,0.5373406193078324,0.47893897996357016,0.5210610200364298,0.00231571266367217,-0.0026950726397290685,0.21322859744990894,0.18465391621129326,0.0021048980502744634,-0.002336805632998392,0.03847905282331512,0.021061020036429873,0.0017451809573101414,-0.0011810044749831314,0.005009107468123861,0.0053506375227686705,0.0032898075268301586,-0.011220301660279684,0.0009107468123861566,0.0020491803278688526,0.0024026709154921083,-0.014217741374733719,ROBUST CANDIDATE
36bbc602149cec25162b,3.3.0,73026dd08db19c83059c57c75b65bcebf077280cee941bdcbc1155cb400f6517,BTC_USDT_1h_24h_crypto_core_v1+crypto_context_proxy_v1_macro_proxy_1.0.0,crypto_core_v1+crypto_context_proxy_v1,logistic_regression,wf_2022,validation,BTC/USDT,1h,24h,42,train_only_standard_scaler_v1,btc_usdt_return_1|btc_usdt_log_return_1|btc_usdt_return_3|btc_usdt_log_return_3|btc_usdt_return_6|btc_usdt_log_return_6|btc_usdt_return_12|btc_usdt_log_return_12|btc_usdt_return_24|btc_usdt_log_return_24|btc_usdt_momentum_6|btc_usdt_momentum_12|btc_usdt_momentum_24|btc_usdt_sma_distance_20|btc_usdt_ema_distance_20|btc_usdt_sma_distance_50|btc_usdt_ema_distance_50|btc_usdt_rsi_14|btc_usdt_realized_vol_12|btc_usdt_range_12|btc_usdt_realized_vol_24|btc_usdt_range_24|btc_usdt_realized_vol_48|btc_usdt_range_48|btc_usdt_relative_volume_24|btc_usdt_range_position_20|btc_usdt_breakout_distance_20|btc_usdt_range_position_55|btc_usdt_breakout_distance_55|macro_es_f_proxy_value|macro_es_f_proxy_return_1|macro_nq_f_proxy_value|macro_nq_f_proxy_return_1|macro_vix_proxy_value|macro_vix_proxy_return_1|macro_urth_proxy_value|macro_urth_proxy_return_1,direction_raw_v1,1 days 00:00:00,1 days 00:00:00,2017-08-17T00:00:00Z,2021-12-31T23:59:59Z,2022-01-01T00:00:00Z,2022-12-31T23:59:59Z,20813,8760,False,0.5237058890483561,0.4847000226228964,0.5030088270964518,0.7107085509733014,0.25810361807867543,0.5311643835616439,-0.0023088406224894597,8760.0,0.4686073059360731,0.05136986301369863,0.9486301369863014,-0.0003715598155578167,0.0024137475253918953,0.017351598173515982,0.8453196347031964,-0.00114619064400633,0.0025386022047652257,0.004223744292237443,0.6353881278538813,-0.014574915376662874,0.0025980906985767775,0.0013698630136986301,0.33835616438356164,0.004777420830297909,0.003055769767546759,0.0,0.08732876712328767,,0.005708607642739894,ROBUST CANDIDATE
b6189fe44aef4625d8a7,3.3.0,73026dd08db19c83059c57c75b65bcebf077280cee941bdcbc1155cb400f6517,BTC_USDT_1h_24h_crypto_core_v1+crypto_context_proxy_v1_macro_proxy_1.0.0,crypto_core_v1+crypto_context_proxy_v1,hist_gradient_boosting,wf_2022,validation,BTC/USDT,1h,24h,42,train_only_standard_scaler_v1,btc_usdt_return_1|btc_usdt_log_return_1|btc_usdt_return_3|btc_usdt_log_return_3|btc_usdt_return_6|btc_usdt_log_return_6|btc_usdt_return_12|btc_usdt_log_return_12|btc_usdt_return_24|btc_usdt_log_return_24|btc_usdt_momentum_6|btc_usdt_momentum_12|btc_usdt_momentum_24|btc_usdt_sma_distance_20|btc_usdt_ema_distance_20|btc_usdt_sma_distance_50|btc_usdt_ema_distance_50|btc_usdt_rsi_14|btc_usdt_realized_vol_12|btc_usdt_range_12|btc_usdt_realized_vol_24|btc_usdt_range_24|btc_usdt_realized_vol_48|btc_usdt_range_48|btc_usdt_relative_volume_24|btc_usdt_range_position_20|btc_usdt_breakout_distance_20|btc_usdt_range_position_55|btc_usdt_breakout_distance_55|macro_es_f_proxy_value|macro_es_f_proxy_return_1|macro_nq_f_proxy_value|macro_nq_f_proxy_return_1|macro_vix_proxy_value|macro_vix_proxy_return_1|macro_urth_proxy_value|macro_urth_proxy_return_1,direction_raw_v1,1 days 00:00:00,1 days 00:00:00,2017-08-17T00:00:00Z,2021-12-31T23:59:59Z,2022-01-01T00:00:00Z,2022-12-31T23:59:59Z,20813,8760,False,0.5368603429576202,0.495767327358401,0.5094716955953482,0.7793374841014387,0.28733534611611716,0.4853881278538813,-0.0023088406224894597,8760.0,0.4686073059360731,0.8829908675799086,0.11700913242009132,-0.0018893088952287049,0.00547477029113525,0.8103881278538813,0.06244292237442922,-0.0017120827572592924,0.007479848136239324,0.7017123287671233,0.034018264840182645,-0.0015114905279952776,0.009910257590167247,0.5492009132420091,0.019406392694063926,-0.001033232867034068,0.012660521822572745,0.351027397260274,0.011757990867579908,-0.0006997024614148653,0.012735678116831729,ROBUST CANDIDATE
1252e7cb7ac6e317b08b,3.3.0,73026dd08db19c83059c57c75b65bcebf077280cee941bdcbc1155cb400f6517,BTC_USDT_1h_24h_crypto_core_v1+crypto_context_proxy_v1_macro_proxy_1.0.0,crypto_core_v1+crypto_context_proxy_v1,random_forest,wf_2022,validation,BTC/USDT,1h,24h,42,train_only_standard_scaler_v1,btc_usdt_return_1|btc_usdt_log_return_1|btc_usdt_return_3|btc_usdt_log_return_3|btc_usdt_return_6|btc_usdt_log_return_6|btc_usdt_return_12|btc_usdt_log_return_12|btc_usdt_return_24|btc_usdt_log_return_24|btc_usdt_momentum_6|btc_usdt_momentum_12|btc_usdt_momentum_24|btc_usdt_sma_distance_20|btc_usdt_ema_distance_20|btc_usdt_sma_distance_50|btc_usdt_ema_distance_50|btc_usdt_rsi_14|btc_usdt_realized_vol_12|btc_usdt_range_12|btc_usdt_realized_vol_24|btc_usdt_range_24|btc_usdt_realized_vol_48|btc_usdt_range_48|btc_usdt_relative_volume_24|btc_usdt_range_position_20|btc_usdt_breakout_distance_20|btc_usdt_range_position_55|btc_usdt_breakout_distance_55|macro_es_f_proxy_value|macro_es_f_proxy_return_1|macro_nq_f_proxy_value|macro_nq_f_proxy_return_1|macro_vix_proxy_value|macro_vix_proxy_return_1|macro_urth_proxy_value|macro_urth_proxy_return_1,direction_raw_v1,1 days 00:00:00,1 days 00:00:00,2017-08-17T00:00:00Z,2021-12-31T23:59:59Z,2022-01-01T00:00:00Z,2022-12-31T23:59:59Z,20813,8760,False,0.515101831488413,0.4753181712564998,0.5092099048735463,0.7365073664597935,0.2698508344098379,0.48755707762557077,-0.0023088406224894597,8760.0,0.4686073059360731,0.8442922374429224,0.15570776255707763,-0.0016817926986371218,0.00570887467293806,0.7126712328767123,0.06050228310502283,-0.0016195783995059181,0.006753777690824959,0.4823059360730594,0.023401826484018264,-0.0016048773788326957,0.008806690179831598,0.24360730593607305,0.009589041095890411,-0.003484712612369698,0.008233663973670428,0.1065068493150685,0.0028538812785388126,-0.004764619893616899,0.0197755421959741,ROBUST CANDIDATE
22c3e6055f81710a15ad,3.3.0,73026dd08db19c83059c57c75b65bcebf077280cee941bdcbc1155cb400f6517,BTC_USDT_1h_24h_crypto_core_v1+crypto_context_proxy_v1_macro_proxy_1.0.0,crypto_core_v1+crypto_context_proxy_v1,logistic_regression,wf_2023,validation,BTC/USDT,1h,24h,42,train_only_standard_scaler_v1,btc_usdt_return_1|btc_usdt_log_return_1|btc_usdt_return_3|btc_usdt_log_return_3|btc_usdt_return_6|btc_usdt_log_return_6|btc_usdt_return_12|btc_usdt_log_return_12|btc_usdt_return_24|btc_usdt_log_return_24|btc_usdt_momentum_6|btc_usdt_momentum_12|btc_usdt_momentum_24|btc_usdt_sma_distance_20|btc_usdt_ema_distance_20|btc_usdt_sma_distance_50|btc_usdt_ema_distance_50|btc_usdt_rsi_14|btc_usdt_realized_vol_12|btc_usdt_range_12|btc_usdt_realized_vol_24|btc_usdt_range_24|btc_usdt_realized_vol_48|btc_usdt_range_48|btc_usdt_relative_volume_24|btc_usdt_range_position_20|btc_usdt_breakout_distance_20|btc_usdt_range_position_55|btc_usdt_breakout_distance_55|macro_es_f_proxy_value|macro_es_f_proxy_return_1|macro_nq_f_proxy_value|macro_nq_f_proxy_return_1|macro_vix_proxy_value|macro_vix_proxy_return_1|macro_urth_proxy_value|macro_urth_proxy_return_1,direction_raw_v1,1 days 00:00:00,1 days 00:00:00,2017-08-17T00:00:00Z,2022-12-31T23:59:59Z,2023-01-01T00:00:00Z,2023-12-31T23:59:59Z,29573,8759,False,0.5344927199723044,0.58676651662891,0.5382934895498317,0.6990284418282924,0.2527451274798739,0.5347642424934353,0.002874054585371239,8759.0,0.5274574723141912,0.4378353693343989,0.5621646306656011,0.0033130407732363007,-0.002532155310297618,0.1181641739924649,0.24751683982189748,0.006959974435301036,-0.006415482685175566,0.006507592190889371,0.1069756821554972,0.014846486846059622,-0.010487083683535257,0.00011416828405069072,0.028998744148875443,0.002252424586264068,-0.01711301030971927,0.0,0.0030825436693686496,,-0.018895137353227617,ROBUST CANDIDATE
a04a2c344d3e139c2ef8,3.3.0,73026dd08db19c83059c57c75b65bcebf077280cee941bdcbc1155cb400f6517,BTC_USDT_1h_24h_crypto_core_v1+crypto_context_proxy_v1_macro_proxy_1.0.0,crypto_core_v1+crypto_context_proxy_v1,hist_gradient_boosting,wf_2023,validation,BTC/USDT,1h,24h,42,train_only_standard_scaler_v1,btc_usdt_return_1|btc_usdt_log_return_1|btc_usdt_return_3|btc_usdt_log_return_3|btc_usdt_return_6|btc_usdt_log_return_6|btc_usdt_return_12|btc_usdt_log_return_12|btc_usdt_return_24|btc_usdt_log_return_24|btc_usdt_momentum_6|btc_usdt_momentum_12|btc_usdt_momentum_24|btc_usdt_sma_distance_20|btc_usdt_ema_distance_20|btc_usdt_sma_distance_50|btc_usdt_ema_distance_50|btc_usdt_rsi_14|btc_usdt_realized_vol_12|btc_usdt_range_12|btc_usdt_realized_vol_24|btc_usdt_range_24|btc_usdt_realized_vol_48|btc_usdt_range_48|btc_usdt_relative_volume_24|btc_usdt_range_position_20|btc_usdt_breakout_distance_20|btc_usdt_range_position_55|btc_usdt_breakout_distance_55|macro_es_f_proxy_value|macro_es_f_proxy_return_1|macro_nq_f_proxy_value|macro_nq_f_proxy_return_1|macro_vix_proxy_value|macro_vix_proxy_return_1|macro_urth_proxy_value|macro_urth_proxy_return_1,direction_raw_v1,1 days 00:00:00,1 days 00:00:00,2017-08-17T00:00:00Z,2022-12-31T23:59:59Z,2023-01-01T00:00:00Z,2023-12-31T23:59:59Z,29573,8759,False,0.5435879957201533,0.551633962743405,0.5337652140080262,0.7243025947659439,0.26367376945600257,0.5200365338508962,0.002874054585371239,8759.0,0.5274574723141912,0.2518552346158237,0.7481447653841763,0.00325663648945449,-0.002745262325275458,0.13985614796209614,0.6117136659436009,0.0013568883598978059,-0.0027411878672129494,0.057883320013700196,0.41808425619362943,-0.0005865533892116714,-0.002663600461099873,0.015298550062792557,0.23963922822239983,-0.004596466605826565,-0.0015540108719353217,0.0021691973969631237,0.11062906724511931,-0.017123030511113035,-0.000573509086400845,ROBUST CANDIDATE
62b17bfbc7cbdbf265b8,3.3.0,73026dd08db19c83059c57c75b65bcebf077280cee941bdcbc1155cb400f6517,BTC_USDT_1h_24h_crypto_core_v1+crypto_context_proxy_v1_macro_proxy_1.0.0,crypto_core_v1+crypto_context_proxy_v1,random_forest,wf_2023,validation,BTC/USDT,1h,24h,42,train_only_standard_scaler_v1,btc_usdt_return_1|btc_usdt_log_return_1|btc_usdt_return_3|btc_usdt_log_return_3|btc_usdt_return_6|btc_usdt_log_return_6|btc_usdt_return_12|btc_usdt_log_return_12|btc_usdt_return_24|btc_usdt_log_return_24|btc_usdt_momentum_6|btc_usdt_momentum_12|btc_usdt_momentum_24|btc_usdt_sma_distance_20|btc_usdt_ema_distance_20|btc_usdt_sma_distance_50|btc_usdt_ema_distance_50|btc_usdt_rsi_14|btc_usdt_realized_vol_12|btc_usdt_range_12|btc_usdt_realized_vol_24|btc_usdt_range_24|btc_usdt_realized_vol_48|btc_usdt_range_48|btc_usdt_relative_volume_24|btc_usdt_range_position_20|btc_usdt_breakout_distance_20|btc_usdt_range_position_55|btc_usdt_breakout_distance_55|macro_es_f_proxy_value|macro_es_f_proxy_return_1|macro_nq_f_proxy_value|macro_nq_f_proxy_return_1|macro_vix_proxy_value|macro_vix_proxy_return_1|macro_urth_proxy_value|macro_urth_proxy_return_1,direction_raw_v1,1 days 00:00:00,1 days 00:00:00,2017-08-17T00:00:00Z,2022-12-31T23:59:59Z,2023-01-01T00:00:00Z,2023-12-31T23:59:59Z,29573,8759,False,0.5548165010474747,0.5623569731791455,0.5386674793355151,0.7020088064119647,0.254176081335089,0.5241465920767211,0.002874054585371239,8759.0,0.5274574723141912,0.23769836739353808,0.7623016326064619,0.002927195679723,-0.0028574843055389236,0.07809110629067245,0.5042813106519008,-0.0005509387228640912,-0.003066867786479318,0.013243520949880124,0.24295010845986983,-0.012386776365363101,-0.0025707226038230425,0.0019408608288617422,0.09852722913574609,-0.04057501306854349,0.00020555348577635965,0.0,0.02694371503596301,,0.004973487761917714,ROBUST CANDIDATE
3712345b2d4532fa316a,3.3.0,73026dd08db19c83059c57c75b65bcebf077280cee941bdcbc1155cb400f6517,BTC_USDT_1h_24h_crypto_core_v1+crypto_context_proxy_v1_macro_proxy_1.0.0,crypto_core_v1+crypto_context_proxy_v1,logistic_regression,wf_2024,validation,BTC/USDT,1h,24h,42,train_only_standard_scaler_v1,btc_usdt_return_1|btc_usdt_log_return_1|btc_usdt_return_3|btc_usdt_log_return_3|btc_usdt_return_6|btc_usdt_log_return_6|btc_usdt_return_12|btc_usdt_log_return_12|btc_usdt_return_24|btc_usdt_log_return_24|btc_usdt_momentum_6|btc_usdt_momentum_12|btc_usdt_momentum_24|btc_usdt_sma_distance_20|btc_usdt_ema_distance_20|btc_usdt_sma_distance_50|btc_usdt_ema_distance_50|btc_usdt_rsi_14|btc_usdt_realized_vol_12|btc_usdt_range_12|btc_usdt_realized_vol_24|btc_usdt_range_24|btc_usdt_realized_vol_48|btc_usdt_range_48|btc_usdt_relative_volume_24|btc_usdt_range_position_20|btc_usdt_breakout_distance_20|btc_usdt_range_position_55|btc_usdt_breakout_distance_55|macro_es_f_proxy_value|macro_es_f_proxy_return_1|macro_nq_f_proxy_value|macro_nq_f_proxy_return_1|macro_vix_proxy_value|macro_vix_proxy_return_1|macro_urth_proxy_value|macro_urth_proxy_return_1,direction_raw_v1,1 days 00:00:00,1 days 00:00:00,2017-08-17T00:00:00Z,2023-12-31T23:59:59Z,2024-01-01T00:00:00Z,2024-12-31T23:59:59Z,38332,8784,False,0.5299441979180568,0.5740082607788934,0.5248815561190444,0.7071573727454985,0.2567949760749736,0.5018214936247724,0.0025133823597573725,8784.0,0.5373406193078324,0.1930783242258652,0.8069216757741348,0.004441495332022638,-0.002052028014249206,0.030623861566484518,0.5183287795992714,0.004856027708156864,-0.0020983847214578557,0.0012522768670309653,0.21550546448087432,0.028675930480992262,-0.0035661621955270107,0.0,0.040983606557377046,,-0.005070909455484751,0.0,0.0006830601092896175,,-0.008389148811674222,ROBUST CANDIDATE
1335874c3a7c49635548,3.3.0,73026dd08db19c83059c57c75b65bcebf077280cee941bdcbc1155cb400f6517,BTC_USDT_1h_24h_crypto_core_v1+crypto_context_proxy_v1_macro_proxy_1.0.0,crypto_core_v1+crypto_context_proxy_v1,hist_gradient_boosting,wf_2024,validation,BTC/USDT,1h,24h,42,train_only_standard_scaler_v1,btc_usdt_return_1|btc_usdt_log_return_1|btc_usdt_return_3|btc_usdt_log_return_3|btc_usdt_return_6|btc_usdt_log_return_6|btc_usdt_return_12|btc_usdt_log_return_12|btc_usdt_return_24|btc_usdt_log_return_24|btc_usdt_momentum_6|btc_usdt_momentum_12|btc_usdt_momentum_24|btc_usdt_sma_distance_20|btc_usdt_ema_distance_20|btc_usdt_sma_distance_50|btc_usdt_ema_distance_50|btc_usdt_rsi_14|btc_usdt_realized_vol_12|btc_usdt_range_12|btc_usdt_realized_vol_24|btc_usdt_range_24|btc_usdt_realized_vol_48|btc_usdt_range_48|btc_usdt_relative_volume_24|btc_usdt_range_position_20|btc_usdt_breakout_distance_20|btc_usdt_range_position_55|btc_usdt_breakout_distance_55|macro_es_f_proxy_value|macro_es_f_proxy_return_1|macro_nq_f_proxy_value|macro_nq_f_proxy_return_1|macro_vix_proxy_value|macro_vix_proxy_return_1|macro_urth_proxy_value|macro_urth_proxy_return_1,direction_raw_v1,1 days 00:00:00,1 days 00:00:00,2017-08-17T00:00:00Z,2023-12-31T23:59:59Z,2024-01-01T00:00:00Z,2024-12-31T23:59:59Z,38332,8784,False,0.5557192181452689,0.5810887406115952,0.5248064860536501,0.7640241343830733,0.2807328271922704,0.5062613843351548,0.0025133823597573725,8784.0,0.5373406193078324,0.25352914389799636,0.7464708561020036,0.00253151037449805,-0.0025072254146868396,0.17008196721311475,0.6527777777777778,0.0032618682026903595,-0.0026613223563734635,0.09494535519125682,0.5784380692167578,0.00358800307355514,-0.0026951311921979432,0.042805100182149364,0.49146174863387976,0.0018450279076576575,-0.0025305182606846282,0.014458105646630236,0.3810336976320583,0.008009789795028638,-0.0020591136263361193,ROBUST CANDIDATE
f5cea4372a6f17001bf4,3.3.0,73026dd08db19c83059c57c75b65bcebf077280cee941bdcbc1155cb400f6517,BTC_USDT_1h_24h_crypto_core_v1+crypto_context_proxy_v1_macro_proxy_1.0.0,crypto_core_v1+crypto_context_proxy_v1,random_forest,wf_2024,validation,BTC/USDT,1h,24h,42,train_only_standard_scaler_v1,btc_usdt_return_1|btc_usdt_log_return_1|btc_usdt_return_3|btc_usdt_log_return_3|btc_usdt_return_6|btc_usdt_log_return_6|btc_usdt_return_12|btc_usdt_log_return_12|btc_usdt_return_24|btc_usdt_log_return_24|btc_usdt_momentum_6|btc_usdt_momentum_12|btc_usdt_momentum_24|btc_usdt_sma_distance_20|btc_usdt_ema_distance_20|btc_usdt_sma_distance_50|btc_usdt_ema_distance_50|btc_usdt_rsi_14|btc_usdt_realized_vol_12|btc_usdt_range_12|btc_usdt_realized_vol_24|btc_usdt_range_24|btc_usdt_realized_vol_48|btc_usdt_range_48|btc_usdt_relative_volume_24|btc_usdt_range_position_20|btc_usdt_breakout_distance_20|btc_usdt_range_position_55|btc_usdt_breakout_distance_55|macro_es_f_proxy_value|macro_es_f_proxy_return_1|macro_nq_f_proxy_value|macro_nq_f_proxy_return_1|macro_vix_proxy_value|macro_vix_proxy_return_1|macro_urth_proxy_value|macro_urth_proxy_return_1,direction_raw_v1,1 days 00:00:00,1 days 00:00:00,2017-08-17T00:00:00Z,2023-12-31T23:59:59Z,2024-01-01T00:00:00Z,2024-12-31T23:59:59Z,38332,8784,False,0.5500470230548511,0.5823398992152581,0.5255926364606966,0.7493594565005817,0.2748217802648473,0.5068306010928961,0.0025133823597573725,8784.0,0.5373406193078324,0.2506830601092896,0.7493169398907104,0.0027972630195940394,-0.002418410434360786,0.16256830601092895,0.6598360655737705,0.002641952339158318,-0.0026366020375052394,0.08219489981785064,0.5471311475409836,0.0051601956629178155,-0.0028300525201920817,0.023679417122040074,0.4206511839708561,0.009237888695255603,-0.003473036920966597,0.0012522768670309653,0.2830145719489982,0.012080536847762184,-0.0032270990257896705,ROBUST CANDIDATE
cbc7cdfa6da8e44faa7a,3.3.0,73026dd08db19c83059c57c75b65bcebf077280cee941bdcbc1155cb400f6517,BTC_USDT_1h_3d_crypto_core_v1_no_macro_1.0.0,crypto_core_v1,logistic_regression,wf_2022,validation,BTC/USDT,1h,3d,42,train_only_standard_scaler_v1,btc_usdt_return_1|btc_usdt_log_return_1|btc_usdt_return_3|btc_usdt_log_return_3|btc_usdt_return_6|btc_usdt_log_return_6|btc_usdt_return_12|btc_usdt_log_return_12|btc_usdt_return_24|btc_usdt_log_return_24|btc_usdt_momentum_6|btc_usdt_momentum_12|btc_usdt_momentum_24|btc_usdt_sma_distance_20|btc_usdt_ema_distance_20|btc_usdt_sma_distance_50|btc_usdt_ema_distance_50|btc_usdt_rsi_14|btc_usdt_realized_vol_12|btc_usdt_range_12|btc_usdt_realized_vol_24|btc_usdt_range_24|btc_usdt_realized_vol_48|btc_usdt_range_48|btc_usdt_relative_volume_24|btc_usdt_range_position_20|btc_usdt_breakout_distance_20|btc_usdt_range_position_55|btc_usdt_breakout_distance_55,direction_raw_v1,3 days 00:00:00,3 days 00:00:00,2017-08-17T00:00:00Z,2021-12-31T23:59:59Z,2022-01-01T00:00:00Z,2022-12-31T23:59:59Z,38094,8760,False,0.46242720110390323,0.42704870486791335,0.4665407416526791,0.6980098952219933,0.2524216665838376,0.4702054794520548,-0.006866674626530365,8760.0,0.4603881278538813,0.45639269406392696,0.5436073059360731,-0.009495045050463691,0.004659991519666561,0.03995433789954338,0.03732876712328767,-0.014402416333982279,0.011939132732130627,0.0014840182648401827,0.00022831050228310502,-0.026788281578905653,0.06349343330601442,0.0,0.0,,,0.0,0.0,,,MIXED
2ca69ecdc4f31bb646f6,3.3.0,73026dd08db19c83059c57c75b65bcebf077280cee941bdcbc1155cb400f6517,BTC_USDT_1h_3d_crypto_core_v1_no_macro_1.0.0,crypto_core_v1,hist_gradient_boosting,wf_2022,validation,BTC/USDT,1h,3d,42,train_only_standard_scaler_v1,btc_usdt_return_1|btc_usdt_log_return_1|btc_usdt_return_3|btc_usdt_log_return_3|btc_usdt_return_6|btc_usdt_log_return_6|btc_usdt_return_12|btc_usdt_log_return_12|btc_usdt_return_24|btc_usdt_log_return_24|btc_usdt_momentum_6|btc_usdt_momentum_12|btc_usdt_momentum_24|btc_usdt_sma_distance_20|btc_usdt_ema_distance_20|btc_usdt_sma_distance_50|btc_usdt_ema_distance_50|btc_usdt_rsi_14|btc_usdt_realized_vol_12|btc_usdt_range_12|btc_usdt_realized_vol_24|btc_usdt_range_24|btc_usdt_realized_vol_48|btc_usdt_range_48|btc_usdt_relative_volume_24|btc_usdt_range_position_20|btc_usdt_breakout_distance_20|btc_usdt_range_position_55|btc_usdt_breakout_distance_55,direction_raw_v1,3 days 00:00:00,3 days 00:00:00,2017-08-17T00:00:00Z,2021-12-31T23:59:59Z,2022-01-01T00:00:00Z,2022-12-31T23:59:59Z,38094,8760,False,0.48312053336575744,0.4620186013497919,0.4881882287921768,0.7303829449355342,0.2676053841861818,0.4712328767123288,-0.006866674626530365,8760.0,0.4603881278538813,0.7149543378995433,0.2850456621004566,-0.006969156265314431,0.006609629170501288,0.5036529680365297,0.1312785388127854,-0.007035475161735748,0.0020336188925961793,0.29292237442922375,0.056050228310502284,-0.00860979146201984,0.0028406838648130533,0.12009132420091324,0.025342465753424658,-0.006159730981014966,0.007127531953017425,0.048287671232876715,0.011187214611872146,-0.001467946396276225,0.008997739224979226,MIXED
61f711b2680144f2e849,3.3.0,73026dd08db19c83059c57c75b65bcebf077280cee941bdcbc1155cb400f6517,BTC_USDT_1h_3d_crypto_core_v1_no_macro_1.0.0,crypto_core_v1,random_forest,wf_2022,validation,BTC/USDT,1h,3d,42,train_only_standard_scaler_v1,btc_usdt_return_1|btc_usdt_log_return_1|btc_usdt_return_3|btc_usdt_log_return_3|btc_usdt_return_6|btc_usdt_log_return_6|btc_usdt_return_12|btc_usdt_log_return_12|btc_usdt_return_24|btc_usdt_log_return_24|btc_usdt_momentum_6|btc_usdt_momentum_12|btc_usdt_momentum_24|btc_usdt_sma_distance_20|btc_usdt_ema_distance_20|btc_usdt_sma_distance_50|btc_usdt_ema_distance_50|btc_usdt_rsi_14|btc_usdt_realized_vol_12|btc_usdt_range_12|btc_usdt_realized_vol_24|btc_usdt_range_24|btc_usdt_realized_vol_48|btc_usdt_range_48|btc_usdt_relative_volume_24|btc_usdt_range_position_20|btc_usdt_breakout_distance_20|btc_usdt_range_position_55|btc_usdt_breakout_distance_55,direction_raw_v1,3 days 00:00:00,3 days 00:00:00,2017-08-17T00:00:00Z,2021-12-31T23:59:59Z,2022-01-01T00:00:00Z,2022-12-31T23:59:59Z,38094,8760,False,0.48162270953652886,0.4536435590736958,0.49006008238253995,0.7150937436817879,0.260299831675673,0.4858447488584475,-0.006866674626530365,8760.0,0.4603881278538813,0.5539954337899543,0.44600456621004564,-0.0082123067519996,0.005195225252355241,0.3041095890410959,0.1908675799086758,-0.010433031801584076,0.004508916327003911,0.11289954337899544,0.06952054794520549,-0.011486126409468516,-0.0009391790657735804,0.04200913242009133,0.027853881278538814,0.003018488947923665,-0.002684501422173534,0.02214611872146119,0.008904109589041096,0.007197022260553027,0.00333154677454253,MIXED
627438fa7416a7630e7a,3.3.0,73026dd08db19c83059c57c75b65bcebf077280cee941bdcbc1155cb400f6517,BTC_USDT_1h_3d_crypto_core_v1_no_macro_1.0.0,crypto_core_v1,logistic_regression,wf_2023,validation,BTC/USDT,1h,3d,42,train_only_standard_scaler_v1,btc_usdt_return_1|btc_usdt_log_return_1|btc_usdt_return_3|btc_usdt_log_return_3|btc_usdt_return_6|btc_usdt_log_return_6|btc_usdt_return_12|btc_usdt_log_return_12|btc_usdt_return_24|btc_usdt_log_return_24|btc_usdt_momentum_6|btc_usdt_momentum_12|btc_usdt_momentum_24|btc_usdt_sma_distance_20|btc_usdt_ema_distance_20|btc_usdt_sma_distance_50|btc_usdt_ema_distance_50|btc_usdt_rsi_14|btc_usdt_realized_vol_12|btc_usdt_range_12|btc_usdt_realized_vol_24|btc_usdt_range_24|btc_usdt_realized_vol_48|btc_usdt_range_48|btc_usdt_relative_volume_24|btc_usdt_range_position_20|btc_usdt_breakout_distance_20|btc_usdt_range_position_55|btc_usdt_breakout_distance_55,direction_raw_v1,3 days 00:00:00,3 days 00:00:00,2017-08-17T00:00:00Z,2022-12-31T23:59:59Z,2023-01-01T00:00:00Z,2023-12-31T23:59:59Z,46854,8759,False,0.5408536943239797,0.6209133123910634,0.5334920949526618,0.6913616436330304,0.24911790987100998,0.5119305856832972,0.008923371704648183,8759.0,0.5509761388286334,0.2919283023176162,0.7080716976823839,0.013821998665100713,-0.006903734629853423,0.020892795981276403,0.010275145564562164,0.04209975052508299,-0.007742250903610894,0.002397533965064505,0.0,0.04642330132335872,,0.00022833656810138144,0.0,0.019219175334441285,,0.0,0.0,,,MIXED
7b09183742ff4cc4fcdf,3.3.0,73026dd08db19c83059c57c75b65bcebf077280cee941bdcbc1155cb400f6517,BTC_USDT_1h_3d_crypto_core_v1_no_macro_1.0.0,crypto_core_v1,hist_gradient_boosting,wf_2023,validation,BTC/USDT,1h,3d,42,train_only_standard_scaler_v1,btc_usdt_return_1|btc_usdt_log_return_1|btc_usdt_return_3|btc_usdt_log_return_3|btc_usdt_return_6|btc_usdt_log_return_6|btc_usdt_return_12|btc_usdt_log_return_12|btc_usdt_return_24|btc_usdt_log_return_24|btc_usdt_momentum_6|btc_usdt_momentum_12|btc_usdt_momentum_24|btc_usdt_sma_distance_20|btc_usdt_ema_distance_20|btc_usdt_sma_distance_50|btc_usdt_ema_distance_50|btc_usdt_rsi_14|btc_usdt_realized_vol_12|btc_usdt_range_12|btc_usdt_realized_vol_24|btc_usdt_range_24|btc_usdt_realized_vol_48|btc_usdt_range_48|btc_usdt_relative_volume_24|btc_usdt_range_position_20|btc_usdt_breakout_distance_20|btc_usdt_range_position_55|btc_usdt_breakout_distance_55,direction_raw_v1,3 days 00:00:00,3 days 00:00:00,2017-08-17T00:00:00Z,2022-12-31T23:59:59Z,2023-01-01T00:00:00Z,2023-12-31T23:59:59Z,46854,8759,False,0.5497882897421154,0.5776231583345308,0.5467170579650084,0.6973033515255288,0.25072009249701027,0.559995433268638,0.008923371704648183,8759.0,0.5509761388286334,0.6350039958899417,0.3649960041100582,0.011295036404283976,-0.004797253763023453,0.3799520493206987,0.181984244776801,0.010896779854908722,-0.0045355924876864994,0.1734216234729992,0.0590250028542071,0.010602607355907238,0.0011311868502430125,0.08631122274232218,0.011987669825322525,0.007211709577341733,0.014588688171696975,0.04737983788103665,0.0011416828405069071,0.006439692069165608,0.02430619423491821,MIXED
f2a0410f263028d6a993,3.3.0,73026dd08db19c83059c57c75b65bcebf077280cee941bdcbc1155cb400f6517,BTC_USDT_1h_3d_crypto_core_v1_no_macro_1.0.0,crypto_core_v1,random_forest,wf_2023,validation,BTC/USDT,1h,3d,42,train_only_standard_scaler_v1,btc_usdt_return_1|btc_usdt_log_return_1|btc_usdt_return_3|btc_usdt_log_return_3|btc_usdt_return_6|btc_usdt_log_return_6|btc_usdt_return_12|btc_usdt_log_return_12|btc_usdt_return_24|btc_usdt_log_return_24|btc_usdt_momentum_6|btc_usdt_momentum_12|btc_usdt_momentum_24|btc_usdt_sma_distance_20|btc_usdt_ema_distance_20|btc_usdt_sma_distance_50|btc_usdt_ema_distance_50|btc_usdt_rsi_14|btc_usdt_realized_vol_12|btc_usdt_range_12|btc_usdt_realized_vol_24|btc_usdt_range_24|btc_usdt_realized_vol_48|btc_usdt_range_48|btc_usdt_relative_volume_24|btc_usdt_range_position_20|btc_usdt_breakout_distance_20|btc_usdt_range_position_55|btc_usdt_breakout_distance_55,direction_raw_v1,3 days 00:00:00,3 days 00:00:00,2017-08-17T00:00:00Z,2022-12-31T23:59:59Z,2023-01-01T00:00:00Z,2023-12-31T23:59:59Z,46854,8759,False,0.5533625335855059,0.5813231697240868,0.5507826967853275,0.6955583854621004,0.25068677980985454,0.5500627925562279,0.008923371704648183,8759.0,0.5509761388286334,0.49811622331316363,0.5018837766868364,0.011356608911650032,-0.006508400382048307,0.23404498230391596,0.27035049663203564,0.009701940402980253,-0.0056550350423623455,0.10240895079346958,0.09681470487498572,0.009193024837518632,-0.002152562061290164,0.05240324237926704,0.020892795981276403,0.004273656645700783,0.00028212458973421033,0.03162461468204133,0.00787761159949766,0.00432594403813995,0.006380561046930695,MIXED
88de8ad34911df336129,3.3.0,73026dd08db19c83059c57c75b65bcebf077280cee941bdcbc1155cb400f6517,BTC_USDT_1h_3d_crypto_core_v1_no_macro_1.0.0,crypto_core_v1,logistic_regression,wf_2024,validation,BTC/USDT,1h,3d,42,train_only_standard_scaler_v1,btc_usdt_return_1|btc_usdt_log_return_1|btc_usdt_return_3|btc_usdt_log_return_3|btc_usdt_return_6|btc_usdt_log_return_6|btc_usdt_return_12|btc_usdt_log_return_12|btc_usdt_return_24|btc_usdt_log_return_24|btc_usdt_momentum_6|btc_usdt_momentum_12|btc_usdt_momentum_24|btc_usdt_sma_distance_20|btc_usdt_ema_distance_20|btc_usdt_sma_distance_50|btc_usdt_ema_distance_50|btc_usdt_rsi_14|btc_usdt_realized_vol_12|btc_usdt_range_12|btc_usdt_realized_vol_24|btc_usdt_range_24|btc_usdt_realized_vol_48|btc_usdt_range_48|btc_usdt_relative_volume_24|btc_usdt_range_position_20|btc_usdt_breakout_distance_20|btc_usdt_range_position_55|btc_usdt_breakout_distance_55,direction_raw_v1,3 days 00:00:00,3 days 00:00:00,2017-08-17T00:00:00Z,2023-12-31T23:59:59Z,2024-01-01T00:00:00Z,2024-12-31T23:59:59Z,55613,8784,False,0.49696558770647736,0.546618105248242,0.4985408807265456,0.6952350769625179,0.2510432558236429,0.48895719489981787,0.007492525517455866,8784.0,0.543488160291439,0.3896857923497268,0.6103142076502732,0.007731336978463192,-0.007340044332783589,0.010473588342440802,0.025614754098360656,0.021874306483240954,-0.010544876673416777,0.0010245901639344263,0.0,0.0358421381439639,,0.0,0.0,,,0.0,0.0,,,MIXED
3ff067231ee6dfc80f3b,3.3.0,73026dd08db19c83059c57c75b65bcebf077280cee941bdcbc1155cb400f6517,BTC_USDT_1h_3d_crypto_core_v1_no_macro_1.0.0,crypto_core_v1,hist_gradient_boosting,wf_2024,validation,BTC/USDT,1h,3d,42,train_only_standard_scaler_v1,btc_usdt_return_1|btc_usdt_log_return_1|btc_usdt_return_3|btc_usdt_log_return_3|btc_usdt_return_6|btc_usdt_log_return_6|btc_usdt_return_12|btc_usdt_log_return_12|btc_usdt_return_24|btc_usdt_log_return_24|btc_usdt_momentum_6|btc_usdt_momentum_12|btc_usdt_momentum_24|btc_usdt_sma_distance_20|btc_usdt_ema_distance_20|btc_usdt_sma_distance_50|btc_usdt_ema_distance_50|btc_usdt_rsi_14|btc_usdt_realized_vol_12|btc_usdt_range_12|btc_usdt_realized_vol_24|btc_usdt_range_24|btc_usdt_realized_vol_48|btc_usdt_range_48|btc_usdt_relative_volume_24|btc_usdt_range_position_20|btc_usdt_breakout_distance_20|btc_usdt_range_position_55|btc_usdt_breakout_distance_55,direction_raw_v1,3 days 00:00:00,3 days 00:00:00,2017-08-17T00:00:00Z,2023-12-31T23:59:59Z,2024-01-01T00:00:00Z,2024-12-31T23:59:59Z,55613,8784,False,0.4685947468989863,0.5144395172057799,0.4830738925622684,0.7090204669704567,0.25741273049358415,0.49943078324225865,0.007492525517455866,8784.0,0.543488160291439,0.6865892531876139,0.3134107468123862,0.006330590369264237,-0.010037978070577444,0.38535974499089254,0.1313752276867031,0.006093160735043818,-0.008375254441311876,0.12488615664845173,0.03051001821493625,0.00479814587603098,-0.0037367132025246854,0.05043260473588342,0.005236794171220401,-0.001766970309813908,-0.0026239765595964986,0.01980874316939891,0.0018214936247723133,3.82096088220379e-05,0.01834704009580991,MIXED
a87dc5f8931f7b4cf787,3.3.0,73026dd08db19c83059c57c75b65bcebf077280cee941bdcbc1155cb400f6517,BTC_USDT_1h_3d_crypto_core_v1_no_macro_1.0.0,crypto_core_v1,random_forest,wf_2024,validation,BTC/USDT,1h,3d,42,train_only_standard_scaler_v1,btc_usdt_return_1|btc_usdt_log_return_1|btc_usdt_return_3|btc_usdt_log_return_3|btc_usdt_return_6|btc_usdt_log_return_6|btc_usdt_return_12|btc_usdt_log_return_12|btc_usdt_return_24|btc_usdt_log_return_24|btc_usdt_momentum_6|btc_usdt_momentum_12|btc_usdt_momentum_24|btc_usdt_sma_distance_20|btc_usdt_ema_distance_20|btc_usdt_sma_distance_50|btc_usdt_ema_distance_50|btc_usdt_rsi_14|btc_usdt_realized_vol_12|btc_usdt_range_12|btc_usdt_realized_vol_24|btc_usdt_range_24|btc_usdt_realized_vol_48|btc_usdt_range_48|btc_usdt_relative_volume_24|btc_usdt_range_position_20|btc_usdt_breakout_distance_20|btc_usdt_range_position_55|btc_usdt_breakout_distance_55,direction_raw_v1,3 days 00:00:00,3 days 00:00:00,2017-08-17T00:00:00Z,2023-12-31T23:59:59Z,2024-01-01T00:00:00Z,2024-12-31T23:59:59Z,55613,8784,False,0.47375669540016735,0.5218484494928594,0.4788881900819798,0.70780500600692,0.25702943010487583,0.47893897996357016,0.007492525517455866,8784.0,0.543488160291439,0.49874772313296906,0.501252276867031,0.0053612804680319755,-0.009613121602290312,0.16290983606557377,0.21584699453551912,0.00463998921362415,-0.011530236492270253,0.047244990892531875,0.060906193078324226,0.0023154967847623695,-0.007534906757269889,0.017418032786885244,0.006489071038251366,-0.0027369175477826293,-0.0059437673895265716,0.007513661202185792,0.00022768670309653916,-0.010553576197185041,-0.01447410524164705,MIXED
d899c5e9148d8556ef70,3.3.0,73026dd08db19c83059c57c75b65bcebf077280cee941bdcbc1155cb400f6517,BTC_USDT_1h_3d_crypto_core_v1+crypto_context_proxy_v1_macro_proxy_1.0.0,crypto_core_v1+crypto_context_proxy_v1,logistic_regression,wf_2022,validation,BTC/USDT,1h,3d,42,train_only_standard_scaler_v1,btc_usdt_return_1|btc_usdt_log_return_1|btc_usdt_return_3|btc_usdt_log_return_3|btc_usdt_return_6|btc_usdt_log_return_6|btc_usdt_return_12|btc_usdt_log_return_12|btc_usdt_return_24|btc_usdt_log_return_24|btc_usdt_momentum_6|btc_usdt_momentum_12|btc_usdt_momentum_24|btc_usdt_sma_distance_20|btc_usdt_ema_distance_20|btc_usdt_sma_distance_50|btc_usdt_ema_distance_50|btc_usdt_rsi_14|btc_usdt_realized_vol_12|btc_usdt_range_12|btc_usdt_realized_vol_24|btc_usdt_range_24|btc_usdt_realized_vol_48|btc_usdt_range_48|btc_usdt_relative_volume_24|btc_usdt_range_position_20|btc_usdt_breakout_distance_20|btc_usdt_range_position_55|btc_usdt_breakout_distance_55|macro_es_f_proxy_value|macro_es_f_proxy_return_1|macro_nq_f_proxy_value|macro_nq_f_proxy_return_1|macro_vix_proxy_value|macro_vix_proxy_return_1|macro_urth_proxy_value|macro_urth_proxy_return_1,direction_raw_v1,3 days 00:00:00,3 days 00:00:00,2017-08-17T00:00:00Z,2021-12-31T23:59:59Z,2022-01-01T00:00:00Z,2022-12-31T23:59:59Z,20765,8760,False,0.5180025001060901,0.4829376549178275,0.5048059454077585,0.7297185482787512,0.26572048664012904,0.5420091324200913,-0.006866674626530365,8760.0,0.4603881278538813,0.03002283105022831,0.9699771689497717,0.006942134110144086,0.007294086265667163,0.008105022831050229,0.9113013698630137,0.00379496656801356,0.007326403889959011,0.0015981735159817352,0.789269406392694,0.011319116872106572,0.008669145400293139,0.0,0.5632420091324201,,0.00764197319696499,0.0,0.3270547945205479,,0.008140468084280789,ROBUST CANDIDATE
5a6fa282697a2a8a8eec,3.3.0,73026dd08db19c83059c57c75b65bcebf077280cee941bdcbc1155cb400f6517,BTC_USDT_1h_3d_crypto_core_v1+crypto_context_proxy_v1_macro_proxy_1.0.0,crypto_core_v1+crypto_context_proxy_v1,hist_gradient_boosting,wf_2022,validation,BTC/USDT,1h,3d,42,train_only_standard_scaler_v1,btc_usdt_return_1|btc_usdt_log_return_1|btc_usdt_return_3|btc_usdt_log_return_3|btc_usdt_return_6|btc_usdt_log_return_6|btc_usdt_return_12|btc_usdt_log_return_12|btc_usdt_return_24|btc_usdt_log_return_24|btc_usdt_momentum_6|btc_usdt_momentum_12|btc_usdt_momentum_24|btc_usdt_sma_distance_20|btc_usdt_ema_distance_20|btc_usdt_sma_distance_50|btc_usdt_ema_distance_50|btc_usdt_rsi_14|btc_usdt_realized_vol_12|btc_usdt_range_12|btc_usdt_realized_vol_24|btc_usdt_range_24|btc_usdt_realized_vol_48|btc_usdt_range_48|btc_usdt_relative_volume_24|btc_usdt_range_position_20|btc_usdt_breakout_distance_20|btc_usdt_range_position_55|btc_usdt_breakout_distance_55|macro_es_f_proxy_value|macro_es_f_proxy_return_1|macro_nq_f_proxy_value|macro_nq_f_proxy_return_1|macro_vix_proxy_value|macro_vix_proxy_return_1|macro_urth_proxy_value|macro_urth_proxy_return_1,direction_raw_v1,3 days 00:00:00,3 days 00:00:00,2017-08-17T00:00:00Z,2021-12-31T23:59:59Z,2022-01-01T00:00:00Z,2022-12-31T23:59:59Z,20765,8760,False,0.5211902114305447,0.4845824275266391,0.525714211677922,0.8075825789674178,0.29696338658001964,0.502283105022831,-0.006866674626530365,8760.0,0.4603881278538813,0.7937214611872146,0.20627853881278538,-0.004719227270313053,0.015129652749263605,0.7184931506849315,0.1567351598173516,-0.00274330133036317,0.014391787459349919,0.6280821917808219,0.1045662100456621,-0.0031107947978393554,0.011080330955229442,0.541095890410959,0.06723744292237444,-0.004242329350717459,0.013232382383813334,0.4018264840182648,0.04474885844748858,-0.004794051417089378,0.024923638525032637,ROBUST CANDIDATE
814665bd2bff79153943,3.3.0,73026dd08db19c83059c57c75b65bcebf077280cee941bdcbc1155cb400f6517,BTC_USDT_1h_3d_crypto_core_v1+crypto_context_proxy_v1_macro_proxy_1.0.0,crypto_core_v1+crypto_context_proxy_v1,random_forest,wf_2022,validation,BTC/USDT,1h,3d,42,train_only_standard_scaler_v1,btc_usdt_return_1|btc_usdt_log_return_1|btc_usdt_return_3|btc_usdt_log_return_3|btc_usdt_return_6|btc_usdt_log_return_6|btc_usdt_return_12|btc_usdt_log_return_12|btc_usdt_return_24|btc_usdt_log_return_24|btc_usdt_momentum_6|btc_usdt_momentum_12|btc_usdt_momentum_24|btc_usdt_sma_distance_20|btc_usdt_ema_distance_20|btc_usdt_sma_distance_50|btc_usdt_ema_distance_50|btc_usdt_rsi_14|btc_usdt_realized_vol_12|btc_usdt_range_12|btc_usdt_realized_vol_24|btc_usdt_range_24|btc_usdt_realized_vol_48|btc_usdt_range_48|btc_usdt_relative_volume_24|btc_usdt_range_position_20|btc_usdt_breakout_distance_20|btc_usdt_range_position_55|btc_usdt_breakout_distance_55|macro_es_f_proxy_value|macro_es_f_proxy_return_1|macro_nq_f_proxy_value|macro_nq_f_proxy_return_1|macro_vix_proxy_value|macro_vix_proxy_return_1|macro_urth_proxy_value|macro_urth_proxy_return_1,direction_raw_v1,3 days 00:00:00,3 days 00:00:00,2017-08-17T00:00:00Z,2021-12-31T23:59:59Z,2022-01-01T00:00:00Z,2022-12-31T23:59:59Z,20765,8760,False,0.5466837977420362,0.5308579013425367,0.5106481376328807,0.7253440638640106,0.2656521792097785,0.48276255707762555,-0.006866674626530365,8760.0,0.4603881278538813,0.8511415525114155,0.14885844748858448,-0.005821878668873731,0.012840599979511858,0.7239726027397261,0.08047945205479452,-0.005183438273311814,0.014954188849425457,0.49646118721461185,0.04726027397260274,-0.002279623295090231,0.02023106096612573,0.27671232876712326,0.02545662100456621,0.003870117690522358,0.03421551510205417,0.1324200913242009,0.014269406392694063,0.011409884395802879,0.05685940058231088,ROBUST CANDIDATE
dffa33fdc3bede66ebd9,3.3.0,73026dd08db19c83059c57c75b65bcebf077280cee941bdcbc1155cb400f6517,BTC_USDT_1h_3d_crypto_core_v1+crypto_context_proxy_v1_macro_proxy_1.0.0,crypto_core_v1+crypto_context_proxy_v1,logistic_regression,wf_2023,validation,BTC/USDT,1h,3d,42,train_only_standard_scaler_v1,btc_usdt_return_1|btc_usdt_log_return_1|btc_usdt_return_3|btc_usdt_log_return_3|btc_usdt_return_6|btc_usdt_log_return_6|btc_usdt_return_12|btc_usdt_log_return_12|btc_usdt_return_24|btc_usdt_log_return_24|btc_usdt_momentum_6|btc_usdt_momentum_12|btc_usdt_momentum_24|btc_usdt_sma_distance_20|btc_usdt_ema_distance_20|btc_usdt_sma_distance_50|btc_usdt_ema_distance_50|btc_usdt_rsi_14|btc_usdt_realized_vol_12|btc_usdt_range_12|btc_usdt_realized_vol_24|btc_usdt_range_24|btc_usdt_realized_vol_48|btc_usdt_range_48|btc_usdt_relative_volume_24|btc_usdt_range_position_20|btc_usdt_breakout_distance_20|btc_usdt_range_position_55|btc_usdt_breakout_distance_55|macro_es_f_proxy_value|macro_es_f_proxy_return_1|macro_nq_f_proxy_value|macro_nq_f_proxy_return_1|macro_vix_proxy_value|macro_vix_proxy_return_1|macro_urth_proxy_value|macro_urth_proxy_return_1,direction_raw_v1,3 days 00:00:00,3 days 00:00:00,2017-08-17T00:00:00Z,2022-12-31T23:59:59Z,2023-01-01T00:00:00Z,2023-12-31T23:59:59Z,29525,8759,False,0.5444233808964895,0.6136928091653956,0.5444117111219221,0.7098666040524869,0.25787398719134735,0.5117022491151958,0.008923371704648183,8759.0,0.5509761388286334,0.18369676903756135,0.8163032309624386,0.016803737489274575,-0.00715001386584205,0.019522776572668113,0.4402329032994634,0.01868463271744744,-0.007200028172746335,0.002740038817216577,0.15892225139856148,0.013635089851969687,-0.013309344971941127,0.00022833656810138144,0.05719831030939605,0.03003870226502736,-0.032569766365681686,0.0,0.014042698938234958,,-0.08318538338862783,ROBUST CANDIDATE
13e12a5064e4e0a1b303,3.3.0,73026dd08db19c83059c57c75b65bcebf077280cee941bdcbc1155cb400f6517,BTC_USDT_1h_3d_crypto_core_v1+crypto_context_proxy_v1_macro_proxy_1.0.0,crypto_core_v1+crypto_context_proxy_v1,hist_gradient_boosting,wf_2023,validation,BTC/USDT,1h,3d,42,train_only_standard_scaler_v1,btc_usdt_return_1|btc_usdt_log_return_1|btc_usdt_return_3|btc_usdt_log_return_3|btc_usdt_return_6|btc_usdt_log_return_6|btc_usdt_return_12|btc_usdt_log_return_12|btc_usdt_return_24|btc_usdt_log_return_24|btc_usdt_momentum_6|btc_usdt_momentum_12|btc_usdt_momentum_24|btc_usdt_sma_distance_20|btc_usdt_ema_distance_20|btc_usdt_sma_distance_50|btc_usdt_ema_distance_50|btc_usdt_rsi_14|btc_usdt_realized_vol_12|btc_usdt_range_12|btc_usdt_realized_vol_24|btc_usdt_range_24|btc_usdt_realized_vol_48|btc_usdt_range_48|btc_usdt_relative_volume_24|btc_usdt_range_position_20|btc_usdt_breakout_distance_20|btc_usdt_range_position_55|btc_usdt_breakout_distance_55|macro_es_f_proxy_value|macro_es_f_proxy_return_1|macro_nq_f_proxy_value|macro_nq_f_proxy_return_1|macro_vix_proxy_value|macro_vix_proxy_return_1|macro_urth_proxy_value|macro_urth_proxy_return_1,direction_raw_v1,3 days 00:00:00,3 days 00:00:00,2017-08-17T00:00:00Z,2022-12-31T23:59:59Z,2023-01-01T00:00:00Z,2023-12-31T23:59:59Z,29525,8759,False,0.5293834386563416,0.5785733145940584,0.5133646051680611,0.7522753118081602,0.274387701664746,0.495376184495947,0.008923371704648183,8759.0,0.5509761388286334,0.3249229364082658,0.6750770635917342,0.013786853566409163,-0.006582517759346012,0.21064048407352437,0.5376184495947026,0.015724071469545024,-0.005370215744248737,0.12604178559196255,0.37001940860828864,0.017553342341534574,-0.004206303525664113,0.06553259504509647,0.25756364881835825,0.016205076021033972,-0.006347147703198454,0.030711268409635804,0.17684667199451992,0.027835164945457017,-0.008662752241311836,ROBUST CANDIDATE
a204f6431aa323fee743,3.3.0,73026dd08db19c83059c57c75b65bcebf077280cee941bdcbc1155cb400f6517,BTC_USDT_1h_3d_crypto_core_v1+crypto_context_proxy_v1_macro_proxy_1.0.0,crypto_core_v1+crypto_context_proxy_v1,random_forest,wf_2023,validation,BTC/USDT,1h,3d,42,train_only_standard_scaler_v1,btc_usdt_return_1|btc_usdt_log_return_1|btc_usdt_return_3|btc_usdt_log_return_3|btc_usdt_return_6|btc_usdt_log_return_6|btc_usdt_return_12|btc_usdt_log_return_12|btc_usdt_return_24|btc_usdt_log_return_24|btc_usdt_momentum_6|btc_usdt_momentum_12|btc_usdt_momentum_24|btc_usdt_sma_distance_20|btc_usdt_ema_distance_20|btc_usdt_sma_distance_50|btc_usdt_ema_distance_50|btc_usdt_rsi_14|btc_usdt_realized_vol_12|btc_usdt_range_12|btc_usdt_realized_vol_24|btc_usdt_range_24|btc_usdt_realized_vol_48|btc_usdt_range_48|btc_usdt_relative_volume_24|btc_usdt_range_position_20|btc_usdt_breakout_distance_20|btc_usdt_range_position_55|btc_usdt_breakout_distance_55|macro_es_f_proxy_value|macro_es_f_proxy_return_1|macro_nq_f_proxy_value|macro_nq_f_proxy_return_1|macro_vix_proxy_value|macro_vix_proxy_return_1|macro_urth_proxy_value|macro_urth_proxy_return_1,direction_raw_v1,3 days 00:00:00,3 days 00:00:00,2017-08-17T00:00:00Z,2022-12-31T23:59:59Z,2023-01-01T00:00:00Z,2023-12-31T23:59:59Z,29525,8759,False,0.5573363157378421,0.6016484929028776,0.5465178551765698,0.7093449268980155,0.2573977075576596,0.5206073752711496,0.008923371704648183,8759.0,0.5509761388286334,0.25059938349126615,0.7494006165087339,0.018795745042765894,-0.005622052466810223,0.10160977280511474,0.504623815504053,0.016318721706974428,-0.006146954203056459,0.027514556456216463,0.2584769950907638,0.021758947919159752,-0.00641562724182308,0.008220116451649731,0.10651900901929444,0.013999586222368465,-0.008328062706917931,0.00022833656810138144,0.03824637515698139,0.16281906727414652,-0.006136500537223574,ROBUST CANDIDATE
80f86a57fb31488614e9,3.3.0,73026dd08db19c83059c57c75b65bcebf077280cee941bdcbc1155cb400f6517,BTC_USDT_1h_3d_crypto_core_v1+crypto_context_proxy_v1_macro_proxy_1.0.0,crypto_core_v1+crypto_context_proxy_v1,logistic_regression,wf_2024,validation,BTC/USDT,1h,3d,42,train_only_standard_scaler_v1,btc_usdt_return_1|btc_usdt_log_return_1|btc_usdt_return_3|btc_usdt_log_return_3|btc_usdt_return_6|btc_usdt_log_return_6|btc_usdt_return_12|btc_usdt_log_return_12|btc_usdt_return_24|btc_usdt_log_return_24|btc_usdt_momentum_6|btc_usdt_momentum_12|btc_usdt_momentum_24|btc_usdt_sma_distance_20|btc_usdt_ema_distance_20|btc_usdt_sma_distance_50|btc_usdt_ema_distance_50|btc_usdt_rsi_14|btc_usdt_realized_vol_12|btc_usdt_range_12|btc_usdt_realized_vol_24|btc_usdt_range_24|btc_usdt_realized_vol_48|btc_usdt_range_48|btc_usdt_relative_volume_24|btc_usdt_range_position_20|btc_usdt_breakout_distance_20|btc_usdt_range_position_55|btc_usdt_breakout_distance_55|macro_es_f_proxy_value|macro_es_f_proxy_return_1|macro_nq_f_proxy_value|macro_nq_f_proxy_return_1|macro_vix_proxy_value|macro_vix_proxy_return_1|macro_urth_proxy_value|macro_urth_proxy_return_1,direction_raw_v1,3 days 00:00:00,3 days 00:00:00,2017-08-17T00:00:00Z,2023-12-31T23:59:59Z,2024-01-01T00:00:00Z,2024-12-31T23:59:59Z,38284,8784,False,0.4830329392271312,0.5447543550017209,0.5016151493908714,0.7322080148251823,0.26875573482750775,0.4615209471766849,0.007492525517455866,8784.0,0.543488160291439,0.039162112932604735,0.9608378870673953,0.008168535248052998,-0.007464972514218257,0.0028460837887067394,0.7082194899817851,0.0064811007814472976,-0.005756292130518776,0.0,0.35655737704918034,,-0.007691410176318808,0.0,0.114867941712204,,-0.014399515033001043,0.0,0.012864298724954462,,-0.030577407975218556,ROBUST CANDIDATE
cedd7cea8f7692f3567d,3.3.0,73026dd08db19c83059c57c75b65bcebf077280cee941bdcbc1155cb400f6517,BTC_USDT_1h_3d_crypto_core_v1+crypto_context_proxy_v1_macro_proxy_1.0.0,crypto_core_v1+crypto_context_proxy_v1,hist_gradient_boosting,wf_2024,validation,BTC/USDT,1h,3d,42,train_only_standard_scaler_v1,btc_usdt_return_1|btc_usdt_log_return_1|btc_usdt_return_3|btc_usdt_log_return_3|btc_usdt_return_6|btc_usdt_log_return_6|btc_usdt_return_12|btc_usdt_log_return_12|btc_usdt_return_24|btc_usdt_log_return_24|btc_usdt_momentum_6|btc_usdt_momentum_12|btc_usdt_momentum_24|btc_usdt_sma_distance_20|btc_usdt_ema_distance_20|btc_usdt_sma_distance_50|btc_usdt_ema_distance_50|btc_usdt_rsi_14|btc_usdt_realized_vol_12|btc_usdt_range_12|btc_usdt_realized_vol_24|btc_usdt_range_24|btc_usdt_realized_vol_48|btc_usdt_range_48|btc_usdt_relative_volume_24|btc_usdt_range_position_20|btc_usdt_breakout_distance_20|btc_usdt_range_position_55|btc_usdt_breakout_distance_55|macro_es_f_proxy_value|macro_es_f_proxy_return_1|macro_nq_f_proxy_value|macro_nq_f_proxy_return_1|macro_vix_proxy_value|macro_vix_proxy_return_1|macro_urth_proxy_value|macro_urth_proxy_return_1,direction_raw_v1,3 days 00:00:00,3 days 00:00:00,2017-08-17T00:00:00Z,2023-12-31T23:59:59Z,2024-01-01T00:00:00Z,2024-12-31T23:59:59Z,38284,8784,False,0.4833264816592787,0.5356465772047185,0.5030253753968661,1.043340639992434,0.3712282102151356,0.4682377049180328,0.007492525517455866,8784.0,0.543488160291439,0.1002959927140255,0.8997040072859745,0.005613586936875594,-0.007701983304307849,0.06819216757741348,0.8579234972677595,0.005078196673662129,-0.007639546430651596,0.04610655737704918,0.8193306010928961,0.00252245986561444,-0.00755054823782597,0.031079234972677595,0.7775500910746812,-0.0002253500260516932,-0.007902376592922618,0.020377959927140255,0.7224499089253188,-0.004876622569226291,-0.008561388387736922,ROBUST CANDIDATE
38887a2e38dc533c0f30,3.3.0,73026dd08db19c83059c57c75b65bcebf077280cee941bdcbc1155cb400f6517,BTC_USDT_1h_3d_crypto_core_v1+crypto_context_proxy_v1_macro_proxy_1.0.0,crypto_core_v1+crypto_context_proxy_v1,random_forest,wf_2024,validation,BTC/USDT,1h,3d,42,train_only_standard_scaler_v1,btc_usdt_return_1|btc_usdt_log_return_1|btc_usdt_return_3|btc_usdt_log_return_3|btc_usdt_return_6|btc_usdt_log_return_6|btc_usdt_return_12|btc_usdt_log_return_12|btc_usdt_return_24|btc_usdt_log_return_24|btc_usdt_momentum_6|btc_usdt_momentum_12|btc_usdt_momentum_24|btc_usdt_sma_distance_20|btc_usdt_ema_distance_20|btc_usdt_sma_distance_50|btc_usdt_ema_distance_50|btc_usdt_rsi_14|btc_usdt_realized_vol_12|btc_usdt_range_12|btc_usdt_realized_vol_24|btc_usdt_range_24|btc_usdt_realized_vol_48|btc_usdt_range_48|btc_usdt_relative_volume_24|btc_usdt_range_position_20|btc_usdt_breakout_distance_20|btc_usdt_range_position_55|btc_usdt_breakout_distance_55|macro_es_f_proxy_value|macro_es_f_proxy_return_1|macro_nq_f_proxy_value|macro_nq_f_proxy_return_1|macro_vix_proxy_value|macro_vix_proxy_return_1|macro_urth_proxy_value|macro_urth_proxy_return_1,direction_raw_v1,3 days 00:00:00,3 days 00:00:00,2017-08-17T00:00:00Z,2023-12-31T23:59:59Z,2024-01-01T00:00:00Z,2024-12-31T23:59:59Z,38284,8784,False,0.4935479169692024,0.5379769752404475,0.5009315316651815,0.9117925747863503,0.3351825271372439,0.4623178506375228,0.007492525517455866,8784.0,0.543488160291439,0.056124772313296906,0.9438752276867031,0.0030814361577132855,-0.007754818009839547,0.021061020036429873,0.8879781420765027,0.0031184585927398617,-0.007818769760306992,0.006489071038251366,0.8151183970856102,-0.005778710574558145,-0.0079305904785431,0.00034153005464480874,0.7165300546448088,-0.003586387380917988,-0.009210422341825935,0.0,0.6152094717668488,,-0.010147795262827131,ROBUST CANDIDATE
ad9017cb5db68ef17897,3.3.0,73026dd08db19c83059c57c75b65bcebf077280cee941bdcbc1155cb400f6517,BTC_USDT_1h_7d_crypto_core_v1_no_macro_1.0.0,crypto_core_v1,logistic_regression,wf_2022,validation,BTC/USDT,1h,7d,42,train_only_standard_scaler_v1,btc_usdt_return_1|btc_usdt_log_return_1|btc_usdt_return_3|btc_usdt_log_return_3|btc_usdt_return_6|btc_usdt_log_return_6|btc_usdt_return_12|btc_usdt_log_return_12|btc_usdt_return_24|btc_usdt_log_return_24|btc_usdt_momentum_6|btc_usdt_momentum_12|btc_usdt_momentum_24|btc_usdt_sma_distance_20|btc_usdt_ema_distance_20|btc_usdt_sma_distance_50|btc_usdt_ema_distance_50|btc_usdt_rsi_14|btc_usdt_realized_vol_12|btc_usdt_range_12|btc_usdt_realized_vol_24|btc_usdt_range_24|btc_usdt_realized_vol_48|btc_usdt_range_48|btc_usdt_relative_volume_24|btc_usdt_range_position_20|btc_usdt_breakout_distance_20|btc_usdt_range_position_55|btc_usdt_breakout_distance_55,direction_raw_v1,7 days 00:00:00,7 days 00:00:00,2017-08-17T00:00:00Z,2021-12-31T23:59:59Z,2022-01-01T00:00:00Z,2022-12-31T23:59:59Z,37998,8760,False,0.4640216354409429,0.41424864043660015,0.4792135691438064,0.6995801414878472,0.25316716929622973,0.4925799086757991,-0.015220460947725493,8760.0,0.44646118721461187,0.3773972602739726,0.6226027397260274,-0.0164642932444734,0.01446649879645146,0.07066210045662101,0.0204337899543379,-0.01857794409872568,0.02384079711514378,0.012899543378995433,0.0006849315068493151,-0.016756504992737866,-0.0008592144520680652,0.0031963470319634705,0.0,-0.05324727590879651,,0.0005707762557077625,0.0,-0.03982378822901196,,ROBUST CANDIDATE
469f531030aaaf1fe938,3.3.0,73026dd08db19c83059c57c75b65bcebf077280cee941bdcbc1155cb400f6517,BTC_USDT_1h_7d_crypto_core_v1_no_macro_1.0.0,crypto_core_v1,hist_gradient_boosting,wf_2022,validation,BTC/USDT,1h,7d,42,train_only_standard_scaler_v1,btc_usdt_return_1|btc_usdt_log_return_1|btc_usdt_return_3|btc_usdt_log_return_3|btc_usdt_return_6|btc_usdt_log_return_6|btc_usdt_return_12|btc_usdt_log_return_12|btc_usdt_return_24|btc_usdt_log_return_24|btc_usdt_momentum_6|btc_usdt_momentum_12|btc_usdt_momentum_24|btc_usdt_sma_distance_20|btc_usdt_ema_distance_20|btc_usdt_sma_distance_50|btc_usdt_ema_distance_50|btc_usdt_rsi_14|btc_usdt_realized_vol_12|btc_usdt_range_12|btc_usdt_realized_vol_24|btc_usdt_range_24|btc_usdt_realized_vol_48|btc_usdt_range_48|btc_usdt_relative_volume_24|btc_usdt_range_position_20|btc_usdt_breakout_distance_20|btc_usdt_range_position_55|btc_usdt_breakout_distance_55,direction_raw_v1,7 days 00:00:00,7 days 00:00:00,2017-08-17T00:00:00Z,2021-12-31T23:59:59Z,2022-01-01T00:00:00Z,2022-12-31T23:59:59Z,37998,8760,False,0.49353756259280857,0.4447380155948197,0.49606919561395935,0.7302165724831923,0.266921644252909,0.46872146118721464,-0.015220460947725493,8760.0,0.44646118721461187,0.7558219178082192,0.24417808219178083,-0.015316561944899694,0.014922992643709432,0.519406392694064,0.10764840182648402,-0.01290251571895145,0.012420195598330632,0.2386986301369863,0.046917808219178084,-0.01008733834412761,0.01630215696276828,0.10136986301369863,0.021461187214611873,-0.002412643323250893,0.022274363036163307,0.058447488584474884,0.009246575342465754,0.00042754990698221714,0.02458773299269159,ROBUST CANDIDATE
966feb2fce0057b5664b,3.3.0,73026dd08db19c83059c57c75b65bcebf077280cee941bdcbc1155cb400f6517,BTC_USDT_1h_7d_crypto_core_v1_no_macro_1.0.0,crypto_core_v1,random_forest,wf_2022,validation,BTC/USDT,1h,7d,42,train_only_standard_scaler_v1,btc_usdt_return_1|btc_usdt_log_return_1|btc_usdt_return_3|btc_usdt_log_return_3|btc_usdt_return_6|btc_usdt_log_return_6|btc_usdt_return_12|btc_usdt_log_return_12|btc_usdt_return_24|btc_usdt_log_return_24|btc_usdt_momentum_6|btc_usdt_momentum_12|btc_usdt_momentum_24|btc_usdt_sma_distance_20|btc_usdt_ema_distance_20|btc_usdt_sma_distance_50|btc_usdt_ema_distance_50|btc_usdt_rsi_14|btc_usdt_realized_vol_12|btc_usdt_range_12|btc_usdt_realized_vol_24|btc_usdt_range_24|btc_usdt_realized_vol_48|btc_usdt_range_48|btc_usdt_relative_volume_24|btc_usdt_range_position_20|btc_usdt_breakout_distance_20|btc_usdt_range_position_55|btc_usdt_breakout_distance_55,direction_raw_v1,7 days 00:00:00,7 days 00:00:00,2017-08-17T00:00:00Z,2021-12-31T23:59:59Z,2022-01-01T00:00:00Z,2022-12-31T23:59:59Z,37998,8760,False,0.5076508195154099,0.45515084194157907,0.5053290002409246,0.7025064347562179,0.2541025808447514,0.49931506849315066,-0.015220460947725493,8760.0,0.44646118721461187,0.5555936073059361,0.4444063926940639,-0.011194426988544295,0.02025377902615727,0.1454337899543379,0.14657534246575343,-0.006096458936903104,0.013833795719007122,0.06118721461187215,0.036301369863013695,0.0016661545002893325,0.01629912646603747,0.026598173515981736,0.010159817351598174,0.005118810062244175,0.01927254564726059,0.016095890410958904,0.004908675799086758,0.008077378039279088,0.02908472347563609,ROBUST CANDIDATE
f48e89035456fe77827a,3.3.0,73026dd08db19c83059c57c75b65bcebf077280cee941bdcbc1155cb400f6517,BTC_USDT_1h_7d_crypto_core_v1_no_macro_1.0.0,crypto_core_v1,logistic_regression,wf_2023,validation,BTC/USDT,1h,7d,42,train_only_standard_scaler_v1,btc_usdt_return_1|btc_usdt_log_return_1|btc_usdt_return_3|btc_usdt_log_return_3|btc_usdt_return_6|btc_usdt_log_return_6|btc_usdt_return_12|btc_usdt_log_return_12|btc_usdt_return_24|btc_usdt_log_return_24|btc_usdt_momentum_6|btc_usdt_momentum_12|btc_usdt_momentum_24|btc_usdt_sma_distance_20|btc_usdt_ema_distance_20|btc_usdt_sma_distance_50|btc_usdt_ema_distance_50|btc_usdt_rsi_14|btc_usdt_realized_vol_12|btc_usdt_range_12|btc_usdt_realized_vol_24|btc_usdt_range_24|btc_usdt_realized_vol_48|btc_usdt_range_48|btc_usdt_relative_volume_24|btc_usdt_range_position_20|btc_usdt_breakout_distance_20|btc_usdt_range_position_55|btc_usdt_breakout_distance_55,direction_raw_v1,7 days 00:00:00,7 days 00:00:00,2017-08-17T00:00:00Z,2022-12-31T23:59:59Z,2023-01-01T00:00:00Z,2023-12-31T23:59:59Z,46758,8759,False,0.5274377871954758,0.608485972359532,0.5125129346717529,0.6946798700208999,0.250770692218892,0.4725425276858089,0.020952579031837646,8759.0,0.5710697568215549,0.22057312478593447,0.7794268752140655,0.03336013409070611,-0.01744131546457034,0.015412718346843247,0.008905126155953876,0.07322375225977583,-0.019285563034389774,0.0012558511245575978,0.0,0.07954309599609817,,0.0,0.0,,,0.0,0.0,,,ROBUST CANDIDATE
65910ecaa3d0cc3bc1c5,3.3.0,73026dd08db19c83059c57c75b65bcebf077280cee941bdcbc1155cb400f6517,BTC_USDT_1h_7d_crypto_core_v1_no_macro_1.0.0,crypto_core_v1,hist_gradient_boosting,wf_2023,validation,BTC/USDT,1h,7d,42,train_only_standard_scaler_v1,btc_usdt_return_1|btc_usdt_log_return_1|btc_usdt_return_3|btc_usdt_log_return_3|btc_usdt_return_6|btc_usdt_log_return_6|btc_usdt_return_12|btc_usdt_log_return_12|btc_usdt_return_24|btc_usdt_log_return_24|btc_usdt_momentum_6|btc_usdt_momentum_12|btc_usdt_momentum_24|btc_usdt_sma_distance_20|btc_usdt_ema_distance_20|btc_usdt_sma_distance_50|btc_usdt_ema_distance_50|btc_usdt_rsi_14|btc_usdt_realized_vol_12|btc_usdt_range_12|btc_usdt_realized_vol_24|btc_usdt_range_24|btc_usdt_realized_vol_48|btc_usdt_range_48|btc_usdt_relative_volume_24|btc_usdt_range_position_20|btc_usdt_breakout_distance_20|btc_usdt_range_position_55|btc_usdt_breakout_distance_55,direction_raw_v1,7 days 00:00:00,7 days 00:00:00,2017-08-17T00:00:00Z,2022-12-31T23:59:59Z,2023-01-01T00:00:00Z,2023-12-31T23:59:59Z,46758,8759,False,0.5156887737319232,0.575558568416749,0.5185007444985806,0.7078736364193775,0.2558515730834986,0.5291699965749515,0.020952579031837646,8759.0,0.5710697568215549,0.577691517296495,0.42230848270350496,0.023146239712604773,-0.01795178880618701,0.32572211439662063,0.16109144879552462,0.025701293999357482,-0.022837293644156435,0.18312592761730792,0.05936750770635917,0.02788533078646369,-0.025179554795450858,0.10903071126840963,0.02386117136659436,0.022479955435902452,-0.038184778305090226,0.06918598013471858,0.008220116451649731,0.018934515188986374,-0.07762619171064228,ROBUST CANDIDATE
46e59311a1684253f754,3.3.0,73026dd08db19c83059c57c75b65bcebf077280cee941bdcbc1155cb400f6517,BTC_USDT_1h_7d_crypto_core_v1_no_macro_1.0.0,crypto_core_v1,random_forest,wf_2023,validation,BTC/USDT,1h,7d,42,train_only_standard_scaler_v1,btc_usdt_return_1|btc_usdt_log_return_1|btc_usdt_return_3|btc_usdt_log_return_3|btc_usdt_return_6|btc_usdt_log_return_6|btc_usdt_return_12|btc_usdt_log_return_12|btc_usdt_return_24|btc_usdt_log_return_24|btc_usdt_momentum_6|btc_usdt_momentum_12|btc_usdt_momentum_24|btc_usdt_sma_distance_20|btc_usdt_ema_distance_20|btc_usdt_sma_distance_50|btc_usdt_ema_distance_50|btc_usdt_rsi_14|btc_usdt_realized_vol_12|btc_usdt_range_12|btc_usdt_realized_vol_24|btc_usdt_range_24|btc_usdt_realized_vol_48|btc_usdt_range_48|btc_usdt_relative_volume_24|btc_usdt_range_position_20|btc_usdt_breakout_distance_20|btc_usdt_range_position_55|btc_usdt_breakout_distance_55,direction_raw_v1,7 days 00:00:00,7 days 00:00:00,2017-08-17T00:00:00Z,2022-12-31T23:59:59Z,2023-01-01T00:00:00Z,2023-12-31T23:59:59Z,46758,8759,False,0.5077734676690943,0.5721082639541302,0.5008725282844009,0.7062791627237612,0.2560928817259598,0.48281767325037106,0.020952579031837646,8759.0,0.5710697568215549,0.37310195227765725,0.6268980477223427,0.024623369783204358,-0.01876788695835987,0.166114853293755,0.24123758419910948,0.023602614105163428,-0.019959002521271973,0.0859687178901701,0.035963009475967575,0.02387466524941257,-0.031696892408105755,0.051718232674962894,0.009932640712410092,0.014801573914275744,-0.015083434095966275,0.029683753853179586,0.0019408608288617422,0.006678817104406051,0.018948754593867394,ROBUST CANDIDATE
193b0a17006231ac822e,3.3.0,73026dd08db19c83059c57c75b65bcebf077280cee941bdcbc1155cb400f6517,BTC_USDT_1h_7d_crypto_core_v1_no_macro_1.0.0,crypto_core_v1,logistic_regression,wf_2024,validation,BTC/USDT,1h,7d,42,train_only_standard_scaler_v1,btc_usdt_return_1|btc_usdt_log_return_1|btc_usdt_return_3|btc_usdt_log_return_3|btc_usdt_return_6|btc_usdt_log_return_6|btc_usdt_return_12|btc_usdt_log_return_12|btc_usdt_return_24|btc_usdt_log_return_24|btc_usdt_momentum_6|btc_usdt_momentum_12|btc_usdt_momentum_24|btc_usdt_sma_distance_20|btc_usdt_ema_distance_20|btc_usdt_sma_distance_50|btc_usdt_ema_distance_50|btc_usdt_rsi_14|btc_usdt_realized_vol_12|btc_usdt_range_12|btc_usdt_realized_vol_24|btc_usdt_range_24|btc_usdt_realized_vol_48|btc_usdt_range_48|btc_usdt_relative_volume_24|btc_usdt_range_position_20|btc_usdt_breakout_distance_20|btc_usdt_range_position_55|btc_usdt_breakout_distance_55,direction_raw_v1,7 days 00:00:00,7 days 00:00:00,2017-08-17T00:00:00Z,2023-12-31T23:59:59Z,2024-01-01T00:00:00Z,2024-12-31T23:59:59Z,55517,8784,False,0.5265906667761928,0.6012278927790466,0.5202049451673009,0.693874549937179,0.250365765057619,0.4972677595628415,0.018010835016609914,8784.0,0.5727459016393442,0.3452868852459016,0.6547131147540983,0.021549238523457564,-0.016144728628804506,0.01058743169398907,0.007855191256830601,0.05596271568341586,-0.049971009989580935,0.0010245901639344263,0.0,0.12013050369159428,,0.00011384335154826958,0.0,0.19926572162878498,,0.0,0.0,,,ROBUST CANDIDATE
ac1193a8e38546bba2d8,3.3.0,73026dd08db19c83059c57c75b65bcebf077280cee941bdcbc1155cb400f6517,BTC_USDT_1h_7d_crypto_core_v1_no_macro_1.0.0,crypto_core_v1,hist_gradient_boosting,wf_2024,validation,BTC/USDT,1h,7d,42,train_only_standard_scaler_v1,btc_usdt_return_1|btc_usdt_log_return_1|btc_usdt_return_3|btc_usdt_log_return_3|btc_usdt_return_6|btc_usdt_log_return_6|btc_usdt_return_12|btc_usdt_log_return_12|btc_usdt_return_24|btc_usdt_log_return_24|btc_usdt_momentum_6|btc_usdt_momentum_12|btc_usdt_momentum_24|btc_usdt_sma_distance_20|btc_usdt_ema_distance_20|btc_usdt_sma_distance_50|btc_usdt_ema_distance_50|btc_usdt_rsi_14|btc_usdt_realized_vol_12|btc_usdt_range_12|btc_usdt_realized_vol_24|btc_usdt_range_24|btc_usdt_realized_vol_48|btc_usdt_range_48|btc_usdt_relative_volume_24|btc_usdt_range_position_20|btc_usdt_breakout_distance_20|btc_usdt_range_position_55|btc_usdt_breakout_distance_55,direction_raw_v1,7 days 00:00:00,7 days 00:00:00,2017-08-17T00:00:00Z,2023-12-31T23:59:59Z,2024-01-01T00:00:00Z,2024-12-31T23:59:59Z,55517,8784,False,0.5413946984597442,0.6012481708880111,0.5312112861886996,0.6867417245503082,0.24664801803004258,0.5579462659380692,0.018010835016609914,8784.0,0.5727459016393442,0.6882969034608379,0.3117030965391621,0.02006676889912961,-0.013470960563098572,0.30510018214936246,0.07604735883424409,0.02084910163077497,-0.01104390744009599,0.10826502732240437,0.01855646630236794,0.020133210421935756,-0.006454860027574399,0.03802367941712204,0.006033697632058288,0.01759235547338368,0.0062811537725220865,0.01605191256830601,0.002276867030965392,0.007721269188679081,-0.025239610011125048,ROBUST CANDIDATE
bb9d35fb941d9637920e,3.3.0,73026dd08db19c83059c57c75b65bcebf077280cee941bdcbc1155cb400f6517,BTC_USDT_1h_7d_crypto_core_v1_no_macro_1.0.0,crypto_core_v1,random_forest,wf_2024,validation,BTC/USDT,1h,7d,42,train_only_standard_scaler_v1,btc_usdt_return_1|btc_usdt_log_return_1|btc_usdt_return_3|btc_usdt_log_return_3|btc_usdt_return_6|btc_usdt_log_return_6|btc_usdt_return_12|btc_usdt_log_return_12|btc_usdt_return_24|btc_usdt_log_return_24|btc_usdt_momentum_6|btc_usdt_momentum_12|btc_usdt_momentum_24|btc_usdt_sma_distance_20|btc_usdt_ema_distance_20|btc_usdt_sma_distance_50|btc_usdt_ema_distance_50|btc_usdt_rsi_14|btc_usdt_realized_vol_12|btc_usdt_range_12|btc_usdt_realized_vol_24|btc_usdt_range_24|btc_usdt_realized_vol_48|btc_usdt_range_48|btc_usdt_relative_volume_24|btc_usdt_range_position_20|btc_usdt_breakout_distance_20|btc_usdt_range_position_55|btc_usdt_breakout_distance_55,direction_raw_v1,7 days 00:00:00,7 days 00:00:00,2017-08-17T00:00:00Z,2023-12-31T23:59:59Z,2024-01-01T00:00:00Z,2024-12-31T23:59:59Z,55517,8784,False,0.5247819500975116,0.5909278082859106,0.5178974292241818,0.6956127918244623,0.2511952574780698,0.5047814207650273,0.018010835016609914,8784.0,0.5727459016393442,0.4124544626593807,0.5875455373406193,0.020255236707303108,-0.016435274597043657,0.09141621129326047,0.12169854280510019,0.020951081600286813,-0.013728523851943723,0.025728597449908925,0.00853825136612022,0.011723925805109121,-0.03489146236224939,0.0053506375227686705,0.002276867030965392,0.012004140025901203,-0.01992193722226872,0.0012522768670309653,0.00034153005464480874,0.054872115943852814,0.006821885162472026,ROBUST CANDIDATE
17e0aac2f8b8d0ed33c5,3.3.0,73026dd08db19c83059c57c75b65bcebf077280cee941bdcbc1155cb400f6517,BTC_USDT_1h_7d_crypto_core_v1+crypto_context_proxy_v1_macro_proxy_1.0.0,crypto_core_v1+crypto_context_proxy_v1,logistic_regression,wf_2022,validation,BTC/USDT,1h,7d,42,train_only_standard_scaler_v1,btc_usdt_return_1|btc_usdt_log_return_1|btc_usdt_return_3|btc_usdt_log_return_3|btc_usdt_return_6|btc_usdt_log_return_6|btc_usdt_return_12|btc_usdt_log_return_12|btc_usdt_return_24|btc_usdt_log_return_24|btc_usdt_momentum_6|btc_usdt_momentum_12|btc_usdt_momentum_24|btc_usdt_sma_distance_20|btc_usdt_ema_distance_20|btc_usdt_sma_distance_50|btc_usdt_ema_distance_50|btc_usdt_rsi_14|btc_usdt_realized_vol_12|btc_usdt_range_12|btc_usdt_realized_vol_24|btc_usdt_range_24|btc_usdt_realized_vol_48|btc_usdt_range_48|btc_usdt_relative_volume_24|btc_usdt_range_position_20|btc_usdt_breakout_distance_20|btc_usdt_range_position_55|btc_usdt_breakout_distance_55|macro_es_f_proxy_value|macro_es_f_proxy_return_1|macro_nq_f_proxy_value|macro_nq_f_proxy_return_1|macro_vix_proxy_value|macro_vix_proxy_return_1|macro_urth_proxy_value|macro_urth_proxy_return_1,direction_raw_v1,7 days 00:00:00,7 days 00:00:00,2017-08-17T00:00:00Z,2021-12-31T23:59:59Z,2022-01-01T00:00:00Z,2022-12-31T23:59:59Z,20669,8760,False,0.5426267552654734,0.49139430808443485,0.5121267758039139,0.7399088726550379,0.2682193204229217,0.5611872146118722,-0.015220460947725493,8760.0,0.44646118721461187,0.04052511415525114,0.9594748858447488,0.018101950995244906,0.016627891791241793,0.01872146118721461,0.9238584474885845,0.01105605214126485,0.017543544403772614,0.008789954337899543,0.8474885844748858,0.004557332764243162,0.01914600477113514,0.003995433789954338,0.7222602739726027,0.013036740870600805,0.021139304781417928,0.002054794520547945,0.5308219178082192,-0.0042590092059382155,0.020980075749240518,ROBUST CANDIDATE
70d31ca60bfc4acc5420,3.3.0,73026dd08db19c83059c57c75b65bcebf077280cee941bdcbc1155cb400f6517,BTC_USDT_1h_7d_crypto_core_v1+crypto_context_proxy_v1_macro_proxy_1.0.0,crypto_core_v1+crypto_context_proxy_v1,hist_gradient_boosting,wf_2022,validation,BTC/USDT,1h,7d,42,train_only_standard_scaler_v1,btc_usdt_return_1|btc_usdt_log_return_1|btc_usdt_return_3|btc_usdt_log_return_3|btc_usdt_return_6|btc_usdt_log_return_6|btc_usdt_return_12|btc_usdt_log_return_12|btc_usdt_return_24|btc_usdt_log_return_24|btc_usdt_momentum_6|btc_usdt_momentum_12|btc_usdt_momentum_24|btc_usdt_sma_distance_20|btc_usdt_ema_distance_20|btc_usdt_sma_distance_50|btc_usdt_ema_distance_50|btc_usdt_rsi_14|btc_usdt_realized_vol_12|btc_usdt_range_12|btc_usdt_realized_vol_24|btc_usdt_range_24|btc_usdt_realized_vol_48|btc_usdt_range_48|btc_usdt_relative_volume_24|btc_usdt_range_position_20|btc_usdt_breakout_distance_20|btc_usdt_range_position_55|btc_usdt_breakout_distance_55|macro_es_f_proxy_value|macro_es_f_proxy_return_1|macro_nq_f_proxy_value|macro_nq_f_proxy_return_1|macro_vix_proxy_value|macro_vix_proxy_return_1|macro_urth_proxy_value|macro_urth_proxy_return_1,direction_raw_v1,7 days 00:00:00,7 days 00:00:00,2017-08-17T00:00:00Z,2021-12-31T23:59:59Z,2022-01-01T00:00:00Z,2022-12-31T23:59:59Z,20669,8760,False,0.5775908794349256,0.5138927382812711,0.5415956675544159,0.8510356315559345,0.30835142258016646,0.5050228310502283,-0.015220460947725493,8760.0,0.44646118721461187,0.8371004566210045,0.16289954337899543,-0.006336591331800756,0.0608724692823969,0.777283105022831,0.12945205479452054,-0.004935387228677574,0.06895330799490697,0.7172374429223745,0.09794520547945205,-0.002968277198187129,0.06914047605143209,0.6464611872146119,0.0656392694063927,-0.0016069416255798808,0.08063979009817059,0.5378995433789955,0.04018264840182648,0.0016685481233045794,0.07717158166743456,ROBUST CANDIDATE
f8a315424ba03454aaaa,3.3.0,73026dd08db19c83059c57c75b65bcebf077280cee941bdcbc1155cb400f6517,BTC_USDT_1h_7d_crypto_core_v1+crypto_context_proxy_v1_macro_proxy_1.0.0,crypto_core_v1+crypto_context_proxy_v1,random_forest,wf_2022,validation,BTC/USDT,1h,7d,42,train_only_standard_scaler_v1,btc_usdt_return_1|btc_usdt_log_return_1|btc_usdt_return_3|btc_usdt_log_return_3|btc_usdt_return_6|btc_usdt_log_return_6|btc_usdt_return_12|btc_usdt_log_return_12|btc_usdt_return_24|btc_usdt_log_return_24|btc_usdt_momentum_6|btc_usdt_momentum_12|btc_usdt_momentum_24|btc_usdt_sma_distance_20|btc_usdt_ema_distance_20|btc_usdt_sma_distance_50|btc_usdt_ema_distance_50|btc_usdt_rsi_14|btc_usdt_realized_vol_12|btc_usdt_range_12|btc_usdt_realized_vol_24|btc_usdt_range_24|btc_usdt_realized_vol_48|btc_usdt_range_48|btc_usdt_relative_volume_24|btc_usdt_range_position_20|btc_usdt_breakout_distance_20|btc_usdt_range_position_55|btc_usdt_breakout_distance_55|macro_es_f_proxy_value|macro_es_f_proxy_return_1|macro_nq_f_proxy_value|macro_nq_f_proxy_return_1|macro_vix_proxy_value|macro_vix_proxy_return_1|macro_urth_proxy_value|macro_urth_proxy_return_1,direction_raw_v1,7 days 00:00:00,7 days 00:00:00,2017-08-17T00:00:00Z,2021-12-31T23:59:59Z,2022-01-01T00:00:00Z,2022-12-31T23:59:59Z,20669,8760,False,0.5703407308805707,0.4989870297621868,0.5486271173115114,0.7501454434835778,0.27430568460896143,0.5113013698630137,-0.015220460947725493,8760.0,0.44646118721461187,0.8433789954337899,0.15662100456621006,-0.008755312702102624,0.05003424756482592,0.7065068493150685,0.0841324200913242,-0.005581937569945332,0.06070391479261555,0.5587899543378996,0.05114155251141553,-0.005378005878552204,0.07068381282750223,0.3886986301369863,0.03550228310502283,-0.0011819992664002786,0.07427074219352295,0.2726027397260274,0.020776255707762557,0.004295065326611216,0.09580262296789685,MIXED
271a3418afa02cb9ad61,3.3.0,73026dd08db19c83059c57c75b65bcebf077280cee941bdcbc1155cb400f6517,BTC_USDT_1h_7d_crypto_core_v1+crypto_context_proxy_v1_macro_proxy_1.0.0,crypto_core_v1+crypto_context_proxy_v1,logistic_regression,wf_2023,validation,BTC/USDT,1h,7d,42,train_only_standard_scaler_v1,btc_usdt_return_1|btc_usdt_log_return_1|btc_usdt_return_3|btc_usdt_log_return_3|btc_usdt_return_6|btc_usdt_log_return_6|btc_usdt_return_12|btc_usdt_log_return_12|btc_usdt_return_24|btc_usdt_log_return_24|btc_usdt_momentum_6|btc_usdt_momentum_12|btc_usdt_momentum_24|btc_usdt_sma_distance_20|btc_usdt_ema_distance_20|btc_usdt_sma_distance_50|btc_usdt_ema_distance_50|btc_usdt_rsi_14|btc_usdt_realized_vol_12|btc_usdt_range_12|btc_usdt_realized_vol_24|btc_usdt_range_24|btc_usdt_realized_vol_48|btc_usdt_range_48|btc_usdt_relative_volume_24|btc_usdt_range_position_20|btc_usdt_breakout_distance_20|btc_usdt_range_position_55|btc_usdt_breakout_distance_55|macro_es_f_proxy_value|macro_es_f_proxy_return_1|macro_nq_f_proxy_value|macro_nq_f_proxy_return_1|macro_vix_proxy_value|macro_vix_proxy_return_1|macro_urth_proxy_value|macro_urth_proxy_return_1,direction_raw_v1,7 days 00:00:00,7 days 00:00:00,2017-08-17T00:00:00Z,2022-12-31T23:59:59Z,2023-01-01T00:00:00Z,2023-12-31T23:59:59Z,29429,8759,False,0.5103787071809551,0.5896107756501494,0.5162503005186001,0.7407128558530416,0.2724275875474355,0.45849982874757395,0.020952579031837646,8759.0,0.5710697568215549,0.0960155268866309,0.9039844731133692,0.03203134622251316,-0.01977586228425516,0.014841876926589793,0.6713095102180614,0.013734084347060875,-0.021087268227486314,0.00159835597670967,0.33496974540472657,0.010909919673412578,-0.02487066713241779,0.00022833656810138144,0.128096814704875,0.013782197408643948,-0.0420953491034294,0.0,0.05422993492407809,,-0.08223048065915659,ROBUST CANDIDATE
d509566ec6079dd1ac28,3.3.0,73026dd08db19c83059c57c75b65bcebf077280cee941bdcbc1155cb400f6517,BTC_USDT_1h_7d_crypto_core_v1+crypto_context_proxy_v1_macro_proxy_1.0.0,crypto_core_v1+crypto_context_proxy_v1,hist_gradient_boosting,wf_2023,validation,BTC/USDT,1h,7d,42,train_only_standard_scaler_v1,btc_usdt_return_1|btc_usdt_log_return_1|btc_usdt_return_3|btc_usdt_log_return_3|btc_usdt_return_6|btc_usdt_log_return_6|btc_usdt_return_12|btc_usdt_log_return_12|btc_usdt_return_24|btc_usdt_log_return_24|btc_usdt_momentum_6|btc_usdt_momentum_12|btc_usdt_momentum_24|btc_usdt_sma_distance_20|btc_usdt_ema_distance_20|btc_usdt_sma_distance_50|btc_usdt_ema_distance_50|btc_usdt_rsi_14|btc_usdt_realized_vol_12|btc_usdt_range_12|btc_usdt_realized_vol_24|btc_usdt_range_24|btc_usdt_realized_vol_48|btc_usdt_range_48|btc_usdt_relative_volume_24|btc_usdt_range_position_20|btc_usdt_breakout_distance_20|btc_usdt_range_position_55|btc_usdt_breakout_distance_55|macro_es_f_proxy_value|macro_es_f_proxy_return_1|macro_nq_f_proxy_value|macro_nq_f_proxy_return_1|macro_vix_proxy_value|macro_vix_proxy_return_1|macro_urth_proxy_value|macro_urth_proxy_return_1,direction_raw_v1,7 days 00:00:00,7 days 00:00:00,2017-08-17T00:00:00Z,2022-12-31T23:59:59Z,2023-01-01T00:00:00Z,2023-12-31T23:59:59Z,29429,8759,False,0.49945880045639446,0.5624316876563313,0.5106352721088834,0.7525317956139416,0.27506456278193436,0.5198081972827948,0.020952579031837646,8759.0,0.5710697568215549,0.5660463523233246,0.43395364767667544,0.02167221406471732,-0.02001389171454812,0.4750542299349241,0.3393081401986528,0.020066682741823483,-0.021594839486073023,0.3762986642310766,0.23941089165429844,0.019376233325169523,-0.023052865469904513,0.27468889142596187,0.16668569471400846,0.02243879518463391,-0.029179979172483807,0.17924420595958443,0.10366480191802717,0.020534098653570417,-0.04174610774103825,ROBUST CANDIDATE
f04e35020ffec179e986,3.3.0,73026dd08db19c83059c57c75b65bcebf077280cee941bdcbc1155cb400f6517,BTC_USDT_1h_7d_crypto_core_v1+crypto_context_proxy_v1_macro_proxy_1.0.0,crypto_core_v1+crypto_context_proxy_v1,random_forest,wf_2023,validation,BTC/USDT,1h,7d,42,train_only_standard_scaler_v1,btc_usdt_return_1|btc_usdt_log_return_1|btc_usdt_return_3|btc_usdt_log_return_3|btc_usdt_return_6|btc_usdt_log_return_6|btc_usdt_return_12|btc_usdt_log_return_12|btc_usdt_return_24|btc_usdt_log_return_24|btc_usdt_momentum_6|btc_usdt_momentum_12|btc_usdt_momentum_24|btc_usdt_sma_distance_20|btc_usdt_ema_distance_20|btc_usdt_sma_distance_50|btc_usdt_ema_distance_50|btc_usdt_rsi_14|btc_usdt_realized_vol_12|btc_usdt_range_12|btc_usdt_realized_vol_24|btc_usdt_range_24|btc_usdt_realized_vol_48|btc_usdt_range_48|btc_usdt_relative_volume_24|btc_usdt_range_position_20|btc_usdt_breakout_distance_20|btc_usdt_range_position_55|btc_usdt_breakout_distance_55|macro_es_f_proxy_value|macro_es_f_proxy_return_1|macro_nq_f_proxy_value|macro_nq_f_proxy_return_1|macro_vix_proxy_value|macro_vix_proxy_return_1|macro_urth_proxy_value|macro_urth_proxy_return_1,direction_raw_v1,7 days 00:00:00,7 days 00:00:00,2017-08-17T00:00:00Z,2022-12-31T23:59:59Z,2023-01-01T00:00:00Z,2023-12-31T23:59:59Z,29429,8759,False,0.4993369700296618,0.5793636935181503,0.4956294298889441,0.7123649440875793,0.2593307183110736,0.48099098070556,0.020952579031837646,8759.0,0.5710697568215549,0.3963922822239982,0.6036077177760019,0.013976043595866778,-0.025534105612827023,0.18540929329832173,0.35746089736271264,0.013623923887785194,-0.025540426613661443,0.06039502226281539,0.18255508619705446,0.025381111543331683,-0.022932211547538,0.014156867222285648,0.057426646877497434,0.047118274702897894,-0.008358560929945354,0.0013700194086082886,0.010617650416714237,0.011828951429283705,-0.012618999537173891,MIXED
caef0a1bfd64e5cc75e7,3.3.0,73026dd08db19c83059c57c75b65bcebf077280cee941bdcbc1155cb400f6517,BTC_USDT_1h_7d_crypto_core_v1+crypto_context_proxy_v1_macro_proxy_1.0.0,crypto_core_v1+crypto_context_proxy_v1,logistic_regression,wf_2024,validation,BTC/USDT,1h,7d,42,train_only_standard_scaler_v1,btc_usdt_return_1|btc_usdt_log_return_1|btc_usdt_return_3|btc_usdt_log_return_3|btc_usdt_return_6|btc_usdt_log_return_6|btc_usdt_return_12|btc_usdt_log_return_12|btc_usdt_return_24|btc_usdt_log_return_24|btc_usdt_momentum_6|btc_usdt_momentum_12|btc_usdt_momentum_24|btc_usdt_sma_distance_20|btc_usdt_ema_distance_20|btc_usdt_sma_distance_50|btc_usdt_ema_distance_50|btc_usdt_rsi_14|btc_usdt_realized_vol_12|btc_usdt_range_12|btc_usdt_realized_vol_24|btc_usdt_range_24|btc_usdt_realized_vol_48|btc_usdt_range_48|btc_usdt_relative_volume_24|btc_usdt_range_position_20|btc_usdt_breakout_distance_20|btc_usdt_range_position_55|btc_usdt_breakout_distance_55|macro_es_f_proxy_value|macro_es_f_proxy_return_1|macro_nq_f_proxy_value|macro_nq_f_proxy_return_1|macro_vix_proxy_value|macro_vix_proxy_return_1|macro_urth_proxy_value|macro_urth_proxy_return_1,direction_raw_v1,7 days 00:00:00,7 days 00:00:00,2017-08-17T00:00:00Z,2023-12-31T23:59:59Z,2024-01-01T00:00:00Z,2024-12-31T23:59:59Z,38188,8784,False,0.4664916579292055,0.5528218926676673,0.4955725342206855,0.7572116409196796,0.2805113575927204,0.42873406193078323,0.018010835016609914,8784.0,0.5727459016393442,0.039959016393442626,0.9600409836065574,0.026311158150726235,-0.017665357319458865,0.0015938069216757742,0.7411202185792349,-0.020884538060402563,-0.015873182000612333,0.0,0.4305555555555556,,-0.01734320174581586,0.0,0.19148451730418944,,-0.02158100310980505,0.0,0.05658014571948998,,-0.026638718262092027,ROBUST CANDIDATE
3e3b77ddc4aad964585e,3.3.0,73026dd08db19c83059c57c75b65bcebf077280cee941bdcbc1155cb400f6517,BTC_USDT_1h_7d_crypto_core_v1+crypto_context_proxy_v1_macro_proxy_1.0.0,crypto_core_v1+crypto_context_proxy_v1,hist_gradient_boosting,wf_2024,validation,BTC/USDT,1h,7d,42,train_only_standard_scaler_v1,btc_usdt_return_1|btc_usdt_log_return_1|btc_usdt_return_3|btc_usdt_log_return_3|btc_usdt_return_6|btc_usdt_log_return_6|btc_usdt_return_12|btc_usdt_log_return_12|btc_usdt_return_24|btc_usdt_log_return_24|btc_usdt_momentum_6|btc_usdt_momentum_12|btc_usdt_momentum_24|btc_usdt_sma_distance_20|btc_usdt_ema_distance_20|btc_usdt_sma_distance_50|btc_usdt_ema_distance_50|btc_usdt_rsi_14|btc_usdt_realized_vol_12|btc_usdt_range_12|btc_usdt_realized_vol_24|btc_usdt_range_24|btc_usdt_realized_vol_48|btc_usdt_range_48|btc_usdt_relative_volume_24|btc_usdt_range_position_20|btc_usdt_breakout_distance_20|btc_usdt_range_position_55|btc_usdt_breakout_distance_55|macro_es_f_proxy_value|macro_es_f_proxy_return_1|macro_nq_f_proxy_value|macro_nq_f_proxy_return_1|macro_vix_proxy_value|macro_vix_proxy_return_1|macro_urth_proxy_value|macro_urth_proxy_return_1,direction_raw_v1,7 days 00:00:00,7 days 00:00:00,2017-08-17T00:00:00Z,2023-12-31T23:59:59Z,2024-01-01T00:00:00Z,2024-12-31T23:59:59Z,38188,8784,False,0.5010991538048961,0.5595712395636541,0.4879957691568868,1.1574809808805495,0.40997262144050434,0.4213342440801457,0.018010835016609914,8784.0,0.5727459016393442,0.04007285974499089,0.9599271402550091,0.004757058588633219,-0.018564123596145943,0.022654826958105646,0.9415983606557377,-0.0016109902249798528,-0.018963602831081092,0.011270491803278689,0.9082422586520947,0.0009041696726798188,-0.01924191677259212,0.0042122040072859745,0.8647540983606558,0.02303920626423145,-0.01911956007808263,0.0030737704918032786,0.8224043715846995,0.01025423253480915,-0.018986610913853286,ROBUST CANDIDATE
32cf16635e831dd073a2,3.3.0,73026dd08db19c83059c57c75b65bcebf077280cee941bdcbc1155cb400f6517,BTC_USDT_1h_7d_crypto_core_v1+crypto_context_proxy_v1_macro_proxy_1.0.0,crypto_core_v1+crypto_context_proxy_v1,random_forest,wf_2024,validation,BTC/USDT,1h,7d,42,train_only_standard_scaler_v1,btc_usdt_return_1|btc_usdt_log_return_1|btc_usdt_return_3|btc_usdt_log_return_3|btc_usdt_return_6|btc_usdt_log_return_6|btc_usdt_return_12|btc_usdt_log_return_12|btc_usdt_return_24|btc_usdt_log_return_24|btc_usdt_momentum_6|btc_usdt_momentum_12|btc_usdt_momentum_24|btc_usdt_sma_distance_20|btc_usdt_ema_distance_20|btc_usdt_sma_distance_50|btc_usdt_ema_distance_50|btc_usdt_rsi_14|btc_usdt_realized_vol_12|btc_usdt_range_12|btc_usdt_realized_vol_24|btc_usdt_range_24|btc_usdt_realized_vol_48|btc_usdt_range_48|btc_usdt_relative_volume_24|btc_usdt_range_position_20|btc_usdt_breakout_distance_20|btc_usdt_range_position_55|btc_usdt_breakout_distance_55|macro_es_f_proxy_value|macro_es_f_proxy_return_1|macro_nq_f_proxy_value|macro_nq_f_proxy_return_1|macro_vix_proxy_value|macro_vix_proxy_return_1|macro_urth_proxy_value|macro_urth_proxy_return_1,direction_raw_v1,7 days 00:00:00,7 days 00:00:00,2017-08-17T00:00:00Z,2023-12-31T23:59:59Z,2024-01-01T00:00:00Z,2024-12-31T23:59:59Z,38188,8784,False,0.49747404090906033,0.5603792368320868,0.49594099318041096,0.9736864287872267,0.36174229494276816,0.42714025500910746,0.018010835016609914,8784.0,0.5727459016393442,0.026525500910746812,0.9734744990892532,0.015535744674498008,-0.018078276959039116,0.008765938069216758,0.9412568306010929,0.04648105408792197,-0.018653870043179196,0.0030737704918032786,0.9025500910746812,0.04894400023850199,-0.019576805158203727,0.0004553734061930783,0.8406193078324226,-0.02558136494759533,-0.02017790452326381,0.0,0.7387295081967213,,-0.019529435951226717,MIXED
ebdefac3d484a142dbd7,3.3.0,73026dd08db19c83059c57c75b65bcebf077280cee941bdcbc1155cb400f6517,BTC_USDT_4h_7d_crypto_core_v1_no_macro_1.0.0,crypto_core_v1,logistic_regression,wf_2022,validation,BTC/USDT,4h,7d,42,train_only_standard_scaler_v1,btc_usdt_return_1|btc_usdt_log_return_1|btc_usdt_return_3|btc_usdt_log_return_3|btc_usdt_return_6|btc_usdt_log_return_6|btc_usdt_return_12|btc_usdt_log_return_12|btc_usdt_return_24|btc_usdt_log_return_24|btc_usdt_momentum_6|btc_usdt_momentum_12|btc_usdt_momentum_24|btc_usdt_sma_distance_20|btc_usdt_ema_distance_20|btc_usdt_sma_distance_50|btc_usdt_ema_distance_50|btc_usdt_rsi_14|btc_usdt_realized_vol_12|btc_usdt_range_12|btc_usdt_realized_vol_24|btc_usdt_range_24|btc_usdt_realized_vol_48|btc_usdt_range_48|btc_usdt_relative_volume_24|btc_usdt_range_position_20|btc_usdt_breakout_distance_20|btc_usdt_range_position_55|btc_usdt_breakout_distance_55,direction_raw_v1,7 days 00:00:00,7 days 00:00:00,2017-08-17T00:00:00Z,2021-12-31T23:59:59Z,2022-01-01T00:00:00Z,2022-12-31T23:59:59Z,9473,2190,False,0.46697711906147854,0.42048875783632617,0.485288290701044,0.6978994582233204,0.25232813635116635,0.5050228310502283,-0.01523167825696832,2190.0,0.44337899543378995,0.3273972602739726,0.6726027397260274,-0.02464957544026771,0.010647406511940714,0.03972602739726028,0.13333333333333333,-0.04749878470823465,0.00027288376866556005,0.00502283105022831,0.012785388127853882,-0.05318005541441822,-0.014070751897817674,0.00045662100456621003,0.00228310502283105,-0.053287600876402275,-0.03800072089754085,0.0,0.0,,,MIXED
52112d02a3c7528298c3,3.3.0,73026dd08db19c83059c57c75b65bcebf077280cee941bdcbc1155cb400f6517,BTC_USDT_4h_7d_crypto_core_v1_no_macro_1.0.0,crypto_core_v1,hist_gradient_boosting,wf_2022,validation,BTC/USDT,4h,7d,42,train_only_standard_scaler_v1,btc_usdt_return_1|btc_usdt_log_return_1|btc_usdt_return_3|btc_usdt_log_return_3|btc_usdt_return_6|btc_usdt_log_return_6|btc_usdt_return_12|btc_usdt_log_return_12|btc_usdt_return_24|btc_usdt_log_return_24|btc_usdt_momentum_6|btc_usdt_momentum_12|btc_usdt_momentum_24|btc_usdt_sma_distance_20|btc_usdt_ema_distance_20|btc_usdt_sma_distance_50|btc_usdt_ema_distance_50|btc_usdt_rsi_14|btc_usdt_realized_vol_12|btc_usdt_range_12|btc_usdt_realized_vol_24|btc_usdt_range_24|btc_usdt_realized_vol_48|btc_usdt_range_48|btc_usdt_relative_volume_24|btc_usdt_range_position_20|btc_usdt_breakout_distance_20|btc_usdt_range_position_55|btc_usdt_breakout_distance_55,direction_raw_v1,7 days 00:00:00,7 days 00:00:00,2017-08-17T00:00:00Z,2021-12-31T23:59:59Z,2022-01-01T00:00:00Z,2022-12-31T23:59:59Z,9473,2190,False,0.48152577326555424,0.4281803743346281,0.4892615969768065,0.7629638118586854,0.28041662302565107,0.4730593607305936,-0.01523167825696832,2190.0,0.44337899543378995,0.6442922374429224,0.35570776255707764,-0.015012116351220336,0.015629369975852025,0.4990867579908676,0.22694063926940639,-0.015081791307839983,0.015857982111636602,0.3607305936073059,0.1319634703196347,-0.018155563627035517,0.013809301151825456,0.22694063926940639,0.07625570776255708,-0.015645202823047964,0.007095132724815826,0.12831050228310503,0.045205479452054796,-0.015449474779090332,0.004606851047101043,ROBUST CANDIDATE
d9240e5c5b43eac01c0c,3.3.0,73026dd08db19c83059c57c75b65bcebf077280cee941bdcbc1155cb400f6517,BTC_USDT_4h_7d_crypto_core_v1_no_macro_1.0.0,crypto_core_v1,random_forest,wf_2022,validation,BTC/USDT,4h,7d,42,train_only_standard_scaler_v1,btc_usdt_return_1|btc_usdt_log_return_1|btc_usdt_return_3|btc_usdt_log_return_3|btc_usdt_return_6|btc_usdt_log_return_6|btc_usdt_return_12|btc_usdt_log_return_12|btc_usdt_return_24|btc_usdt_log_return_24|btc_usdt_momentum_6|btc_usdt_momentum_12|btc_usdt_momentum_24|btc_usdt_sma_distance_20|btc_usdt_ema_distance_20|btc_usdt_sma_distance_50|btc_usdt_ema_distance_50|btc_usdt_rsi_14|btc_usdt_realized_vol_12|btc_usdt_range_12|btc_usdt_realized_vol_24|btc_usdt_range_24|btc_usdt_realized_vol_48|btc_usdt_range_48|btc_usdt_relative_volume_24|btc_usdt_range_position_20|btc_usdt_breakout_distance_20|btc_usdt_range_position_55|btc_usdt_breakout_distance_55,direction_raw_v1,7 days 00:00:00,7 days 00:00:00,2017-08-17T00:00:00Z,2021-12-31T23:59:59Z,2022-01-01T00:00:00Z,2022-12-31T23:59:59Z,9473,2190,False,0.4930701584675863,0.44200105500912723,0.4795969920136797,0.709173523763314,0.25757323233998786,0.47442922374429225,-0.01523167825696832,2190.0,0.44337899543378995,0.547945205479452,0.4520547945205479,-0.014950280852136571,0.015572766020400742,0.26757990867579906,0.22602739726027396,-0.013207280937431964,0.013538104960166783,0.09908675799086758,0.08949771689497717,-0.0065302140529595164,0.014730105128824717,0.045205479452054796,0.03424657534246575,0.014810227549267417,0.014940116606800257,0.024657534246575342,0.012328767123287671,-0.010547989617475299,0.015969386275583176,ROBUST CANDIDATE
0da3a66240c3d748623d,3.3.0,73026dd08db19c83059c57c75b65bcebf077280cee941bdcbc1155cb400f6517,BTC_USDT_4h_7d_crypto_core_v1_no_macro_1.0.0,crypto_core_v1,logistic_regression,wf_2023,validation,BTC/USDT,4h,7d,42,train_only_standard_scaler_v1,btc_usdt_return_1|btc_usdt_log_return_1|btc_usdt_return_3|btc_usdt_log_return_3|btc_usdt_return_6|btc_usdt_log_return_6|btc_usdt_return_12|btc_usdt_log_return_12|btc_usdt_return_24|btc_usdt_log_return_24|btc_usdt_momentum_6|btc_usdt_momentum_12|btc_usdt_momentum_24|btc_usdt_sma_distance_20|btc_usdt_ema_distance_20|btc_usdt_sma_distance_50|btc_usdt_ema_distance_50|btc_usdt_rsi_14|btc_usdt_realized_vol_12|btc_usdt_range_12|btc_usdt_realized_vol_24|btc_usdt_range_24|btc_usdt_realized_vol_48|btc_usdt_range_48|btc_usdt_relative_volume_24|btc_usdt_range_position_20|btc_usdt_breakout_distance_20|btc_usdt_range_position_55|btc_usdt_breakout_distance_55,direction_raw_v1,7 days 00:00:00,7 days 00:00:00,2017-08-17T00:00:00Z,2022-12-31T23:59:59Z,2023-01-01T00:00:00Z,2023-12-31T23:59:59Z,11663,2190,False,0.5010550283725145,0.6092856659524268,0.5344966177782925,0.6971603447849791,0.2520031887232518,0.4986301369863014,0.020929094463293454,2190.0,0.5716894977168949,0.2547945205479452,0.7452054794520548,0.01855191690653769,-0.021741879436743033,0.03561643835616438,0.08127853881278539,0.022881202381315184,-0.027261800564861036,0.0027397260273972603,0.0,0.027220695877689494,,0.00045662100456621003,0.0,0.08288925867755803,,0.0,0.0,,,MIXED
04fb04d3188052038f46,3.3.0,73026dd08db19c83059c57c75b65bcebf077280cee941bdcbc1155cb400f6517,BTC_USDT_4h_7d_crypto_core_v1_no_macro_1.0.0,crypto_core_v1,hist_gradient_boosting,wf_2023,validation,BTC/USDT,4h,7d,42,train_only_standard_scaler_v1,btc_usdt_return_1|btc_usdt_log_return_1|btc_usdt_return_3|btc_usdt_log_return_3|btc_usdt_return_6|btc_usdt_log_return_6|btc_usdt_return_12|btc_usdt_log_return_12|btc_usdt_return_24|btc_usdt_log_return_24|btc_usdt_momentum_6|btc_usdt_momentum_12|btc_usdt_momentum_24|btc_usdt_sma_distance_20|btc_usdt_ema_distance_20|btc_usdt_sma_distance_50|btc_usdt_ema_distance_50|btc_usdt_rsi_14|btc_usdt_realized_vol_12|btc_usdt_range_12|btc_usdt_realized_vol_24|btc_usdt_range_24|btc_usdt_realized_vol_48|btc_usdt_range_48|btc_usdt_relative_volume_24|btc_usdt_range_position_20|btc_usdt_breakout_distance_20|btc_usdt_range_position_55|btc_usdt_breakout_distance_55,direction_raw_v1,7 days 00:00:00,7 days 00:00:00,2017-08-17T00:00:00Z,2022-12-31T23:59:59Z,2023-01-01T00:00:00Z,2023-12-31T23:59:59Z,11663,2190,False,0.5261198287430942,0.6216833703686604,0.49691495739013736,0.7105156788190402,0.2582356801679842,0.5027397260273972,0.020929094463293454,2190.0,0.5716894977168949,0.5401826484018265,0.4598173515981735,0.018037104975754843,-0.024326535936737524,0.4214611872146119,0.32968036529680367,0.015565234710596402,-0.02305927615402637,0.3091324200913242,0.20684931506849316,0.015155920258002525,-0.0192672268543009,0.2146118721461187,0.09452054794520548,0.020660969674692643,-0.018694275300992887,0.1324200913242009,0.03789954337899543,0.02784318255764123,-0.015334104932312471,ROBUST CANDIDATE
2be8a06183f63644089b,3.3.0,73026dd08db19c83059c57c75b65bcebf077280cee941bdcbc1155cb400f6517,BTC_USDT_4h_7d_crypto_core_v1_no_macro_1.0.0,crypto_core_v1,random_forest,wf_2023,validation,BTC/USDT,4h,7d,42,train_only_standard_scaler_v1,btc_usdt_return_1|btc_usdt_log_return_1|btc_usdt_return_3|btc_usdt_log_return_3|btc_usdt_return_6|btc_usdt_log_return_6|btc_usdt_return_12|btc_usdt_log_return_12|btc_usdt_return_24|btc_usdt_log_return_24|btc_usdt_momentum_6|btc_usdt_momentum_12|btc_usdt_momentum_24|btc_usdt_sma_distance_20|btc_usdt_ema_distance_20|btc_usdt_sma_distance_50|btc_usdt_ema_distance_50|btc_usdt_rsi_14|btc_usdt_realized_vol_12|btc_usdt_range_12|btc_usdt_realized_vol_24|btc_usdt_range_24|btc_usdt_realized_vol_48|btc_usdt_range_48|btc_usdt_relative_volume_24|btc_usdt_range_position_20|btc_usdt_breakout_distance_20|btc_usdt_range_position_55|btc_usdt_breakout_distance_55,direction_raw_v1,7 days 00:00:00,7 days 00:00:00,2017-08-17T00:00:00Z,2022-12-31T23:59:59Z,2023-01-01T00:00:00Z,2023-12-31T23:59:59Z,11663,2190,False,0.5717529990394898,0.649523712064207,0.53879762529207,0.6864601397295124,0.2468450888120711,0.528310502283105,0.020929094463293454,2190.0,0.5716894977168949,0.4324200913242009,0.5675799086757991,0.0219366840692612,-0.020161445744989792,0.2602739726027397,0.3584474885844749,0.023990209737344635,-0.016616573151629167,0.14931506849315068,0.1643835616438356,0.0313681127934568,-0.01890597566750868,0.0863013698630137,0.031050228310502283,0.03275314271889367,-0.033296094036559434,0.045205479452054796,0.006392694063926941,0.03171449233049496,-0.0837404819543968,ROBUST CANDIDATE
b8bcc2f8ef5e5a0226b9,3.3.0,73026dd08db19c83059c57c75b65bcebf077280cee941bdcbc1155cb400f6517,BTC_USDT_4h_7d_crypto_core_v1_no_macro_1.0.0,crypto_core_v1,logistic_regression,wf_2024,validation,BTC/USDT,4h,7d,42,train_only_standard_scaler_v1,btc_usdt_return_1|btc_usdt_log_return_1|btc_usdt_return_3|btc_usdt_log_return_3|btc_usdt_return_6|btc_usdt_log_return_6|btc_usdt_return_12|btc_usdt_log_return_12|btc_usdt_return_24|btc_usdt_log_return_24|btc_usdt_momentum_6|btc_usdt_momentum_12|btc_usdt_momentum_24|btc_usdt_sma_distance_20|btc_usdt_ema_distance_20|btc_usdt_sma_distance_50|btc_usdt_ema_distance_50|btc_usdt_rsi_14|btc_usdt_realized_vol_12|btc_usdt_range_12|btc_usdt_realized_vol_24|btc_usdt_range_24|btc_usdt_realized_vol_48|btc_usdt_range_48|btc_usdt_relative_volume_24|btc_usdt_range_position_20|btc_usdt_breakout_distance_20|btc_usdt_range_position_55|btc_usdt_breakout_distance_55,direction_raw_v1,7 days 00:00:00,7 days 00:00:00,2017-08-17T00:00:00Z,2023-12-31T23:59:59Z,2024-01-01T00:00:00Z,2024-12-31T23:59:59Z,13853,2196,False,0.5171321733821734,0.6135534927046613,0.5138431013431013,0.6945467012571123,0.2506986146794076,0.49681238615664847,0.018017199364080305,2196.0,0.5737704918032787,0.3866120218579235,0.6133879781420765,0.02579470969957044,-0.01311511601231259,0.03460837887067395,0.07058287795992714,0.05479850787030451,-0.007976773671251398,0.001366120218579235,0.001366120218579235,0.06863741623156157,-0.06493953161162531,0.0,0.0,,,0.0,0.0,,,MIXED
dad4b20d4a673e0f47ff,3.3.0,73026dd08db19c83059c57c75b65bcebf077280cee941bdcbc1155cb400f6517,BTC_USDT_4h_7d_crypto_core_v1_no_macro_1.0.0,crypto_core_v1,hist_gradient_boosting,wf_2024,validation,BTC/USDT,4h,7d,42,train_only_standard_scaler_v1,btc_usdt_return_1|btc_usdt_log_return_1|btc_usdt_return_3|btc_usdt_log_return_3|btc_usdt_return_6|btc_usdt_log_return_6|btc_usdt_return_12|btc_usdt_log_return_12|btc_usdt_return_24|btc_usdt_log_return_24|btc_usdt_momentum_6|btc_usdt_momentum_12|btc_usdt_momentum_24|btc_usdt_sma_distance_20|btc_usdt_ema_distance_20|btc_usdt_sma_distance_50|btc_usdt_ema_distance_50|btc_usdt_rsi_14|btc_usdt_realized_vol_12|btc_usdt_range_12|btc_usdt_realized_vol_24|btc_usdt_range_24|btc_usdt_realized_vol_48|btc_usdt_range_48|btc_usdt_relative_volume_24|btc_usdt_range_position_20|btc_usdt_breakout_distance_20|btc_usdt_range_position_55|btc_usdt_breakout_distance_55,direction_raw_v1,7 days 00:00:00,7 days 00:00:00,2017-08-17T00:00:00Z,2023-12-31T23:59:59Z,2024-01-01T00:00:00Z,2024-12-31T23:59:59Z,13853,2196,False,0.5481892721476054,0.6507960611420582,0.515583028083028,0.6859668074196866,0.24704797970204445,0.5268670309653917,0.018017199364080305,2196.0,0.5737704918032787,0.5787795992714025,0.42122040072859745,0.021872078816867688,-0.012720386624088144,0.3770491803278688,0.24271402550091076,0.029160901197883626,-0.010384828080666443,0.18806921675774135,0.12249544626593807,0.043660122126728984,-0.01670481200230083,0.09608378870673953,0.05418943533697632,0.06874670409461354,-0.02170606780420173,0.0482695810564663,0.011384335154826957,0.09455070790599718,-0.02775859387390072,ROBUST CANDIDATE
c8d7458b1a38eb5ebf9f,3.3.0,73026dd08db19c83059c57c75b65bcebf077280cee941bdcbc1155cb400f6517,BTC_USDT_4h_7d_crypto_core_v1_no_macro_1.0.0,crypto_core_v1,random_forest,wf_2024,validation,BTC/USDT,4h,7d,42,train_only_standard_scaler_v1,btc_usdt_return_1|btc_usdt_log_return_1|btc_usdt_return_3|btc_usdt_log_return_3|btc_usdt_return_6|btc_usdt_log_return_6|btc_usdt_return_12|btc_usdt_log_return_12|btc_usdt_return_24|btc_usdt_log_return_24|btc_usdt_momentum_6|btc_usdt_momentum_12|btc_usdt_momentum_24|btc_usdt_sma_distance_20|btc_usdt_ema_distance_20|btc_usdt_sma_distance_50|btc_usdt_ema_distance_50|btc_usdt_rsi_14|btc_usdt_realized_vol_12|btc_usdt_range_12|btc_usdt_realized_vol_24|btc_usdt_range_24|btc_usdt_realized_vol_48|btc_usdt_range_48|btc_usdt_relative_volume_24|btc_usdt_range_position_20|btc_usdt_breakout_distance_20|btc_usdt_range_position_55|btc_usdt_breakout_distance_55,direction_raw_v1,7 days 00:00:00,7 days 00:00:00,2017-08-17T00:00:00Z,2023-12-31T23:59:59Z,2024-01-01T00:00:00Z,2024-12-31T23:59:59Z,13853,2196,False,0.5724180911680912,0.6750909882397111,0.547985347985348,0.6853728585877766,0.24640573248219708,0.5314207650273224,0.018017199364080305,2196.0,0.5737704918032787,0.3948087431693989,0.605191256830601,0.030879803941539115,-0.009626019402713275,0.16074681238615665,0.3146630236794171,0.055994176763525735,-0.009742507083864118,0.07240437158469945,0.1302367941712204,0.08620289723607814,-0.004911240358394434,0.03278688524590164,0.023224043715846996,0.12968088331702182,-0.007251815874508647,0.020947176684881604,0.0,0.15916081372541152,,ROBUST CANDIDATE
b97890d9e70d0a9cac76,3.3.0,73026dd08db19c83059c57c75b65bcebf077280cee941bdcbc1155cb400f6517,BTC_USDT_4h_7d_crypto_core_v1+crypto_context_proxy_v1_macro_proxy_1.0.0,crypto_core_v1+crypto_context_proxy_v1,logistic_regression,wf_2022,validation,BTC/USDT,4h,7d,42,train_only_standard_scaler_v1,btc_usdt_return_1|btc_usdt_log_return_1|btc_usdt_return_3|btc_usdt_log_return_3|btc_usdt_return_6|btc_usdt_log_return_6|btc_usdt_return_12|btc_usdt_log_return_12|btc_usdt_return_24|btc_usdt_log_return_24|btc_usdt_momentum_6|btc_usdt_momentum_12|btc_usdt_momentum_24|btc_usdt_sma_distance_20|btc_usdt_ema_distance_20|btc_usdt_sma_distance_50|btc_usdt_ema_distance_50|btc_usdt_rsi_14|btc_usdt_realized_vol_12|btc_usdt_range_12|btc_usdt_realized_vol_24|btc_usdt_range_24|btc_usdt_realized_vol_48|btc_usdt_range_48|btc_usdt_relative_volume_24|btc_usdt_range_position_20|btc_usdt_breakout_distance_20|btc_usdt_range_position_55|btc_usdt_breakout_distance_55|macro_es_f_proxy_value|macro_es_f_proxy_return_1|macro_nq_f_proxy_value|macro_nq_f_proxy_return_1|macro_vix_proxy_value|macro_vix_proxy_return_1|macro_urth_proxy_value|macro_urth_proxy_return_1,direction_raw_v1,7 days 00:00:00,7 days 00:00:00,2017-08-17T00:00:00Z,2021-12-31T23:59:59Z,2022-01-01T00:00:00Z,2022-12-31T23:59:59Z,5176,2190,False,0.5485629608101725,0.512172399940663,0.5309597693235072,0.703706380146704,0.2532112270964177,0.5753424657534246,-0.01523167825696832,2190.0,0.44337899543378995,0.1045662100456621,0.8954337899543379,0.01819014180113945,0.01913458330199977,0.041552511415525115,0.7995433789954338,0.032592530284656716,0.02006291454804428,0.01780821917808219,0.663013698630137,0.06986066201512861,0.021370341366996806,0.00502283105022831,0.4598173515981735,0.09829354814868299,0.021967279620049796,0.0031963470319634705,0.27488584474885847,0.10241781495006388,0.013247830292241823,ROBUST CANDIDATE
faddedf8dc8bc4b17543,3.3.0,73026dd08db19c83059c57c75b65bcebf077280cee941bdcbc1155cb400f6517,BTC_USDT_4h_7d_crypto_core_v1+crypto_context_proxy_v1_macro_proxy_1.0.0,crypto_core_v1+crypto_context_proxy_v1,hist_gradient_boosting,wf_2022,validation,BTC/USDT,4h,7d,42,train_only_standard_scaler_v1,btc_usdt_return_1|btc_usdt_log_return_1|btc_usdt_return_3|btc_usdt_log_return_3|btc_usdt_return_6|btc_usdt_log_return_6|btc_usdt_return_12|btc_usdt_log_return_12|btc_usdt_return_24|btc_usdt_log_return_24|btc_usdt_momentum_6|btc_usdt_momentum_12|btc_usdt_momentum_24|btc_usdt_sma_distance_20|btc_usdt_ema_distance_20|btc_usdt_sma_distance_50|btc_usdt_ema_distance_50|btc_usdt_rsi_14|btc_usdt_realized_vol_12|btc_usdt_range_12|btc_usdt_realized_vol_24|btc_usdt_range_24|btc_usdt_realized_vol_48|btc_usdt_range_48|btc_usdt_relative_volume_24|btc_usdt_range_position_20|btc_usdt_breakout_distance_20|btc_usdt_range_position_55|btc_usdt_breakout_distance_55|macro_es_f_proxy_value|macro_es_f_proxy_return_1|macro_nq_f_proxy_value|macro_nq_f_proxy_return_1|macro_vix_proxy_value|macro_vix_proxy_return_1|macro_urth_proxy_value|macro_urth_proxy_return_1,direction_raw_v1,7 days 00:00:00,7 days 00:00:00,2017-08-17T00:00:00Z,2021-12-31T23:59:59Z,2022-01-01T00:00:00Z,2022-12-31T23:59:59Z,5176,2190,False,0.5777143393016003,0.4878139051152708,0.5564707104893427,0.9232867568824922,0.3281247606505167,0.5132420091324201,-0.01523167825696832,2190.0,0.44337899543378995,0.8753424657534247,0.12465753424657534,-0.006653346162259706,0.0754685376912409,0.8447488584474886,0.09497716894977169,-0.005756851950131133,0.08061128570065053,0.7949771689497717,0.06712328767123288,-0.005007967519084573,0.0820155007559537,0.7278538812785388,0.03972602739726028,-0.0046024262874552494,0.08923656752501764,0.6410958904109589,0.023744292237442923,-0.004678715272376078,0.07540020846567558,ROBUST CANDIDATE
265566d1ec6d7c413626,3.3.0,73026dd08db19c83059c57c75b65bcebf077280cee941bdcbc1155cb400f6517,BTC_USDT_4h_7d_crypto_core_v1+crypto_context_proxy_v1_macro_proxy_1.0.0,crypto_core_v1+crypto_context_proxy_v1,random_forest,wf_2022,validation,BTC/USDT,4h,7d,42,train_only_standard_scaler_v1,btc_usdt_return_1|btc_usdt_log_return_1|btc_usdt_return_3|btc_usdt_log_return_3|btc_usdt_return_6|btc_usdt_log_return_6|btc_usdt_return_12|btc_usdt_log_return_12|btc_usdt_return_24|btc_usdt_log_return_24|btc_usdt_momentum_6|btc_usdt_momentum_12|btc_usdt_momentum_24|btc_usdt_sma_distance_20|btc_usdt_ema_distance_20|btc_usdt_sma_distance_50|btc_usdt_ema_distance_50|btc_usdt_rsi_14|btc_usdt_realized_vol_12|btc_usdt_range_12|btc_usdt_realized_vol_24|btc_usdt_range_24|btc_usdt_realized_vol_48|btc_usdt_range_48|btc_usdt_relative_volume_24|btc_usdt_range_position_20|btc_usdt_breakout_distance_20|btc_usdt_range_position_55|btc_usdt_breakout_distance_55|macro_es_f_proxy_value|macro_es_f_proxy_return_1|macro_nq_f_proxy_value|macro_nq_f_proxy_return_1|macro_vix_proxy_value|macro_vix_proxy_return_1|macro_urth_proxy_value|macro_urth_proxy_return_1,direction_raw_v1,7 days 00:00:00,7 days 00:00:00,2017-08-17T00:00:00Z,2021-12-31T23:59:59Z,2022-01-01T00:00:00Z,2022-12-31T23:59:59Z,5176,2190,False,0.5758345590626951,0.5126045552234911,0.5255658560941631,0.7402420212111788,0.2712795810237795,0.4863013698630137,-0.01523167825696832,2190.0,0.44337899543378995,0.8438356164383561,0.15616438356164383,-0.00958331668220751,0.04575264957321972,0.7264840182648402,0.07579908675799087,-0.005846130834939392,0.059465187838313026,0.5470319634703197,0.040639269406392696,0.00023271448775697462,0.06377111543059487,0.3817351598173516,0.014155251141552512,0.002483913613186206,0.05816228666624172,0.2146118721461187,0.005479452054794521,0.005276718939187592,0.053732374831982704,ROBUST CANDIDATE
0fa8974c0c36a53593f6,3.3.0,73026dd08db19c83059c57c75b65bcebf077280cee941bdcbc1155cb400f6517,BTC_USDT_4h_7d_crypto_core_v1+crypto_context_proxy_v1_macro_proxy_1.0.0,crypto_core_v1+crypto_context_proxy_v1,logistic_regression,wf_2023,validation,BTC/USDT,4h,7d,42,train_only_standard_scaler_v1,btc_usdt_return_1|btc_usdt_log_return_1|btc_usdt_return_3|btc_usdt_log_return_3|btc_usdt_return_6|btc_usdt_log_return_6|btc_usdt_return_12|btc_usdt_log_return_12|btc_usdt_return_24|btc_usdt_log_return_24|btc_usdt_momentum_6|btc_usdt_momentum_12|btc_usdt_momentum_24|btc_usdt_sma_distance_20|btc_usdt_ema_distance_20|btc_usdt_sma_distance_50|btc_usdt_ema_distance_50|btc_usdt_rsi_14|btc_usdt_realized_vol_12|btc_usdt_range_12|btc_usdt_realized_vol_24|btc_usdt_range_24|btc_usdt_realized_vol_48|btc_usdt_range_48|btc_usdt_relative_volume_24|btc_usdt_range_position_20|btc_usdt_breakout_distance_20|btc_usdt_range_position_55|btc_usdt_breakout_distance_55|macro_es_f_proxy_value|macro_es_f_proxy_return_1|macro_nq_f_proxy_value|macro_nq_f_proxy_return_1|macro_vix_proxy_value|macro_vix_proxy_return_1|macro_urth_proxy_value|macro_urth_proxy_return_1,direction_raw_v1,7 days 00:00:00,7 days 00:00:00,2017-08-17T00:00:00Z,2022-12-31T23:59:59Z,2023-01-01T00:00:00Z,2023-12-31T23:59:59Z,7366,2190,False,0.4825720212265918,0.5892313684004099,0.5083491147639257,0.7463191008529195,0.27527610593027324,0.44794520547945205,0.020929094463293454,2190.0,0.5716894977168949,0.07990867579908675,0.9200913242009132,0.011974382134254658,-0.02170679900799906,0.031050228310502283,0.7429223744292237,0.0287825493105301,-0.022870674665641244,0.012328767123287671,0.4237442922374429,0.02477813781400617,-0.025400884126314756,0.00502283105022831,0.1547945205479452,0.03220071775582579,-0.04173092993202159,0.0009132420091324201,0.04246575342465753,0.04646675228970998,-0.03461660158268856,ROBUST CANDIDATE
156b5bffcca487fbe661,3.3.0,73026dd08db19c83059c57c75b65bcebf077280cee941bdcbc1155cb400f6517,BTC_USDT_4h_7d_crypto_core_v1+crypto_context_proxy_v1_macro_proxy_1.0.0,crypto_core_v1+crypto_context_proxy_v1,hist_gradient_boosting,wf_2023,validation,BTC/USDT,4h,7d,42,train_only_standard_scaler_v1,btc_usdt_return_1|btc_usdt_log_return_1|btc_usdt_return_3|btc_usdt_log_return_3|btc_usdt_return_6|btc_usdt_log_return_6|btc_usdt_return_12|btc_usdt_log_return_12|btc_usdt_return_24|btc_usdt_log_return_24|btc_usdt_momentum_6|btc_usdt_momentum_12|btc_usdt_momentum_24|btc_usdt_sma_distance_20|btc_usdt_ema_distance_20|btc_usdt_sma_distance_50|btc_usdt_ema_distance_50|btc_usdt_rsi_14|btc_usdt_realized_vol_12|btc_usdt_range_12|btc_usdt_realized_vol_24|btc_usdt_range_24|btc_usdt_realized_vol_48|btc_usdt_range_48|btc_usdt_relative_volume_24|btc_usdt_range_position_20|btc_usdt_breakout_distance_20|btc_usdt_range_position_55|btc_usdt_breakout_distance_55|macro_es_f_proxy_value|macro_es_f_proxy_return_1|macro_nq_f_proxy_value|macro_nq_f_proxy_return_1|macro_vix_proxy_value|macro_vix_proxy_return_1|macro_urth_proxy_value|macro_urth_proxy_return_1,direction_raw_v1,7 days 00:00:00,7 days 00:00:00,2017-08-17T00:00:00Z,2022-12-31T23:59:59Z,2023-01-01T00:00:00Z,2023-12-31T23:59:59Z,7366,2190,False,0.5174445833361717,0.5866212333296726,0.5110322418033066,0.7929060726576039,0.29230594981702873,0.4812785388127854,0.020929094463293454,2190.0,0.5716894977168949,0.29406392694063926,0.7059360730593607,0.022013109547369954,-0.020477538373936878,0.2187214611872146,0.6036529680365297,0.020075751750883275,-0.01901226846687313,0.1506849315068493,0.510958904109589,0.019367130724027525,-0.02156505325969365,0.10136986301369863,0.39360730593607307,0.017798957521779908,-0.02243938292011696,0.048401826484018265,0.27808219178082194,0.018839238679091708,-0.018684128382356675,ROBUST CANDIDATE
a6612203f05d703ddd48,3.3.0,73026dd08db19c83059c57c75b65bcebf077280cee941bdcbc1155cb400f6517,BTC_USDT_4h_7d_crypto_core_v1+crypto_context_proxy_v1_macro_proxy_1.0.0,crypto_core_v1+crypto_context_proxy_v1,random_forest,wf_2023,validation,BTC/USDT,4h,7d,42,train_only_standard_scaler_v1,btc_usdt_return_1|btc_usdt_log_return_1|btc_usdt_return_3|btc_usdt_log_return_3|btc_usdt_return_6|btc_usdt_log_return_6|btc_usdt_return_12|btc_usdt_log_return_12|btc_usdt_return_24|btc_usdt_log_return_24|btc_usdt_momentum_6|btc_usdt_momentum_12|btc_usdt_momentum_24|btc_usdt_sma_distance_20|btc_usdt_ema_distance_20|btc_usdt_sma_distance_50|btc_usdt_ema_distance_50|btc_usdt_rsi_14|btc_usdt_realized_vol_12|btc_usdt_range_12|btc_usdt_realized_vol_24|btc_usdt_range_24|btc_usdt_realized_vol_48|btc_usdt_range_48|btc_usdt_relative_volume_24|btc_usdt_range_position_20|btc_usdt_breakout_distance_20|btc_usdt_range_position_55|btc_usdt_breakout_distance_55|macro_es_f_proxy_value|macro_es_f_proxy_return_1|macro_nq_f_proxy_value|macro_nq_f_proxy_return_1|macro_vix_proxy_value|macro_vix_proxy_return_1|macro_urth_proxy_value|macro_urth_proxy_return_1,direction_raw_v1,7 days 00:00:00,7 days 00:00:00,2017-08-17T00:00:00Z,2022-12-31T23:59:59Z,2023-01-01T00:00:00Z,2023-12-31T23:59:59Z,7366,2190,False,0.5210418128435867,0.6034565125961036,0.5104165957069967,0.7264472749690033,0.26611615755716467,0.4671232876712329,0.020929094463293454,2190.0,0.5716894977168949,0.19954337899543378,0.8004566210045662,0.030957757681136476,-0.0184290797307222,0.07351598173515982,0.6136986301369863,0.05047958646800745,-0.01629525015941405,0.01872146118721461,0.34794520547945207,0.09643471846220893,-0.02038265052322235,0.0,0.15296803652968036,,-0.016223150926760434,0.0,0.04429223744292238,,0.011300044175130666,ROBUST CANDIDATE
3eec41010bd0bbb5bb8c,3.3.0,73026dd08db19c83059c57c75b65bcebf077280cee941bdcbc1155cb400f6517,BTC_USDT_4h_7d_crypto_core_v1+crypto_context_proxy_v1_macro_proxy_1.0.0,crypto_core_v1+crypto_context_proxy_v1,logistic_regression,wf_2024,validation,BTC/USDT,4h,7d,42,train_only_standard_scaler_v1,btc_usdt_return_1|btc_usdt_log_return_1|btc_usdt_return_3|btc_usdt_log_return_3|btc_usdt_return_6|btc_usdt_log_return_6|btc_usdt_return_12|btc_usdt_log_return_12|btc_usdt_return_24|btc_usdt_log_return_24|btc_usdt_momentum_6|btc_usdt_momentum_12|btc_usdt_momentum_24|btc_usdt_sma_distance_20|btc_usdt_ema_distance_20|btc_usdt_sma_distance_50|btc_usdt_ema_distance_50|btc_usdt_rsi_14|btc_usdt_realized_vol_12|btc_usdt_range_12|btc_usdt_realized_vol_24|btc_usdt_range_24|btc_usdt_realized_vol_48|btc_usdt_range_48|btc_usdt_relative_volume_24|btc_usdt_range_position_20|btc_usdt_breakout_distance_20|btc_usdt_range_position_55|btc_usdt_breakout_distance_55|macro_es_f_proxy_value|macro_es_f_proxy_return_1|macro_nq_f_proxy_value|macro_nq_f_proxy_return_1|macro_vix_proxy_value|macro_vix_proxy_return_1|macro_urth_proxy_value|macro_urth_proxy_return_1,direction_raw_v1,7 days 00:00:00,7 days 00:00:00,2017-08-17T00:00:00Z,2023-12-31T23:59:59Z,2024-01-01T00:00:00Z,2024-12-31T23:59:59Z,9556,2196,False,0.5166581874915208,0.5809551119304521,0.5036782661782662,0.7451921172547858,0.2748788546330285,0.4435336976320583,0.018017199364080305,2196.0,0.5737704918032787,0.09289617486338798,0.907103825136612,0.03234370677019294,-0.016550026918876005,0.018214936247723135,0.7117486338797814,0.03905700097101321,-0.01324216505006271,0.0036429872495446266,0.4544626593806922,-0.007973903591874429,-0.00893334115828896,0.0,0.21311475409836064,,-0.00695036271896092,0.0,0.056010928961748634,,-0.01532231469909511,ROBUST CANDIDATE
71055be1111b7f3b9708,3.3.0,73026dd08db19c83059c57c75b65bcebf077280cee941bdcbc1155cb400f6517,BTC_USDT_4h_7d_crypto_core_v1+crypto_context_proxy_v1_macro_proxy_1.0.0,crypto_core_v1+crypto_context_proxy_v1,hist_gradient_boosting,wf_2024,validation,BTC/USDT,4h,7d,42,train_only_standard_scaler_v1,btc_usdt_return_1|btc_usdt_log_return_1|btc_usdt_return_3|btc_usdt_log_return_3|btc_usdt_return_6|btc_usdt_log_return_6|btc_usdt_return_12|btc_usdt_log_return_12|btc_usdt_return_24|btc_usdt_log_return_24|btc_usdt_momentum_6|btc_usdt_momentum_12|btc_usdt_momentum_24|btc_usdt_sma_distance_20|btc_usdt_ema_distance_20|btc_usdt_sma_distance_50|btc_usdt_ema_distance_50|btc_usdt_rsi_14|btc_usdt_realized_vol_12|btc_usdt_range_12|btc_usdt_realized_vol_24|btc_usdt_range_24|btc_usdt_realized_vol_48|btc_usdt_range_48|btc_usdt_relative_volume_24|btc_usdt_range_position_20|btc_usdt_breakout_distance_20|btc_usdt_range_position_55|btc_usdt_breakout_distance_55|macro_es_f_proxy_value|macro_es_f_proxy_return_1|macro_nq_f_proxy_value|macro_nq_f_proxy_return_1|macro_vix_proxy_value|macro_vix_proxy_return_1|macro_urth_proxy_value|macro_urth_proxy_return_1,direction_raw_v1,7 days 00:00:00,7 days 00:00:00,2017-08-17T00:00:00Z,2023-12-31T23:59:59Z,2024-01-01T00:00:00Z,2024-12-31T23:59:59Z,9556,2196,False,0.5667154219237552,0.6030660196679027,0.496001221001221,1.122934981493832,0.3991387901695656,0.4266848816029144,0.018017199364080305,2196.0,0.5737704918032787,0.02959927140255009,0.9704007285974499,0.026360979122184686,-0.017762696462026446,0.013205828779599272,0.936247723132969,0.008928180420335309,-0.017221068244949036,0.0009107468123861566,0.901183970856102,-0.04129327194672944,-0.01740124593855399,0.0,0.8661202185792349,,-0.017338817249206138,0.0,0.8265027322404371,,-0.016448365011253095,ROBUST CANDIDATE
3a1fa0a3b891dec6945e,3.3.0,73026dd08db19c83059c57c75b65bcebf077280cee941bdcbc1155cb400f6517,BTC_USDT_4h_7d_crypto_core_v1+crypto_context_proxy_v1_macro_proxy_1.0.0,crypto_core_v1+crypto_context_proxy_v1,random_forest,wf_2024,validation,BTC/USDT,4h,7d,42,train_only_standard_scaler_v1,btc_usdt_return_1|btc_usdt_log_return_1|btc_usdt_return_3|btc_usdt_log_return_3|btc_usdt_return_6|btc_usdt_log_return_6|btc_usdt_return_12|btc_usdt_log_return_12|btc_usdt_return_24|btc_usdt_log_return_24|btc_usdt_momentum_6|btc_usdt_momentum_12|btc_usdt_momentum_24|btc_usdt_sma_distance_20|btc_usdt_ema_distance_20|btc_usdt_sma_distance_50|btc_usdt_ema_distance_50|btc_usdt_rsi_14|btc_usdt_realized_vol_12|btc_usdt_range_12|btc_usdt_realized_vol_24|btc_usdt_range_24|btc_usdt_realized_vol_48|btc_usdt_range_48|btc_usdt_relative_volume_24|btc_usdt_range_position_20|btc_usdt_breakout_distance_20|btc_usdt_range_position_55|btc_usdt_breakout_distance_55|macro_es_f_proxy_value|macro_es_f_proxy_return_1|macro_nq_f_proxy_value|macro_nq_f_proxy_return_1|macro_vix_proxy_value|macro_vix_proxy_return_1|macro_urth_proxy_value|macro_urth_proxy_return_1,direction_raw_v1,7 days 00:00:00,7 days 00:00:00,2017-08-17T00:00:00Z,2023-12-31T23:59:59Z,2024-01-01T00:00:00Z,2024-12-31T23:59:59Z,9556,2196,False,0.5686830145163478,0.597426416772276,0.48466117216117216,0.8502197746670935,0.31884426379124275,0.4166666666666667,0.018017199364080305,2196.0,0.5737704918032787,0.036885245901639344,0.9631147540983607,0.016188523742309946,-0.01808723374959492,0.006375227686703097,0.9002732240437158,0.1013082179783036,-0.017901396592810155,0.0,0.8301457194899818,,-0.014828903252502044,0.0,0.6958105646630237,,-0.0117136428958751,0.0,0.5241347905282332,,-0.009018364862914305,ROBUST CANDIDATE
a9ebad4fb48d10d4df3a,3.3.0,73026dd08db19c83059c57c75b65bcebf077280cee941bdcbc1155cb400f6517,BTC_USDT_4h_14d_crypto_core_v1_no_macro_1.0.0,crypto_core_v1,logistic_regression,wf_2022,validation,BTC/USDT,4h,14d,42,train_only_standard_scaler_v1,btc_usdt_return_1|btc_usdt_log_return_1|btc_usdt_return_3|btc_usdt_log_return_3|btc_usdt_return_6|btc_usdt_log_return_6|btc_usdt_return_12|btc_usdt_log_return_12|btc_usdt_return_24|btc_usdt_log_return_24|btc_usdt_momentum_6|btc_usdt_momentum_12|btc_usdt_momentum_24|btc_usdt_sma_distance_20|btc_usdt_ema_distance_20|btc_usdt_sma_distance_50|btc_usdt_ema_distance_50|btc_usdt_rsi_14|btc_usdt_realized_vol_12|btc_usdt_range_12|btc_usdt_realized_vol_24|btc_usdt_range_24|btc_usdt_realized_vol_48|btc_usdt_range_48|btc_usdt_relative_volume_24|btc_usdt_range_position_20|btc_usdt_breakout_distance_20|btc_usdt_range_position_55|btc_usdt_breakout_distance_55,direction_raw_v1,14 days 00:00:00,14 days 00:00:00,2017-08-17T00:00:00Z,2021-12-31T23:59:59Z,2022-01-01T00:00:00Z,2022-12-31T23:59:59Z,9431,2190,False,0.42202071568220056,0.3660886041099627,0.44242048543226364,0.7116218643153066,0.2590762032484645,0.4534246575342466,-0.028092126293462368,2190.0,0.428310502283105,0.4315068493150685,0.5684931506849316,-0.04836543895932298,0.012703949209736847,0.12374429223744292,0.20821917808219179,-0.056329713521832775,0.00572214124128293,0.01598173515981735,0.04474885844748858,-0.08351423154582707,-0.003239056255157165,0.0013698630136986301,0.011872146118721462,-0.07957603032083908,-0.020240856070030226,0.0,0.0018264840182648401,,0.00405438141121145,MIXED
c4138b5eb45f9c27cf62,3.3.0,73026dd08db19c83059c57c75b65bcebf077280cee941bdcbc1155cb400f6517,BTC_USDT_4h_14d_crypto_core_v1_no_macro_1.0.0,crypto_core_v1,hist_gradient_boosting,wf_2022,validation,BTC/USDT,4h,14d,42,train_only_standard_scaler_v1,btc_usdt_return_1|btc_usdt_log_return_1|btc_usdt_return_3|btc_usdt_log_return_3|btc_usdt_return_6|btc_usdt_log_return_6|btc_usdt_return_12|btc_usdt_log_return_12|btc_usdt_return_24|btc_usdt_log_return_24|btc_usdt_momentum_6|btc_usdt_momentum_12|btc_usdt_momentum_24|btc_usdt_sma_distance_20|btc_usdt_ema_distance_20|btc_usdt_sma_distance_50|btc_usdt_ema_distance_50|btc_usdt_rsi_14|btc_usdt_realized_vol_12|btc_usdt_range_12|btc_usdt_realized_vol_24|btc_usdt_range_24|btc_usdt_realized_vol_48|btc_usdt_range_48|btc_usdt_relative_volume_24|btc_usdt_range_position_20|btc_usdt_breakout_distance_20|btc_usdt_range_position_55|btc_usdt_breakout_distance_55,direction_raw_v1,14 days 00:00:00,14 days 00:00:00,2017-08-17T00:00:00Z,2021-12-31T23:59:59Z,2022-01-01T00:00:00Z,2022-12-31T23:59:59Z,9431,2190,False,0.5280195610264515,0.43076633907272893,0.5404172087985449,0.7605235092550259,0.2773204215929222,0.5242009132420091,-0.028092126293462368,2190.0,0.428310502283105,0.6073059360730594,0.3926940639269406,-0.016232218257418062,0.046433611977112293,0.5036529680365297,0.29178082191780824,-0.015925747635615908,0.04427172638126804,0.38995433789954337,0.21278538812785389,-0.014083696313902659,0.04949524760238016,0.28447488584474884,0.12968036529680366,-0.019146935383813353,0.04673777906188012,0.18127853881278538,0.06940639269406393,-0.026902660915582483,0.03621632114977331,ROBUST CANDIDATE
a12bd4cc8dc14beb4aca,3.3.0,73026dd08db19c83059c57c75b65bcebf077280cee941bdcbc1155cb400f6517,BTC_USDT_4h_14d_crypto_core_v1_no_macro_1.0.0,crypto_core_v1,random_forest,wf_2022,validation,BTC/USDT,4h,14d,42,train_only_standard_scaler_v1,btc_usdt_return_1|btc_usdt_log_return_1|btc_usdt_return_3|btc_usdt_log_return_3|btc_usdt_return_6|btc_usdt_log_return_6|btc_usdt_return_12|btc_usdt_log_return_12|btc_usdt_return_24|btc_usdt_log_return_24|btc_usdt_momentum_6|btc_usdt_momentum_12|btc_usdt_momentum_24|btc_usdt_sma_distance_20|btc_usdt_ema_distance_20|btc_usdt_sma_distance_50|btc_usdt_ema_distance_50|btc_usdt_rsi_14|btc_usdt_realized_vol_12|btc_usdt_range_12|btc_usdt_realized_vol_24|btc_usdt_range_24|btc_usdt_realized_vol_48|btc_usdt_range_48|btc_usdt_relative_volume_24|btc_usdt_range_position_20|btc_usdt_breakout_distance_20|btc_usdt_range_position_55|btc_usdt_breakout_distance_55,direction_raw_v1,14 days 00:00:00,14 days 00:00:00,2017-08-17T00:00:00Z,2021-12-31T23:59:59Z,2022-01-01T00:00:00Z,2022-12-31T23:59:59Z,9431,2190,False,0.5527079913077243,0.43806986973492756,0.5380729851427482,0.7092751492854489,0.2559357915633382,0.54337899543379,-0.028092126293462368,2190.0,0.428310502283105,0.4575342465753425,0.5424657534246575,-0.01174825712840417,0.041877106851870044,0.3045662100456621,0.3963470319634703,-0.01577571026045837,0.04900817144524173,0.17534246575342466,0.2406392694063927,-0.022671208513027796,0.056832509053355726,0.08949771689497717,0.10593607305936073,-0.03712946535104059,0.053620690614040845,0.047031963470319633,0.03424657534246575,-0.049237585634130554,0.04171833838109908,ROBUST CANDIDATE
d21fc3bb67ea066c7960,3.3.0,73026dd08db19c83059c57c75b65bcebf077280cee941bdcbc1155cb400f6517,BTC_USDT_4h_14d_crypto_core_v1_no_macro_1.0.0,crypto_core_v1,logistic_regression,wf_2023,validation,BTC/USDT,4h,14d,42,train_only_standard_scaler_v1,btc_usdt_return_1|btc_usdt_log_return_1|btc_usdt_return_3|btc_usdt_log_return_3|btc_usdt_return_6|btc_usdt_log_return_6|btc_usdt_return_12|btc_usdt_log_return_12|btc_usdt_return_24|btc_usdt_log_return_24|btc_usdt_momentum_6|btc_usdt_momentum_12|btc_usdt_momentum_24|btc_usdt_sma_distance_20|btc_usdt_ema_distance_20|btc_usdt_sma_distance_50|btc_usdt_ema_distance_50|btc_usdt_rsi_14|btc_usdt_realized_vol_12|btc_usdt_range_12|btc_usdt_realized_vol_24|btc_usdt_range_24|btc_usdt_realized_vol_48|btc_usdt_range_48|btc_usdt_relative_volume_24|btc_usdt_range_position_20|btc_usdt_breakout_distance_20|btc_usdt_range_position_55|btc_usdt_breakout_distance_55,direction_raw_v1,14 days 00:00:00,14 days 00:00:00,2017-08-17T00:00:00Z,2022-12-31T23:59:59Z,2023-01-01T00:00:00Z,2023-12-31T23:59:59Z,11621,2190,False,0.4926835122007136,0.6541744949894436,0.4886598916765772,0.6938327871458557,0.2503756681770375,0.4808219178082192,0.041034622558141935,2190.0,0.6310502283105023,0.4671232876712329,0.5328767123287671,0.03801450257187903,-0.04368207992399193,0.12876712328767123,0.07442922374429224,0.03579613423429697,-0.0572969791208312,0.026027397260273973,0.00410958904109589,0.04167562569233921,-0.030521416994783487,0.0018264840182648401,0.0,0.041056735983807546,,0.0,0.0,,,MIXED
565e8c12b3fed1f55701,3.3.0,73026dd08db19c83059c57c75b65bcebf077280cee941bdcbc1155cb400f6517,BTC_USDT_4h_14d_crypto_core_v1_no_macro_1.0.0,crypto_core_v1,hist_gradient_boosting,wf_2023,validation,BTC/USDT,4h,14d,42,train_only_standard_scaler_v1,btc_usdt_return_1|btc_usdt_log_return_1|btc_usdt_return_3|btc_usdt_log_return_3|btc_usdt_return_6|btc_usdt_log_return_6|btc_usdt_return_12|btc_usdt_log_return_12|btc_usdt_return_24|btc_usdt_log_return_24|btc_usdt_momentum_6|btc_usdt_momentum_12|btc_usdt_momentum_24|btc_usdt_sma_distance_20|btc_usdt_ema_distance_20|btc_usdt_sma_distance_50|btc_usdt_ema_distance_50|btc_usdt_rsi_14|btc_usdt_realized_vol_12|btc_usdt_range_12|btc_usdt_realized_vol_24|btc_usdt_range_24|btc_usdt_realized_vol_48|btc_usdt_range_48|btc_usdt_relative_volume_24|btc_usdt_range_position_20|btc_usdt_breakout_distance_20|btc_usdt_range_position_55|btc_usdt_breakout_distance_55,direction_raw_v1,14 days 00:00:00,14 days 00:00:00,2017-08-17T00:00:00Z,2022-12-31T23:59:59Z,2023-01-01T00:00:00Z,2023-12-31T23:59:59Z,11621,2190,False,0.5008507543952658,0.6388575527575673,0.5043630267513003,0.7485557766651789,0.272977321447712,0.5223744292237443,0.041034622558141935,2190.0,0.6310502283105023,0.5698630136986301,0.4301369863013699,0.03693953476885803,-0.04645996179490022,0.49726027397260275,0.35753424657534244,0.03748249795294788,-0.045877455064689064,0.4168949771689498,0.2776255707762557,0.03562928016204368,-0.049152260340548946,0.3310502283105023,0.17488584474885846,0.03571718065744931,-0.058328984273702075,0.23881278538812786,0.09680365296803653,0.03602811617843961,-0.08094671051255031,ROBUST CANDIDATE
8c6dac125bcd4f7b24b0,3.3.0,73026dd08db19c83059c57c75b65bcebf077280cee941bdcbc1155cb400f6517,BTC_USDT_4h_14d_crypto_core_v1_no_macro_1.0.0,crypto_core_v1,random_forest,wf_2023,validation,BTC/USDT,4h,14d,42,train_only_standard_scaler_v1,btc_usdt_return_1|btc_usdt_log_return_1|btc_usdt_return_3|btc_usdt_log_return_3|btc_usdt_return_6|btc_usdt_log_return_6|btc_usdt_return_12|btc_usdt_log_return_12|btc_usdt_return_24|btc_usdt_log_return_24|btc_usdt_momentum_6|btc_usdt_momentum_12|btc_usdt_momentum_24|btc_usdt_sma_distance_20|btc_usdt_ema_distance_20|btc_usdt_sma_distance_50|btc_usdt_ema_distance_50|btc_usdt_rsi_14|btc_usdt_realized_vol_12|btc_usdt_range_12|btc_usdt_realized_vol_24|btc_usdt_range_24|btc_usdt_realized_vol_48|btc_usdt_range_48|btc_usdt_relative_volume_24|btc_usdt_range_position_20|btc_usdt_breakout_distance_20|btc_usdt_range_position_55|btc_usdt_breakout_distance_55,direction_raw_v1,14 days 00:00:00,14 days 00:00:00,2017-08-17T00:00:00Z,2022-12-31T23:59:59Z,2023-01-01T00:00:00Z,2023-12-31T23:59:59Z,11621,2190,False,0.49195813213738165,0.6421736782348998,0.49264142224642143,0.7269814569404991,0.2662345388316057,0.49817351598173515,0.041034622558141935,2190.0,0.6310502283105023,0.5191780821917809,0.4808219178082192,0.033900603934718054,-0.04873773668428908,0.41598173515981735,0.3817351598173516,0.03546991447186956,-0.04830538748998913,0.3141552511415525,0.2648401826484018,0.030601333291973485,-0.045251001083515346,0.1958904109589041,0.13926940639269406,0.03338721008149017,-0.042284686524954526,0.08858447488584476,0.032420091324200914,0.03470822076206647,-0.0740918676830184,ROBUST CANDIDATE
1cd97e2b869703071d83,3.3.0,73026dd08db19c83059c57c75b65bcebf077280cee941bdcbc1155cb400f6517,BTC_USDT_4h_14d_crypto_core_v1_no_macro_1.0.0,crypto_core_v1,logistic_regression,wf_2024,validation,BTC/USDT,4h,14d,42,train_only_standard_scaler_v1,btc_usdt_return_1|btc_usdt_log_return_1|btc_usdt_return_3|btc_usdt_log_return_3|btc_usdt_return_6|btc_usdt_log_return_6|btc_usdt_return_12|btc_usdt_log_return_12|btc_usdt_return_24|btc_usdt_log_return_24|btc_usdt_momentum_6|btc_usdt_momentum_12|btc_usdt_momentum_24|btc_usdt_sma_distance_20|btc_usdt_ema_distance_20|btc_usdt_sma_distance_50|btc_usdt_ema_distance_50|btc_usdt_rsi_14|btc_usdt_realized_vol_12|btc_usdt_range_12|btc_usdt_realized_vol_24|btc_usdt_range_24|btc_usdt_realized_vol_48|btc_usdt_range_48|btc_usdt_relative_volume_24|btc_usdt_range_position_20|btc_usdt_breakout_distance_20|btc_usdt_range_position_55|btc_usdt_breakout_distance_55,direction_raw_v1,14 days 00:00:00,14 days 00:00:00,2017-08-17T00:00:00Z,2023-12-31T23:59:59Z,2024-01-01T00:00:00Z,2024-12-31T23:59:59Z,13811,2196,False,0.552308139382186,0.6259151862096444,0.5386449302436707,0.6876092632705798,0.24724676009255098,0.5446265938069217,0.03521365218279241,2196.0,0.5724043715846995,0.5469034608378871,0.45309653916211295,0.04399160212098643,-0.024618357835283856,0.10792349726775956,0.06420765027322405,0.041724711617305996,-0.02973334550468899,0.015938069216757743,0.006375227686703097,0.06167109265938642,-0.026600710173013107,0.0004553734061930783,0.0,0.032591308343277614,,0.0,0.0,,,MIXED
9c1f6700172a354dab7f,3.3.0,73026dd08db19c83059c57c75b65bcebf077280cee941bdcbc1155cb400f6517,BTC_USDT_4h_14d_crypto_core_v1_no_macro_1.0.0,crypto_core_v1,hist_gradient_boosting,wf_2024,validation,BTC/USDT,4h,14d,42,train_only_standard_scaler_v1,btc_usdt_return_1|btc_usdt_log_return_1|btc_usdt_return_3|btc_usdt_log_return_3|btc_usdt_return_6|btc_usdt_log_return_6|btc_usdt_return_12|btc_usdt_log_return_12|btc_usdt_return_24|btc_usdt_log_return_24|btc_usdt_momentum_6|btc_usdt_momentum_12|btc_usdt_momentum_24|btc_usdt_sma_distance_20|btc_usdt_ema_distance_20|btc_usdt_sma_distance_50|btc_usdt_ema_distance_50|btc_usdt_rsi_14|btc_usdt_realized_vol_12|btc_usdt_range_12|btc_usdt_realized_vol_24|btc_usdt_range_24|btc_usdt_realized_vol_48|btc_usdt_range_48|btc_usdt_relative_volume_24|btc_usdt_range_position_20|btc_usdt_breakout_distance_20|btc_usdt_range_position_55|btc_usdt_breakout_distance_55,direction_raw_v1,14 days 00:00:00,14 days 00:00:00,2017-08-17T00:00:00Z,2023-12-31T23:59:59Z,2024-01-01T00:00:00Z,2024-12-31T23:59:59Z,13811,2196,False,0.5571966317694395,0.6460842414326737,0.528194824636985,0.6905917560403294,0.24879180875259654,0.5405282331511839,0.03521365218279241,2196.0,0.5724043715846995,0.5892531876138434,0.4107468123861566,0.04021697101480876,-0.02803594201801506,0.43897996357012753,0.2650273224043716,0.04665305869000444,-0.023508748241083264,0.27231329690346084,0.16029143897996356,0.04858328049001441,-0.02029371134397928,0.1721311475409836,0.06329690346083788,0.04682770979231321,-0.032539143727299054,0.08652094717668488,0.022768670309653915,0.06432784173612988,-0.048473970269723186,ROBUST CANDIDATE
eb41ce17261289060198,3.3.0,73026dd08db19c83059c57c75b65bcebf077280cee941bdcbc1155cb400f6517,BTC_USDT_4h_14d_crypto_core_v1_no_macro_1.0.0,crypto_core_v1,random_forest,wf_2024,validation,BTC/USDT,4h,14d,42,train_only_standard_scaler_v1,btc_usdt_return_1|btc_usdt_log_return_1|btc_usdt_return_3|btc_usdt_log_return_3|btc_usdt_return_6|btc_usdt_log_return_6|btc_usdt_return_12|btc_usdt_log_return_12|btc_usdt_return_24|btc_usdt_log_return_24|btc_usdt_momentum_6|btc_usdt_momentum_12|btc_usdt_momentum_24|btc_usdt_sma_distance_20|btc_usdt_ema_distance_20|btc_usdt_sma_distance_50|btc_usdt_ema_distance_50|btc_usdt_rsi_14|btc_usdt_realized_vol_12|btc_usdt_range_12|btc_usdt_realized_vol_24|btc_usdt_range_24|btc_usdt_realized_vol_48|btc_usdt_range_48|btc_usdt_relative_volume_24|btc_usdt_range_position_20|btc_usdt_breakout_distance_20|btc_usdt_range_position_55|btc_usdt_breakout_distance_55,direction_raw_v1,14 days 00:00:00,14 days 00:00:00,2017-08-17T00:00:00Z,2023-12-31T23:59:59Z,2024-01-01T00:00:00Z,2024-12-31T23:59:59Z,13811,2196,False,0.5442696617790215,0.6363650603049129,0.5250418741310641,0.6953903898939896,0.2513468961407378,0.5154826958105647,0.03521365218279241,2196.0,0.5724043715846995,0.4376138433515483,0.5623861566484517,0.03857918548891096,-0.03259480399884104,0.24089253187613843,0.34790528233151186,0.04823301308770445,-0.0244776164621103,0.11748633879781421,0.17987249544626593,0.061888858327891205,-0.030328892287071328,0.045081967213114756,0.044626593806921674,0.07488641783470734,-0.024190345298755536,0.020491803278688523,0.008652094717668488,0.08867333778941443,-0.012539752772181568,ROBUST CANDIDATE
fb054b1a1ec4b5e0d55d,3.3.0,73026dd08db19c83059c57c75b65bcebf077280cee941bdcbc1155cb400f6517,BTC_USDT_4h_14d_crypto_core_v1+crypto_context_proxy_v1_macro_proxy_1.0.0,crypto_core_v1+crypto_context_proxy_v1,logistic_regression,wf_2022,validation,BTC/USDT,4h,14d,42,train_only_standard_scaler_v1,btc_usdt_return_1|btc_usdt_log_return_1|btc_usdt_return_3|btc_usdt_log_return_3|btc_usdt_return_6|btc_usdt_log_return_6|btc_usdt_return_12|btc_usdt_log_return_12|btc_usdt_return_24|btc_usdt_log_return_24|btc_usdt_momentum_6|btc_usdt_momentum_12|btc_usdt_momentum_24|btc_usdt_sma_distance_20|btc_usdt_ema_distance_20|btc_usdt_sma_distance_50|btc_usdt_ema_distance_50|btc_usdt_rsi_14|btc_usdt_realized_vol_12|btc_usdt_range_12|btc_usdt_realized_vol_24|btc_usdt_range_24|btc_usdt_realized_vol_48|btc_usdt_range_48|btc_usdt_relative_volume_24|btc_usdt_range_position_20|btc_usdt_breakout_distance_20|btc_usdt_range_position_55|btc_usdt_breakout_distance_55|macro_es_f_proxy_value|macro_es_f_proxy_return_1|macro_nq_f_proxy_value|macro_nq_f_proxy_return_1|macro_vix_proxy_value|macro_vix_proxy_return_1|macro_urth_proxy_value|macro_urth_proxy_return_1,direction_raw_v1,14 days 00:00:00,14 days 00:00:00,2017-08-17T00:00:00Z,2021-12-31T23:59:59Z,2022-01-01T00:00:00Z,2022-12-31T23:59:59Z,5134,2190,False,0.5447003344755001,0.46575840057051165,0.5001541244030873,0.7374316312740754,0.2660639866572333,0.5662100456621004,-0.028092126293462368,2190.0,0.428310502283105,0.039269406392694065,0.960730593607306,0.007951883939823339,0.02956540808056435,0.021917808219178082,0.9319634703196347,-0.008973704531718087,0.03139598749076897,0.014611872146118721,0.869406392694064,-0.024356977995925868,0.03358195174655998,0.0091324200913242,0.7406392694063927,-0.0227770996334274,0.03665675724904898,0.00502283105022831,0.5684931506849316,-0.0007801906932787968,0.03976293350179022,ROBUST CANDIDATE
3fa65980fb4127794acd,3.3.0,73026dd08db19c83059c57c75b65bcebf077280cee941bdcbc1155cb400f6517,BTC_USDT_4h_14d_crypto_core_v1+crypto_context_proxy_v1_macro_proxy_1.0.0,crypto_core_v1+crypto_context_proxy_v1,hist_gradient_boosting,wf_2022,validation,BTC/USDT,4h,14d,42,train_only_standard_scaler_v1,btc_usdt_return_1|btc_usdt_log_return_1|btc_usdt_return_3|btc_usdt_log_return_3|btc_usdt_return_6|btc_usdt_log_return_6|btc_usdt_return_12|btc_usdt_log_return_12|btc_usdt_return_24|btc_usdt_log_return_24|btc_usdt_momentum_6|btc_usdt_momentum_12|btc_usdt_momentum_24|btc_usdt_sma_distance_20|btc_usdt_ema_distance_20|btc_usdt_sma_distance_50|btc_usdt_ema_distance_50|btc_usdt_rsi_14|btc_usdt_realized_vol_12|btc_usdt_range_12|btc_usdt_realized_vol_24|btc_usdt_range_24|btc_usdt_realized_vol_48|btc_usdt_range_48|btc_usdt_relative_volume_24|btc_usdt_range_position_20|btc_usdt_breakout_distance_20|btc_usdt_range_position_55|btc_usdt_breakout_distance_55|macro_es_f_proxy_value|macro_es_f_proxy_return_1|macro_nq_f_proxy_value|macro_nq_f_proxy_return_1|macro_vix_proxy_value|macro_vix_proxy_return_1|macro_urth_proxy_value|macro_urth_proxy_return_1,direction_raw_v1,14 days 00:00:00,14 days 00:00:00,2017-08-17T00:00:00Z,2021-12-31T23:59:59Z,2022-01-01T00:00:00Z,2022-12-31T23:59:59Z,5134,2190,False,0.6879862156583582,0.5708282553973434,0.5888744320388019,0.9208484059586466,0.3109413076767244,0.54337899543379,-0.028092126293462368,2190.0,0.428310502283105,0.8045662100456621,0.1954337899543379,-0.017534359603165402,0.0715565770137971,0.7748858447488585,0.16666666666666666,-0.014696017513271887,0.0734705093090487,0.7401826484018265,0.14337899543378996,-0.011414738156693721,0.07308869158814625,0.6922374429223744,0.1045662100456621,-0.00479310771449738,0.08041318963280464,0.6246575342465753,0.06621004566210045,0.004753343145201844,0.08360379875339752,ROBUST CANDIDATE
99a6e2410a8c0c2d22c7,3.3.0,73026dd08db19c83059c57c75b65bcebf077280cee941bdcbc1155cb400f6517,BTC_USDT_4h_14d_crypto_core_v1+crypto_context_proxy_v1_macro_proxy_1.0.0,crypto_core_v1+crypto_context_proxy_v1,random_forest,wf_2022,validation,BTC/USDT,4h,14d,42,train_only_standard_scaler_v1,btc_usdt_return_1|btc_usdt_log_return_1|btc_usdt_return_3|btc_usdt_log_return_3|btc_usdt_return_6|btc_usdt_log_return_6|btc_usdt_return_12|btc_usdt_log_return_12|btc_usdt_return_24|btc_usdt_log_return_24|btc_usdt_momentum_6|btc_usdt_momentum_12|btc_usdt_momentum_24|btc_usdt_sma_distance_20|btc_usdt_ema_distance_20|btc_usdt_sma_distance_50|btc_usdt_ema_distance_50|btc_usdt_rsi_14|btc_usdt_realized_vol_12|btc_usdt_range_12|btc_usdt_realized_vol_24|btc_usdt_range_24|btc_usdt_realized_vol_48|btc_usdt_range_48|btc_usdt_relative_volume_24|btc_usdt_range_position_20|btc_usdt_breakout_distance_20|btc_usdt_range_position_55|btc_usdt_breakout_distance_55|macro_es_f_proxy_value|macro_es_f_proxy_return_1|macro_nq_f_proxy_value|macro_nq_f_proxy_return_1|macro_vix_proxy_value|macro_vix_proxy_return_1|macro_urth_proxy_value|macro_urth_proxy_return_1,direction_raw_v1,14 days 00:00:00,14 days 00:00:00,2017-08-17T00:00:00Z,2021-12-31T23:59:59Z,2022-01-01T00:00:00Z,2022-12-31T23:59:59Z,5134,2190,False,0.6978122849922002,0.6355926971185248,0.5907375491324754,0.697776373682063,0.2521172245987118,0.545662100456621,-0.028092126293462368,2190.0,0.428310502283105,0.8013698630136986,0.19863013698630136,-0.0178144836933709,0.06955709816279691,0.7223744292237443,0.1593607305936073,-0.015208286516098651,0.07499325766020522,0.6200913242009133,0.11643835616438356,-0.007963830009218879,0.08392504063435306,0.4885844748858447,0.08995433789954338,0.004414793177035291,0.07832963971665036,0.3406392694063927,0.06027397260273973,0.02125638582318199,0.08773173536737938,ROBUST CANDIDATE
d9bc477da12c656941fa,3.3.0,73026dd08db19c83059c57c75b65bcebf077280cee941bdcbc1155cb400f6517,BTC_USDT_4h_14d_crypto_core_v1+crypto_context_proxy_v1_macro_proxy_1.0.0,crypto_core_v1+crypto_context_proxy_v1,logistic_regression,wf_2023,validation,BTC/USDT,4h,14d,42,train_only_standard_scaler_v1,btc_usdt_return_1|btc_usdt_log_return_1|btc_usdt_return_3|btc_usdt_log_return_3|btc_usdt_return_6|btc_usdt_log_return_6|btc_usdt_return_12|btc_usdt_log_return_12|btc_usdt_return_24|btc_usdt_log_return_24|btc_usdt_momentum_6|btc_usdt_momentum_12|btc_usdt_momentum_24|btc_usdt_sma_distance_20|btc_usdt_ema_distance_20|btc_usdt_sma_distance_50|btc_usdt_ema_distance_50|btc_usdt_rsi_14|btc_usdt_realized_vol_12|btc_usdt_range_12|btc_usdt_realized_vol_24|btc_usdt_range_24|btc_usdt_realized_vol_48|btc_usdt_range_48|btc_usdt_relative_volume_24|btc_usdt_range_position_20|btc_usdt_breakout_distance_20|btc_usdt_range_position_55|btc_usdt_breakout_distance_55|macro_es_f_proxy_value|macro_es_f_proxy_return_1|macro_nq_f_proxy_value|macro_nq_f_proxy_return_1|macro_vix_proxy_value|macro_vix_proxy_return_1|macro_urth_proxy_value|macro_urth_proxy_return_1,direction_raw_v1,14 days 00:00:00,14 days 00:00:00,2017-08-17T00:00:00Z,2022-12-31T23:59:59Z,2023-01-01T00:00:00Z,2023-12-31T23:59:59Z,7324,2190,False,0.5163317977962775,0.6660568347309561,0.515719254631686,0.8356695132427574,0.316425592381714,0.3904109589041096,0.041034622558141935,2190.0,0.6310502283105023,0.026027397260273973,0.9739726027397261,0.05133060594030274,-0.040759483761712886,0.00821917808219178,0.9378995433789954,0.027072281494469816,-0.04071508082590269,0.0027397260273972603,0.8392694063926941,0.02115887459340306,-0.04239925592356095,0.00045662100456621003,0.6050228310502284,0.058997657433271344,-0.04409388063771207,0.0,0.2365296803652968,,-0.05207875715795031,ROBUST CANDIDATE
7f233b28dd59ad0577a4,3.3.0,73026dd08db19c83059c57c75b65bcebf077280cee941bdcbc1155cb400f6517,BTC_USDT_4h_14d_crypto_core_v1+crypto_context_proxy_v1_macro_proxy_1.0.0,crypto_core_v1+crypto_context_proxy_v1,hist_gradient_boosting,wf_2023,validation,BTC/USDT,4h,14d,42,train_only_standard_scaler_v1,btc_usdt_return_1|btc_usdt_log_return_1|btc_usdt_return_3|btc_usdt_log_return_3|btc_usdt_return_6|btc_usdt_log_return_6|btc_usdt_return_12|btc_usdt_log_return_12|btc_usdt_return_24|btc_usdt_log_return_24|btc_usdt_momentum_6|btc_usdt_momentum_12|btc_usdt_momentum_24|btc_usdt_sma_distance_20|btc_usdt_ema_distance_20|btc_usdt_sma_distance_50|btc_usdt_ema_distance_50|btc_usdt_rsi_14|btc_usdt_realized_vol_12|btc_usdt_range_12|btc_usdt_realized_vol_24|btc_usdt_range_24|btc_usdt_realized_vol_48|btc_usdt_range_48|btc_usdt_relative_volume_24|btc_usdt_range_position_20|btc_usdt_breakout_distance_20|btc_usdt_range_position_55|btc_usdt_breakout_distance_55|macro_es_f_proxy_value|macro_es_f_proxy_return_1|macro_nq_f_proxy_value|macro_nq_f_proxy_return_1|macro_vix_proxy_value|macro_vix_proxy_return_1|macro_urth_proxy_value|macro_urth_proxy_return_1,direction_raw_v1,14 days 00:00:00,14 days 00:00:00,2017-08-17T00:00:00Z,2022-12-31T23:59:59Z,2023-01-01T00:00:00Z,2023-12-31T23:59:59Z,7324,2190,False,0.5385436517602556,0.6536789496951171,0.5448123683569515,1.0644584378773474,0.3698624594745538,0.4735159817351598,0.041034622558141935,2190.0,0.6310502283105023,0.23972602739726026,0.7602739726027398,0.07208505887250549,-0.031243944441000274,0.19315068493150686,0.7146118721461188,0.0757898801408781,-0.03044947248823897,0.12191780821917808,0.6694063926940639,0.07833932593551181,-0.030642982144796143,0.08721461187214612,0.6159817351598174,0.07781645598898572,-0.03042726678181172,0.06940639269406393,0.5484018264840183,0.07015248334713699,-0.032852807865712666,ROBUST CANDIDATE
7918a23c6b802a032bc0,3.3.0,73026dd08db19c83059c57c75b65bcebf077280cee941bdcbc1155cb400f6517,BTC_USDT_4h_14d_crypto_core_v1+crypto_context_proxy_v1_macro_proxy_1.0.0,crypto_core_v1+crypto_context_proxy_v1,random_forest,wf_2023,validation,BTC/USDT,4h,14d,42,train_only_standard_scaler_v1,btc_usdt_return_1|btc_usdt_log_return_1|btc_usdt_return_3|btc_usdt_log_return_3|btc_usdt_return_6|btc_usdt_log_return_6|btc_usdt_return_12|btc_usdt_log_return_12|btc_usdt_return_24|btc_usdt_log_return_24|btc_usdt_momentum_6|btc_usdt_momentum_12|btc_usdt_momentum_24|btc_usdt_sma_distance_20|btc_usdt_ema_distance_20|btc_usdt_sma_distance_50|btc_usdt_ema_distance_50|btc_usdt_rsi_14|btc_usdt_realized_vol_12|btc_usdt_range_12|btc_usdt_realized_vol_24|btc_usdt_range_24|btc_usdt_realized_vol_48|btc_usdt_range_48|btc_usdt_relative_volume_24|btc_usdt_range_position_20|btc_usdt_breakout_distance_20|btc_usdt_range_position_55|btc_usdt_breakout_distance_55|macro_es_f_proxy_value|macro_es_f_proxy_return_1|macro_nq_f_proxy_value|macro_nq_f_proxy_return_1|macro_vix_proxy_value|macro_vix_proxy_return_1|macro_urth_proxy_value|macro_urth_proxy_return_1,direction_raw_v1,14 days 00:00:00,14 days 00:00:00,2017-08-17T00:00:00Z,2022-12-31T23:59:59Z,2023-01-01T00:00:00Z,2023-12-31T23:59:59Z,7324,2190,False,0.5724144230631456,0.6841150005263151,0.5147977532919717,0.9048851167596375,0.3381616585702625,0.4031963470319635,0.041034622558141935,2190.0,0.6310502283105023,0.07808219178082192,0.9219178082191781,0.06887883724831635,-0.038676345831039495,0.036986301369863014,0.8538812785388128,0.08346313425604711,-0.03617040112721507,0.021004566210045664,0.765296803652968,0.10257500185493107,-0.03127237158725789,0.01004566210045662,0.6442922374429224,0.14062947119643535,-0.020182582613697552,0.00228310502283105,0.5004566210045662,0.013406204647584952,-0.01462918595650588,ROBUST CANDIDATE
4b0202d27d347c50ff8c,3.3.0,73026dd08db19c83059c57c75b65bcebf077280cee941bdcbc1155cb400f6517,BTC_USDT_4h_14d_crypto_core_v1+crypto_context_proxy_v1_macro_proxy_1.0.0,crypto_core_v1+crypto_context_proxy_v1,logistic_regression,wf_2024,validation,BTC/USDT,4h,14d,42,train_only_standard_scaler_v1,btc_usdt_return_1|btc_usdt_log_return_1|btc_usdt_return_3|btc_usdt_log_return_3|btc_usdt_return_6|btc_usdt_log_return_6|btc_usdt_return_12|btc_usdt_log_return_12|btc_usdt_return_24|btc_usdt_log_return_24|btc_usdt_momentum_6|btc_usdt_momentum_12|btc_usdt_momentum_24|btc_usdt_sma_distance_20|btc_usdt_ema_distance_20|btc_usdt_sma_distance_50|btc_usdt_ema_distance_50|btc_usdt_rsi_14|btc_usdt_realized_vol_12|btc_usdt_range_12|btc_usdt_realized_vol_24|btc_usdt_range_24|btc_usdt_realized_vol_48|btc_usdt_range_48|btc_usdt_relative_volume_24|btc_usdt_range_position_20|btc_usdt_breakout_distance_20|btc_usdt_range_position_55|btc_usdt_breakout_distance_55|macro_es_f_proxy_value|macro_es_f_proxy_return_1|macro_nq_f_proxy_value|macro_nq_f_proxy_return_1|macro_vix_proxy_value|macro_vix_proxy_return_1|macro_urth_proxy_value|macro_urth_proxy_return_1,direction_raw_v1,14 days 00:00:00,14 days 00:00:00,2017-08-17T00:00:00Z,2023-12-31T23:59:59Z,2024-01-01T00:00:00Z,2024-12-31T23:59:59Z,9514,2196,False,0.5044661503673147,0.6178306874323631,0.5042407883265851,0.824094814638324,0.3085543388728731,0.4326047358834244,0.03521365218279241,2196.0,0.5724043715846995,0.005919854280510018,0.99408014571949,0.09535542282158647,-0.0348555014643754,0.0,0.9599271402550091,,-0.032223907653831346,0.0,0.8219489981785064,,-0.025652732552277607,0.0,0.6142987249544627,,-0.027552736318140415,0.0,0.37158469945355194,,-0.03683286309309267,ROBUST CANDIDATE
b488b7adceaa1767c925,3.3.0,73026dd08db19c83059c57c75b65bcebf077280cee941bdcbc1155cb400f6517,BTC_USDT_4h_14d_crypto_core_v1+crypto_context_proxy_v1_macro_proxy_1.0.0,crypto_core_v1+crypto_context_proxy_v1,hist_gradient_boosting,wf_2024,validation,BTC/USDT,4h,14d,42,train_only_standard_scaler_v1,btc_usdt_return_1|btc_usdt_log_return_1|btc_usdt_return_3|btc_usdt_log_return_3|btc_usdt_return_6|btc_usdt_log_return_6|btc_usdt_return_12|btc_usdt_log_return_12|btc_usdt_return_24|btc_usdt_log_return_24|btc_usdt_momentum_6|btc_usdt_momentum_12|btc_usdt_momentum_24|btc_usdt_sma_distance_20|btc_usdt_ema_distance_20|btc_usdt_sma_distance_50|btc_usdt_ema_distance_50|btc_usdt_rsi_14|btc_usdt_realized_vol_12|btc_usdt_range_12|btc_usdt_realized_vol_24|btc_usdt_range_24|btc_usdt_realized_vol_48|btc_usdt_range_48|btc_usdt_relative_volume_24|btc_usdt_range_position_20|btc_usdt_breakout_distance_20|btc_usdt_range_position_55|btc_usdt_breakout_distance_55|macro_es_f_proxy_value|macro_es_f_proxy_return_1|macro_nq_f_proxy_value|macro_nq_f_proxy_return_1|macro_vix_proxy_value|macro_vix_proxy_return_1|macro_urth_proxy_value|macro_urth_proxy_return_1,direction_raw_v1,14 days 00:00:00,14 days 00:00:00,2017-08-17T00:00:00Z,2023-12-31T23:59:59Z,2024-01-01T00:00:00Z,2024-12-31T23:59:59Z,9514,2196,False,0.4626148943975505,0.5348019733579089,0.4861300677865296,1.3203284987171007,0.4349951602169517,0.4175774134790528,0.03521365218279241,2196.0,0.5724043715846995,0.02459016393442623,0.9754098360655737,-0.002247749113451144,-0.03615805725748762,0.009562841530054645,0.9640255009107468,-0.03400473017938435,-0.036677527639081026,0.004553734061930784,0.9339708561020036,-0.06369913567162279,-0.037619660784478606,0.0004553734061930783,0.8820582877959927,-0.07856352054903182,-0.040035450662245405,0.0,0.8205828779599271,,-0.04038914339803948,ROBUST CANDIDATE
dbdfdceec991740a3c66,3.3.0,73026dd08db19c83059c57c75b65bcebf077280cee941bdcbc1155cb400f6517,BTC_USDT_4h_14d_crypto_core_v1+crypto_context_proxy_v1_macro_proxy_1.0.0,crypto_core_v1+crypto_context_proxy_v1,random_forest,wf_2024,validation,BTC/USDT,4h,14d,42,train_only_standard_scaler_v1,btc_usdt_return_1|btc_usdt_log_return_1|btc_usdt_return_3|btc_usdt_log_return_3|btc_usdt_return_6|btc_usdt_log_return_6|btc_usdt_return_12|btc_usdt_log_return_12|btc_usdt_return_24|btc_usdt_log_return_24|btc_usdt_momentum_6|btc_usdt_momentum_12|btc_usdt_momentum_24|btc_usdt_sma_distance_20|btc_usdt_ema_distance_20|btc_usdt_sma_distance_50|btc_usdt_ema_distance_50|btc_usdt_rsi_14|btc_usdt_realized_vol_12|btc_usdt_range_12|btc_usdt_realized_vol_24|btc_usdt_range_24|btc_usdt_realized_vol_48|btc_usdt_range_48|btc_usdt_relative_volume_24|btc_usdt_range_position_20|btc_usdt_breakout_distance_20|btc_usdt_range_position_55|btc_usdt_breakout_distance_55|macro_es_f_proxy_value|macro_es_f_proxy_return_1|macro_nq_f_proxy_value|macro_nq_f_proxy_return_1|macro_vix_proxy_value|macro_vix_proxy_return_1|macro_urth_proxy_value|macro_urth_proxy_return_1,direction_raw_v1,14 days 00:00:00,14 days 00:00:00,2017-08-17T00:00:00Z,2023-12-31T23:59:59Z,2024-01-01T00:00:00Z,2024-12-31T23:59:59Z,9514,2196,False,0.510311160589093,0.5718411447940281,0.5,0.9531611669860042,0.35463454710847686,0.4275956284153005,0.03521365218279241,2196.0,0.5724043715846995,0.0,1.0,,-0.03521365218279241,0.0,0.9968123861566485,,-0.03505383692220779,0.0,0.9717668488160291,,-0.0337746872049836,0.0,0.8957194899817851,,-0.033995489247789466,0.0,0.7040072859744991,,-0.03414879681033608,ROBUST CANDIDATE
c0b18c43ab982a1236d1,3.3.0,73026dd08db19c83059c57c75b65bcebf077280cee941bdcbc1155cb400f6517,BTC_USDT_4h_21d_crypto_core_v1_no_macro_1.0.0,crypto_core_v1,logistic_regression,wf_2022,validation,BTC/USDT,4h,21d,42,train_only_standard_scaler_v1,btc_usdt_return_1|btc_usdt_log_return_1|btc_usdt_return_3|btc_usdt_log_return_3|btc_usdt_return_6|btc_usdt_log_return_6|btc_usdt_return_12|btc_usdt_log_return_12|btc_usdt_return_24|btc_usdt_log_return_24|btc_usdt_momentum_6|btc_usdt_momentum_12|btc_usdt_momentum_24|btc_usdt_sma_distance_20|btc_usdt_ema_distance_20|btc_usdt_sma_distance_50|btc_usdt_ema_distance_50|btc_usdt_rsi_14|btc_usdt_realized_vol_12|btc_usdt_range_12|btc_usdt_realized_vol_24|btc_usdt_range_24|btc_usdt_realized_vol_48|btc_usdt_range_48|btc_usdt_relative_volume_24|btc_usdt_range_position_20|btc_usdt_breakout_distance_20|btc_usdt_range_position_55|btc_usdt_breakout_distance_55,direction_raw_v1,21 days 00:00:00,21 days 00:00:00,2017-08-17T00:00:00Z,2021-12-31T23:59:59Z,2022-01-01T00:00:00Z,2022-12-31T23:59:59Z,9389,2190,False,0.39988783675934514,0.3337174102392753,0.4158020750199521,0.7137917204205513,0.2601980724166412,0.4337899543378995,-0.03749352213487947,2190.0,0.408675799086758,0.4168949771689498,0.5831050228310503,-0.053834980023683233,0.025810083565985308,0.1415525114155251,0.23013698630136986,-0.0696548189765992,0.021972425028268957,0.01141552511415525,0.048401826484018265,-0.08341356546995776,0.01194316247312813,0.0,0.0182648401826484,,-0.00019431610624696672,0.0,0.00684931506849315,,0.020707645246917032,MIXED
c3431ba7568569f8bb53,3.3.0,73026dd08db19c83059c57c75b65bcebf077280cee941bdcbc1155cb400f6517,BTC_USDT_4h_21d_crypto_core_v1_no_macro_1.0.0,crypto_core_v1,hist_gradient_boosting,wf_2022,validation,BTC/USDT,4h,21d,42,train_only_standard_scaler_v1,btc_usdt_return_1|btc_usdt_log_return_1|btc_usdt_return_3|btc_usdt_log_return_3|btc_usdt_return_6|btc_usdt_log_return_6|btc_usdt_return_12|btc_usdt_log_return_12|btc_usdt_return_24|btc_usdt_log_return_24|btc_usdt_momentum_6|btc_usdt_momentum_12|btc_usdt_momentum_24|btc_usdt_sma_distance_20|btc_usdt_ema_distance_20|btc_usdt_sma_distance_50|btc_usdt_ema_distance_50|btc_usdt_rsi_14|btc_usdt_realized_vol_12|btc_usdt_range_12|btc_usdt_realized_vol_24|btc_usdt_range_24|btc_usdt_realized_vol_48|btc_usdt_range_48|btc_usdt_relative_volume_24|btc_usdt_range_position_20|btc_usdt_breakout_distance_20|btc_usdt_range_position_55|btc_usdt_breakout_distance_55,direction_raw_v1,21 days 00:00:00,21 days 00:00:00,2017-08-17T00:00:00Z,2021-12-31T23:59:59Z,2022-01-01T00:00:00Z,2022-12-31T23:59:59Z,9389,2190,False,0.5399059554366816,0.4269479420324122,0.5417592372899636,0.792832527517065,0.2885176983536397,0.5182648401826484,-0.03749352213487947,2190.0,0.408675799086758,0.6210045662100456,0.3789954337899543,-0.021347822603624996,0.06394912618609162,0.5643835616438356,0.3036529680365297,-0.019166895490554215,0.06352215519642088,0.4703196347031963,0.2237442922374429,-0.015395458123405323,0.054863914452223196,0.36484018264840185,0.1410958904109589,-0.01233475011730834,0.028398865956129223,0.25707762557077624,0.07442922374429224,-0.010684321007718555,-0.021380084578634048,ROBUST CANDIDATE
5e57930a253c071b15ed,3.3.0,73026dd08db19c83059c57c75b65bcebf077280cee941bdcbc1155cb400f6517,BTC_USDT_4h_21d_crypto_core_v1_no_macro_1.0.0,crypto_core_v1,random_forest,wf_2022,validation,BTC/USDT,4h,21d,42,train_only_standard_scaler_v1,btc_usdt_return_1|btc_usdt_log_return_1|btc_usdt_return_3|btc_usdt_log_return_3|btc_usdt_return_6|btc_usdt_log_return_6|btc_usdt_return_12|btc_usdt_log_return_12|btc_usdt_return_24|btc_usdt_log_return_24|btc_usdt_momentum_6|btc_usdt_momentum_12|btc_usdt_momentum_24|btc_usdt_sma_distance_20|btc_usdt_ema_distance_20|btc_usdt_sma_distance_50|btc_usdt_ema_distance_50|btc_usdt_rsi_14|btc_usdt_realized_vol_12|btc_usdt_range_12|btc_usdt_realized_vol_24|btc_usdt_range_24|btc_usdt_realized_vol_48|btc_usdt_range_48|btc_usdt_relative_volume_24|btc_usdt_range_position_20|btc_usdt_breakout_distance_20|btc_usdt_range_position_55|btc_usdt_breakout_distance_55,direction_raw_v1,21 days 00:00:00,21 days 00:00:00,2017-08-17T00:00:00Z,2021-12-31T23:59:59Z,2022-01-01T00:00:00Z,2022-12-31T23:59:59Z,9389,2190,False,0.5514393563555574,0.4261237195238192,0.5529604624576692,0.7164135492666275,0.25901583422298113,0.5488584474885845,-0.03749352213487947,2190.0,0.408675799086758,0.5127853881278539,0.4872146118721461,-0.015241198457282359,0.06091372784241606,0.37123287671232874,0.36255707762557077,-0.005281365082384959,0.06261624924452765,0.2136986301369863,0.23424657534246576,-0.00925715768220805,0.05082252673521767,0.12968036529680366,0.11643835616438356,-0.009883151630031282,0.025939662704817852,0.05707762557077625,0.03881278538812785,-0.030073284707109914,-0.003139025060700352,ROBUST CANDIDATE
e10f9e907f7e24e46193,3.3.0,73026dd08db19c83059c57c75b65bcebf077280cee941bdcbc1155cb400f6517,BTC_USDT_4h_21d_crypto_core_v1_no_macro_1.0.0,crypto_core_v1,logistic_regression,wf_2023,validation,BTC/USDT,4h,21d,42,train_only_standard_scaler_v1,btc_usdt_return_1|btc_usdt_log_return_1|btc_usdt_return_3|btc_usdt_log_return_3|btc_usdt_return_6|btc_usdt_log_return_6|btc_usdt_return_12|btc_usdt_log_return_12|btc_usdt_return_24|btc_usdt_log_return_24|btc_usdt_momentum_6|btc_usdt_momentum_12|btc_usdt_momentum_24|btc_usdt_sma_distance_20|btc_usdt_ema_distance_20|btc_usdt_sma_distance_50|btc_usdt_ema_distance_50|btc_usdt_rsi_14|btc_usdt_realized_vol_12|btc_usdt_range_12|btc_usdt_realized_vol_24|btc_usdt_range_24|btc_usdt_realized_vol_48|btc_usdt_range_48|btc_usdt_relative_volume_24|btc_usdt_range_position_20|btc_usdt_breakout_distance_20|btc_usdt_range_position_55|btc_usdt_breakout_distance_55,direction_raw_v1,21 days 00:00:00,21 days 00:00:00,2017-08-17T00:00:00Z,2022-12-31T23:59:59Z,2023-01-01T00:00:00Z,2023-12-31T23:59:59Z,11579,2190,False,0.54531569664903,0.6572986432371808,0.5398941798941799,0.6938985900943003,0.2503844277723228,0.5136986301369864,0.056430090143155066,2190.0,0.6164383561643836,0.39680365296803655,0.6031963470319635,0.06444092043101146,-0.05116028581299065,0.13333333333333333,0.16575342465753426,0.03304235831291215,-0.06365137721592067,0.046118721461187215,0.008675799086757991,0.037607249808456866,-0.07644660806005064,0.00228310502283105,0.0,0.08612552210333883,,0.0,0.0,,,MIXED
cafc1adaf961c9c44b6c,3.3.0,73026dd08db19c83059c57c75b65bcebf077280cee941bdcbc1155cb400f6517,BTC_USDT_4h_21d_crypto_core_v1_no_macro_1.0.0,crypto_core_v1,hist_gradient_boosting,wf_2023,validation,BTC/USDT,4h,21d,42,train_only_standard_scaler_v1,btc_usdt_return_1|btc_usdt_log_return_1|btc_usdt_return_3|btc_usdt_log_return_3|btc_usdt_return_6|btc_usdt_log_return_6|btc_usdt_return_12|btc_usdt_log_return_12|btc_usdt_return_24|btc_usdt_log_return_24|btc_usdt_momentum_6|btc_usdt_momentum_12|btc_usdt_momentum_24|btc_usdt_sma_distance_20|btc_usdt_ema_distance_20|btc_usdt_sma_distance_50|btc_usdt_ema_distance_50|btc_usdt_rsi_14|btc_usdt_realized_vol_12|btc_usdt_range_12|btc_usdt_realized_vol_24|btc_usdt_range_24|btc_usdt_realized_vol_48|btc_usdt_range_48|btc_usdt_relative_volume_24|btc_usdt_range_position_20|btc_usdt_breakout_distance_20|btc_usdt_range_position_55|btc_usdt_breakout_distance_55,direction_raw_v1,21 days 00:00:00,21 days 00:00:00,2017-08-17T00:00:00Z,2022-12-31T23:59:59Z,2023-01-01T00:00:00Z,2023-12-31T23:59:59Z,11579,2190,False,0.49837213403880065,0.5950460145275783,0.5087433862433863,0.7628592133017938,0.27727892721121433,0.5260273972602739,0.056430090143155066,2190.0,0.6164383561643836,0.5762557077625571,0.4237442922374429,0.051488756813405846,-0.06314987749460284,0.4986301369863014,0.3502283105022831,0.049472058739941795,-0.06251788516731639,0.40365296803652967,0.25844748858447486,0.05045055197715793,-0.06505529497167517,0.3223744292237443,0.1689497716894977,0.045864195394029375,-0.06639613182503493,0.23333333333333334,0.11552511415525114,0.04342343784116194,-0.062317158057815875,ROBUST CANDIDATE
b691049a93f2743405ab,3.3.0,73026dd08db19c83059c57c75b65bcebf077280cee941bdcbc1155cb400f6517,BTC_USDT_4h_21d_crypto_core_v1_no_macro_1.0.0,crypto_core_v1,random_forest,wf_2023,validation,BTC/USDT,4h,21d,42,train_only_standard_scaler_v1,btc_usdt_return_1|btc_usdt_log_return_1|btc_usdt_return_3|btc_usdt_log_return_3|btc_usdt_return_6|btc_usdt_log_return_6|btc_usdt_return_12|btc_usdt_log_return_12|btc_usdt_return_24|btc_usdt_log_return_24|btc_usdt_momentum_6|btc_usdt_momentum_12|btc_usdt_momentum_24|btc_usdt_sma_distance_20|btc_usdt_ema_distance_20|btc_usdt_sma_distance_50|btc_usdt_ema_distance_50|btc_usdt_rsi_14|btc_usdt_realized_vol_12|btc_usdt_range_12|btc_usdt_realized_vol_24|btc_usdt_range_24|btc_usdt_realized_vol_48|btc_usdt_range_48|btc_usdt_relative_volume_24|btc_usdt_range_position_20|btc_usdt_breakout_distance_20|btc_usdt_range_position_55|btc_usdt_breakout_distance_55,direction_raw_v1,21 days 00:00:00,21 days 00:00:00,2017-08-17T00:00:00Z,2022-12-31T23:59:59Z,2023-01-01T00:00:00Z,2023-12-31T23:59:59Z,11579,2190,False,0.48111199294532625,0.6129115142296954,0.4853571428571428,0.7343438139020869,0.26916847236582264,0.4949771689497717,0.056430090143155066,2190.0,0.6164383561643836,0.5378995433789955,0.4621004566210046,0.04787427696152039,-0.06638932722612507,0.42557077625570777,0.3497716894977169,0.03976366266635183,-0.06325506630222417,0.29726027397260274,0.24840182648401826,0.037939318109719435,-0.05969793865832556,0.16073059360730593,0.1461187214611872,0.03502740371639188,-0.06110705359513047,0.06940639269406393,0.06347031963470319,0.044791385144537225,-0.08435358213452585,ROBUST CANDIDATE
5d85d9c294d1ef02f973,3.3.0,73026dd08db19c83059c57c75b65bcebf077280cee941bdcbc1155cb400f6517,BTC_USDT_4h_21d_crypto_core_v1_no_macro_1.0.0,crypto_core_v1,logistic_regression,wf_2024,validation,BTC/USDT,4h,21d,42,train_only_standard_scaler_v1,btc_usdt_return_1|btc_usdt_log_return_1|btc_usdt_return_3|btc_usdt_log_return_3|btc_usdt_return_6|btc_usdt_log_return_6|btc_usdt_return_12|btc_usdt_log_return_12|btc_usdt_return_24|btc_usdt_log_return_24|btc_usdt_momentum_6|btc_usdt_momentum_12|btc_usdt_momentum_24|btc_usdt_sma_distance_20|btc_usdt_ema_distance_20|btc_usdt_sma_distance_50|btc_usdt_ema_distance_50|btc_usdt_rsi_14|btc_usdt_realized_vol_12|btc_usdt_range_12|btc_usdt_realized_vol_24|btc_usdt_range_24|btc_usdt_realized_vol_48|btc_usdt_range_48|btc_usdt_relative_volume_24|btc_usdt_range_position_20|btc_usdt_breakout_distance_20|btc_usdt_range_position_55|btc_usdt_breakout_distance_55,direction_raw_v1,21 days 00:00:00,21 days 00:00:00,2017-08-17T00:00:00Z,2023-12-31T23:59:59Z,2024-01-01T00:00:00Z,2024-12-31T23:59:59Z,13769,2196,False,0.5436089421697384,0.6566559892695192,0.536600885663834,0.6873922186398742,0.2471649721528775,0.5373406193078324,0.05590590212376789,2196.0,0.5974499089253188,0.5109289617486339,0.4890710382513661,0.07143310299746579,-0.03968474813839634,0.16302367941712204,0.0778688524590164,0.08126850331159766,-0.05532140954146632,0.022768670309653915,0.00273224043715847,0.037412061836296764,-0.07185262133970859,0.004098360655737705,0.0,0.047214033452370324,,0.0,0.0,,,MIXED
31203268d29430b87c18,3.3.0,73026dd08db19c83059c57c75b65bcebf077280cee941bdcbc1155cb400f6517,BTC_USDT_4h_21d_crypto_core_v1_no_macro_1.0.0,crypto_core_v1,hist_gradient_boosting,wf_2024,validation,BTC/USDT,4h,21d,42,train_only_standard_scaler_v1,btc_usdt_return_1|btc_usdt_log_return_1|btc_usdt_return_3|btc_usdt_log_return_3|btc_usdt_return_6|btc_usdt_log_return_6|btc_usdt_return_12|btc_usdt_log_return_12|btc_usdt_return_24|btc_usdt_log_return_24|btc_usdt_momentum_6|btc_usdt_momentum_12|btc_usdt_momentum_24|btc_usdt_sma_distance_20|btc_usdt_ema_distance_20|btc_usdt_sma_distance_50|btc_usdt_ema_distance_50|btc_usdt_rsi_14|btc_usdt_realized_vol_12|btc_usdt_range_12|btc_usdt_realized_vol_24|btc_usdt_range_24|btc_usdt_realized_vol_48|btc_usdt_range_48|btc_usdt_relative_volume_24|btc_usdt_range_position_20|btc_usdt_breakout_distance_20|btc_usdt_range_position_55|btc_usdt_breakout_distance_55,direction_raw_v1,21 days 00:00:00,21 days 00:00:00,2017-08-17T00:00:00Z,2023-12-31T23:59:59Z,2024-01-01T00:00:00Z,2024-12-31T23:59:59Z,13769,2196,False,0.576736408095133,0.6983897135155457,0.5419207317073171,0.6889969198172271,0.24782624006015141,0.5500910746812386,0.05590590212376789,2196.0,0.5974499089253188,0.5500910746812386,0.44990892531876137,0.06731011500060631,-0.041962289618483674,0.4198542805100182,0.3342440801457195,0.07750700281047362,-0.04055006195397769,0.2978142076502732,0.21265938069216758,0.0799981550705569,-0.0487057622739541,0.19262295081967212,0.12932604735883424,0.08501427072952304,-0.041332358441630565,0.10245901639344263,0.06147540983606557,0.0913314747206308,-0.03945643768837924,ROBUST CANDIDATE
4d1d2a9044f9a200d711,3.3.0,73026dd08db19c83059c57c75b65bcebf077280cee941bdcbc1155cb400f6517,BTC_USDT_4h_21d_crypto_core_v1_no_macro_1.0.0,crypto_core_v1,random_forest,wf_2024,validation,BTC/USDT,4h,21d,42,train_only_standard_scaler_v1,btc_usdt_return_1|btc_usdt_log_return_1|btc_usdt_return_3|btc_usdt_log_return_3|btc_usdt_return_6|btc_usdt_log_return_6|btc_usdt_return_12|btc_usdt_log_return_12|btc_usdt_return_24|btc_usdt_log_return_24|btc_usdt_momentum_6|btc_usdt_momentum_12|btc_usdt_momentum_24|btc_usdt_sma_distance_20|btc_usdt_ema_distance_20|btc_usdt_sma_distance_50|btc_usdt_ema_distance_50|btc_usdt_rsi_14|btc_usdt_realized_vol_12|btc_usdt_range_12|btc_usdt_realized_vol_24|btc_usdt_range_24|btc_usdt_realized_vol_48|btc_usdt_range_48|btc_usdt_relative_volume_24|btc_usdt_range_position_20|btc_usdt_breakout_distance_20|btc_usdt_range_position_55|btc_usdt_breakout_distance_55,direction_raw_v1,21 days 00:00:00,21 days 00:00:00,2017-08-17T00:00:00Z,2023-12-31T23:59:59Z,2024-01-01T00:00:00Z,2024-12-31T23:59:59Z,13769,2196,False,0.5522414054740095,0.665295606908209,0.5434675394548063,0.7008197028479771,0.25353592650472057,0.5318761384335154,0.05590590212376789,2196.0,0.5974499089253188,0.44899817850637525,0.5510018214936248,0.06534766011427713,-0.048212039827369456,0.26138433515482695,0.35564663023679416,0.061942471585829585,-0.04285465887565757,0.15437158469945356,0.20309653916211293,0.05185563954653335,-0.03485655570236772,0.07331511839708561,0.08925318761384335,0.0559388905116634,-0.03891066144956121,0.02459016393442623,0.03233151183970856,0.07026862412944625,-0.03241328233007557,ROBUST CANDIDATE
e27cd01c2736d79776c3,3.3.0,73026dd08db19c83059c57c75b65bcebf077280cee941bdcbc1155cb400f6517,BTC_USDT_4h_21d_crypto_core_v1+crypto_context_proxy_v1_macro_proxy_1.0.0,crypto_core_v1+crypto_context_proxy_v1,logistic_regression,wf_2022,validation,BTC/USDT,4h,21d,42,train_only_standard_scaler_v1,btc_usdt_return_1|btc_usdt_log_return_1|btc_usdt_return_3|btc_usdt_log_return_3|btc_usdt_return_6|btc_usdt_log_return_6|btc_usdt_return_12|btc_usdt_log_return_12|btc_usdt_return_24|btc_usdt_log_return_24|btc_usdt_momentum_6|btc_usdt_momentum_12|btc_usdt_momentum_24|btc_usdt_sma_distance_20|btc_usdt_ema_distance_20|btc_usdt_sma_distance_50|btc_usdt_ema_distance_50|btc_usdt_rsi_14|btc_usdt_realized_vol_12|btc_usdt_range_12|btc_usdt_realized_vol_24|btc_usdt_range_24|btc_usdt_realized_vol_48|btc_usdt_range_48|btc_usdt_relative_volume_24|btc_usdt_range_position_20|btc_usdt_breakout_distance_20|btc_usdt_range_position_55|btc_usdt_breakout_distance_55|macro_es_f_proxy_value|macro_es_f_proxy_return_1|macro_nq_f_proxy_value|macro_nq_f_proxy_return_1|macro_vix_proxy_value|macro_vix_proxy_return_1|macro_urth_proxy_value|macro_urth_proxy_return_1,direction_raw_v1,21 days 00:00:00,21 days 00:00:00,2017-08-17T00:00:00Z,2021-12-31T23:59:59Z,2022-01-01T00:00:00Z,2022-12-31T23:59:59Z,5092,2190,False,0.5948275490174931,0.5241596635640832,0.5040421906343694,0.7964709087800371,0.2788211151639632,0.5940639269406393,-0.03749352213487947,2190.0,0.408675799086758,0.006392694063926941,0.993607305936073,0.07392031058204172,0.038210339073315544,0.005936073059360731,0.991324200913242,0.0733200653349713,0.03818101564747493,0.0036529680365296802,0.971689497716895,0.09863764246190682,0.03916492545154909,0.0027397260273972603,0.9319634703196347,0.11396373685520438,0.04213899227656822,0.00045662100456621003,0.8712328767123287,0.19669463570147694,0.04839897036991133,ROBUST CANDIDATE
2269d479c7dab72db724,3.3.0,73026dd08db19c83059c57c75b65bcebf077280cee941bdcbc1155cb400f6517,BTC_USDT_4h_21d_crypto_core_v1+crypto_context_proxy_v1_macro_proxy_1.0.0,crypto_core_v1+crypto_context_proxy_v1,hist_gradient_boosting,wf_2022,validation,BTC/USDT,4h,21d,42,train_only_standard_scaler_v1,btc_usdt_return_1|btc_usdt_log_return_1|btc_usdt_return_3|btc_usdt_log_return_3|btc_usdt_return_6|btc_usdt_log_return_6|btc_usdt_return_12|btc_usdt_log_return_12|btc_usdt_return_24|btc_usdt_log_return_24|btc_usdt_momentum_6|btc_usdt_momentum_12|btc_usdt_momentum_24|btc_usdt_sma_distance_20|btc_usdt_ema_distance_20|btc_usdt_sma_distance_50|btc_usdt_ema_distance_50|btc_usdt_rsi_14|btc_usdt_realized_vol_12|btc_usdt_range_12|btc_usdt_realized_vol_24|btc_usdt_range_24|btc_usdt_realized_vol_48|btc_usdt_range_48|btc_usdt_relative_volume_24|btc_usdt_range_position_20|btc_usdt_breakout_distance_20|btc_usdt_range_position_55|btc_usdt_breakout_distance_55|macro_es_f_proxy_value|macro_es_f_proxy_return_1|macro_nq_f_proxy_value|macro_nq_f_proxy_return_1|macro_vix_proxy_value|macro_vix_proxy_return_1|macro_urth_proxy_value|macro_urth_proxy_return_1,direction_raw_v1,21 days 00:00:00,21 days 00:00:00,2017-08-17T00:00:00Z,2021-12-31T23:59:59Z,2022-01-01T00:00:00Z,2022-12-31T23:59:59Z,5092,2190,False,0.6969422575009168,0.5615105995419762,0.6295010892776256,1.0104110358151428,0.30774319143292184,0.5922374429223745,-0.03749352213487947,2190.0,0.408675799086758,0.680365296803653,0.319634703196347,-0.007195668563366373,0.10198466759424306,0.6452054794520548,0.2808219178082192,-0.0014477700376983175,0.10314641975659841,0.6136986301369863,0.2319634703196347,0.005019739993454405,0.10110454668949685,0.5844748858447488,0.1917808219178082,0.009260350027231735,0.09854478327256411,0.5579908675799087,0.1415525114155251,0.012185544736858248,0.09592759803049013,ROBUST CANDIDATE
6b4d92f727673ebd0153,3.3.0,73026dd08db19c83059c57c75b65bcebf077280cee941bdcbc1155cb400f6517,BTC_USDT_4h_21d_crypto_core_v1+crypto_context_proxy_v1_macro_proxy_1.0.0,crypto_core_v1+crypto_context_proxy_v1,random_forest,wf_2022,validation,BTC/USDT,4h,21d,42,train_only_standard_scaler_v1,btc_usdt_return_1|btc_usdt_log_return_1|btc_usdt_return_3|btc_usdt_log_return_3|btc_usdt_return_6|btc_usdt_log_return_6|btc_usdt_return_12|btc_usdt_log_return_12|btc_usdt_return_24|btc_usdt_log_return_24|btc_usdt_momentum_6|btc_usdt_momentum_12|btc_usdt_momentum_24|btc_usdt_sma_distance_20|btc_usdt_ema_distance_20|btc_usdt_sma_distance_50|btc_usdt_ema_distance_50|btc_usdt_rsi_14|btc_usdt_realized_vol_12|btc_usdt_range_12|btc_usdt_realized_vol_24|btc_usdt_range_24|btc_usdt_realized_vol_48|btc_usdt_range_48|btc_usdt_relative_volume_24|btc_usdt_range_position_20|btc_usdt_breakout_distance_20|btc_usdt_range_position_55|btc_usdt_breakout_distance_55|macro_es_f_proxy_value|macro_es_f_proxy_return_1|macro_nq_f_proxy_value|macro_nq_f_proxy_return_1|macro_vix_proxy_value|macro_vix_proxy_return_1|macro_urth_proxy_value|macro_urth_proxy_return_1,direction_raw_v1,21 days 00:00:00,21 days 00:00:00,2017-08-17T00:00:00Z,2021-12-31T23:59:59Z,2022-01-01T00:00:00Z,2022-12-31T23:59:59Z,5092,2190,False,0.62619788184034,0.5231285621374242,0.5671534263713034,0.7814563345624612,0.28433020880664334,0.5031963470319635,-0.03749352213487947,2190.0,0.408675799086758,0.8378995433789954,0.16210045662100456,-0.028859113196417565,0.08212490354918256,0.7712328767123288,0.10593607305936073,-0.021264337594790024,0.10308644504384006,0.671689497716895,0.08310502283105023,-0.013236731329620033,0.11598853959586339,0.5210045662100456,0.07671232876712329,-0.0007376461995373692,0.11519470811551333,0.39863013698630134,0.0684931506849315,0.004744925998867884,0.1157474152901597,ROBUST CANDIDATE
a62a2610371354fbff8c,3.3.0,73026dd08db19c83059c57c75b65bcebf077280cee941bdcbc1155cb400f6517,BTC_USDT_4h_21d_crypto_core_v1+crypto_context_proxy_v1_macro_proxy_1.0.0,crypto_core_v1+crypto_context_proxy_v1,logistic_regression,wf_2023,validation,BTC/USDT,4h,21d,42,train_only_standard_scaler_v1,btc_usdt_return_1|btc_usdt_log_return_1|btc_usdt_return_3|btc_usdt_log_return_3|btc_usdt_return_6|btc_usdt_log_return_6|btc_usdt_return_12|btc_usdt_log_return_12|btc_usdt_return_24|btc_usdt_log_return_24|btc_usdt_momentum_6|btc_usdt_momentum_12|btc_usdt_momentum_24|btc_usdt_sma_distance_20|btc_usdt_ema_distance_20|btc_usdt_sma_distance_50|btc_usdt_ema_distance_50|btc_usdt_rsi_14|btc_usdt_realized_vol_12|btc_usdt_range_12|btc_usdt_realized_vol_24|btc_usdt_range_24|btc_usdt_realized_vol_48|btc_usdt_range_48|btc_usdt_relative_volume_24|btc_usdt_range_position_20|btc_usdt_breakout_distance_20|btc_usdt_range_position_55|btc_usdt_breakout_distance_55|macro_es_f_proxy_value|macro_es_f_proxy_return_1|macro_nq_f_proxy_value|macro_nq_f_proxy_return_1|macro_vix_proxy_value|macro_vix_proxy_return_1|macro_urth_proxy_value|macro_urth_proxy_return_1,direction_raw_v1,21 days 00:00:00,21 days 00:00:00,2017-08-17T00:00:00Z,2022-12-31T23:59:59Z,2023-01-01T00:00:00Z,2023-12-31T23:59:59Z,7282,2190,False,0.603441798941799,0.7228028375373379,0.5278439153439154,0.8588146119736316,0.3238733931142657,0.4187214611872146,0.056430090143155066,2190.0,0.6164383561643836,0.03789954337899543,0.9621004566210045,0.07245954324611899,-0.05579864989277728,0.02009132420091324,0.9219178082191781,0.07117591003535848,-0.054936609927558853,0.009589041095890411,0.8593607305936073,0.0797416160357624,-0.05445721034849843,0.0045662100456621,0.7561643835616438,0.07864422883472581,-0.05033939940045461,0.0009132420091324201,0.5442922374429223,0.09886513482282777,-0.04929630405548342,ROBUST CANDIDATE
4e23ac02351cbf9d7066,3.3.0,73026dd08db19c83059c57c75b65bcebf077280cee941bdcbc1155cb400f6517,BTC_USDT_4h_21d_crypto_core_v1+crypto_context_proxy_v1_macro_proxy_1.0.0,crypto_core_v1+crypto_context_proxy_v1,hist_gradient_boosting,wf_2023,validation,BTC/USDT,4h,21d,42,train_only_standard_scaler_v1,btc_usdt_return_1|btc_usdt_log_return_1|btc_usdt_return_3|btc_usdt_log_return_3|btc_usdt_return_6|btc_usdt_log_return_6|btc_usdt_return_12|btc_usdt_log_return_12|btc_usdt_return_24|btc_usdt_log_return_24|btc_usdt_momentum_6|btc_usdt_momentum_12|btc_usdt_momentum_24|btc_usdt_sma_distance_20|btc_usdt_ema_distance_20|btc_usdt_sma_distance_50|btc_usdt_ema_distance_50|btc_usdt_rsi_14|btc_usdt_realized_vol_12|btc_usdt_range_12|btc_usdt_realized_vol_24|btc_usdt_range_24|btc_usdt_realized_vol_48|btc_usdt_range_48|btc_usdt_relative_volume_24|btc_usdt_range_position_20|btc_usdt_breakout_distance_20|btc_usdt_range_position_55|btc_usdt_breakout_distance_55|macro_es_f_proxy_value|macro_es_f_proxy_return_1|macro_nq_f_proxy_value|macro_nq_f_proxy_return_1|macro_vix_proxy_value|macro_vix_proxy_return_1|macro_urth_proxy_value|macro_urth_proxy_return_1,direction_raw_v1,21 days 00:00:00,21 days 00:00:00,2017-08-17T00:00:00Z,2022-12-31T23:59:59Z,2023-01-01T00:00:00Z,2023-12-31T23:59:59Z,7282,2190,False,0.6400039682539683,0.716322185610637,0.5923544973544973,1.1672953061250977,0.3490156597218692,0.545662100456621,0.056430090143155066,2190.0,0.6164383561643836,0.32100456621004564,0.6789954337899543,0.09383185318132316,-0.03874788475254838,0.2954337899543379,0.6593607305936073,0.08998528152079993,-0.038695893413343715,0.2639269406392694,0.6356164383561644,0.09777374318859987,-0.03657714120801168,0.2278538812785388,0.6059360730593607,0.1013902118458057,-0.030639403901269985,0.19041095890410958,0.5675799086757991,0.0983417564271711,-0.025257273643293138,ROBUST CANDIDATE
4a14fd92273ba7ad7535,3.3.0,73026dd08db19c83059c57c75b65bcebf077280cee941bdcbc1155cb400f6517,BTC_USDT_4h_21d_crypto_core_v1+crypto_context_proxy_v1_macro_proxy_1.0.0,crypto_core_v1+crypto_context_proxy_v1,random_forest,wf_2023,validation,BTC/USDT,4h,21d,42,train_only_standard_scaler_v1,btc_usdt_return_1|btc_usdt_log_return_1|btc_usdt_return_3|btc_usdt_log_return_3|btc_usdt_return_6|btc_usdt_log_return_6|btc_usdt_return_12|btc_usdt_log_return_12|btc_usdt_return_24|btc_usdt_log_return_24|btc_usdt_momentum_6|btc_usdt_momentum_12|btc_usdt_momentum_24|btc_usdt_sma_distance_20|btc_usdt_ema_distance_20|btc_usdt_sma_distance_50|btc_usdt_ema_distance_50|btc_usdt_rsi_14|btc_usdt_realized_vol_12|btc_usdt_range_12|btc_usdt_realized_vol_24|btc_usdt_range_24|btc_usdt_realized_vol_48|btc_usdt_range_48|btc_usdt_relative_volume_24|btc_usdt_range_position_20|btc_usdt_breakout_distance_20|btc_usdt_range_position_55|btc_usdt_breakout_distance_55|macro_es_f_proxy_value|macro_es_f_proxy_return_1|macro_nq_f_proxy_value|macro_nq_f_proxy_return_1|macro_vix_proxy_value|macro_vix_proxy_return_1|macro_urth_proxy_value|macro_urth_proxy_return_1,direction_raw_v1,21 days 00:00:00,21 days 00:00:00,2017-08-17T00:00:00Z,2022-12-31T23:59:59Z,2023-01-01T00:00:00Z,2023-12-31T23:59:59Z,7282,2190,False,0.6149964726631394,0.7024717648964056,0.5355291005291005,0.87918876879321,0.3208999193076724,0.4534246575342466,0.056430090143155066,2190.0,0.6164383561643836,0.15570776255707763,0.8442922374429224,0.11029879568928568,-0.04649540729230027,0.0776255707762557,0.7420091324200914,0.11850780287095408,-0.043342738903892696,0.04794520547945205,0.6237442922374429,0.09773906915997851,-0.04061732717663347,0.021461187214611873,0.5515981735159817,0.09102767898713886,-0.03848393216009831,0.011872146118721462,0.4849315068493151,0.08420359749105591,-0.027893452318720983,ROBUST CANDIDATE
aae0a7ce6dc5dc45800f,3.3.0,73026dd08db19c83059c57c75b65bcebf077280cee941bdcbc1155cb400f6517,BTC_USDT_4h_21d_crypto_core_v1+crypto_context_proxy_v1_macro_proxy_1.0.0,crypto_core_v1+crypto_context_proxy_v1,logistic_regression,wf_2024,validation,BTC/USDT,4h,21d,42,train_only_standard_scaler_v1,btc_usdt_return_1|btc_usdt_log_return_1|btc_usdt_return_3|btc_usdt_log_return_3|btc_usdt_return_6|btc_usdt_log_return_6|btc_usdt_return_12|btc_usdt_log_return_12|btc_usdt_return_24|btc_usdt_log_return_24|btc_usdt_momentum_6|btc_usdt_momentum_12|btc_usdt_momentum_24|btc_usdt_sma_distance_20|btc_usdt_ema_distance_20|btc_usdt_sma_distance_50|btc_usdt_ema_distance_50|btc_usdt_rsi_14|btc_usdt_realized_vol_12|btc_usdt_range_12|btc_usdt_realized_vol_24|btc_usdt_range_24|btc_usdt_realized_vol_48|btc_usdt_range_48|btc_usdt_relative_volume_24|btc_usdt_range_position_20|btc_usdt_breakout_distance_20|btc_usdt_range_position_55|btc_usdt_breakout_distance_55|macro_es_f_proxy_value|macro_es_f_proxy_return_1|macro_nq_f_proxy_value|macro_nq_f_proxy_return_1|macro_vix_proxy_value|macro_vix_proxy_return_1|macro_urth_proxy_value|macro_urth_proxy_return_1,direction_raw_v1,21 days 00:00:00,21 days 00:00:00,2017-08-17T00:00:00Z,2023-12-31T23:59:59Z,2024-01-01T00:00:00Z,2024-12-31T23:59:59Z,9472,2196,False,0.4795448901887209,0.6303771619341199,0.5072408536585366,0.9405630250103796,0.35264874141794056,0.41120218579234974,0.05590590212376789,2196.0,0.5974499089253188,0.008652094717668488,0.9913479052823315,0.07824370991301968,-0.055710946520646266,0.0,0.9503642987249544,,-0.05271348662445984,0.0,0.889344262295082,,-0.04788333976956829,0.0,0.7982695810564663,,-0.04381837730654487,0.0,0.6707650273224044,,-0.04666371384917068,ROBUST CANDIDATE
04f950c77b86ad69fd7d,3.3.0,73026dd08db19c83059c57c75b65bcebf077280cee941bdcbc1155cb400f6517,BTC_USDT_4h_21d_crypto_core_v1+crypto_context_proxy_v1_macro_proxy_1.0.0,crypto_core_v1+crypto_context_proxy_v1,hist_gradient_boosting,wf_2024,validation,BTC/USDT,4h,21d,42,train_only_standard_scaler_v1,btc_usdt_return_1|btc_usdt_log_return_1|btc_usdt_return_3|btc_usdt_log_return_3|btc_usdt_return_6|btc_usdt_log_return_6|btc_usdt_return_12|btc_usdt_log_return_12|btc_usdt_return_24|btc_usdt_log_return_24|btc_usdt_momentum_6|btc_usdt_momentum_12|btc_usdt_momentum_24|btc_usdt_sma_distance_20|btc_usdt_ema_distance_20|btc_usdt_sma_distance_50|btc_usdt_ema_distance_50|btc_usdt_rsi_14|btc_usdt_realized_vol_12|btc_usdt_range_12|btc_usdt_realized_vol_24|btc_usdt_range_24|btc_usdt_realized_vol_48|btc_usdt_range_48|btc_usdt_relative_volume_24|btc_usdt_range_position_20|btc_usdt_breakout_distance_20|btc_usdt_range_position_55|btc_usdt_breakout_distance_55|macro_es_f_proxy_value|macro_es_f_proxy_return_1|macro_nq_f_proxy_value|macro_nq_f_proxy_return_1|macro_vix_proxy_value|macro_vix_proxy_return_1|macro_urth_proxy_value|macro_urth_proxy_return_1,direction_raw_v1,21 days 00:00:00,21 days 00:00:00,2017-08-17T00:00:00Z,2023-12-31T23:59:59Z,2024-01-01T00:00:00Z,2024-12-31T23:59:59Z,9472,2196,False,0.5217467029025494,0.5927724996131847,0.5,2.0516637032400684,0.551433758912756,0.40255009107468126,0.05590590212376789,2196.0,0.5974499089253188,0.0,1.0,,-0.05590590212376789,0.0,1.0,,-0.05590590212376789,0.0,1.0,,-0.05590590212376789,0.0,1.0,,-0.05590590212376789,0.0,0.9990892531876139,,-0.05565772140232127,ROBUST CANDIDATE
f32d7290eb63c40e40af,3.3.0,73026dd08db19c83059c57c75b65bcebf077280cee941bdcbc1155cb400f6517,BTC_USDT_4h_21d_crypto_core_v1+crypto_context_proxy_v1_macro_proxy_1.0.0,crypto_core_v1+crypto_context_proxy_v1,random_forest,wf_2024,validation,BTC/USDT,4h,21d,42,train_only_standard_scaler_v1,btc_usdt_return_1|btc_usdt_log_return_1|btc_usdt_return_3|btc_usdt_log_return_3|btc_usdt_return_6|btc_usdt_log_return_6|btc_usdt_return_12|btc_usdt_log_return_12|btc_usdt_return_24|btc_usdt_log_return_24|btc_usdt_momentum_6|btc_usdt_momentum_12|btc_usdt_momentum_24|btc_usdt_sma_distance_20|btc_usdt_ema_distance_20|btc_usdt_sma_distance_50|btc_usdt_ema_distance_50|btc_usdt_rsi_14|btc_usdt_realized_vol_12|btc_usdt_range_12|btc_usdt_realized_vol_24|btc_usdt_range_24|btc_usdt_realized_vol_48|btc_usdt_range_48|btc_usdt_relative_volume_24|btc_usdt_range_position_20|btc_usdt_breakout_distance_20|btc_usdt_range_position_55|btc_usdt_breakout_distance_55|macro_es_f_proxy_value|macro_es_f_proxy_return_1|macro_nq_f_proxy_value|macro_nq_f_proxy_return_1|macro_vix_proxy_value|macro_vix_proxy_return_1|macro_urth_proxy_value|macro_urth_proxy_return_1,direction_raw_v1,21 days 00:00:00,21 days 00:00:00,2017-08-17T00:00:00Z,2023-12-31T23:59:59Z,2024-01-01T00:00:00Z,2024-12-31T23:59:59Z,9472,2196,False,0.5436046311113565,0.635852814317718,0.5,1.2247503897065155,0.43205227403319274,0.40255009107468126,0.05590590212376789,2196.0,0.5974499089253188,0.0,1.0,,-0.05590590212376789,0.0,1.0,,-0.05590590212376789,0.0,0.9986338797814208,,-0.055888152814713744,0.0,0.9776867030965392,,-0.0544843162878262,0.0,0.9403460837887068,,-0.05471460821346496,ROBUST CANDIDATE
886e00d3d1d5fd081737,3.3.0,73026dd08db19c83059c57c75b65bcebf077280cee941bdcbc1155cb400f6517,BTC_USDT_4h_28d_crypto_core_v1_no_macro_1.0.0,crypto_core_v1,logistic_regression,wf_2022,validation,BTC/USDT,4h,28d,42,train_only_standard_scaler_v1,btc_usdt_return_1|btc_usdt_log_return_1|btc_usdt_return_3|btc_usdt_log_return_3|btc_usdt_return_6|btc_usdt_log_return_6|btc_usdt_return_12|btc_usdt_log_return_12|btc_usdt_return_24|btc_usdt_log_return_24|btc_usdt_momentum_6|btc_usdt_momentum_12|btc_usdt_momentum_24|btc_usdt_sma_distance_20|btc_usdt_ema_distance_20|btc_usdt_sma_distance_50|btc_usdt_ema_distance_50|btc_usdt_rsi_14|btc_usdt_realized_vol_12|btc_usdt_range_12|btc_usdt_realized_vol_24|btc_usdt_range_24|btc_usdt_realized_vol_48|btc_usdt_range_48|btc_usdt_relative_volume_24|btc_usdt_range_position_20|btc_usdt_breakout_distance_20|btc_usdt_range_position_55|btc_usdt_breakout_distance_55,direction_raw_v1,28 days 00:00:00,28 days 00:00:00,2017-08-17T00:00:00Z,2021-12-31T23:59:59Z,2022-01-01T00:00:00Z,2022-12-31T23:59:59Z,9347,2190,False,0.35945693723780087,0.317182744450311,0.38745532264296756,0.7144239670577607,0.26047498771822214,0.4223744292237443,-0.04321049311011401,2190.0,0.4091324200913242,0.32831050228310504,0.671689497716895,-0.07153632184197557,0.029365305579040952,0.07214611872146119,0.25251141552511414,-0.09143991641058993,0.02888967769636441,0.005936073059360731,0.032420091324200914,-0.09498584340648432,-0.03153227701785804,0.0,0.01141552511415525,,-0.06349623453718534,0.0,0.00228310502283105,,-0.1295206869690615,MIXED
a37a562da937fe49c91c,3.3.0,73026dd08db19c83059c57c75b65bcebf077280cee941bdcbc1155cb400f6517,BTC_USDT_4h_28d_crypto_core_v1_no_macro_1.0.0,crypto_core_v1,hist_gradient_boosting,wf_2022,validation,BTC/USDT,4h,28d,42,train_only_standard_scaler_v1,btc_usdt_return_1|btc_usdt_log_return_1|btc_usdt_return_3|btc_usdt_log_return_3|btc_usdt_return_6|btc_usdt_log_return_6|btc_usdt_return_12|btc_usdt_log_return_12|btc_usdt_return_24|btc_usdt_log_return_24|btc_usdt_momentum_6|btc_usdt_momentum_12|btc_usdt_momentum_24|btc_usdt_sma_distance_20|btc_usdt_ema_distance_20|btc_usdt_sma_distance_50|btc_usdt_ema_distance_50|btc_usdt_rsi_14|btc_usdt_realized_vol_12|btc_usdt_range_12|btc_usdt_realized_vol_24|btc_usdt_range_24|btc_usdt_realized_vol_48|btc_usdt_range_48|btc_usdt_relative_volume_24|btc_usdt_range_position_20|btc_usdt_breakout_distance_20|btc_usdt_range_position_55|btc_usdt_breakout_distance_55,direction_raw_v1,28 days 00:00:00,28 days 00:00:00,2017-08-17T00:00:00Z,2021-12-31T23:59:59Z,2022-01-01T00:00:00Z,2022-12-31T23:59:59Z,9347,2190,False,0.5184056911017885,0.40494094490886706,0.525578218149702,0.8036295168790638,0.2907055272124538,0.5091324200913242,-0.04321049311011401,2190.0,0.4091324200913242,0.5858447488584475,0.4141552511415525,-0.0278945996750798,0.0648756433605538,0.4689497716894977,0.26757990867579906,-0.016756325027567624,0.05098494440784934,0.37625570776255707,0.15662100456621006,-0.005568278212476404,0.03478593567315409,0.2945205479452055,0.08858447488584476,-0.009715091350884332,0.0059758266211614956,0.21324200913242009,0.04200913242009133,-0.012230607390868712,-0.009789631253617039,ROBUST CANDIDATE
8b450633f2c78e114e4a,3.3.0,73026dd08db19c83059c57c75b65bcebf077280cee941bdcbc1155cb400f6517,BTC_USDT_4h_28d_crypto_core_v1_no_macro_1.0.0,crypto_core_v1,random_forest,wf_2022,validation,BTC/USDT,4h,28d,42,train_only_standard_scaler_v1,btc_usdt_return_1|btc_usdt_log_return_1|btc_usdt_return_3|btc_usdt_log_return_3|btc_usdt_return_6|btc_usdt_log_return_6|btc_usdt_return_12|btc_usdt_log_return_12|btc_usdt_return_24|btc_usdt_log_return_24|btc_usdt_momentum_6|btc_usdt_momentum_12|btc_usdt_momentum_24|btc_usdt_sma_distance_20|btc_usdt_ema_distance_20|btc_usdt_sma_distance_50|btc_usdt_ema_distance_50|btc_usdt_rsi_14|btc_usdt_realized_vol_12|btc_usdt_range_12|btc_usdt_realized_vol_24|btc_usdt_range_24|btc_usdt_realized_vol_48|btc_usdt_range_48|btc_usdt_relative_volume_24|btc_usdt_range_position_20|btc_usdt_breakout_distance_20|btc_usdt_range_position_55|btc_usdt_breakout_distance_55,direction_raw_v1,28 days 00:00:00,28 days 00:00:00,2017-08-17T00:00:00Z,2021-12-31T23:59:59Z,2022-01-01T00:00:00Z,2022-12-31T23:59:59Z,9347,2190,False,0.5295664053875028,0.4110744193399678,0.5504483260653565,0.7223710506274585,0.26191358823270267,0.5634703196347032,-0.04321049311011401,2190.0,0.4091324200913242,0.4191780821917808,0.5808219178082191,-0.011538397864182199,0.06606818449043272,0.3041095890410959,0.410958904109589,-0.004793279223968107,0.06629736604275112,0.2045662100456621,0.22100456621004566,-0.00741953318425345,0.0510575272236234,0.11689497716894977,0.08310502283105023,-0.03201371976950769,0.019767872541000025,0.06027397260273973,0.023744292237442923,-0.053659171265402636,-0.016654277693943162,ROBUST CANDIDATE
d75a102044ad8a794d76,3.3.0,73026dd08db19c83059c57c75b65bcebf077280cee941bdcbc1155cb400f6517,BTC_USDT_4h_28d_crypto_core_v1_no_macro_1.0.0,crypto_core_v1,logistic_regression,wf_2023,validation,BTC/USDT,4h,28d,42,train_only_standard_scaler_v1,btc_usdt_return_1|btc_usdt_log_return_1|btc_usdt_return_3|btc_usdt_log_return_3|btc_usdt_return_6|btc_usdt_log_return_6|btc_usdt_return_12|btc_usdt_log_return_12|btc_usdt_return_24|btc_usdt_log_return_24|btc_usdt_momentum_6|btc_usdt_momentum_12|btc_usdt_momentum_24|btc_usdt_sma_distance_20|btc_usdt_ema_distance_20|btc_usdt_sma_distance_50|btc_usdt_ema_distance_50|btc_usdt_rsi_14|btc_usdt_realized_vol_12|btc_usdt_range_12|btc_usdt_realized_vol_24|btc_usdt_range_24|btc_usdt_realized_vol_48|btc_usdt_range_48|btc_usdt_relative_volume_24|btc_usdt_range_position_20|btc_usdt_breakout_distance_20|btc_usdt_range_position_55|btc_usdt_breakout_distance_55,direction_raw_v1,28 days 00:00:00,28 days 00:00:00,2017-08-17T00:00:00Z,2022-12-31T23:59:59Z,2023-01-01T00:00:00Z,2023-12-31T23:59:59Z,11537,2190,False,0.6068524788662915,0.7266419862992268,0.5524900778079243,0.690150948442238,0.24857319895509603,0.4885844748858447,0.0695273536373237,2190.0,0.632420091324201,0.2726027397260274,0.7273972602739726,0.06974780783722115,-0.06944473520836024,0.12511415525114156,0.2625570776255708,0.06557747700757907,-0.06354444437132886,0.03789954337899543,0.0,0.08028483445833982,,0.0073059360730593605,0.0,0.09822253124589797,,0.0,0.0,,,MIXED
4be371514c3bb679c250,3.3.0,73026dd08db19c83059c57c75b65bcebf077280cee941bdcbc1155cb400f6517,BTC_USDT_4h_28d_crypto_core_v1_no_macro_1.0.0,crypto_core_v1,hist_gradient_boosting,wf_2023,validation,BTC/USDT,4h,28d,42,train_only_standard_scaler_v1,btc_usdt_return_1|btc_usdt_log_return_1|btc_usdt_return_3|btc_usdt_log_return_3|btc_usdt_return_6|btc_usdt_log_return_6|btc_usdt_return_12|btc_usdt_log_return_12|btc_usdt_return_24|btc_usdt_log_return_24|btc_usdt_momentum_6|btc_usdt_momentum_12|btc_usdt_momentum_24|btc_usdt_sma_distance_20|btc_usdt_ema_distance_20|btc_usdt_sma_distance_50|btc_usdt_ema_distance_50|btc_usdt_rsi_14|btc_usdt_realized_vol_12|btc_usdt_range_12|btc_usdt_realized_vol_24|btc_usdt_range_24|btc_usdt_realized_vol_48|btc_usdt_range_48|btc_usdt_relative_volume_24|btc_usdt_range_position_20|btc_usdt_breakout_distance_20|btc_usdt_range_position_55|btc_usdt_breakout_distance_55,direction_raw_v1,28 days 00:00:00,28 days 00:00:00,2017-08-17T00:00:00Z,2022-12-31T23:59:59Z,2023-01-01T00:00:00Z,2023-12-31T23:59:59Z,11537,2190,False,0.4907913088324327,0.6165374913689763,0.49599524631701686,0.7787908971350246,0.2846168463359236,0.5036529680365297,0.0695273536373237,2190.0,0.632420091324201,0.5278538812785388,0.47214611872146117,0.06490327307072943,-0.07469702204639815,0.4420091324200913,0.37945205479452054,0.059798138658303975,-0.07244029792342926,0.36255707762557077,0.3,0.051935504561025365,-0.06498989673586256,0.29634703196347034,0.21187214611872146,0.05357169160442002,-0.062293332891614754,0.22054794520547946,0.13835616438356163,0.060194132549072056,-0.06837546236417351,ROBUST CANDIDATE
c9c39306de188915523c,3.3.0,73026dd08db19c83059c57c75b65bcebf077280cee941bdcbc1155cb400f6517,BTC_USDT_4h_28d_crypto_core_v1_no_macro_1.0.0,crypto_core_v1,random_forest,wf_2023,validation,BTC/USDT,4h,28d,42,train_only_standard_scaler_v1,btc_usdt_return_1|btc_usdt_log_return_1|btc_usdt_return_3|btc_usdt_log_return_3|btc_usdt_return_6|btc_usdt_log_return_6|btc_usdt_return_12|btc_usdt_log_return_12|btc_usdt_return_24|btc_usdt_log_return_24|btc_usdt_momentum_6|btc_usdt_momentum_12|btc_usdt_momentum_24|btc_usdt_sma_distance_20|btc_usdt_ema_distance_20|btc_usdt_sma_distance_50|btc_usdt_ema_distance_50|btc_usdt_rsi_14|btc_usdt_realized_vol_12|btc_usdt_range_12|btc_usdt_realized_vol_24|btc_usdt_range_24|btc_usdt_realized_vol_48|btc_usdt_range_48|btc_usdt_relative_volume_24|btc_usdt_range_position_20|btc_usdt_breakout_distance_20|btc_usdt_range_position_55|btc_usdt_breakout_distance_55,direction_raw_v1,28 days 00:00:00,28 days 00:00:00,2017-08-17T00:00:00Z,2022-12-31T23:59:59Z,2023-01-01T00:00:00Z,2023-12-31T23:59:59Z,11537,2190,False,0.4849187165055946,0.625040058305668,0.48494741798775703,0.7378414518183939,0.27052018298528574,0.491324200913242,0.0695273536373237,2190.0,0.632420091324201,0.5200913242009132,0.47990867579908675,0.06340162446483115,-0.07616598877287938,0.38538812785388127,0.3639269406392694,0.0588240568451072,-0.07264646371036945,0.2579908675799087,0.27031963470319637,0.052716331587408106,-0.0665012428486724,0.14520547945205478,0.14794520547945206,0.05773808676713868,-0.06057124062453253,0.07534246575342465,0.07077625570776255,0.04414463142969072,-0.06991466218187081,ROBUST CANDIDATE
2e912ce4ee401271c07f,3.3.0,73026dd08db19c83059c57c75b65bcebf077280cee941bdcbc1155cb400f6517,BTC_USDT_4h_28d_crypto_core_v1_no_macro_1.0.0,crypto_core_v1,logistic_regression,wf_2024,validation,BTC/USDT,4h,28d,42,train_only_standard_scaler_v1,btc_usdt_return_1|btc_usdt_log_return_1|btc_usdt_return_3|btc_usdt_log_return_3|btc_usdt_return_6|btc_usdt_log_return_6|btc_usdt_return_12|btc_usdt_log_return_12|btc_usdt_return_24|btc_usdt_log_return_24|btc_usdt_momentum_6|btc_usdt_momentum_12|btc_usdt_momentum_24|btc_usdt_sma_distance_20|btc_usdt_ema_distance_20|btc_usdt_sma_distance_50|btc_usdt_ema_distance_50|btc_usdt_rsi_14|btc_usdt_realized_vol_12|btc_usdt_range_12|btc_usdt_realized_vol_24|btc_usdt_range_24|btc_usdt_realized_vol_48|btc_usdt_range_48|btc_usdt_relative_volume_24|btc_usdt_range_position_20|btc_usdt_breakout_distance_20|btc_usdt_range_position_55|btc_usdt_breakout_distance_55,direction_raw_v1,28 days 00:00:00,28 days 00:00:00,2017-08-17T00:00:00Z,2023-12-31T23:59:59Z,2024-01-01T00:00:00Z,2024-12-31T23:59:59Z,13727,2196,False,0.46434537695540745,0.6247988752273756,0.4684581485512709,0.6992925084519073,0.2531210804463095,0.4603825136612022,0.07738731484997428,2196.0,0.6097449908925319,0.4562841530054645,0.5437158469945356,0.09044121098990006,-0.06643253768732302,0.17531876138433516,0.13615664845173042,0.1121680453399742,-0.0654476440682977,0.04143897996357013,0.0,0.15447324151825512,,0.005919854280510018,0.0,0.058182348448361884,,0.0,0.0,,,MIXED
520866cac0af29296244,3.3.0,73026dd08db19c83059c57c75b65bcebf077280cee941bdcbc1155cb400f6517,BTC_USDT_4h_28d_crypto_core_v1_no_macro_1.0.0,crypto_core_v1,hist_gradient_boosting,wf_2024,validation,BTC/USDT,4h,28d,42,train_only_standard_scaler_v1,btc_usdt_return_1|btc_usdt_log_return_1|btc_usdt_return_3|btc_usdt_log_return_3|btc_usdt_return_6|btc_usdt_log_return_6|btc_usdt_return_12|btc_usdt_log_return_12|btc_usdt_return_24|btc_usdt_log_return_24|btc_usdt_momentum_6|btc_usdt_momentum_12|btc_usdt_momentum_24|btc_usdt_sma_distance_20|btc_usdt_ema_distance_20|btc_usdt_sma_distance_50|btc_usdt_ema_distance_50|btc_usdt_rsi_14|btc_usdt_realized_vol_12|btc_usdt_range_12|btc_usdt_realized_vol_24|btc_usdt_range_24|btc_usdt_realized_vol_48|btc_usdt_range_48|btc_usdt_relative_volume_24|btc_usdt_range_position_20|btc_usdt_breakout_distance_20|btc_usdt_range_position_55|btc_usdt_breakout_distance_55,direction_raw_v1,28 days 00:00:00,28 days 00:00:00,2017-08-17T00:00:00Z,2023-12-31T23:59:59Z,2024-01-01T00:00:00Z,2024-12-31T23:59:59Z,13727,2196,False,0.5565339431105085,0.664541309484221,0.5409699849153351,0.6971063546178251,0.2512650340302067,0.5459927140255009,0.07738731484997428,2196.0,0.6097449908925319,0.5318761384335154,0.4681238615664845,0.10265546970443834,-0.04867797159120581,0.40027322404371585,0.35655737704918034,0.11769198767431854,-0.05129977649851276,0.26821493624772313,0.21539162112932606,0.1300346951101166,-0.048200190596570845,0.1657559198542805,0.08879781420765027,0.14273126366688263,-0.039058150213895394,0.10610200364298725,0.02959927140255009,0.15205568372265607,-0.03164823725279547,ROBUST CANDIDATE
4e79e7e43b0cefe94e83,3.3.0,73026dd08db19c83059c57c75b65bcebf077280cee941bdcbc1155cb400f6517,BTC_USDT_4h_28d_crypto_core_v1_no_macro_1.0.0,crypto_core_v1,random_forest,wf_2024,validation,BTC/USDT,4h,28d,42,train_only_standard_scaler_v1,btc_usdt_return_1|btc_usdt_log_return_1|btc_usdt_return_3|btc_usdt_log_return_3|btc_usdt_return_6|btc_usdt_log_return_6|btc_usdt_return_12|btc_usdt_log_return_12|btc_usdt_return_24|btc_usdt_log_return_24|btc_usdt_momentum_6|btc_usdt_momentum_12|btc_usdt_momentum_24|btc_usdt_sma_distance_20|btc_usdt_ema_distance_20|btc_usdt_sma_distance_50|btc_usdt_ema_distance_50|btc_usdt_rsi_14|btc_usdt_realized_vol_12|btc_usdt_range_12|btc_usdt_realized_vol_24|btc_usdt_range_24|btc_usdt_realized_vol_48|btc_usdt_range_48|btc_usdt_relative_volume_24|btc_usdt_range_position_20|btc_usdt_breakout_distance_20|btc_usdt_range_position_55|btc_usdt_breakout_distance_55,direction_raw_v1,28 days 00:00:00,28 days 00:00:00,2017-08-17T00:00:00Z,2023-12-31T23:59:59Z,2024-01-01T00:00:00Z,2024-12-31T23:59:59Z,13727,2196,False,0.5467515683781502,0.6700684269296955,0.5436971633684031,0.7071195324806709,0.25657232189346446,0.517304189435337,0.07738731484997428,2196.0,0.6097449908925319,0.38934426229508196,0.610655737704918,0.11045840624329484,-0.05630171966631354,0.23998178506375228,0.42714025500910746,0.12095672146269074,-0.05364466354791466,0.11930783242258652,0.2331511839708561,0.11799950510625519,-0.04611546315599045,0.06147540983606557,0.08697632058287796,0.09966932045882855,-0.039670042660158944,0.019581056466302368,0.011839708561020037,0.11305586132176364,-0.06334321008049021,ROBUST CANDIDATE
1ebaae9d3a6ee3675056,3.3.0,73026dd08db19c83059c57c75b65bcebf077280cee941bdcbc1155cb400f6517,BTC_USDT_4h_28d_crypto_core_v1+crypto_context_proxy_v1_macro_proxy_1.0.0,crypto_core_v1+crypto_context_proxy_v1,logistic_regression,wf_2022,validation,BTC/USDT,4h,28d,42,train_only_standard_scaler_v1,btc_usdt_return_1|btc_usdt_log_return_1|btc_usdt_return_3|btc_usdt_log_return_3|btc_usdt_return_6|btc_usdt_log_return_6|btc_usdt_return_12|btc_usdt_log_return_12|btc_usdt_return_24|btc_usdt_log_return_24|btc_usdt_momentum_6|btc_usdt_momentum_12|btc_usdt_momentum_24|btc_usdt_sma_distance_20|btc_usdt_ema_distance_20|btc_usdt_sma_distance_50|btc_usdt_ema_distance_50|btc_usdt_rsi_14|btc_usdt_realized_vol_12|btc_usdt_range_12|btc_usdt_realized_vol_24|btc_usdt_range_24|btc_usdt_realized_vol_48|btc_usdt_range_48|btc_usdt_relative_volume_24|btc_usdt_range_position_20|btc_usdt_breakout_distance_20|btc_usdt_range_position_55|btc_usdt_breakout_distance_55|macro_es_f_proxy_value|macro_es_f_proxy_return_1|macro_nq_f_proxy_value|macro_nq_f_proxy_return_1|macro_vix_proxy_value|macro_vix_proxy_return_1|macro_urth_proxy_value|macro_urth_proxy_return_1,direction_raw_v1,28 days 00:00:00,28 days 00:00:00,2017-08-17T00:00:00Z,2021-12-31T23:59:59Z,2022-01-01T00:00:00Z,2022-12-31T23:59:59Z,5050,2190,False,0.6269414812872599,0.5586017556326239,0.5,0.9257793158351041,0.3149384806511452,0.5908675799086758,-0.04321049311011401,2190.0,0.4091324200913242,0.0,1.0,,0.04321049311011401,0.0,1.0,,0.04321049311011401,0.0,1.0,,0.04321049311011401,0.0,0.9972602739726028,,0.04358810437936939,0.0,0.9945205479452055,,0.04396259133795832,ROBUST CANDIDATE
ffc5c805c04a88353feb,3.3.0,73026dd08db19c83059c57c75b65bcebf077280cee941bdcbc1155cb400f6517,BTC_USDT_4h_28d_crypto_core_v1+crypto_context_proxy_v1_macro_proxy_1.0.0,crypto_core_v1+crypto_context_proxy_v1,hist_gradient_boosting,wf_2022,validation,BTC/USDT,4h,28d,42,train_only_standard_scaler_v1,btc_usdt_return_1|btc_usdt_log_return_1|btc_usdt_return_3|btc_usdt_log_return_3|btc_usdt_return_6|btc_usdt_log_return_6|btc_usdt_return_12|btc_usdt_log_return_12|btc_usdt_return_24|btc_usdt_log_return_24|btc_usdt_momentum_6|btc_usdt_momentum_12|btc_usdt_momentum_24|btc_usdt_sma_distance_20|btc_usdt_ema_distance_20|btc_usdt_sma_distance_50|btc_usdt_ema_distance_50|btc_usdt_rsi_14|btc_usdt_realized_vol_12|btc_usdt_range_12|btc_usdt_realized_vol_24|btc_usdt_range_24|btc_usdt_realized_vol_48|btc_usdt_range_48|btc_usdt_relative_volume_24|btc_usdt_range_position_20|btc_usdt_breakout_distance_20|btc_usdt_range_position_55|btc_usdt_breakout_distance_55|macro_es_f_proxy_value|macro_es_f_proxy_return_1|macro_nq_f_proxy_value|macro_nq_f_proxy_return_1|macro_vix_proxy_value|macro_vix_proxy_return_1|macro_urth_proxy_value|macro_urth_proxy_return_1,direction_raw_v1,28 days 00:00:00,28 days 00:00:00,2017-08-17T00:00:00Z,2021-12-31T23:59:59Z,2022-01-01T00:00:00Z,2022-12-31T23:59:59Z,5050,2190,False,0.6997957606535659,0.5843099300921646,0.5892727768271141,1.1143141985694567,0.3358802178045623,0.545662100456621,-0.04321049311011401,2190.0,0.4091324200913242,0.723744292237443,0.2762557077625571,-0.024675645948778083,0.09176872906171309,0.684931506849315,0.23926940639269406,-0.018190588570845163,0.08404034300697064,0.6575342465753424,0.20182648401826483,-0.015337842372244127,0.07986822127760182,0.6319634703196347,0.18584474885844748,-0.01222396587346824,0.0778427927446908,0.6109589041095891,0.17168949771689498,-0.009711572509545498,0.07501322544415774,ROBUST CANDIDATE
b6e8d023969b6bd18dda,3.3.0,73026dd08db19c83059c57c75b65bcebf077280cee941bdcbc1155cb400f6517,BTC_USDT_4h_28d_crypto_core_v1+crypto_context_proxy_v1_macro_proxy_1.0.0,crypto_core_v1+crypto_context_proxy_v1,random_forest,wf_2022,validation,BTC/USDT,4h,28d,42,train_only_standard_scaler_v1,btc_usdt_return_1|btc_usdt_log_return_1|btc_usdt_return_3|btc_usdt_log_return_3|btc_usdt_return_6|btc_usdt_log_return_6|btc_usdt_return_12|btc_usdt_log_return_12|btc_usdt_return_24|btc_usdt_log_return_24|btc_usdt_momentum_6|btc_usdt_momentum_12|btc_usdt_momentum_24|btc_usdt_sma_distance_20|btc_usdt_ema_distance_20|btc_usdt_sma_distance_50|btc_usdt_ema_distance_50|btc_usdt_rsi_14|btc_usdt_realized_vol_12|btc_usdt_range_12|btc_usdt_realized_vol_24|btc_usdt_range_24|btc_usdt_realized_vol_48|btc_usdt_range_48|btc_usdt_relative_volume_24|btc_usdt_range_position_20|btc_usdt_breakout_distance_20|btc_usdt_range_position_55|btc_usdt_breakout_distance_55|macro_es_f_proxy_value|macro_es_f_proxy_return_1|macro_nq_f_proxy_value|macro_nq_f_proxy_return_1|macro_vix_proxy_value|macro_vix_proxy_return_1|macro_urth_proxy_value|macro_urth_proxy_return_1,direction_raw_v1,28 days 00:00:00,28 days 00:00:00,2017-08-17T00:00:00Z,2021-12-31T23:59:59Z,2022-01-01T00:00:00Z,2022-12-31T23:59:59Z,5050,2190,False,0.6219467597703687,0.5483011295004003,0.5495565039191874,0.8185140650641678,0.2978979270621818,0.4922374429223744,-0.04321049311011401,2190.0,0.4091324200913242,0.806392694063927,0.19360730593607306,-0.038645792820431915,0.06222290044874274,0.7589041095890411,0.1506849315068493,-0.033870915724717225,0.06697628758547257,0.6799086757990868,0.12420091324200913,-0.0274955910377069,0.06628907194329851,0.5406392694063927,0.09406392694063927,-0.017901608489303344,0.06398514071501656,0.42876712328767125,0.07123287671232877,-0.005351171914169487,0.057106952004678795,ROBUST CANDIDATE
b00f2051184a1b49e1d3,3.3.0,73026dd08db19c83059c57c75b65bcebf077280cee941bdcbc1155cb400f6517,BTC_USDT_4h_28d_crypto_core_v1+crypto_context_proxy_v1_macro_proxy_1.0.0,crypto_core_v1+crypto_context_proxy_v1,logistic_regression,wf_2023,validation,BTC/USDT,4h,28d,42,train_only_standard_scaler_v1,btc_usdt_return_1|btc_usdt_log_return_1|btc_usdt_return_3|btc_usdt_log_return_3|btc_usdt_return_6|btc_usdt_log_return_6|btc_usdt_return_12|btc_usdt_log_return_12|btc_usdt_return_24|btc_usdt_log_return_24|btc_usdt_momentum_6|btc_usdt_momentum_12|btc_usdt_momentum_24|btc_usdt_sma_distance_20|btc_usdt_ema_distance_20|btc_usdt_sma_distance_50|btc_usdt_ema_distance_50|btc_usdt_rsi_14|btc_usdt_realized_vol_12|btc_usdt_range_12|btc_usdt_realized_vol_24|btc_usdt_range_24|btc_usdt_realized_vol_48|btc_usdt_range_48|btc_usdt_relative_volume_24|btc_usdt_range_position_20|btc_usdt_breakout_distance_20|btc_usdt_range_position_55|btc_usdt_breakout_distance_55|macro_es_f_proxy_value|macro_es_f_proxy_return_1|macro_nq_f_proxy_value|macro_nq_f_proxy_return_1|macro_vix_proxy_value|macro_vix_proxy_return_1|macro_urth_proxy_value|macro_urth_proxy_return_1,direction_raw_v1,28 days 00:00:00,28 days 00:00:00,2017-08-17T00:00:00Z,2022-12-31T23:59:59Z,2023-01-01T00:00:00Z,2023-12-31T23:59:59Z,7240,2190,False,0.6371504809740566,0.7455882221689956,0.5267148014440434,0.8995725329478895,0.3413705709784584,0.40136986301369865,0.0695273536373237,2190.0,0.632420091324201,0.033789954337899546,0.9662100456621004,0.11996166244935201,-0.06776358291327356,0.021004566210045664,0.9538812785388128,0.14236370758707062,-0.0677788763888941,0.014611872146118721,0.9136986301369863,0.15561905818602542,-0.06773794886055276,0.00684931506849315,0.8342465753424657,0.1593185033036328,-0.06716628613185112,0.0018264840182648401,0.628310502283105,0.1091872153966707,-0.059781233063112275,ROBUST CANDIDATE
bdf0aa8cb08137267953,3.3.0,73026dd08db19c83059c57c75b65bcebf077280cee941bdcbc1155cb400f6517,BTC_USDT_4h_28d_crypto_core_v1+crypto_context_proxy_v1_macro_proxy_1.0.0,crypto_core_v1+crypto_context_proxy_v1,hist_gradient_boosting,wf_2023,validation,BTC/USDT,4h,28d,42,train_only_standard_scaler_v1,btc_usdt_return_1|btc_usdt_log_return_1|btc_usdt_return_3|btc_usdt_log_return_3|btc_usdt_return_6|btc_usdt_log_return_6|btc_usdt_return_12|btc_usdt_log_return_12|btc_usdt_return_24|btc_usdt_log_return_24|btc_usdt_momentum_6|btc_usdt_momentum_12|btc_usdt_momentum_24|btc_usdt_sma_distance_20|btc_usdt_ema_distance_20|btc_usdt_sma_distance_50|btc_usdt_ema_distance_50|btc_usdt_rsi_14|btc_usdt_realized_vol_12|btc_usdt_range_12|btc_usdt_realized_vol_24|btc_usdt_range_24|btc_usdt_realized_vol_48|btc_usdt_range_48|btc_usdt_relative_volume_24|btc_usdt_range_position_20|btc_usdt_breakout_distance_20|btc_usdt_range_position_55|btc_usdt_breakout_distance_55|macro_es_f_proxy_value|macro_es_f_proxy_return_1|macro_nq_f_proxy_value|macro_nq_f_proxy_return_1|macro_vix_proxy_value|macro_vix_proxy_return_1|macro_urth_proxy_value|macro_urth_proxy_return_1,direction_raw_v1,28 days 00:00:00,28 days 00:00:00,2017-08-17T00:00:00Z,2022-12-31T23:59:59Z,2023-01-01T00:00:00Z,2023-12-31T23:59:59Z,7240,2190,False,0.6944973877166625,0.8177427716392803,0.6712536717716439,1.1091812518648623,0.31898679028801963,0.602283105022831,0.0695273536373237,2190.0,0.632420091324201,0.28493150684931506,0.7150684931506849,0.16991966582605064,-0.029524286711547436,0.26575342465753427,0.6931506849315069,0.169041917860225,-0.02368153920422921,0.2497716894977169,0.6621004566210046,0.16677405730362227,-0.020582123171360565,0.2356164383561644,0.626027397260274,0.1666902603292059,-0.019651803092194196,0.22009132420091324,0.5972602739726027,0.16839266877963457,-0.019228843862275895,ROBUST CANDIDATE
19f9dda09967d8172f80,3.3.0,73026dd08db19c83059c57c75b65bcebf077280cee941bdcbc1155cb400f6517,BTC_USDT_4h_28d_crypto_core_v1+crypto_context_proxy_v1_macro_proxy_1.0.0,crypto_core_v1+crypto_context_proxy_v1,random_forest,wf_2023,validation,BTC/USDT,4h,28d,42,train_only_standard_scaler_v1,btc_usdt_return_1|btc_usdt_log_return_1|btc_usdt_return_3|btc_usdt_log_return_3|btc_usdt_return_6|btc_usdt_log_return_6|btc_usdt_return_12|btc_usdt_log_return_12|btc_usdt_return_24|btc_usdt_log_return_24|btc_usdt_momentum_6|btc_usdt_momentum_12|btc_usdt_momentum_24|btc_usdt_sma_distance_20|btc_usdt_ema_distance_20|btc_usdt_sma_distance_50|btc_usdt_ema_distance_50|btc_usdt_rsi_14|btc_usdt_realized_vol_12|btc_usdt_range_12|btc_usdt_realized_vol_24|btc_usdt_range_24|btc_usdt_realized_vol_48|btc_usdt_range_48|btc_usdt_relative_volume_24|btc_usdt_range_position_20|btc_usdt_breakout_distance_20|btc_usdt_range_position_55|btc_usdt_breakout_distance_55|macro_es_f_proxy_value|macro_es_f_proxy_return_1|macro_nq_f_proxy_value|macro_nq_f_proxy_return_1|macro_vix_proxy_value|macro_vix_proxy_return_1|macro_urth_proxy_value|macro_urth_proxy_return_1,direction_raw_v1,28 days 00:00:00,28 days 00:00:00,2017-08-17T00:00:00Z,2022-12-31T23:59:59Z,2023-01-01T00:00:00Z,2023-12-31T23:59:59Z,7240,2190,False,0.6694423391707963,0.785863712857555,0.5837926317913761,0.8708574646067037,0.3143687262914412,0.4831050228310502,0.0695273536373237,2190.0,0.632420091324201,0.14200913242009133,0.8579908675799087,0.15912203046568074,-0.0546982187285323,0.09680365296803653,0.7922374429223744,0.18700399110726823,-0.048816593843887694,0.07351598173515982,0.6917808219178082,0.21158630437913892,-0.04112560723574852,0.028310502283105023,0.582648401826484,0.19565072216557608,-0.029373274828043083,0.0091324200913242,0.5068493150684932,0.2060722479027183,-0.022030229419835984,ROBUST CANDIDATE
2a209ce31e8431093f01,3.3.0,73026dd08db19c83059c57c75b65bcebf077280cee941bdcbc1155cb400f6517,BTC_USDT_4h_28d_crypto_core_v1+crypto_context_proxy_v1_macro_proxy_1.0.0,crypto_core_v1+crypto_context_proxy_v1,logistic_regression,wf_2024,validation,BTC/USDT,4h,28d,42,train_only_standard_scaler_v1,btc_usdt_return_1|btc_usdt_log_return_1|btc_usdt_return_3|btc_usdt_log_return_3|btc_usdt_return_6|btc_usdt_log_return_6|btc_usdt_return_12|btc_usdt_log_return_12|btc_usdt_return_24|btc_usdt_log_return_24|btc_usdt_momentum_6|btc_usdt_momentum_12|btc_usdt_momentum_24|btc_usdt_sma_distance_20|btc_usdt_ema_distance_20|btc_usdt_sma_distance_50|btc_usdt_ema_distance_50|btc_usdt_rsi_14|btc_usdt_realized_vol_12|btc_usdt_range_12|btc_usdt_realized_vol_24|btc_usdt_range_24|btc_usdt_realized_vol_48|btc_usdt_range_48|btc_usdt_relative_volume_24|btc_usdt_range_position_20|btc_usdt_breakout_distance_20|btc_usdt_range_position_55|btc_usdt_breakout_distance_55|macro_es_f_proxy_value|macro_es_f_proxy_return_1|macro_nq_f_proxy_value|macro_nq_f_proxy_return_1|macro_vix_proxy_value|macro_vix_proxy_return_1|macro_urth_proxy_value|macro_urth_proxy_return_1,direction_raw_v1,28 days 00:00:00,28 days 00:00:00,2017-08-17T00:00:00Z,2023-12-31T23:59:59Z,2024-01-01T00:00:00Z,2024-12-31T23:59:59Z,9430,2196,False,0.4893827836130518,0.6470157862348898,0.511692576096514,0.9467041682147761,0.3554446678822329,0.40528233151183973,0.07738731484997428,2196.0,0.6097449908925319,0.017759562841530054,0.98224043715847,0.10942212773851796,-0.07680810404670438,0.012295081967213115,0.9585610200364298,0.09208460837727037,-0.07274303344249618,0.004098360655737705,0.8970856102003643,0.0865252703166677,-0.06532752303004623,0.0009107468123861566,0.8114754098360656,0.11953703476478672,-0.05461152638989595,0.0,0.6639344262295082,,-0.0608932648134875,ROBUST CANDIDATE
86049bbd1841945ed7d2,3.3.0,73026dd08db19c83059c57c75b65bcebf077280cee941bdcbc1155cb400f6517,BTC_USDT_4h_28d_crypto_core_v1+crypto_context_proxy_v1_macro_proxy_1.0.0,crypto_core_v1+crypto_context_proxy_v1,hist_gradient_boosting,wf_2024,validation,BTC/USDT,4h,28d,42,train_only_standard_scaler_v1,btc_usdt_return_1|btc_usdt_log_return_1|btc_usdt_return_3|btc_usdt_log_return_3|btc_usdt_return_6|btc_usdt_log_return_6|btc_usdt_return_12|btc_usdt_log_return_12|btc_usdt_return_24|btc_usdt_log_return_24|btc_usdt_momentum_6|btc_usdt_momentum_12|btc_usdt_momentum_24|btc_usdt_sma_distance_20|btc_usdt_ema_distance_20|btc_usdt_sma_distance_50|btc_usdt_ema_distance_50|btc_usdt_rsi_14|btc_usdt_realized_vol_12|btc_usdt_range_12|btc_usdt_realized_vol_24|btc_usdt_range_24|btc_usdt_realized_vol_48|btc_usdt_range_48|btc_usdt_relative_volume_24|btc_usdt_range_position_20|btc_usdt_breakout_distance_20|btc_usdt_range_position_55|btc_usdt_breakout_distance_55|macro_es_f_proxy_value|macro_es_f_proxy_return_1|macro_nq_f_proxy_value|macro_nq_f_proxy_return_1|macro_vix_proxy_value|macro_vix_proxy_return_1|macro_urth_proxy_value|macro_urth_proxy_return_1,direction_raw_v1,28 days 00:00:00,28 days 00:00:00,2017-08-17T00:00:00Z,2023-12-31T23:59:59Z,2024-01-01T00:00:00Z,2024-12-31T23:59:59Z,9430,2196,False,0.4166474223174612,0.5696081214900421,0.5,2.080504020036512,0.5345618376997576,0.39025500910746813,0.07738731484997428,2196.0,0.6097449908925319,0.0,1.0,,-0.07738731484997428,0.0,0.9799635701275046,,-0.07694261586248596,0.0,0.8888888888888888,,-0.0800842019962659,0.0,0.8205828779599271,,-0.08528102397913964,0.0,0.7955373406193078,,-0.0900568631492952,ROBUST CANDIDATE
1f7bd302b3537b5623aa,3.3.0,73026dd08db19c83059c57c75b65bcebf077280cee941bdcbc1155cb400f6517,BTC_USDT_4h_28d_crypto_core_v1+crypto_context_proxy_v1_macro_proxy_1.0.0,crypto_core_v1+crypto_context_proxy_v1,random_forest,wf_2024,validation,BTC/USDT,4h,28d,42,train_only_standard_scaler_v1,btc_usdt_return_1|btc_usdt_log_return_1|btc_usdt_return_3|btc_usdt_log_return_3|btc_usdt_return_6|btc_usdt_log_return_6|btc_usdt_return_12|btc_usdt_log_return_12|btc_usdt_return_24|btc_usdt_log_return_24|btc_usdt_momentum_6|btc_usdt_momentum_12|btc_usdt_momentum_24|btc_usdt_sma_distance_20|btc_usdt_ema_distance_20|btc_usdt_sma_distance_50|btc_usdt_ema_distance_50|btc_usdt_rsi_14|btc_usdt_realized_vol_12|btc_usdt_range_12|btc_usdt_realized_vol_24|btc_usdt_range_24|btc_usdt_realized_vol_48|btc_usdt_range_48|btc_usdt_relative_volume_24|btc_usdt_range_position_20|btc_usdt_breakout_distance_20|btc_usdt_range_position_55|btc_usdt_breakout_distance_55|macro_es_f_proxy_value|macro_es_f_proxy_return_1|macro_nq_f_proxy_value|macro_nq_f_proxy_return_1|macro_vix_proxy_value|macro_vix_proxy_return_1|macro_urth_proxy_value|macro_urth_proxy_return_1,direction_raw_v1,28 days 00:00:00,28 days 00:00:00,2017-08-17T00:00:00Z,2023-12-31T23:59:59Z,2024-01-01T00:00:00Z,2024-12-31T23:59:59Z,9430,2196,False,0.4486541881949207,0.5628126600080983,0.5,1.191204139490746,0.4285421089661258,0.39025500910746813,0.07738731484997428,2196.0,0.6097449908925319,0.0,1.0,,-0.07738731484997428,0.0,0.9972677595628415,,-0.07730694376046184,0.0,0.982695810564663,,-0.07806500540682028,0.0,0.9612932604735883,,-0.0796601194677953,0.0,0.900728597449909,,-0.07781490291857142,ROBUST CANDIDATE
b5da276120f2a2f95d13,3.3.0,73026dd08db19c83059c57c75b65bcebf077280cee941bdcbc1155cb400f6517,ETH_USDT_1h_1h_crypto_core_v1_no_macro_1.0.0,crypto_core_v1,logistic_regression,wf_2022,validation,ETH/USDT,1h,1h,42,train_only_standard_scaler_v1,eth_usdt_return_1|eth_usdt_log_return_1|eth_usdt_return_3|eth_usdt_log_return_3|eth_usdt_return_6|eth_usdt_log_return_6|eth_usdt_return_12|eth_usdt_log_return_12|eth_usdt_return_24|eth_usdt_log_return_24|eth_usdt_momentum_6|eth_usdt_momentum_12|eth_usdt_momentum_24|eth_usdt_sma_distance_20|eth_usdt_ema_distance_20|eth_usdt_sma_distance_50|eth_usdt_ema_distance_50|eth_usdt_rsi_14|eth_usdt_realized_vol_12|eth_usdt_range_12|eth_usdt_realized_vol_24|eth_usdt_range_24|eth_usdt_realized_vol_48|eth_usdt_range_48|eth_usdt_relative_volume_24|eth_usdt_range_position_20|eth_usdt_breakout_distance_20|eth_usdt_range_position_55|eth_usdt_breakout_distance_55,direction_raw_v1,0 days 01:00:00,0 days 01:00:00,2017-08-17T00:00:00Z,2021-12-31T23:59:59Z,2022-01-01T00:00:00Z,2022-12-31T23:59:59Z,38165,8760,False,0.5474535472972972,0.5259197807375651,0.536082957957958,0.6906799755820494,0.2487552900688466,0.5365296803652968,-8.630355504433286e-05,8760.0,0.4931506849315068,0.4668949771689498,0.5331050228310502,-0.00011804087928139585,5.850791133350039e-05,0.1226027397260274,0.12636986301369862,-0.0006106077090784918,-0.0002118495292419727,0.021232876712328767,0.007077625570776256,-0.0021540088579545323,0.0013933446412166396,0.002511415525114155,0.00034246575342465754,0.0012484247139503489,0.009002075051265676,0.00034246575342465754,0.0,0.02063727119805514,,ROBUST CANDIDATE
1d048d9bb9229c340a2a,3.3.0,73026dd08db19c83059c57c75b65bcebf077280cee941bdcbc1155cb400f6517,ETH_USDT_1h_1h_crypto_core_v1_no_macro_1.0.0,crypto_core_v1,hist_gradient_boosting,wf_2022,validation,ETH/USDT,1h,1h,42,train_only_standard_scaler_v1,eth_usdt_return_1|eth_usdt_log_return_1|eth_usdt_return_3|eth_usdt_log_return_3|eth_usdt_return_6|eth_usdt_log_return_6|eth_usdt_return_12|eth_usdt_log_return_12|eth_usdt_return_24|eth_usdt_log_return_24|eth_usdt_momentum_6|eth_usdt_momentum_12|eth_usdt_momentum_24|eth_usdt_sma_distance_20|eth_usdt_ema_distance_20|eth_usdt_sma_distance_50|eth_usdt_ema_distance_50|eth_usdt_rsi_14|eth_usdt_realized_vol_12|eth_usdt_range_12|eth_usdt_realized_vol_24|eth_usdt_range_24|eth_usdt_realized_vol_48|eth_usdt_range_48|eth_usdt_relative_volume_24|eth_usdt_range_position_20|eth_usdt_breakout_distance_20|eth_usdt_range_position_55|eth_usdt_breakout_distance_55,direction_raw_v1,0 days 01:00:00,0 days 01:00:00,2017-08-17T00:00:00Z,2021-12-31T23:59:59Z,2022-01-01T00:00:00Z,2022-12-31T23:59:59Z,38165,8760,False,0.5602244171254588,0.5404874141970268,0.5393362112112112,0.6884189906661146,0.24764118106865496,0.538013698630137,-8.630355504433286e-05,8760.0,0.4931506849315068,0.5960045662100457,0.40399543378995434,-6.408535237441562e-05,0.00011908152513182592,0.18995433789954339,0.12602739726027398,-3.793301729540857e-06,0.00023806711076983716,0.0073059360730593605,0.012100456621004566,-0.0003292497753812733,-0.00034697160752199594,0.0,0.00045662100456621003,,0.0020969636102934897,0.0,0.0,,,ROBUST CANDIDATE
6a57b3429270c875ee56,3.3.0,73026dd08db19c83059c57c75b65bcebf077280cee941bdcbc1155cb400f6517,ETH_USDT_1h_1h_crypto_core_v1_no_macro_1.0.0,crypto_core_v1,random_forest,wf_2022,validation,ETH/USDT,1h,1h,42,train_only_standard_scaler_v1,eth_usdt_return_1|eth_usdt_log_return_1|eth_usdt_return_3|eth_usdt_log_return_3|eth_usdt_return_6|eth_usdt_log_return_6|eth_usdt_return_12|eth_usdt_log_return_12|eth_usdt_return_24|eth_usdt_log_return_24|eth_usdt_momentum_6|eth_usdt_momentum_12|eth_usdt_momentum_24|eth_usdt_sma_distance_20|eth_usdt_ema_distance_20|eth_usdt_sma_distance_50|eth_usdt_ema_distance_50|eth_usdt_rsi_14|eth_usdt_realized_vol_12|eth_usdt_range_12|eth_usdt_realized_vol_24|eth_usdt_range_24|eth_usdt_realized_vol_48|eth_usdt_range_48|eth_usdt_relative_volume_24|eth_usdt_range_position_20|eth_usdt_breakout_distance_20|eth_usdt_range_position_55|eth_usdt_breakout_distance_55,direction_raw_v1,0 days 01:00:00,0 days 01:00:00,2017-08-17T00:00:00Z,2021-12-31T23:59:59Z,2022-01-01T00:00:00Z,2022-12-31T23:59:59Z,38165,8760,False,0.5551348744577911,0.5377759124861423,0.5433996496496496,0.688805314405448,0.2478309533041245,0.5429223744292238,-8.630355504433286e-05,8760.0,0.4931506849315068,0.5342465753424658,0.4657534246575342,9.634838141654568e-06,0.00019635053546355373,0.20159817351598175,0.20639269406392693,0.00012393625725563894,0.00014877368159063112,0.02728310502283105,0.04029680365296804,0.0010206806363547683,0.0004315728420377763,0.0027397260273972603,0.0018264840182648401,0.00462960398349703,-0.001809871667386699,0.00011415525114155251,0.0009132420091324201,0.025378439511819062,-0.0014518752170885052,ROBUST CANDIDATE
4003c893c1666eec97df,3.3.0,73026dd08db19c83059c57c75b65bcebf077280cee941bdcbc1155cb400f6517,ETH_USDT_1h_1h_crypto_core_v1_no_macro_1.0.0,crypto_core_v1,logistic_regression,wf_2023,validation,ETH/USDT,1h,1h,42,train_only_standard_scaler_v1,eth_usdt_return_1|eth_usdt_log_return_1|eth_usdt_return_3|eth_usdt_log_return_3|eth_usdt_return_6|eth_usdt_log_return_6|eth_usdt_return_12|eth_usdt_log_return_12|eth_usdt_return_24|eth_usdt_log_return_24|eth_usdt_momentum_6|eth_usdt_momentum_12|eth_usdt_momentum_24|eth_usdt_sma_distance_20|eth_usdt_ema_distance_20|eth_usdt_sma_distance_50|eth_usdt_ema_distance_50|eth_usdt_rsi_14|eth_usdt_realized_vol_12|eth_usdt_range_12|eth_usdt_realized_vol_24|eth_usdt_range_24|eth_usdt_realized_vol_48|eth_usdt_range_48|eth_usdt_relative_volume_24|eth_usdt_range_position_20|eth_usdt_breakout_distance_20|eth_usdt_range_position_55|eth_usdt_breakout_distance_55,direction_raw_v1,0 days 01:00:00,0 days 01:00:00,2017-08-17T00:00:00Z,2022-12-31T23:59:59Z,2023-01-01T00:00:00Z,2023-12-31T23:59:59Z,46925,8759,False,0.5524829296144792,0.5520552295510246,0.5387752601294716,0.6893315532370429,0.24809994372293648,0.5377326178787533,8.594962723625279e-05,8759.0,0.5051946569243064,0.4000456673136203,0.5999543326863798,6.008801207457352e-05,-0.00010319398490067223,0.0529740837995205,0.11177075008562622,0.00041904969318512985,-0.0002192762544066759,0.0030825436693686496,0.0009133462724055258,0.0033826239858167906,-0.0023611822140178346,0.0005708414202534536,0.0,0.011915623011952148,,0.00011416828405069072,0.0,0.020320001749838834,,ROBUST CANDIDATE
d144f6a8efa2e93449c5,3.3.0,73026dd08db19c83059c57c75b65bcebf077280cee941bdcbc1155cb400f6517,ETH_USDT_1h_1h_crypto_core_v1_no_macro_1.0.0,crypto_core_v1,hist_gradient_boosting,wf_2023,validation,ETH/USDT,1h,1h,42,train_only_standard_scaler_v1,eth_usdt_return_1|eth_usdt_log_return_1|eth_usdt_return_3|eth_usdt_log_return_3|eth_usdt_return_6|eth_usdt_log_return_6|eth_usdt_return_12|eth_usdt_log_return_12|eth_usdt_return_24|eth_usdt_log_return_24|eth_usdt_momentum_6|eth_usdt_momentum_12|eth_usdt_momentum_24|eth_usdt_sma_distance_20|eth_usdt_ema_distance_20|eth_usdt_sma_distance_50|eth_usdt_ema_distance_50|eth_usdt_rsi_14|eth_usdt_realized_vol_12|eth_usdt_range_12|eth_usdt_realized_vol_24|eth_usdt_range_24|eth_usdt_realized_vol_48|eth_usdt_range_48|eth_usdt_relative_volume_24|eth_usdt_range_position_20|eth_usdt_breakout_distance_20|eth_usdt_range_position_55|eth_usdt_breakout_distance_55,direction_raw_v1,0 days 01:00:00,0 days 01:00:00,2017-08-17T00:00:00Z,2022-12-31T23:59:59Z,2023-01-01T00:00:00Z,2023-12-31T23:59:59Z,46925,8759,False,0.5625137723270736,0.5611795426066736,0.5417288604882169,0.687450905251339,0.2471616940695258,0.5417285078205275,8.594962723625279e-05,8759.0,0.5051946569243064,0.5003995889941775,0.4996004110058226,5.433995545145254e-05,-0.0001176098629384419,0.12090421280968147,0.17033907980363056,0.0003652402973001796,-0.00012386030177575228,0.006850097043041443,0.032880465806598924,0.0002718030905452288,-6.135247073152383e-05,0.0,0.0012558511245575978,,-0.0002599519442550082,0.0,0.0,,,ROBUST CANDIDATE
aa2d2b10025b8b0026a2,3.3.0,73026dd08db19c83059c57c75b65bcebf077280cee941bdcbc1155cb400f6517,ETH_USDT_1h_1h_crypto_core_v1_no_macro_1.0.0,crypto_core_v1,random_forest,wf_2023,validation,ETH/USDT,1h,1h,42,train_only_standard_scaler_v1,eth_usdt_return_1|eth_usdt_log_return_1|eth_usdt_return_3|eth_usdt_log_return_3|eth_usdt_return_6|eth_usdt_log_return_6|eth_usdt_return_12|eth_usdt_log_return_12|eth_usdt_return_24|eth_usdt_log_return_24|eth_usdt_momentum_6|eth_usdt_momentum_12|eth_usdt_momentum_24|eth_usdt_sma_distance_20|eth_usdt_ema_distance_20|eth_usdt_sma_distance_50|eth_usdt_ema_distance_50|eth_usdt_rsi_14|eth_usdt_realized_vol_12|eth_usdt_range_12|eth_usdt_realized_vol_24|eth_usdt_range_24|eth_usdt_realized_vol_48|eth_usdt_range_48|eth_usdt_relative_volume_24|eth_usdt_range_position_20|eth_usdt_breakout_distance_20|eth_usdt_range_position_55|eth_usdt_breakout_distance_55,direction_raw_v1,0 days 01:00:00,0 days 01:00:00,2017-08-17T00:00:00Z,2022-12-31T23:59:59Z,2023-01-01T00:00:00Z,2023-12-31T23:59:59Z,46925,8759,False,0.5619885337066787,0.5561533177954284,0.5449205728453771,0.6875212493318611,0.24719799033176473,0.5446968832058454,8.594962723625279e-05,8759.0,0.5051946569243064,0.47893595159264757,0.5210640484073524,9.362680049970438e-05,-7.889315444042031e-05,0.14921794725425278,0.22833656810138145,-7.873481368847901e-06,-0.00014984399932085684,0.008448453019751114,0.035848841191916885,0.0015464942028933736,1.8582825594362338e-06,0.0006850097043041443,0.000799177988354835,0.0074775567285815985,0.0005075961572835899,0.00011416828405069072,0.0,0.00887649378495503,,ROBUST CANDIDATE
f8e214de555143db84ed,3.3.0,73026dd08db19c83059c57c75b65bcebf077280cee941bdcbc1155cb400f6517,ETH_USDT_1h_1h_crypto_core_v1_no_macro_1.0.0,crypto_core_v1,logistic_regression,wf_2024,validation,ETH/USDT,1h,1h,42,train_only_standard_scaler_v1,eth_usdt_return_1|eth_usdt_log_return_1|eth_usdt_return_3|eth_usdt_log_return_3|eth_usdt_return_6|eth_usdt_log_return_6|eth_usdt_return_12|eth_usdt_log_return_12|eth_usdt_return_24|eth_usdt_log_return_24|eth_usdt_momentum_6|eth_usdt_momentum_12|eth_usdt_momentum_24|eth_usdt_sma_distance_20|eth_usdt_ema_distance_20|eth_usdt_sma_distance_50|eth_usdt_ema_distance_50|eth_usdt_rsi_14|eth_usdt_realized_vol_12|eth_usdt_range_12|eth_usdt_realized_vol_24|eth_usdt_range_24|eth_usdt_realized_vol_48|eth_usdt_range_48|eth_usdt_relative_volume_24|eth_usdt_range_position_20|eth_usdt_breakout_distance_20|eth_usdt_range_position_55|eth_usdt_breakout_distance_55,direction_raw_v1,0 days 01:00:00,0 days 01:00:00,2017-08-17T00:00:00Z,2023-12-31T23:59:59Z,2024-01-01T00:00:00Z,2024-12-31T23:59:59Z,55684,8784,False,0.5580920492996646,0.5532844741996858,0.5443587253972011,0.6886538685574898,0.24775879273873358,0.5432604735883424,6.670945482370432e-05,8784.0,0.5084244080145719,0.4355646630236794,0.5644353369763205,0.00013252984516962647,-1.59170358113005e-05,0.10052367941712204,0.12864298724954462,0.00044201827433461234,0.00015740427440162966,0.011156648451730419,0.003301457194899818,-0.00022564273142491138,-0.0009488579435079674,0.000569216757741348,0.00011384335154826958,-0.007198047137900532,0.009357995436194422,0.00022768670309653916,0.0,0.010019182668651094,,ROBUST CANDIDATE
94b624c108e8766fa16d,3.3.0,73026dd08db19c83059c57c75b65bcebf077280cee941bdcbc1155cb400f6517,ETH_USDT_1h_1h_crypto_core_v1_no_macro_1.0.0,crypto_core_v1,hist_gradient_boosting,wf_2024,validation,ETH/USDT,1h,1h,42,train_only_standard_scaler_v1,eth_usdt_return_1|eth_usdt_log_return_1|eth_usdt_return_3|eth_usdt_log_return_3|eth_usdt_return_6|eth_usdt_log_return_6|eth_usdt_return_12|eth_usdt_log_return_12|eth_usdt_return_24|eth_usdt_log_return_24|eth_usdt_momentum_6|eth_usdt_momentum_12|eth_usdt_momentum_24|eth_usdt_sma_distance_20|eth_usdt_ema_distance_20|eth_usdt_sma_distance_50|eth_usdt_ema_distance_50|eth_usdt_rsi_14|eth_usdt_realized_vol_12|eth_usdt_range_12|eth_usdt_realized_vol_24|eth_usdt_range_24|eth_usdt_realized_vol_48|eth_usdt_range_48|eth_usdt_relative_volume_24|eth_usdt_range_position_20|eth_usdt_breakout_distance_20|eth_usdt_range_position_55|eth_usdt_breakout_distance_55,direction_raw_v1,0 days 01:00:00,0 days 01:00:00,2017-08-17T00:00:00Z,2023-12-31T23:59:59Z,2024-01-01T00:00:00Z,2024-12-31T23:59:59Z,55684,8784,False,0.5603677219906796,0.558698320021798,0.5450290673374476,0.6877764232284816,0.24732099364795676,0.5456511839708561,6.670945482370432e-05,8784.0,0.5084244080145719,0.5376821493624773,0.4623178506375228,9.041987418578689e-05,-3.913390430730048e-05,0.19820127504553733,0.19660746812386157,0.0002778203150535285,2.341089920232674e-05,0.017759562841530054,0.02663934426229508,0.0006590789916083384,-0.00023380504051241776,0.0007969034608378871,0.002959927140255009,0.006474824069364092,4.701098000118821e-05,0.00011384335154826958,0.000569216757741348,0.016615655029096343,-0.0004252311372462625,ROBUST CANDIDATE
6997f713dbe5f2e6f36b,3.3.0,73026dd08db19c83059c57c75b65bcebf077280cee941bdcbc1155cb400f6517,ETH_USDT_1h_1h_crypto_core_v1_no_macro_1.0.0,crypto_core_v1,random_forest,wf_2024,validation,ETH/USDT,1h,1h,42,train_only_standard_scaler_v1,eth_usdt_return_1|eth_usdt_log_return_1|eth_usdt_return_3|eth_usdt_log_return_3|eth_usdt_return_6|eth_usdt_log_return_6|eth_usdt_return_12|eth_usdt_log_return_12|eth_usdt_return_24|eth_usdt_log_return_24|eth_usdt_momentum_6|eth_usdt_momentum_12|eth_usdt_momentum_24|eth_usdt_sma_distance_20|eth_usdt_ema_distance_20|eth_usdt_sma_distance_50|eth_usdt_ema_distance_50|eth_usdt_rsi_14|eth_usdt_realized_vol_12|eth_usdt_range_12|eth_usdt_realized_vol_24|eth_usdt_range_24|eth_usdt_realized_vol_48|eth_usdt_range_48|eth_usdt_relative_volume_24|eth_usdt_range_position_20|eth_usdt_breakout_distance_20|eth_usdt_range_position_55|eth_usdt_breakout_distance_55,direction_raw_v1,0 days 01:00:00,0 days 01:00:00,2017-08-17T00:00:00Z,2023-12-31T23:59:59Z,2024-01-01T00:00:00Z,2024-12-31T23:59:59Z,55684,8784,False,0.558876370630695,0.5583992040681468,0.5406286746426658,0.6881133067463551,0.2474951683210553,0.5406420765027322,6.670945482370432e-05,8784.0,0.5084244080145719,0.5014799635701275,0.49852003642987247,9.668945904227374e-05,-3.655144646955993e-05,0.2043488160291439,0.24874772313296903,0.00038044578759468856,-4.547389842078429e-05,0.017645719489981785,0.041780510018214936,0.0008249670986140164,9.726808790742101e-05,0.0010245901639344263,0.0018214936247723133,0.010523731152061967,0.0001989041871822972,0.00034153005464480874,0.00022768670309653916,0.011216822704392134,0.003932356097487266,ROBUST CANDIDATE
27568791a77306f9027d,3.3.0,73026dd08db19c83059c57c75b65bcebf077280cee941bdcbc1155cb400f6517,ETH_USDT_1h_1h_crypto_core_v1+crypto_context_proxy_v1_macro_proxy_1.0.0,crypto_core_v1+crypto_context_proxy_v1,logistic_regression,wf_2022,validation,ETH/USDT,1h,1h,42,train_only_standard_scaler_v1,eth_usdt_return_1|eth_usdt_log_return_1|eth_usdt_return_3|eth_usdt_log_return_3|eth_usdt_return_6|eth_usdt_log_return_6|eth_usdt_return_12|eth_usdt_log_return_12|eth_usdt_return_24|eth_usdt_log_return_24|eth_usdt_momentum_6|eth_usdt_momentum_12|eth_usdt_momentum_24|eth_usdt_sma_distance_20|eth_usdt_ema_distance_20|eth_usdt_sma_distance_50|eth_usdt_ema_distance_50|eth_usdt_rsi_14|eth_usdt_realized_vol_12|eth_usdt_range_12|eth_usdt_realized_vol_24|eth_usdt_range_24|eth_usdt_realized_vol_48|eth_usdt_range_48|eth_usdt_relative_volume_24|eth_usdt_range_position_20|eth_usdt_breakout_distance_20|eth_usdt_range_position_55|eth_usdt_breakout_distance_55|macro_es_f_proxy_value|macro_es_f_proxy_return_1|macro_nq_f_proxy_value|macro_nq_f_proxy_return_1|macro_vix_proxy_value|macro_vix_proxy_return_1|macro_urth_proxy_value|macro_urth_proxy_return_1,direction_raw_v1,0 days 01:00:00,0 days 01:00:00,2017-08-17T00:00:00Z,2021-12-31T23:59:59Z,2022-01-01T00:00:00Z,2022-12-31T23:59:59Z,20836,8760,False,0.5377272063730396,0.5222534717014611,0.5241741741741741,0.6924308464103116,0.24962870539394455,0.5271689497716895,-8.630355504433286e-05,8760.0,0.4931506849315068,0.2810502283105023,0.7189497716894977,-0.00021631526656752887,3.547966908528101e-05,0.06735159817351598,0.3312785388127854,-0.0004947166203592798,-2.4913295466615814e-05,0.008904109589041096,0.048287671232876715,-1.5974233630255963e-05,-0.0002251008767990417,0.0009132420091324201,0.0007990867579908676,-0.006810032838993077,0.001420714402951154,0.00011415525114155251,0.0,0.015482712331748916,,ROBUST CANDIDATE
938e88c1f1156fe67aad,3.3.0,73026dd08db19c83059c57c75b65bcebf077280cee941bdcbc1155cb400f6517,ETH_USDT_1h_1h_crypto_core_v1+crypto_context_proxy_v1_macro_proxy_1.0.0,crypto_core_v1+crypto_context_proxy_v1,hist_gradient_boosting,wf_2022,validation,ETH/USDT,1h,1h,42,train_only_standard_scaler_v1,eth_usdt_return_1|eth_usdt_log_return_1|eth_usdt_return_3|eth_usdt_log_return_3|eth_usdt_return_6|eth_usdt_log_return_6|eth_usdt_return_12|eth_usdt_log_return_12|eth_usdt_return_24|eth_usdt_log_return_24|eth_usdt_momentum_6|eth_usdt_momentum_12|eth_usdt_momentum_24|eth_usdt_sma_distance_20|eth_usdt_ema_distance_20|eth_usdt_sma_distance_50|eth_usdt_ema_distance_50|eth_usdt_rsi_14|eth_usdt_realized_vol_12|eth_usdt_range_12|eth_usdt_realized_vol_24|eth_usdt_range_24|eth_usdt_realized_vol_48|eth_usdt_range_48|eth_usdt_relative_volume_24|eth_usdt_range_position_20|eth_usdt_breakout_distance_20|eth_usdt_range_position_55|eth_usdt_breakout_distance_55|macro_es_f_proxy_value|macro_es_f_proxy_return_1|macro_nq_f_proxy_value|macro_nq_f_proxy_return_1|macro_vix_proxy_value|macro_vix_proxy_return_1|macro_urth_proxy_value|macro_urth_proxy_return_1,direction_raw_v1,0 days 01:00:00,0 days 01:00:00,2017-08-17T00:00:00Z,2021-12-31T23:59:59Z,2022-01-01T00:00:00Z,2022-12-31T23:59:59Z,20836,8760,False,0.5410692984651317,0.5252179500026536,0.5268987737737738,0.6931802408516387,0.25000102091977205,0.5237442922374429,-8.630355504433286e-05,8760.0,0.4931506849315068,0.7299086757990868,0.27009132420091325,-9.535217456451743e-05,6.185010060136578e-05,0.3329908675799087,0.06449771689497717,-0.0001783916689903566,-5.500873770916087e-05,0.036301369863013695,0.0029680365296803654,0.0004671836118668154,0.001234388679419056,0.00410958904109589,0.0,0.0015392342171361767,,0.00011415525114155251,0.0,-0.006686433390778235,,ROBUST CANDIDATE
97006f74f948d9d632bb,3.3.0,73026dd08db19c83059c57c75b65bcebf077280cee941bdcbc1155cb400f6517,ETH_USDT_1h_1h_crypto_core_v1+crypto_context_proxy_v1_macro_proxy_1.0.0,crypto_core_v1+crypto_context_proxy_v1,random_forest,wf_2022,validation,ETH/USDT,1h,1h,42,train_only_standard_scaler_v1,eth_usdt_return_1|eth_usdt_log_return_1|eth_usdt_return_3|eth_usdt_log_return_3|eth_usdt_return_6|eth_usdt_log_return_6|eth_usdt_return_12|eth_usdt_log_return_12|eth_usdt_return_24|eth_usdt_log_return_24|eth_usdt_momentum_6|eth_usdt_momentum_12|eth_usdt_momentum_24|eth_usdt_sma_distance_20|eth_usdt_ema_distance_20|eth_usdt_sma_distance_50|eth_usdt_ema_distance_50|eth_usdt_rsi_14|eth_usdt_realized_vol_12|eth_usdt_range_12|eth_usdt_realized_vol_24|eth_usdt_range_24|eth_usdt_realized_vol_48|eth_usdt_range_48|eth_usdt_relative_volume_24|eth_usdt_range_position_20|eth_usdt_breakout_distance_20|eth_usdt_range_position_55|eth_usdt_breakout_distance_55|macro_es_f_proxy_value|macro_es_f_proxy_return_1|macro_nq_f_proxy_value|macro_nq_f_proxy_return_1|macro_vix_proxy_value|macro_vix_proxy_return_1|macro_urth_proxy_value|macro_urth_proxy_return_1,direction_raw_v1,0 days 01:00:00,0 days 01:00:00,2017-08-17T00:00:00Z,2021-12-31T23:59:59Z,2022-01-01T00:00:00Z,2022-12-31T23:59:59Z,20836,8760,False,0.542149545378712,0.52722626847673,0.5342655155155155,0.6925677598673978,0.24968935070858775,0.5323059360730593,-8.630355504433286e-05,8760.0,0.4931506849315068,0.6425799086757991,0.35742009132420094,-0.00013942844998870283,-9.205877610364833e-06,0.3015981735159817,0.125,-0.00015828511291834184,-0.00029691450264853977,0.05547945205479452,0.012671232876712329,0.00011895574254913025,-0.00020884272517239798,0.007420091324200913,0.00022831050228310502,0.00141153092274575,0.0008539466259399608,0.00034246575342465754,0.0,0.005191421210707481,,ROBUST CANDIDATE
4d799d09cd97c944ca74,3.3.0,73026dd08db19c83059c57c75b65bcebf077280cee941bdcbc1155cb400f6517,ETH_USDT_1h_1h_crypto_core_v1+crypto_context_proxy_v1_macro_proxy_1.0.0,crypto_core_v1+crypto_context_proxy_v1,logistic_regression,wf_2023,validation,ETH/USDT,1h,1h,42,train_only_standard_scaler_v1,eth_usdt_return_1|eth_usdt_log_return_1|eth_usdt_return_3|eth_usdt_log_return_3|eth_usdt_return_6|eth_usdt_log_return_6|eth_usdt_return_12|eth_usdt_log_return_12|eth_usdt_return_24|eth_usdt_log_return_24|eth_usdt_momentum_6|eth_usdt_momentum_12|eth_usdt_momentum_24|eth_usdt_sma_distance_20|eth_usdt_ema_distance_20|eth_usdt_sma_distance_50|eth_usdt_ema_distance_50|eth_usdt_rsi_14|eth_usdt_realized_vol_12|eth_usdt_range_12|eth_usdt_realized_vol_24|eth_usdt_range_24|eth_usdt_realized_vol_48|eth_usdt_range_48|eth_usdt_relative_volume_24|eth_usdt_range_position_20|eth_usdt_breakout_distance_20|eth_usdt_range_position_55|eth_usdt_breakout_distance_55|macro_es_f_proxy_value|macro_es_f_proxy_return_1|macro_nq_f_proxy_value|macro_nq_f_proxy_return_1|macro_vix_proxy_value|macro_vix_proxy_return_1|macro_urth_proxy_value|macro_urth_proxy_return_1,direction_raw_v1,0 days 01:00:00,0 days 01:00:00,2017-08-17T00:00:00Z,2022-12-31T23:59:59Z,2023-01-01T00:00:00Z,2023-12-31T23:59:59Z,29596,8759,False,0.5503267554665644,0.5482495993274239,0.5409648841508086,0.6893267112039844,0.24809687344494355,0.5408151615481219,8.594962723625279e-05,8759.0,0.5051946569243064,0.48601438520379037,0.5139856147962096,6.016591271570644e-05,-0.00011033018536907505,0.09441717090992123,0.0799177988354835,6.537349350664516e-05,-0.00028025271637088583,0.0034250485215207216,0.0009133462724055258,0.003253940931577785,0.001327359352442159,0.00022833656810138144,0.0,0.015073240988930925,,0.0,0.0,,,ROBUST CANDIDATE
6ad8d20583542a43a694,3.3.0,73026dd08db19c83059c57c75b65bcebf077280cee941bdcbc1155cb400f6517,ETH_USDT_1h_1h_crypto_core_v1+crypto_context_proxy_v1_macro_proxy_1.0.0,crypto_core_v1+crypto_context_proxy_v1,hist_gradient_boosting,wf_2023,validation,ETH/USDT,1h,1h,42,train_only_standard_scaler_v1,eth_usdt_return_1|eth_usdt_log_return_1|eth_usdt_return_3|eth_usdt_log_return_3|eth_usdt_return_6|eth_usdt_log_return_6|eth_usdt_return_12|eth_usdt_log_return_12|eth_usdt_return_24|eth_usdt_log_return_24|eth_usdt_momentum_6|eth_usdt_momentum_12|eth_usdt_momentum_24|eth_usdt_sma_distance_20|eth_usdt_ema_distance_20|eth_usdt_sma_distance_50|eth_usdt_ema_distance_50|eth_usdt_rsi_14|eth_usdt_realized_vol_12|eth_usdt_range_12|eth_usdt_realized_vol_24|eth_usdt_range_24|eth_usdt_realized_vol_48|eth_usdt_range_48|eth_usdt_relative_volume_24|eth_usdt_range_position_20|eth_usdt_breakout_distance_20|eth_usdt_range_position_55|eth_usdt_breakout_distance_55|macro_es_f_proxy_value|macro_es_f_proxy_return_1|macro_nq_f_proxy_value|macro_nq_f_proxy_return_1|macro_vix_proxy_value|macro_vix_proxy_return_1|macro_urth_proxy_value|macro_urth_proxy_return_1,direction_raw_v1,0 days 01:00:00,0 days 01:00:00,2017-08-17T00:00:00Z,2022-12-31T23:59:59Z,2023-01-01T00:00:00Z,2023-12-31T23:59:59Z,29596,8759,False,0.5532295683323818,0.5491831659436937,0.53908968372532,0.6889742501211631,0.24791751184641472,0.5400159835597671,8.594962723625279e-05,8759.0,0.5051946569243064,0.5895650188377669,0.41043498116223315,7.1584960181264865e-06,-0.00019912832031286038,0.18061422536819272,0.14339536476766754,0.00014110314391409316,-0.0003497079380301129,0.006165087338737299,0.010503482132663547,0.001503529526758192,-0.0006306954898773572,0.0,0.00022833656810138144,,-0.0010278428520576477,0.0,0.0,,,ROBUST CANDIDATE
9bd72b6a816f9a008f05,3.3.0,73026dd08db19c83059c57c75b65bcebf077280cee941bdcbc1155cb400f6517,ETH_USDT_1h_1h_crypto_core_v1+crypto_context_proxy_v1_macro_proxy_1.0.0,crypto_core_v1+crypto_context_proxy_v1,random_forest,wf_2023,validation,ETH/USDT,1h,1h,42,train_only_standard_scaler_v1,eth_usdt_return_1|eth_usdt_log_return_1|eth_usdt_return_3|eth_usdt_log_return_3|eth_usdt_return_6|eth_usdt_log_return_6|eth_usdt_return_12|eth_usdt_log_return_12|eth_usdt_return_24|eth_usdt_log_return_24|eth_usdt_momentum_6|eth_usdt_momentum_12|eth_usdt_momentum_24|eth_usdt_sma_distance_20|eth_usdt_ema_distance_20|eth_usdt_sma_distance_50|eth_usdt_ema_distance_50|eth_usdt_rsi_14|eth_usdt_realized_vol_12|eth_usdt_range_12|eth_usdt_realized_vol_24|eth_usdt_range_24|eth_usdt_realized_vol_48|eth_usdt_range_48|eth_usdt_relative_volume_24|eth_usdt_range_position_20|eth_usdt_breakout_distance_20|eth_usdt_range_position_55|eth_usdt_breakout_distance_55|macro_es_f_proxy_value|macro_es_f_proxy_return_1|macro_nq_f_proxy_value|macro_nq_f_proxy_return_1|macro_vix_proxy_value|macro_vix_proxy_return_1|macro_urth_proxy_value|macro_urth_proxy_return_1,direction_raw_v1,0 days 01:00:00,0 days 01:00:00,2017-08-17T00:00:00Z,2022-12-31T23:59:59Z,2023-01-01T00:00:00Z,2023-12-31T23:59:59Z,29596,8759,False,0.5572067400321723,0.5510070740539954,0.5426446778722439,0.6881463281680088,0.24750919000635455,0.542641854092933,8.594962723625279e-05,8759.0,0.5051946569243064,0.5001712524260761,0.499828747573924,6.72609996839775e-05,-0.00010465106106597367,0.16052060737527116,0.1880351638314876,0.0001228881736407911,-0.0001649993063720878,0.009019294440004566,0.01895193515241466,0.00125761186374223,-0.0001876250905533351,0.0009133462724055258,0.0,-0.00011330530900555136,,0.00022833656810138144,0.0,0.0024292614590692985,,ROBUST CANDIDATE
9289bf17ee53778d2584,3.3.0,73026dd08db19c83059c57c75b65bcebf077280cee941bdcbc1155cb400f6517,ETH_USDT_1h_1h_crypto_core_v1+crypto_context_proxy_v1_macro_proxy_1.0.0,crypto_core_v1+crypto_context_proxy_v1,logistic_regression,wf_2024,validation,ETH/USDT,1h,1h,42,train_only_standard_scaler_v1,eth_usdt_return_1|eth_usdt_log_return_1|eth_usdt_return_3|eth_usdt_log_return_3|eth_usdt_return_6|eth_usdt_log_return_6|eth_usdt_return_12|eth_usdt_log_return_12|eth_usdt_return_24|eth_usdt_log_return_24|eth_usdt_momentum_6|eth_usdt_momentum_12|eth_usdt_momentum_24|eth_usdt_sma_distance_20|eth_usdt_ema_distance_20|eth_usdt_sma_distance_50|eth_usdt_ema_distance_50|eth_usdt_rsi_14|eth_usdt_realized_vol_12|eth_usdt_range_12|eth_usdt_realized_vol_24|eth_usdt_range_24|eth_usdt_realized_vol_48|eth_usdt_range_48|eth_usdt_relative_volume_24|eth_usdt_range_position_20|eth_usdt_breakout_distance_20|eth_usdt_range_position_55|eth_usdt_breakout_distance_55|macro_es_f_proxy_value|macro_es_f_proxy_return_1|macro_nq_f_proxy_value|macro_nq_f_proxy_return_1|macro_vix_proxy_value|macro_vix_proxy_return_1|macro_urth_proxy_value|macro_urth_proxy_return_1,direction_raw_v1,0 days 01:00:00,0 days 01:00:00,2017-08-17T00:00:00Z,2023-12-31T23:59:59Z,2024-01-01T00:00:00Z,2024-12-31T23:59:59Z,38355,8784,False,0.5584871916826365,0.5519957433105449,0.5431648975834502,0.6886343246223748,0.24774994290624075,0.5418943533697632,6.670945482370432e-05,8784.0,0.5084244080145719,0.42531876138433516,0.5746812386156649,0.0001354939611835067,-1.5802379593866426e-05,0.10553278688524591,0.167235883424408,0.00041343230845035335,3.9708582045254814e-05,0.011953551912568305,0.004895264116575592,-0.0014517530578759062,0.0018220563720322417,0.0006830601092896175,0.00011384335154826958,0.010025744130974143,0.0055605076616155324,0.0,0.0,,,ROBUST CANDIDATE
1a7fac39f89105307998,3.3.0,73026dd08db19c83059c57c75b65bcebf077280cee941bdcbc1155cb400f6517,ETH_USDT_1h_1h_crypto_core_v1+crypto_context_proxy_v1_macro_proxy_1.0.0,crypto_core_v1+crypto_context_proxy_v1,hist_gradient_boosting,wf_2024,validation,ETH/USDT,1h,1h,42,train_only_standard_scaler_v1,eth_usdt_return_1|eth_usdt_log_return_1|eth_usdt_return_3|eth_usdt_log_return_3|eth_usdt_return_6|eth_usdt_log_return_6|eth_usdt_return_12|eth_usdt_log_return_12|eth_usdt_return_24|eth_usdt_log_return_24|eth_usdt_momentum_6|eth_usdt_momentum_12|eth_usdt_momentum_24|eth_usdt_sma_distance_20|eth_usdt_ema_distance_20|eth_usdt_sma_distance_50|eth_usdt_ema_distance_50|eth_usdt_rsi_14|eth_usdt_realized_vol_12|eth_usdt_range_12|eth_usdt_realized_vol_24|eth_usdt_range_24|eth_usdt_realized_vol_48|eth_usdt_range_48|eth_usdt_relative_volume_24|eth_usdt_range_position_20|eth_usdt_breakout_distance_20|eth_usdt_range_position_55|eth_usdt_breakout_distance_55|macro_es_f_proxy_value|macro_es_f_proxy_return_1|macro_nq_f_proxy_value|macro_nq_f_proxy_return_1|macro_vix_proxy_value|macro_vix_proxy_return_1|macro_urth_proxy_value|macro_urth_proxy_return_1,direction_raw_v1,0 days 01:00:00,0 days 01:00:00,2017-08-17T00:00:00Z,2023-12-31T23:59:59Z,2024-01-01T00:00:00Z,2024-12-31T23:59:59Z,38355,8784,False,0.5539509882396916,0.5511902392727533,0.5414319752535082,0.6887872497444926,0.24782430388943208,0.5428051001821493,6.670945482370432e-05,8784.0,0.5084244080145719,0.5821948998178507,0.41780510018214934,0.00011950605700534865,6.8605243471210615e-06,0.29428506375227687,0.1687158469945355,0.00021294348965560393,-1.3277561107616608e-05,0.02424863387978142,0.006261384335154827,0.00045502790911947907,0.0005160306763931037,0.0009107468123861566,0.0,0.0036312430682558516,,0.0,0.0,,,ROBUST CANDIDATE
c1ef527ed3293ca34c13,3.3.0,73026dd08db19c83059c57c75b65bcebf077280cee941bdcbc1155cb400f6517,ETH_USDT_1h_1h_crypto_core_v1+crypto_context_proxy_v1_macro_proxy_1.0.0,crypto_core_v1+crypto_context_proxy_v1,random_forest,wf_2024,validation,ETH/USDT,1h,1h,42,train_only_standard_scaler_v1,eth_usdt_return_1|eth_usdt_log_return_1|eth_usdt_return_3|eth_usdt_log_return_3|eth_usdt_return_6|eth_usdt_log_return_6|eth_usdt_return_12|eth_usdt_log_return_12|eth_usdt_return_24|eth_usdt_log_return_24|eth_usdt_momentum_6|eth_usdt_momentum_12|eth_usdt_momentum_24|eth_usdt_sma_distance_20|eth_usdt_ema_distance_20|eth_usdt_sma_distance_50|eth_usdt_ema_distance_50|eth_usdt_rsi_14|eth_usdt_realized_vol_12|eth_usdt_range_12|eth_usdt_realized_vol_24|eth_usdt_range_24|eth_usdt_realized_vol_48|eth_usdt_range_48|eth_usdt_relative_volume_24|eth_usdt_range_position_20|eth_usdt_breakout_distance_20|eth_usdt_range_position_55|eth_usdt_breakout_distance_55|macro_es_f_proxy_value|macro_es_f_proxy_return_1|macro_nq_f_proxy_value|macro_nq_f_proxy_return_1|macro_vix_proxy_value|macro_vix_proxy_return_1|macro_urth_proxy_value|macro_urth_proxy_return_1,direction_raw_v1,0 days 01:00:00,0 days 01:00:00,2017-08-17T00:00:00Z,2023-12-31T23:59:59Z,2024-01-01T00:00:00Z,2024-12-31T23:59:59Z,38355,8784,False,0.5540923475751223,0.5501010814603036,0.538057967491294,0.6894480596775772,0.24815068097694412,0.5374544626593807,6.670945482370432e-05,8784.0,0.5084244080145719,0.4648224043715847,0.5351775956284153,0.00015281262827487722,8.074475659413957e-06,0.09153005464480875,0.23702185792349728,0.0003723889974326865,-4.9918592790534886e-05,0.004895264116575592,0.058629326047358835,0.0017209983204254852,0.00013518433634565494,0.00034153005464480874,0.0007969034608378871,0.018436029025803657,-0.0034962162625981064,0.0,0.0,,,ROBUST CANDIDATE
b39197b2526f47877dfd,3.3.0,73026dd08db19c83059c57c75b65bcebf077280cee941bdcbc1155cb400f6517,ETH_USDT_1h_2h_crypto_core_v1_no_macro_1.0.0,crypto_core_v1,logistic_regression,wf_2022,validation,ETH/USDT,1h,2h,42,train_only_standard_scaler_v1,eth_usdt_return_1|eth_usdt_log_return_1|eth_usdt_return_3|eth_usdt_log_return_3|eth_usdt_return_6|eth_usdt_log_return_6|eth_usdt_return_12|eth_usdt_log_return_12|eth_usdt_return_24|eth_usdt_log_return_24|eth_usdt_momentum_6|eth_usdt_momentum_12|eth_usdt_momentum_24|eth_usdt_sma_distance_20|eth_usdt_ema_distance_20|eth_usdt_sma_distance_50|eth_usdt_ema_distance_50|eth_usdt_rsi_14|eth_usdt_realized_vol_12|eth_usdt_range_12|eth_usdt_realized_vol_24|eth_usdt_range_24|eth_usdt_realized_vol_48|eth_usdt_range_48|eth_usdt_relative_volume_24|eth_usdt_range_position_20|eth_usdt_breakout_distance_20|eth_usdt_range_position_55|eth_usdt_breakout_distance_55,direction_raw_v1,0 days 02:00:00,0 days 02:00:00,2017-08-17T00:00:00Z,2021-12-31T23:59:59Z,2022-01-01T00:00:00Z,2022-12-31T23:59:59Z,38164,8760,False,0.54007341473057,0.5322192277688748,0.5329602093786698,0.6917890979581592,0.2493031602742874,0.5327625570776255,-0.00017326992406166623,8760.0,0.5031963470319635,0.46929223744292237,0.5307077625570776,-0.0001224061310875247,0.0002182475650418116,0.13732876712328768,0.14703196347031963,0.0002028803305175562,-0.0002012013036296852,0.02454337899543379,0.01598173515981735,-0.00013432423020652814,0.0017157734579040732,0.0029680365296803654,0.0013698630136986301,0.0033671856586311956,0.00632183406643901,0.0006849315068493151,0.0,0.025517013511653846,,ROBUST CANDIDATE
e25f4fc3b13cc844fd5a,3.3.0,73026dd08db19c83059c57c75b65bcebf077280cee941bdcbc1155cb400f6517,ETH_USDT_1h_2h_crypto_core_v1_no_macro_1.0.0,crypto_core_v1,hist_gradient_boosting,wf_2022,validation,ETH/USDT,1h,2h,42,train_only_standard_scaler_v1,eth_usdt_return_1|eth_usdt_log_return_1|eth_usdt_return_3|eth_usdt_log_return_3|eth_usdt_return_6|eth_usdt_log_return_6|eth_usdt_return_12|eth_usdt_log_return_12|eth_usdt_return_24|eth_usdt_log_return_24|eth_usdt_momentum_6|eth_usdt_momentum_12|eth_usdt_momentum_24|eth_usdt_sma_distance_20|eth_usdt_ema_distance_20|eth_usdt_sma_distance_50|eth_usdt_ema_distance_50|eth_usdt_rsi_14|eth_usdt_realized_vol_12|eth_usdt_range_12|eth_usdt_realized_vol_24|eth_usdt_range_24|eth_usdt_realized_vol_48|eth_usdt_range_48|eth_usdt_relative_volume_24|eth_usdt_range_position_20|eth_usdt_breakout_distance_20|eth_usdt_range_position_55|eth_usdt_breakout_distance_55,direction_raw_v1,0 days 02:00:00,0 days 02:00:00,2017-08-17T00:00:00Z,2021-12-31T23:59:59Z,2022-01-01T00:00:00Z,2022-12-31T23:59:59Z,38164,8760,False,0.5456229159299268,0.5405384575745381,0.5391738450144123,0.6910082298336983,0.24891753867099445,0.5394977168949772,-0.00017326992406166623,8760.0,0.5031963470319635,0.5509132420091324,0.44908675799086756,-8.855451476123827e-05,0.000277193809492237,0.2482876712328767,0.1747716894977169,-5.4020146903451204e-05,0.00039078168140559616,0.05410958904109589,0.03664383561643836,0.0012082603344923265,1.1224026177130958e-05,0.006392694063926941,0.003310502283105023,0.0036744169925639436,0.00032399443205054847,0.0007990867579908676,0.0005707762557077625,0.0341316738766631,0.0029327204674262975,ROBUST CANDIDATE
8d94e01516d50d35ad50,3.3.0,73026dd08db19c83059c57c75b65bcebf077280cee941bdcbc1155cb400f6517,ETH_USDT_1h_2h_crypto_core_v1_no_macro_1.0.0,crypto_core_v1,random_forest,wf_2022,validation,ETH/USDT,1h,2h,42,train_only_standard_scaler_v1,eth_usdt_return_1|eth_usdt_log_return_1|eth_usdt_return_3|eth_usdt_log_return_3|eth_usdt_return_6|eth_usdt_log_return_6|eth_usdt_return_12|eth_usdt_log_return_12|eth_usdt_return_24|eth_usdt_log_return_24|eth_usdt_momentum_6|eth_usdt_momentum_12|eth_usdt_momentum_24|eth_usdt_sma_distance_20|eth_usdt_ema_distance_20|eth_usdt_sma_distance_50|eth_usdt_ema_distance_50|eth_usdt_rsi_14|eth_usdt_realized_vol_12|eth_usdt_range_12|eth_usdt_realized_vol_24|eth_usdt_range_24|eth_usdt_realized_vol_48|eth_usdt_range_48|eth_usdt_relative_volume_24|eth_usdt_range_position_20|eth_usdt_breakout_distance_20|eth_usdt_range_position_55|eth_usdt_breakout_distance_55,direction_raw_v1,0 days 02:00:00,0 days 02:00:00,2017-08-17T00:00:00Z,2021-12-31T23:59:59Z,2022-01-01T00:00:00Z,2022-12-31T23:59:59Z,38164,8760,False,0.547719418487109,0.5422960226939024,0.5376800703266787,0.6901911284319482,0.24852628496605716,0.5376712328767124,-0.00017326992406166623,8760.0,0.5031963470319635,0.4988584474885845,0.5011415525114156,-6.939486764075352e-05,0.00027667174560139023,0.2045662100456621,0.22146118721461186,0.00023002736199855106,0.00040263862961616506,0.033105022831050226,0.027511415525114154,-0.0004270464976137486,0.0011699005099901068,0.0045662100456621,0.0031963470319634705,0.006094188399548989,0.005474547068197575,0.00045662100456621003,0.0005707762557077625,0.02509532069465864,-0.0030918848266159983,ROBUST CANDIDATE
81e51e7a09e1d40483b9,3.3.0,73026dd08db19c83059c57c75b65bcebf077280cee941bdcbc1155cb400f6517,ETH_USDT_1h_2h_crypto_core_v1_no_macro_1.0.0,crypto_core_v1,logistic_regression,wf_2023,validation,ETH/USDT,1h,2h,42,train_only_standard_scaler_v1,eth_usdt_return_1|eth_usdt_log_return_1|eth_usdt_return_3|eth_usdt_log_return_3|eth_usdt_return_6|eth_usdt_log_return_6|eth_usdt_return_12|eth_usdt_log_return_12|eth_usdt_return_24|eth_usdt_log_return_24|eth_usdt_momentum_6|eth_usdt_momentum_12|eth_usdt_momentum_24|eth_usdt_sma_distance_20|eth_usdt_ema_distance_20|eth_usdt_sma_distance_50|eth_usdt_ema_distance_50|eth_usdt_rsi_14|eth_usdt_realized_vol_12|eth_usdt_range_12|eth_usdt_realized_vol_24|eth_usdt_range_24|eth_usdt_realized_vol_48|eth_usdt_range_48|eth_usdt_relative_volume_24|eth_usdt_range_position_20|eth_usdt_breakout_distance_20|eth_usdt_range_position_55|eth_usdt_breakout_distance_55,direction_raw_v1,0 days 02:00:00,0 days 02:00:00,2017-08-17T00:00:00Z,2022-12-31T23:59:59Z,2023-01-01T00:00:00Z,2023-12-31T23:59:59Z,46924,8759,False,0.5557144904540317,0.5575181923271978,0.538615912826048,0.6890716117821588,0.2479711478497863,0.5370476081744492,0.00017188479087394275,8759.0,0.5087338737298779,0.4108916542984359,0.5891083457015641,5.303646704183319e-05,-0.00025477919348474944,0.0504623815504053,0.12341591505879666,0.00014607174440200358,-0.0005897621775808768,0.002397533965064505,0.002397533965064505,0.008041091710802912,-0.0020440815446452674,0.00011416828405069072,0.0,0.02688736507103262,,0.0,0.0,,,ROBUST CANDIDATE
ab90fea257207dc6176a,3.3.0,73026dd08db19c83059c57c75b65bcebf077280cee941bdcbc1155cb400f6517,ETH_USDT_1h_2h_crypto_core_v1_no_macro_1.0.0,crypto_core_v1,hist_gradient_boosting,wf_2023,validation,ETH/USDT,1h,2h,42,train_only_standard_scaler_v1,eth_usdt_return_1|eth_usdt_log_return_1|eth_usdt_return_3|eth_usdt_log_return_3|eth_usdt_return_6|eth_usdt_log_return_6|eth_usdt_return_12|eth_usdt_log_return_12|eth_usdt_return_24|eth_usdt_log_return_24|eth_usdt_momentum_6|eth_usdt_momentum_12|eth_usdt_momentum_24|eth_usdt_sma_distance_20|eth_usdt_ema_distance_20|eth_usdt_sma_distance_50|eth_usdt_ema_distance_50|eth_usdt_rsi_14|eth_usdt_realized_vol_12|eth_usdt_range_12|eth_usdt_realized_vol_24|eth_usdt_range_24|eth_usdt_realized_vol_48|eth_usdt_range_48|eth_usdt_relative_volume_24|eth_usdt_range_position_20|eth_usdt_breakout_distance_20|eth_usdt_range_position_55|eth_usdt_breakout_distance_55,direction_raw_v1,0 days 02:00:00,0 days 02:00:00,2017-08-17T00:00:00Z,2022-12-31T23:59:59Z,2023-01-01T00:00:00Z,2023-12-31T23:59:59Z,46924,8759,False,0.5543077801341889,0.5527306783166236,0.541482921188549,0.6892502895996724,0.24804736039579056,0.5412718346843247,0.00017188479087394275,8759.0,0.5087338737298779,0.4886402557369563,0.5113597442630438,0.00014291413377894927,-0.00019956829441637906,0.17433496974540472,0.18917684667199453,0.0003922892722751973,-0.0005131221033259591,0.02568786391140541,0.04349811622331316,0.0003933553151371916,-0.0004834499061047311,0.0018266925448110515,0.005365909350382464,0.00025798949279821903,-0.0007142265088043082,0.00022833656810138144,0.0,0.006780178501709477,,ROBUST CANDIDATE
53f8b629a59b891af278,3.3.0,73026dd08db19c83059c57c75b65bcebf077280cee941bdcbc1155cb400f6517,ETH_USDT_1h_2h_crypto_core_v1_no_macro_1.0.0,crypto_core_v1,random_forest,wf_2023,validation,ETH/USDT,1h,2h,42,train_only_standard_scaler_v1,eth_usdt_return_1|eth_usdt_log_return_1|eth_usdt_return_3|eth_usdt_log_return_3|eth_usdt_return_6|eth_usdt_log_return_6|eth_usdt_return_12|eth_usdt_log_return_12|eth_usdt_return_24|eth_usdt_log_return_24|eth_usdt_momentum_6|eth_usdt_momentum_12|eth_usdt_momentum_24|eth_usdt_sma_distance_20|eth_usdt_ema_distance_20|eth_usdt_sma_distance_50|eth_usdt_ema_distance_50|eth_usdt_rsi_14|eth_usdt_realized_vol_12|eth_usdt_range_12|eth_usdt_realized_vol_24|eth_usdt_range_24|eth_usdt_realized_vol_48|eth_usdt_range_48|eth_usdt_relative_volume_24|eth_usdt_range_position_20|eth_usdt_breakout_distance_20|eth_usdt_range_position_55|eth_usdt_breakout_distance_55,direction_raw_v1,0 days 02:00:00,0 days 02:00:00,2017-08-17T00:00:00Z,2022-12-31T23:59:59Z,2023-01-01T00:00:00Z,2023-12-31T23:59:59Z,46924,8759,False,0.5650806334856355,0.5624502457564362,0.55138470675755,0.6874725917485107,0.24716951614914834,0.5502911291243293,0.00017188479087394275,8759.0,0.5087338737298779,0.43829204247060166,0.5617079575293983,0.00018985577906976817,-0.00015786230638537086,0.12946683411348328,0.23701335768923393,0.0004086318917148068,-0.000244738208412997,0.007306770179244206,0.03459299006735929,0.001876248689135147,-0.00031227781762948735,0.0010275145564562164,0.0013700194086082886,0.00276165324281425,0.0003024339498393924,0.00011416828405069072,0.0,0.017553066538717355,,ROBUST CANDIDATE
18aa50166d813d5c6edc,3.3.0,73026dd08db19c83059c57c75b65bcebf077280cee941bdcbc1155cb400f6517,ETH_USDT_1h_2h_crypto_core_v1_no_macro_1.0.0,crypto_core_v1,logistic_regression,wf_2024,validation,ETH/USDT,1h,2h,42,train_only_standard_scaler_v1,eth_usdt_return_1|eth_usdt_log_return_1|eth_usdt_return_3|eth_usdt_log_return_3|eth_usdt_return_6|eth_usdt_log_return_6|eth_usdt_return_12|eth_usdt_log_return_12|eth_usdt_return_24|eth_usdt_log_return_24|eth_usdt_momentum_6|eth_usdt_momentum_12|eth_usdt_momentum_24|eth_usdt_sma_distance_20|eth_usdt_ema_distance_20|eth_usdt_sma_distance_50|eth_usdt_ema_distance_50|eth_usdt_rsi_14|eth_usdt_realized_vol_12|eth_usdt_range_12|eth_usdt_realized_vol_24|eth_usdt_range_24|eth_usdt_realized_vol_48|eth_usdt_range_48|eth_usdt_relative_volume_24|eth_usdt_range_position_20|eth_usdt_breakout_distance_20|eth_usdt_range_position_55|eth_usdt_breakout_distance_55,direction_raw_v1,0 days 02:00:00,0 days 02:00:00,2017-08-17T00:00:00Z,2023-12-31T23:59:59Z,2024-01-01T00:00:00Z,2024-12-31T23:59:59Z,55683,8784,False,0.5504839212427294,0.5586591537860988,0.5385586774783202,0.6900584218006053,0.24845298774310054,0.5364298724954463,0.0001328984479064466,8784.0,0.5178734061930783,0.44182604735883424,0.5581739526411658,0.0003015656838890767,6.111468005873909e-07,0.10405282331511839,0.15505464480874318,0.0005779013862848675,0.00017504478719807036,0.013091985428051001,0.007172131147540984,0.00040153029798021606,-0.0014967545521587038,0.0009107468123861566,0.00034153005464480874,0.006424629929268469,-0.015877553842948866,0.0,0.0,,,ROBUST CANDIDATE
d77079f80ae2b3c2828d,3.3.0,73026dd08db19c83059c57c75b65bcebf077280cee941bdcbc1155cb400f6517,ETH_USDT_1h_2h_crypto_core_v1_no_macro_1.0.0,crypto_core_v1,hist_gradient_boosting,wf_2024,validation,ETH/USDT,1h,2h,42,train_only_standard_scaler_v1,eth_usdt_return_1|eth_usdt_log_return_1|eth_usdt_return_3|eth_usdt_log_return_3|eth_usdt_return_6|eth_usdt_log_return_6|eth_usdt_return_12|eth_usdt_log_return_12|eth_usdt_return_24|eth_usdt_log_return_24|eth_usdt_momentum_6|eth_usdt_momentum_12|eth_usdt_momentum_24|eth_usdt_sma_distance_20|eth_usdt_ema_distance_20|eth_usdt_sma_distance_50|eth_usdt_ema_distance_50|eth_usdt_rsi_14|eth_usdt_realized_vol_12|eth_usdt_range_12|eth_usdt_realized_vol_24|eth_usdt_range_24|eth_usdt_realized_vol_48|eth_usdt_range_48|eth_usdt_relative_volume_24|eth_usdt_range_position_20|eth_usdt_breakout_distance_20|eth_usdt_range_position_55|eth_usdt_breakout_distance_55,direction_raw_v1,0 days 02:00:00,0 days 02:00:00,2017-08-17T00:00:00Z,2023-12-31T23:59:59Z,2024-01-01T00:00:00Z,2024-12-31T23:59:59Z,55683,8784,False,0.5465781884934946,0.5574580396003733,0.5312730096498757,0.6903343922836671,0.24857639666749384,0.5319899817850637,0.0001328984479064466,8784.0,0.5178734061930783,0.5211748633879781,0.47882513661202186,5.285325749663057e-05,-0.0002200232414623519,0.2122040072859745,0.17566029143897996,0.00045559067093320566,-3.280054659594324e-05,0.026411657559198543,0.022996357012750455,0.0021995266948202853,-0.0008080425759799255,0.0028460837887067394,0.0028460837887067394,0.005355498341659857,-0.0029138642953483365,0.00034153005464480874,0.000569216757741348,0.011194293208024638,-0.0014984862584547897,ROBUST CANDIDATE
f8197f4ce89ae2041486,3.3.0,73026dd08db19c83059c57c75b65bcebf077280cee941bdcbc1155cb400f6517,ETH_USDT_1h_2h_crypto_core_v1_no_macro_1.0.0,crypto_core_v1,random_forest,wf_2024,validation,ETH/USDT,1h,2h,42,train_only_standard_scaler_v1,eth_usdt_return_1|eth_usdt_log_return_1|eth_usdt_return_3|eth_usdt_log_return_3|eth_usdt_return_6|eth_usdt_log_return_6|eth_usdt_return_12|eth_usdt_log_return_12|eth_usdt_return_24|eth_usdt_log_return_24|eth_usdt_momentum_6|eth_usdt_momentum_12|eth_usdt_momentum_24|eth_usdt_sma_distance_20|eth_usdt_ema_distance_20|eth_usdt_sma_distance_50|eth_usdt_ema_distance_50|eth_usdt_rsi_14|eth_usdt_realized_vol_12|eth_usdt_range_12|eth_usdt_realized_vol_24|eth_usdt_range_24|eth_usdt_realized_vol_48|eth_usdt_range_48|eth_usdt_relative_volume_24|eth_usdt_range_position_20|eth_usdt_breakout_distance_20|eth_usdt_range_position_55|eth_usdt_breakout_distance_55,direction_raw_v1,0 days 02:00:00,0 days 02:00:00,2017-08-17T00:00:00Z,2023-12-31T23:59:59Z,2024-01-01T00:00:00Z,2024-12-31T23:59:59Z,55683,8784,False,0.5457881034611185,0.5591574849792686,0.5354309352990382,0.6909434303959705,0.2488794377380873,0.5346083788706739,0.0001328984479064466,8784.0,0.5178734061930783,0.4782559198542805,0.5217440801457195,0.00017333404357536936,-9.583322045605501e-05,0.19376138433515483,0.2462431693989071,0.0005545972703243498,-0.0002946161579042598,0.014913479052823315,0.028688524590163935,0.002593910335452848,-0.000695977669758798,0.0015938069216757742,0.0036429872495446266,0.009984025683651254,-0.0012413357012465848,0.00034153005464480874,0.000569216757741348,0.011194293208024638,-0.0012045381408639423,ROBUST CANDIDATE
f1735b464ec411dd8f00,3.3.0,73026dd08db19c83059c57c75b65bcebf077280cee941bdcbc1155cb400f6517,ETH_USDT_1h_2h_crypto_core_v1+crypto_context_proxy_v1_macro_proxy_1.0.0,crypto_core_v1+crypto_context_proxy_v1,logistic_regression,wf_2022,validation,ETH/USDT,1h,2h,42,train_only_standard_scaler_v1,eth_usdt_return_1|eth_usdt_log_return_1|eth_usdt_return_3|eth_usdt_log_return_3|eth_usdt_return_6|eth_usdt_log_return_6|eth_usdt_return_12|eth_usdt_log_return_12|eth_usdt_return_24|eth_usdt_log_return_24|eth_usdt_momentum_6|eth_usdt_momentum_12|eth_usdt_momentum_24|eth_usdt_sma_distance_20|eth_usdt_ema_distance_20|eth_usdt_sma_distance_50|eth_usdt_ema_distance_50|eth_usdt_rsi_14|eth_usdt_realized_vol_12|eth_usdt_range_12|eth_usdt_realized_vol_24|eth_usdt_range_24|eth_usdt_realized_vol_48|eth_usdt_range_48|eth_usdt_relative_volume_24|eth_usdt_range_position_20|eth_usdt_breakout_distance_20|eth_usdt_range_position_55|eth_usdt_breakout_distance_55|macro_es_f_proxy_value|macro_es_f_proxy_return_1|macro_nq_f_proxy_value|macro_nq_f_proxy_return_1|macro_vix_proxy_value|macro_vix_proxy_return_1|macro_urth_proxy_value|macro_urth_proxy_return_1,direction_raw_v1,0 days 02:00:00,0 days 02:00:00,2017-08-17T00:00:00Z,2021-12-31T23:59:59Z,2022-01-01T00:00:00Z,2022-12-31T23:59:59Z,20835,8760,False,0.53459962918357,0.5278623535172415,0.5225204674655706,0.695346277498526,0.2510554929980066,0.5210045662100456,-0.00017326992406166623,8760.0,0.5031963470319635,0.26301369863013696,0.736986301369863,-7.846020783359515e-05,0.00020710536182335705,0.07454337899543378,0.38710045662100456,-0.00043725774503972293,6.0744898046323625e-05,0.013242009132420091,0.07773972602739726,-0.0025832548505367687,-0.00021994869852119756,0.0021689497716894978,0.0031963470319634705,0.0028333355557239944,0.0010739403100968167,0.00011415525114155251,0.0,0.06492399230852941,,ROBUST CANDIDATE
6110702e9433da162ecd,3.3.0,73026dd08db19c83059c57c75b65bcebf077280cee941bdcbc1155cb400f6517,ETH_USDT_1h_2h_crypto_core_v1+crypto_context_proxy_v1_macro_proxy_1.0.0,crypto_core_v1+crypto_context_proxy_v1,hist_gradient_boosting,wf_2022,validation,ETH/USDT,1h,2h,42,train_only_standard_scaler_v1,eth_usdt_return_1|eth_usdt_log_return_1|eth_usdt_return_3|eth_usdt_log_return_3|eth_usdt_return_6|eth_usdt_log_return_6|eth_usdt_return_12|eth_usdt_log_return_12|eth_usdt_return_24|eth_usdt_log_return_24|eth_usdt_momentum_6|eth_usdt_momentum_12|eth_usdt_momentum_24|eth_usdt_sma_distance_20|eth_usdt_ema_distance_20|eth_usdt_sma_distance_50|eth_usdt_ema_distance_50|eth_usdt_rsi_14|eth_usdt_realized_vol_12|eth_usdt_range_12|eth_usdt_realized_vol_24|eth_usdt_range_24|eth_usdt_realized_vol_48|eth_usdt_range_48|eth_usdt_relative_volume_24|eth_usdt_range_position_20|eth_usdt_breakout_distance_20|eth_usdt_range_position_55|eth_usdt_breakout_distance_55|macro_es_f_proxy_value|macro_es_f_proxy_return_1|macro_nq_f_proxy_value|macro_nq_f_proxy_return_1|macro_vix_proxy_value|macro_vix_proxy_return_1|macro_urth_proxy_value|macro_urth_proxy_return_1,direction_raw_v1,0 days 02:00:00,0 days 02:00:00,2017-08-17T00:00:00Z,2021-12-31T23:59:59Z,2022-01-01T00:00:00Z,2022-12-31T23:59:59Z,20835,8760,False,0.5287932942360815,0.5265580128457867,0.5168856590957617,0.6973211360221255,0.25197953586309696,0.5180365296803653,-0.00017326992406166623,8760.0,0.5031963470319635,0.6801369863013699,0.3198630136986301,-0.00016065053905000708,0.0002001030061100121,0.41164383561643836,0.11757990867579908,-0.0003519089600854535,0.0003617082624027683,0.16426940639269405,0.023972602739726026,-0.00034414913580043576,0.001259714028048534,0.0408675799086758,0.0028538812785388126,0.0002451622558030915,0.0025971534032061118,0.005707762557077625,0.00011415525114155251,0.004744062914670841,-0.0019330089261724304,ROBUST CANDIDATE
b0d0774430220f913d98,3.3.0,73026dd08db19c83059c57c75b65bcebf077280cee941bdcbc1155cb400f6517,ETH_USDT_1h_2h_crypto_core_v1+crypto_context_proxy_v1_macro_proxy_1.0.0,crypto_core_v1+crypto_context_proxy_v1,random_forest,wf_2022,validation,ETH/USDT,1h,2h,42,train_only_standard_scaler_v1,eth_usdt_return_1|eth_usdt_log_return_1|eth_usdt_return_3|eth_usdt_log_return_3|eth_usdt_return_6|eth_usdt_log_return_6|eth_usdt_return_12|eth_usdt_log_return_12|eth_usdt_return_24|eth_usdt_log_return_24|eth_usdt_momentum_6|eth_usdt_momentum_12|eth_usdt_momentum_24|eth_usdt_sma_distance_20|eth_usdt_ema_distance_20|eth_usdt_sma_distance_50|eth_usdt_ema_distance_50|eth_usdt_rsi_14|eth_usdt_realized_vol_12|eth_usdt_range_12|eth_usdt_realized_vol_24|eth_usdt_range_24|eth_usdt_realized_vol_48|eth_usdt_range_48|eth_usdt_relative_volume_24|eth_usdt_range_position_20|eth_usdt_breakout_distance_20|eth_usdt_range_position_55|eth_usdt_breakout_distance_55|macro_es_f_proxy_value|macro_es_f_proxy_return_1|macro_nq_f_proxy_value|macro_nq_f_proxy_return_1|macro_vix_proxy_value|macro_vix_proxy_return_1|macro_urth_proxy_value|macro_urth_proxy_return_1,direction_raw_v1,0 days 02:00:00,0 days 02:00:00,2017-08-17T00:00:00Z,2021-12-31T23:59:59Z,2022-01-01T00:00:00Z,2022-12-31T23:59:59Z,20835,8760,False,0.5370075172480516,0.5361666877414271,0.5223797223630832,0.6923967356756868,0.2496179712364264,0.5231735159817351,-0.00017326992406166623,8760.0,0.5031963470319635,0.6243150684931507,0.37568493150684934,-0.00026098095109522993,2.7511307578360213e-05,0.3036529680365297,0.13504566210045663,-0.000128248109021803,4.8091345570580876e-05,0.0636986301369863,0.012100456621004566,0.0005531693212177898,0.0006973979070370283,0.007534246575342466,0.0,0.007779919533087523,,0.0009132420091324201,0.0,0.019878737270067268,,ROBUST CANDIDATE
41bfaece0cb9ea0cbc59,3.3.0,73026dd08db19c83059c57c75b65bcebf077280cee941bdcbc1155cb400f6517,ETH_USDT_1h_2h_crypto_core_v1+crypto_context_proxy_v1_macro_proxy_1.0.0,crypto_core_v1+crypto_context_proxy_v1,logistic_regression,wf_2023,validation,ETH/USDT,1h,2h,42,train_only_standard_scaler_v1,eth_usdt_return_1|eth_usdt_log_return_1|eth_usdt_return_3|eth_usdt_log_return_3|eth_usdt_return_6|eth_usdt_log_return_6|eth_usdt_return_12|eth_usdt_log_return_12|eth_usdt_return_24|eth_usdt_log_return_24|eth_usdt_momentum_6|eth_usdt_momentum_12|eth_usdt_momentum_24|eth_usdt_sma_distance_20|eth_usdt_ema_distance_20|eth_usdt_sma_distance_50|eth_usdt_ema_distance_50|eth_usdt_rsi_14|eth_usdt_realized_vol_12|eth_usdt_range_12|eth_usdt_realized_vol_24|eth_usdt_range_24|eth_usdt_realized_vol_48|eth_usdt_range_48|eth_usdt_relative_volume_24|eth_usdt_range_position_20|eth_usdt_breakout_distance_20|eth_usdt_range_position_55|eth_usdt_breakout_distance_55|macro_es_f_proxy_value|macro_es_f_proxy_return_1|macro_nq_f_proxy_value|macro_nq_f_proxy_return_1|macro_vix_proxy_value|macro_vix_proxy_return_1|macro_urth_proxy_value|macro_urth_proxy_return_1,direction_raw_v1,0 days 02:00:00,0 days 02:00:00,2017-08-17T00:00:00Z,2022-12-31T23:59:59Z,2023-01-01T00:00:00Z,2023-12-31T23:59:59Z,29595,8759,False,0.5465249391785865,0.5486615172394332,0.5276573408556762,0.6896771806878904,0.24827198662713665,0.5281424820184952,0.00017188479087394275,8759.0,0.5087338737298779,0.528256650302546,0.4717433496974541,7.079722291313479e-05,-0.00028508231675841966,0.12501427103550633,0.09578719031852952,0.00025631207499604623,-0.0006734569074613671,0.005708414202534536,0.0029683753853179586,0.0014497123671344415,-0.00024256393673587168,0.00022833656810138144,0.0,0.01697144997141531,,0.0,0.0,,,ROBUST CANDIDATE
79147722a3910e3ce7ea,3.3.0,73026dd08db19c83059c57c75b65bcebf077280cee941bdcbc1155cb400f6517,ETH_USDT_1h_2h_crypto_core_v1+crypto_context_proxy_v1_macro_proxy_1.0.0,crypto_core_v1+crypto_context_proxy_v1,hist_gradient_boosting,wf_2023,validation,ETH/USDT,1h,2h,42,train_only_standard_scaler_v1,eth_usdt_return_1|eth_usdt_log_return_1|eth_usdt_return_3|eth_usdt_log_return_3|eth_usdt_return_6|eth_usdt_log_return_6|eth_usdt_return_12|eth_usdt_log_return_12|eth_usdt_return_24|eth_usdt_log_return_24|eth_usdt_momentum_6|eth_usdt_momentum_12|eth_usdt_momentum_24|eth_usdt_sma_distance_20|eth_usdt_ema_distance_20|eth_usdt_sma_distance_50|eth_usdt_ema_distance_50|eth_usdt_rsi_14|eth_usdt_realized_vol_12|eth_usdt_range_12|eth_usdt_realized_vol_24|eth_usdt_range_24|eth_usdt_realized_vol_48|eth_usdt_range_48|eth_usdt_relative_volume_24|eth_usdt_range_position_20|eth_usdt_breakout_distance_20|eth_usdt_range_position_55|eth_usdt_breakout_distance_55|macro_es_f_proxy_value|macro_es_f_proxy_return_1|macro_nq_f_proxy_value|macro_nq_f_proxy_return_1|macro_vix_proxy_value|macro_vix_proxy_return_1|macro_urth_proxy_value|macro_urth_proxy_return_1,direction_raw_v1,0 days 02:00:00,0 days 02:00:00,2017-08-17T00:00:00Z,2022-12-31T23:59:59Z,2023-01-01T00:00:00Z,2023-12-31T23:59:59Z,29595,8759,False,0.5534374425007647,0.5450788845717756,0.5378029701210503,0.68941353840478,0.24811135966470083,0.538189291014956,0.00017188479087394275,8759.0,0.5087338737298779,0.5227765726681128,0.4772234273318872,0.00013066180219513542,-0.00021704270119936355,0.21121132549377783,0.18518095673022034,0.00018822070179701344,0.00010289986592737136,0.033907980363055146,0.038817216577234845,-0.00047642809098608166,-0.00016418035698202471,0.004909236214179701,0.0045667313620276285,-0.0006084465347794225,0.0009140872154409674,0.0020550291129124328,0.00034250485215207214,0.00035699273977002344,-0.0017187368614914877,ROBUST CANDIDATE
4f96ac0d61923b2e4b5c,3.3.0,73026dd08db19c83059c57c75b65bcebf077280cee941bdcbc1155cb400f6517,ETH_USDT_1h_2h_crypto_core_v1+crypto_context_proxy_v1_macro_proxy_1.0.0,crypto_core_v1+crypto_context_proxy_v1,random_forest,wf_2023,validation,ETH/USDT,1h,2h,42,train_only_standard_scaler_v1,eth_usdt_return_1|eth_usdt_log_return_1|eth_usdt_return_3|eth_usdt_log_return_3|eth_usdt_return_6|eth_usdt_log_return_6|eth_usdt_return_12|eth_usdt_log_return_12|eth_usdt_return_24|eth_usdt_log_return_24|eth_usdt_momentum_6|eth_usdt_momentum_12|eth_usdt_momentum_24|eth_usdt_sma_distance_20|eth_usdt_ema_distance_20|eth_usdt_sma_distance_50|eth_usdt_ema_distance_50|eth_usdt_rsi_14|eth_usdt_realized_vol_12|eth_usdt_range_12|eth_usdt_realized_vol_24|eth_usdt_range_24|eth_usdt_realized_vol_48|eth_usdt_range_48|eth_usdt_relative_volume_24|eth_usdt_range_position_20|eth_usdt_breakout_distance_20|eth_usdt_range_position_55|eth_usdt_breakout_distance_55|macro_es_f_proxy_value|macro_es_f_proxy_return_1|macro_nq_f_proxy_value|macro_nq_f_proxy_return_1|macro_vix_proxy_value|macro_vix_proxy_return_1|macro_urth_proxy_value|macro_urth_proxy_return_1,direction_raw_v1,0 days 02:00:00,0 days 02:00:00,2017-08-17T00:00:00Z,2022-12-31T23:59:59Z,2023-01-01T00:00:00Z,2023-12-31T23:59:59Z,29595,8759,False,0.5600269591880076,0.5533232017830619,0.5468425018493632,0.6880555205904968,0.24746184856861714,0.5461810708985044,0.00017188479087394275,8759.0,0.5087338737298779,0.46295239182555087,0.5370476081744492,0.00016354709297310607,-0.00017907215587987236,0.14967462039045554,0.20127868478136773,0.0005824526872703473,-0.00027499484022290506,0.009019294440004566,0.024546181070898506,0.00015856453936746728,-0.0001800962006374538,0.0009133462724055258,0.0005708414202534536,0.0008619176039487975,0.0002025332252859391,0.0,0.0,,,ROBUST CANDIDATE
d01c1ec3b8c7b9c13b80,3.3.0,73026dd08db19c83059c57c75b65bcebf077280cee941bdcbc1155cb400f6517,ETH_USDT_1h_2h_crypto_core_v1+crypto_context_proxy_v1_macro_proxy_1.0.0,crypto_core_v1+crypto_context_proxy_v1,logistic_regression,wf_2024,validation,ETH/USDT,1h,2h,42,train_only_standard_scaler_v1,eth_usdt_return_1|eth_usdt_log_return_1|eth_usdt_return_3|eth_usdt_log_return_3|eth_usdt_return_6|eth_usdt_log_return_6|eth_usdt_return_12|eth_usdt_log_return_12|eth_usdt_return_24|eth_usdt_log_return_24|eth_usdt_momentum_6|eth_usdt_momentum_12|eth_usdt_momentum_24|eth_usdt_sma_distance_20|eth_usdt_ema_distance_20|eth_usdt_sma_distance_50|eth_usdt_ema_distance_50|eth_usdt_rsi_14|eth_usdt_realized_vol_12|eth_usdt_range_12|eth_usdt_realized_vol_24|eth_usdt_range_24|eth_usdt_realized_vol_48|eth_usdt_range_48|eth_usdt_relative_volume_24|eth_usdt_range_position_20|eth_usdt_breakout_distance_20|eth_usdt_range_position_55|eth_usdt_breakout_distance_55|macro_es_f_proxy_value|macro_es_f_proxy_return_1|macro_nq_f_proxy_value|macro_nq_f_proxy_return_1|macro_vix_proxy_value|macro_vix_proxy_return_1|macro_urth_proxy_value|macro_urth_proxy_return_1,direction_raw_v1,0 days 02:00:00,0 days 02:00:00,2017-08-17T00:00:00Z,2023-12-31T23:59:59Z,2024-01-01T00:00:00Z,2024-12-31T23:59:59Z,38354,8784,False,0.5501697766651104,0.5567216785314623,0.5360185289240627,0.6900448393238763,0.24845036652107783,0.5336976320582878,0.0001328984479064466,8784.0,0.5178734061930783,0.4363615664845173,0.5636384335154827,0.00028330153542931,-1.6458327834716545e-05,0.1212431693989071,0.17338342440801457,0.00048628980114771267,-5.323625666092982e-05,0.014116575591985429,0.005578324225865209,0.001402980423630926,1.1109277284519684e-05,0.0007969034608378871,0.00011384335154826958,0.010815935824151936,0.016928591122139625,0.0,0.0,,,ROBUST CANDIDATE
274bab0b2b066e7efe18,3.3.0,73026dd08db19c83059c57c75b65bcebf077280cee941bdcbc1155cb400f6517,ETH_USDT_1h_2h_crypto_core_v1+crypto_context_proxy_v1_macro_proxy_1.0.0,crypto_core_v1+crypto_context_proxy_v1,hist_gradient_boosting,wf_2024,validation,ETH/USDT,1h,2h,42,train_only_standard_scaler_v1,eth_usdt_return_1|eth_usdt_log_return_1|eth_usdt_return_3|eth_usdt_log_return_3|eth_usdt_return_6|eth_usdt_log_return_6|eth_usdt_return_12|eth_usdt_log_return_12|eth_usdt_return_24|eth_usdt_log_return_24|eth_usdt_momentum_6|eth_usdt_momentum_12|eth_usdt_momentum_24|eth_usdt_sma_distance_20|eth_usdt_ema_distance_20|eth_usdt_sma_distance_50|eth_usdt_ema_distance_50|eth_usdt_rsi_14|eth_usdt_realized_vol_12|eth_usdt_range_12|eth_usdt_realized_vol_24|eth_usdt_range_24|eth_usdt_realized_vol_48|eth_usdt_range_48|eth_usdt_relative_volume_24|eth_usdt_range_position_20|eth_usdt_breakout_distance_20|eth_usdt_range_position_55|eth_usdt_breakout_distance_55|macro_es_f_proxy_value|macro_es_f_proxy_return_1|macro_nq_f_proxy_value|macro_nq_f_proxy_return_1|macro_vix_proxy_value|macro_vix_proxy_return_1|macro_urth_proxy_value|macro_urth_proxy_return_1,direction_raw_v1,0 days 02:00:00,0 days 02:00:00,2017-08-17T00:00:00Z,2023-12-31T23:59:59Z,2024-01-01T00:00:00Z,2024-12-31T23:59:59Z,38354,8784,False,0.5453745818521294,0.555114489137513,0.5357322327545553,0.694379186834887,0.2505490351681706,0.530396174863388,0.0001328984479064466,8784.0,0.5178734061930783,0.35200364298724957,0.6479963570127505,0.0001954495436075268,-9.891953225153793e-05,0.12408925318761384,0.3513205828779599,0.00034541537064889006,-0.00027240518187691997,0.02163023679417122,0.10416666666666667,0.0011022581201665332,-0.00029993204158933304,0.0009107468123861566,0.01616575591985428,0.0063469392792391555,-0.0009006852499599327,0.0,0.0031876138433515485,,4.8054247992741174e-05,ROBUST CANDIDATE
1ab9790f2aa162c73aa9,3.3.0,73026dd08db19c83059c57c75b65bcebf077280cee941bdcbc1155cb400f6517,ETH_USDT_1h_2h_crypto_core_v1+crypto_context_proxy_v1_macro_proxy_1.0.0,crypto_core_v1+crypto_context_proxy_v1,random_forest,wf_2024,validation,ETH/USDT,1h,2h,42,train_only_standard_scaler_v1,eth_usdt_return_1|eth_usdt_log_return_1|eth_usdt_return_3|eth_usdt_log_return_3|eth_usdt_return_6|eth_usdt_log_return_6|eth_usdt_return_12|eth_usdt_log_return_12|eth_usdt_return_24|eth_usdt_log_return_24|eth_usdt_momentum_6|eth_usdt_momentum_12|eth_usdt_momentum_24|eth_usdt_sma_distance_20|eth_usdt_ema_distance_20|eth_usdt_sma_distance_50|eth_usdt_ema_distance_50|eth_usdt_rsi_14|eth_usdt_realized_vol_12|eth_usdt_range_12|eth_usdt_realized_vol_24|eth_usdt_range_24|eth_usdt_realized_vol_48|eth_usdt_range_48|eth_usdt_relative_volume_24|eth_usdt_range_position_20|eth_usdt_breakout_distance_20|eth_usdt_range_position_55|eth_usdt_breakout_distance_55|macro_es_f_proxy_value|macro_es_f_proxy_return_1|macro_nq_f_proxy_value|macro_nq_f_proxy_return_1|macro_vix_proxy_value|macro_vix_proxy_return_1|macro_urth_proxy_value|macro_urth_proxy_return_1,direction_raw_v1,0 days 02:00:00,0 days 02:00:00,2017-08-17T00:00:00Z,2023-12-31T23:59:59Z,2024-01-01T00:00:00Z,2024-12-31T23:59:59Z,38354,8784,False,0.5425032370854629,0.548805530329178,0.5312848964820427,0.6927436916363118,0.24977547289656943,0.5278916211293261,0.0001328984479064466,8784.0,0.5178734061930783,0.40619307832422585,0.5938069216757741,0.00015454571660011268,-0.00011809065367734369,0.10359744990892532,0.29587887067395263,0.0005717629875386122,-0.0002502792414898404,0.006489071038251366,0.03711293260473588,0.003386801593709474,-0.00043800051538466005,0.0006830601092896175,0.003529143897996357,0.014224875617152818,0.0010964315930490273,0.0004553734061930783,0.0006830601092896175,0.010452158452940147,-0.0034953132064433254,ROBUST CANDIDATE
2cee9242d7623037b31b,3.3.0,73026dd08db19c83059c57c75b65bcebf077280cee941bdcbc1155cb400f6517,ETH_USDT_1h_4h_crypto_core_v1_no_macro_1.0.0,crypto_core_v1,logistic_regression,wf_2022,validation,ETH/USDT,1h,4h,42,train_only_standard_scaler_v1,eth_usdt_return_1|eth_usdt_log_return_1|eth_usdt_return_3|eth_usdt_log_return_3|eth_usdt_return_6|eth_usdt_log_return_6|eth_usdt_return_12|eth_usdt_log_return_12|eth_usdt_return_24|eth_usdt_log_return_24|eth_usdt_momentum_6|eth_usdt_momentum_12|eth_usdt_momentum_24|eth_usdt_sma_distance_20|eth_usdt_ema_distance_20|eth_usdt_sma_distance_50|eth_usdt_ema_distance_50|eth_usdt_rsi_14|eth_usdt_realized_vol_12|eth_usdt_range_12|eth_usdt_realized_vol_24|eth_usdt_range_24|eth_usdt_realized_vol_48|eth_usdt_range_48|eth_usdt_relative_volume_24|eth_usdt_range_position_20|eth_usdt_breakout_distance_20|eth_usdt_range_position_55|eth_usdt_breakout_distance_55,direction_raw_v1,0 days 04:00:00,0 days 04:00:00,2017-08-17T00:00:00Z,2021-12-31T23:59:59Z,2022-01-01T00:00:00Z,2022-12-31T23:59:59Z,38162,8760,False,0.5311413179375369,0.5268708285533894,0.5246979388307335,0.6926040729091444,0.24971360188172145,0.5245433789954338,-0.00035064571873754167,8760.0,0.5019406392694064,0.4602739726027397,0.5397260273972603,-0.00022807585509705688,0.000455172302958869,0.1341324200913242,0.1437214611872146,0.00032825818334270403,6.289189385891197e-05,0.028767123287671233,0.014954337899543379,-0.0009062604628614216,0.004392441888042833,0.005136986301369863,0.0009132420091324201,0.0035034333268238373,0.00508341094018791,0.0010273972602739725,0.0,0.01936748941676789,,ROBUST CANDIDATE
ddd83dde291bd6e40474,3.3.0,73026dd08db19c83059c57c75b65bcebf077280cee941bdcbc1155cb400f6517,ETH_USDT_1h_4h_crypto_core_v1_no_macro_1.0.0,crypto_core_v1,hist_gradient_boosting,wf_2022,validation,ETH/USDT,1h,4h,42,train_only_standard_scaler_v1,eth_usdt_return_1|eth_usdt_log_return_1|eth_usdt_return_3|eth_usdt_log_return_3|eth_usdt_return_6|eth_usdt_log_return_6|eth_usdt_return_12|eth_usdt_log_return_12|eth_usdt_return_24|eth_usdt_log_return_24|eth_usdt_momentum_6|eth_usdt_momentum_12|eth_usdt_momentum_24|eth_usdt_sma_distance_20|eth_usdt_ema_distance_20|eth_usdt_sma_distance_50|eth_usdt_ema_distance_50|eth_usdt_rsi_14|eth_usdt_realized_vol_12|eth_usdt_range_12|eth_usdt_realized_vol_24|eth_usdt_range_24|eth_usdt_realized_vol_48|eth_usdt_range_48|eth_usdt_relative_volume_24|eth_usdt_range_position_20|eth_usdt_breakout_distance_20|eth_usdt_range_position_55|eth_usdt_breakout_distance_55,direction_raw_v1,0 days 04:00:00,0 days 04:00:00,2017-08-17T00:00:00Z,2021-12-31T23:59:59Z,2022-01-01T00:00:00Z,2022-12-31T23:59:59Z,38162,8760,False,0.5406183273230644,0.5359964012807384,0.5255928460797583,0.6923764306936517,0.2495791688947685,0.5259132420091325,-0.00035064571873754167,8760.0,0.5019406392694064,0.582648401826484,0.41735159817351597,-0.00010611441719754938,0.0006920263979115354,0.29554794520547945,0.16621004566210046,0.0003307787224853589,0.0009879045862713266,0.09337899543378995,0.04212328767123288,0.0018574108131312976,0.0037367210763171836,0.019178082191780823,0.013356164383561644,0.0036184614102408347,0.002817056384734327,0.0017123287671232876,0.002397260273972603,0.011092086052621197,-0.001852024372689683,ROBUST CANDIDATE
8cffb871fa45ef1c459c,3.3.0,73026dd08db19c83059c57c75b65bcebf077280cee941bdcbc1155cb400f6517,ETH_USDT_1h_4h_crypto_core_v1_no_macro_1.0.0,crypto_core_v1,random_forest,wf_2022,validation,ETH/USDT,1h,4h,42,train_only_standard_scaler_v1,eth_usdt_return_1|eth_usdt_log_return_1|eth_usdt_return_3|eth_usdt_log_return_3|eth_usdt_return_6|eth_usdt_log_return_6|eth_usdt_return_12|eth_usdt_log_return_12|eth_usdt_return_24|eth_usdt_log_return_24|eth_usdt_momentum_6|eth_usdt_momentum_12|eth_usdt_momentum_24|eth_usdt_sma_distance_20|eth_usdt_ema_distance_20|eth_usdt_sma_distance_50|eth_usdt_ema_distance_50|eth_usdt_rsi_14|eth_usdt_realized_vol_12|eth_usdt_range_12|eth_usdt_realized_vol_24|eth_usdt_range_24|eth_usdt_realized_vol_48|eth_usdt_range_48|eth_usdt_relative_volume_24|eth_usdt_range_position_20|eth_usdt_breakout_distance_20|eth_usdt_range_position_55|eth_usdt_breakout_distance_55,direction_raw_v1,0 days 04:00:00,0 days 04:00:00,2017-08-17T00:00:00Z,2021-12-31T23:59:59Z,2022-01-01T00:00:00Z,2022-12-31T23:59:59Z,38162,8760,False,0.5364999712522515,0.5383902328926481,0.5279206057554608,0.692528284554725,0.24967937557702094,0.5279680365296804,-0.00035064571873754167,8760.0,0.5019406392694064,0.5123287671232877,0.4876712328767123,2.8981715505513144e-05,0.0007494677985322119,0.22397260273972602,0.22659817351598174,0.0003701233625701332,3.488870604193992e-05,0.04315068493150685,0.03424657534246575,0.0042635628830801605,0.001508801036407765,0.008904109589041096,0.00502283105022831,0.009378873839811855,0.0023087129651742037,0.001141552511415525,0.00034246575342465754,0.015807612803950953,0.006523071398492323,ROBUST CANDIDATE
23a92e7c9d6fc94fc665,3.3.0,73026dd08db19c83059c57c75b65bcebf077280cee941bdcbc1155cb400f6517,ETH_USDT_1h_4h_crypto_core_v1_no_macro_1.0.0,crypto_core_v1,logistic_regression,wf_2023,validation,ETH/USDT,1h,4h,42,train_only_standard_scaler_v1,eth_usdt_return_1|eth_usdt_log_return_1|eth_usdt_return_3|eth_usdt_log_return_3|eth_usdt_return_6|eth_usdt_log_return_6|eth_usdt_return_12|eth_usdt_log_return_12|eth_usdt_return_24|eth_usdt_log_return_24|eth_usdt_momentum_6|eth_usdt_momentum_12|eth_usdt_momentum_24|eth_usdt_sma_distance_20|eth_usdt_ema_distance_20|eth_usdt_sma_distance_50|eth_usdt_ema_distance_50|eth_usdt_rsi_14|eth_usdt_realized_vol_12|eth_usdt_range_12|eth_usdt_realized_vol_24|eth_usdt_range_24|eth_usdt_realized_vol_48|eth_usdt_range_48|eth_usdt_relative_volume_24|eth_usdt_range_position_20|eth_usdt_breakout_distance_20|eth_usdt_range_position_55|eth_usdt_breakout_distance_55,direction_raw_v1,0 days 04:00:00,0 days 04:00:00,2017-08-17T00:00:00Z,2022-12-31T23:59:59Z,2023-01-01T00:00:00Z,2023-12-31T23:59:59Z,46922,8759,False,0.5609529877549496,0.5642596347082782,0.5461280778847237,0.6892334144265653,0.2480481630760169,0.5438977052174906,0.0003449149984233214,8759.0,0.5070213494691175,0.34181984244776803,0.658180157552232,0.0006671293357271094,-0.0001775759306197584,0.02671537846786163,0.09578719031852952,0.003026486550244044,-0.0008073123989928993,0.0014841876926589793,0.0018266925448110515,0.009020254920969797,-0.009525577534725597,0.0,0.0,,,0.0,0.0,,,ROBUST CANDIDATE
8a9481147210ca4eb7a1,3.3.0,73026dd08db19c83059c57c75b65bcebf077280cee941bdcbc1155cb400f6517,ETH_USDT_1h_4h_crypto_core_v1_no_macro_1.0.0,crypto_core_v1,hist_gradient_boosting,wf_2023,validation,ETH/USDT,1h,4h,42,train_only_standard_scaler_v1,eth_usdt_return_1|eth_usdt_log_return_1|eth_usdt_return_3|eth_usdt_log_return_3|eth_usdt_return_6|eth_usdt_log_return_6|eth_usdt_return_12|eth_usdt_log_return_12|eth_usdt_return_24|eth_usdt_log_return_24|eth_usdt_momentum_6|eth_usdt_momentum_12|eth_usdt_momentum_24|eth_usdt_sma_distance_20|eth_usdt_ema_distance_20|eth_usdt_sma_distance_50|eth_usdt_ema_distance_50|eth_usdt_rsi_14|eth_usdt_realized_vol_12|eth_usdt_range_12|eth_usdt_realized_vol_24|eth_usdt_range_24|eth_usdt_realized_vol_48|eth_usdt_range_48|eth_usdt_relative_volume_24|eth_usdt_range_position_20|eth_usdt_breakout_distance_20|eth_usdt_range_position_55|eth_usdt_breakout_distance_55,direction_raw_v1,0 days 04:00:00,0 days 04:00:00,2017-08-17T00:00:00Z,2022-12-31T23:59:59Z,2023-01-01T00:00:00Z,2023-12-31T23:59:59Z,46922,8759,False,0.5563801930284762,0.5515309820846195,0.5427379968896924,0.689486599407168,0.24814202540727817,0.5427560223769837,0.0003449149984233214,8759.0,0.5070213494691175,0.5018837766868364,0.49811622331316363,0.0005108337106988522,-0.00017774134287364612,0.17285078205274576,0.22171480762644138,0.0010756637986464822,-0.0003435787226198421,0.027742893024317844,0.06758762415800891,0.0007563019328376326,-0.0003241902646672921,0.006050919054686608,0.020892795981276403,0.0022636801193779295,-0.00010142132146251916,0.0009133462724055258,0.0037675533736727935,0.0028896339302437596,0.0012990608666018021,ROBUST CANDIDATE
d96800bfe1b68ea47139,3.3.0,73026dd08db19c83059c57c75b65bcebf077280cee941bdcbc1155cb400f6517,ETH_USDT_1h_4h_crypto_core_v1_no_macro_1.0.0,crypto_core_v1,random_forest,wf_2023,validation,ETH/USDT,1h,4h,42,train_only_standard_scaler_v1,eth_usdt_return_1|eth_usdt_log_return_1|eth_usdt_return_3|eth_usdt_log_return_3|eth_usdt_return_6|eth_usdt_log_return_6|eth_usdt_return_12|eth_usdt_log_return_12|eth_usdt_return_24|eth_usdt_log_return_24|eth_usdt_momentum_6|eth_usdt_momentum_12|eth_usdt_momentum_24|eth_usdt_sma_distance_20|eth_usdt_ema_distance_20|eth_usdt_sma_distance_50|eth_usdt_ema_distance_50|eth_usdt_rsi_14|eth_usdt_realized_vol_12|eth_usdt_range_12|eth_usdt_realized_vol_24|eth_usdt_range_24|eth_usdt_realized_vol_48|eth_usdt_range_48|eth_usdt_relative_volume_24|eth_usdt_range_position_20|eth_usdt_breakout_distance_20|eth_usdt_range_position_55|eth_usdt_breakout_distance_55,direction_raw_v1,0 days 04:00:00,0 days 04:00:00,2017-08-17T00:00:00Z,2022-12-31T23:59:59Z,2023-01-01T00:00:00Z,2023-12-31T23:59:59Z,46922,8759,False,0.5696577191000654,0.5611938255666225,0.5507526032999799,0.6875821686586178,0.24720759036354817,0.5492636145678731,0.0003449149984233214,8759.0,0.5070213494691175,0.3946797579632378,0.6053202420367622,0.0008249729662260258,-3.1908511306394014e-05,0.10937321612056171,0.2762872474026715,0.0015636867177569692,-0.0002953408202804468,0.01255851124557598,0.08048864025573696,0.0028401108736318876,-0.00026901993072667624,0.002740038817216577,0.02523119077520265,0.006302773766571859,-0.0008334026876020275,0.00022833656810138144,0.0037675533736727935,0.009019965400795527,-0.0005172137359404949,ROBUST CANDIDATE
f1a88c4ffe5a4112dcc3,3.3.0,73026dd08db19c83059c57c75b65bcebf077280cee941bdcbc1155cb400f6517,ETH_USDT_1h_4h_crypto_core_v1_no_macro_1.0.0,crypto_core_v1,logistic_regression,wf_2024,validation,ETH/USDT,1h,4h,42,train_only_standard_scaler_v1,eth_usdt_return_1|eth_usdt_log_return_1|eth_usdt_return_3|eth_usdt_log_return_3|eth_usdt_return_6|eth_usdt_log_return_6|eth_usdt_return_12|eth_usdt_log_return_12|eth_usdt_return_24|eth_usdt_log_return_24|eth_usdt_momentum_6|eth_usdt_momentum_12|eth_usdt_momentum_24|eth_usdt_sma_distance_20|eth_usdt_ema_distance_20|eth_usdt_sma_distance_50|eth_usdt_ema_distance_50|eth_usdt_rsi_14|eth_usdt_realized_vol_12|eth_usdt_range_12|eth_usdt_realized_vol_24|eth_usdt_range_24|eth_usdt_realized_vol_48|eth_usdt_range_48|eth_usdt_relative_volume_24|eth_usdt_range_position_20|eth_usdt_breakout_distance_20|eth_usdt_range_position_55|eth_usdt_breakout_distance_55,direction_raw_v1,0 days 04:00:00,0 days 04:00:00,2017-08-17T00:00:00Z,2023-12-31T23:59:59Z,2024-01-01T00:00:00Z,2024-12-31T23:59:59Z,55681,8784,False,0.5423854617457284,0.5515989386753372,0.5329739325524534,0.6903814791685545,0.2486302489802561,0.5314207650273224,0.0002638566796267949,8784.0,0.5099043715846995,0.42224499089253187,0.5777550091074681,0.0004813401896713054,-0.00010491158824648165,0.07764116575591985,0.14002732240437157,0.0014374918247899696,-0.00022811384182262767,0.008765938069216758,0.006033697632058288,0.006709728082219459,-0.0009195883329985276,0.0018214936247723133,0.0,0.021649506265259036,,0.0004553734061930783,0.0,0.02657363541312674,,ROBUST CANDIDATE
cb7f697acdbaac405eec,3.3.0,73026dd08db19c83059c57c75b65bcebf077280cee941bdcbc1155cb400f6517,ETH_USDT_1h_4h_crypto_core_v1_no_macro_1.0.0,crypto_core_v1,hist_gradient_boosting,wf_2024,validation,ETH/USDT,1h,4h,42,train_only_standard_scaler_v1,eth_usdt_return_1|eth_usdt_log_return_1|eth_usdt_return_3|eth_usdt_log_return_3|eth_usdt_return_6|eth_usdt_log_return_6|eth_usdt_return_12|eth_usdt_log_return_12|eth_usdt_return_24|eth_usdt_log_return_24|eth_usdt_momentum_6|eth_usdt_momentum_12|eth_usdt_momentum_24|eth_usdt_sma_distance_20|eth_usdt_ema_distance_20|eth_usdt_sma_distance_50|eth_usdt_ema_distance_50|eth_usdt_rsi_14|eth_usdt_realized_vol_12|eth_usdt_range_12|eth_usdt_realized_vol_24|eth_usdt_range_24|eth_usdt_realized_vol_48|eth_usdt_range_48|eth_usdt_relative_volume_24|eth_usdt_range_position_20|eth_usdt_breakout_distance_20|eth_usdt_range_position_55|eth_usdt_breakout_distance_55,direction_raw_v1,0 days 04:00:00,0 days 04:00:00,2017-08-17T00:00:00Z,2023-12-31T23:59:59Z,2024-01-01T00:00:00Z,2024-12-31T23:59:59Z,55681,8784,False,0.5337626953917611,0.5435612207555987,0.521831341459525,0.6924654354766818,0.24965208885583862,0.5224271402550091,0.0002638566796267949,8784.0,0.5099043715846995,0.5305100182149363,0.46948998178506374,0.0002587501409631801,-0.00026962691972680564,0.22210837887067394,0.18385701275045538,0.0008351491767604144,-0.0006533322731741449,0.0351775956284153,0.025500910746812388,0.0020757647868666802,0.000696661963416557,0.0034153005464480873,0.004098360655737705,0.007330487094147779,0.0016497332968554341,0.0006830601092896175,0.001138433515482696,0.010500325424088372,0.00017288028593935855,ROBUST CANDIDATE
432e6bf96bb4b9bff58a,3.3.0,73026dd08db19c83059c57c75b65bcebf077280cee941bdcbc1155cb400f6517,ETH_USDT_1h_4h_crypto_core_v1_no_macro_1.0.0,crypto_core_v1,random_forest,wf_2024,validation,ETH/USDT,1h,4h,42,train_only_standard_scaler_v1,eth_usdt_return_1|eth_usdt_log_return_1|eth_usdt_return_3|eth_usdt_log_return_3|eth_usdt_return_6|eth_usdt_log_return_6|eth_usdt_return_12|eth_usdt_log_return_12|eth_usdt_return_24|eth_usdt_log_return_24|eth_usdt_momentum_6|eth_usdt_momentum_12|eth_usdt_momentum_24|eth_usdt_sma_distance_20|eth_usdt_ema_distance_20|eth_usdt_sma_distance_50|eth_usdt_ema_distance_50|eth_usdt_rsi_14|eth_usdt_realized_vol_12|eth_usdt_range_12|eth_usdt_realized_vol_24|eth_usdt_range_24|eth_usdt_realized_vol_48|eth_usdt_range_48|eth_usdt_relative_volume_24|eth_usdt_range_position_20|eth_usdt_breakout_distance_20|eth_usdt_range_position_55|eth_usdt_breakout_distance_55,direction_raw_v1,0 days 04:00:00,0 days 04:00:00,2017-08-17T00:00:00Z,2023-12-31T23:59:59Z,2024-01-01T00:00:00Z,2024-12-31T23:59:59Z,55681,8784,False,0.5392383970725172,0.5456978629518796,0.5289085807325398,0.6921505042523499,0.24945648604190016,0.5283469945355191,0.0002638566796267949,8784.0,0.5099043715846995,0.4722222222222222,0.5277777777777778,0.00035804504622352965,-0.0001795828779349795,0.17270036429872496,0.2375910746812386,0.0008882375485339687,-0.0003337808692626194,0.017987249544626594,0.03722677595628415,0.005324224839038429,-0.0002849537401737922,0.0026183970856102005,0.0036429872495446266,0.005969487149088795,0.0028841480456190463,0.0009107468123861566,0.00022768670309653916,0.0026663506868541687,-0.002415725196415419,ROBUST CANDIDATE
3edb97e3c13c3eb32b80,3.3.0,73026dd08db19c83059c57c75b65bcebf077280cee941bdcbc1155cb400f6517,ETH_USDT_1h_4h_crypto_core_v1+crypto_context_proxy_v1_macro_proxy_1.0.0,crypto_core_v1+crypto_context_proxy_v1,logistic_regression,wf_2022,validation,ETH/USDT,1h,4h,42,train_only_standard_scaler_v1,eth_usdt_return_1|eth_usdt_log_return_1|eth_usdt_return_3|eth_usdt_log_return_3|eth_usdt_return_6|eth_usdt_log_return_6|eth_usdt_return_12|eth_usdt_log_return_12|eth_usdt_return_24|eth_usdt_log_return_24|eth_usdt_momentum_6|eth_usdt_momentum_12|eth_usdt_momentum_24|eth_usdt_sma_distance_20|eth_usdt_ema_distance_20|eth_usdt_sma_distance_50|eth_usdt_ema_distance_50|eth_usdt_rsi_14|eth_usdt_realized_vol_12|eth_usdt_range_12|eth_usdt_realized_vol_24|eth_usdt_range_24|eth_usdt_realized_vol_48|eth_usdt_range_48|eth_usdt_relative_volume_24|eth_usdt_range_position_20|eth_usdt_breakout_distance_20|eth_usdt_range_position_55|eth_usdt_breakout_distance_55|macro_es_f_proxy_value|macro_es_f_proxy_return_1|macro_nq_f_proxy_value|macro_nq_f_proxy_return_1|macro_vix_proxy_value|macro_vix_proxy_return_1|macro_urth_proxy_value|macro_urth_proxy_return_1,direction_raw_v1,0 days 04:00:00,0 days 04:00:00,2017-08-17T00:00:00Z,2021-12-31T23:59:59Z,2022-01-01T00:00:00Z,2022-12-31T23:59:59Z,20833,8760,False,0.5219937999733217,0.5205905710293054,0.5200469544822797,0.6994492572643256,0.25303531536229684,0.5190639269406393,-0.00035064571873754167,8760.0,0.5019406392694064,0.24680365296803652,0.7531963470319635,8.520164010325713e-05,0.0004934620251658241,0.0863013698630137,0.45468036529680367,0.00034510563855043476,0.0002598857968614405,0.028082191780821917,0.14018264840182648,0.00042163049042146975,-7.928705971184395e-06,0.007876712328767124,0.013812785388127854,0.0005092409685325684,0.0025776427697935048,0.002397260273972603,0.0012557077625570776,0.004030146555819183,0.0042831650549109675,ROBUST CANDIDATE
acd2788bdd0ae57c30c9,3.3.0,73026dd08db19c83059c57c75b65bcebf077280cee941bdcbc1155cb400f6517,ETH_USDT_1h_4h_crypto_core_v1+crypto_context_proxy_v1_macro_proxy_1.0.0,crypto_core_v1+crypto_context_proxy_v1,hist_gradient_boosting,wf_2022,validation,ETH/USDT,1h,4h,42,train_only_standard_scaler_v1,eth_usdt_return_1|eth_usdt_log_return_1|eth_usdt_return_3|eth_usdt_log_return_3|eth_usdt_return_6|eth_usdt_log_return_6|eth_usdt_return_12|eth_usdt_log_return_12|eth_usdt_return_24|eth_usdt_log_return_24|eth_usdt_momentum_6|eth_usdt_momentum_12|eth_usdt_momentum_24|eth_usdt_sma_distance_20|eth_usdt_ema_distance_20|eth_usdt_sma_distance_50|eth_usdt_ema_distance_50|eth_usdt_rsi_14|eth_usdt_realized_vol_12|eth_usdt_range_12|eth_usdt_realized_vol_24|eth_usdt_range_24|eth_usdt_realized_vol_48|eth_usdt_range_48|eth_usdt_relative_volume_24|eth_usdt_range_position_20|eth_usdt_breakout_distance_20|eth_usdt_range_position_55|eth_usdt_breakout_distance_55|macro_es_f_proxy_value|macro_es_f_proxy_return_1|macro_nq_f_proxy_value|macro_nq_f_proxy_return_1|macro_vix_proxy_value|macro_vix_proxy_return_1|macro_urth_proxy_value|macro_urth_proxy_return_1,direction_raw_v1,0 days 04:00:00,0 days 04:00:00,2017-08-17T00:00:00Z,2021-12-31T23:59:59Z,2022-01-01T00:00:00Z,2022-12-31T23:59:59Z,20833,8760,False,0.5245587090274864,0.5275782125515156,0.5152427704364304,0.7054924033957343,0.25581351338738284,0.5160958904109589,-0.00035064571873754167,8760.0,0.5019406392694064,0.7198630136986301,0.28013698630136985,-0.00030318534160507526,0.00047260380276253525,0.5045662100456622,0.11974885844748859,-0.00036609154546056634,0.0005436533592111986,0.29041095890410956,0.031050228310502283,-0.00025194546349087925,0.0023597220904613718,0.120662100456621,0.004223744292237443,-0.00036997868109674695,0.005909875753010571,0.03641552511415525,0.00011415525114155251,0.0018811554002108395,-0.005909574536271389,ROBUST CANDIDATE
5b067708a881478f5f22,3.3.0,73026dd08db19c83059c57c75b65bcebf077280cee941bdcbc1155cb400f6517,ETH_USDT_1h_4h_crypto_core_v1+crypto_context_proxy_v1_macro_proxy_1.0.0,crypto_core_v1+crypto_context_proxy_v1,random_forest,wf_2022,validation,ETH/USDT,1h,4h,42,train_only_standard_scaler_v1,eth_usdt_return_1|eth_usdt_log_return_1|eth_usdt_return_3|eth_usdt_log_return_3|eth_usdt_return_6|eth_usdt_log_return_6|eth_usdt_return_12|eth_usdt_log_return_12|eth_usdt_return_24|eth_usdt_log_return_24|eth_usdt_momentum_6|eth_usdt_momentum_12|eth_usdt_momentum_24|eth_usdt_sma_distance_20|eth_usdt_ema_distance_20|eth_usdt_sma_distance_50|eth_usdt_ema_distance_50|eth_usdt_rsi_14|eth_usdt_realized_vol_12|eth_usdt_range_12|eth_usdt_realized_vol_24|eth_usdt_range_24|eth_usdt_realized_vol_48|eth_usdt_range_48|eth_usdt_relative_volume_24|eth_usdt_range_position_20|eth_usdt_breakout_distance_20|eth_usdt_range_position_55|eth_usdt_breakout_distance_55|macro_es_f_proxy_value|macro_es_f_proxy_return_1|macro_nq_f_proxy_value|macro_nq_f_proxy_return_1|macro_vix_proxy_value|macro_vix_proxy_return_1|macro_urth_proxy_value|macro_urth_proxy_return_1,direction_raw_v1,0 days 04:00:00,0 days 04:00:00,2017-08-17T00:00:00Z,2021-12-31T23:59:59Z,2022-01-01T00:00:00Z,2022-12-31T23:59:59Z,20833,8760,False,0.5333251564276291,0.5389318033690629,0.5181104560956721,0.6945660253438866,0.25068171660899397,0.5186073059360731,-0.00035064571873754167,8760.0,0.5019406392694064,0.6280821917808219,0.3719178082191781,-0.0003370150015984116,0.0003736648119540837,0.3647260273972603,0.14646118721461188,-0.0001814930352957079,0.0005419478452700882,0.12351598173515982,0.01769406392694064,0.001124846933471357,0.0016115984411750317,0.02237442922374429,0.0006849315068493151,0.007328861297475299,0.005119316597635463,0.00410958904109589,0.0,0.014125060980841923,,ROBUST CANDIDATE
8c57412f113199c8f6e1,3.3.0,73026dd08db19c83059c57c75b65bcebf077280cee941bdcbc1155cb400f6517,ETH_USDT_1h_4h_crypto_core_v1+crypto_context_proxy_v1_macro_proxy_1.0.0,crypto_core_v1+crypto_context_proxy_v1,logistic_regression,wf_2023,validation,ETH/USDT,1h,4h,42,train_only_standard_scaler_v1,eth_usdt_return_1|eth_usdt_log_return_1|eth_usdt_return_3|eth_usdt_log_return_3|eth_usdt_return_6|eth_usdt_log_return_6|eth_usdt_return_12|eth_usdt_log_return_12|eth_usdt_return_24|eth_usdt_log_return_24|eth_usdt_momentum_6|eth_usdt_momentum_12|eth_usdt_momentum_24|eth_usdt_sma_distance_20|eth_usdt_ema_distance_20|eth_usdt_sma_distance_50|eth_usdt_ema_distance_50|eth_usdt_rsi_14|eth_usdt_realized_vol_12|eth_usdt_range_12|eth_usdt_realized_vol_24|eth_usdt_range_24|eth_usdt_realized_vol_48|eth_usdt_range_48|eth_usdt_relative_volume_24|eth_usdt_range_position_20|eth_usdt_breakout_distance_20|eth_usdt_range_position_55|eth_usdt_breakout_distance_55|macro_es_f_proxy_value|macro_es_f_proxy_return_1|macro_nq_f_proxy_value|macro_nq_f_proxy_return_1|macro_vix_proxy_value|macro_vix_proxy_return_1|macro_urth_proxy_value|macro_urth_proxy_return_1,direction_raw_v1,0 days 04:00:00,0 days 04:00:00,2017-08-17T00:00:00Z,2022-12-31T23:59:59Z,2023-01-01T00:00:00Z,2023-12-31T23:59:59Z,29593,8759,False,0.5552130193628176,0.5579032630324009,0.5377966470795784,0.6889536678960662,0.2479106562337526,0.5376184495947026,0.0003449149984233214,8759.0,0.5070213494691175,0.4878410777486014,0.5121589222513986,0.0002967312804915394,-0.0003908109027306119,0.07432355291699966,0.09852722913574609,0.0015690632112022652,-0.0009612537748928622,0.00627925562278799,0.0045667313620276285,0.006097310957074424,-0.003220332286826408,0.0004566731362027629,0.0,0.017234995733301006,,0.0,0.0,,,ROBUST CANDIDATE
216f7bd0193118dbfb59,3.3.0,73026dd08db19c83059c57c75b65bcebf077280cee941bdcbc1155cb400f6517,ETH_USDT_1h_4h_crypto_core_v1+crypto_context_proxy_v1_macro_proxy_1.0.0,crypto_core_v1+crypto_context_proxy_v1,hist_gradient_boosting,wf_2023,validation,ETH/USDT,1h,4h,42,train_only_standard_scaler_v1,eth_usdt_return_1|eth_usdt_log_return_1|eth_usdt_return_3|eth_usdt_log_return_3|eth_usdt_return_6|eth_usdt_log_return_6|eth_usdt_return_12|eth_usdt_log_return_12|eth_usdt_return_24|eth_usdt_log_return_24|eth_usdt_momentum_6|eth_usdt_momentum_12|eth_usdt_momentum_24|eth_usdt_sma_distance_20|eth_usdt_ema_distance_20|eth_usdt_sma_distance_50|eth_usdt_ema_distance_50|eth_usdt_rsi_14|eth_usdt_realized_vol_12|eth_usdt_range_12|eth_usdt_realized_vol_24|eth_usdt_range_24|eth_usdt_realized_vol_48|eth_usdt_range_48|eth_usdt_relative_volume_24|eth_usdt_range_position_20|eth_usdt_breakout_distance_20|eth_usdt_range_position_55|eth_usdt_breakout_distance_55|macro_es_f_proxy_value|macro_es_f_proxy_return_1|macro_nq_f_proxy_value|macro_nq_f_proxy_return_1|macro_vix_proxy_value|macro_vix_proxy_return_1|macro_urth_proxy_value|macro_urth_proxy_return_1,direction_raw_v1,0 days 04:00:00,0 days 04:00:00,2017-08-17T00:00:00Z,2022-12-31T23:59:59Z,2023-01-01T00:00:00Z,2023-12-31T23:59:59Z,29593,8759,False,0.550186068821215,0.5430593238968832,0.5391105648563602,0.6926404554425518,0.24960093416540352,0.5394451421395137,0.0003449149984233214,8759.0,0.5070213494691175,0.5243749286448225,0.4756250713551775,0.000557843620743025,-0.00011016195898155514,0.22525402443201278,0.2446626327206302,0.0005608003498722959,3.492572823410889e-05,0.0737527114967462,0.11553830345929901,0.0008613839279331467,-0.0001142489724406963,0.021806142253681927,0.05228907409521635,0.00017878860011318265,0.00013433432676090718,0.00319671195341934,0.023404498230391597,0.00012985006134509845,0.0015094565407026829,ROBUST CANDIDATE
df63b17c342bbb27b8bb,3.3.0,73026dd08db19c83059c57c75b65bcebf077280cee941bdcbc1155cb400f6517,ETH_USDT_1h_4h_crypto_core_v1+crypto_context_proxy_v1_macro_proxy_1.0.0,crypto_core_v1+crypto_context_proxy_v1,random_forest,wf_2023,validation,ETH/USDT,1h,4h,42,train_only_standard_scaler_v1,eth_usdt_return_1|eth_usdt_log_return_1|eth_usdt_return_3|eth_usdt_log_return_3|eth_usdt_return_6|eth_usdt_log_return_6|eth_usdt_return_12|eth_usdt_log_return_12|eth_usdt_return_24|eth_usdt_log_return_24|eth_usdt_momentum_6|eth_usdt_momentum_12|eth_usdt_momentum_24|eth_usdt_sma_distance_20|eth_usdt_ema_distance_20|eth_usdt_sma_distance_50|eth_usdt_ema_distance_50|eth_usdt_rsi_14|eth_usdt_realized_vol_12|eth_usdt_range_12|eth_usdt_realized_vol_24|eth_usdt_range_24|eth_usdt_realized_vol_48|eth_usdt_range_48|eth_usdt_relative_volume_24|eth_usdt_range_position_20|eth_usdt_breakout_distance_20|eth_usdt_range_position_55|eth_usdt_breakout_distance_55|macro_es_f_proxy_value|macro_es_f_proxy_return_1|macro_nq_f_proxy_value|macro_nq_f_proxy_return_1|macro_vix_proxy_value|macro_vix_proxy_return_1|macro_urth_proxy_value|macro_urth_proxy_return_1,direction_raw_v1,0 days 04:00:00,0 days 04:00:00,2017-08-17T00:00:00Z,2022-12-31T23:59:59Z,2023-01-01T00:00:00Z,2023-12-31T23:59:59Z,29593,8759,False,0.5679288085598437,0.5606065036187834,0.5474958383390944,0.6880166596760305,0.247421695537169,0.5454960611942002,0.0003449149984233214,8759.0,0.5070213494691175,0.35826007535106746,0.6417399246489325,0.0008207189308625887,-7.929095643890218e-05,0.07809110629067245,0.23301746774745977,0.0015811453613889916,-3.6110144610241084e-05,0.010046808996460783,0.0799177988354835,0.004229085450884359,-0.00010832037728569,0.00159835597670967,0.0319671195341934,0.0010057822299696967,-0.0006502012614468842,0.000799177988354835,0.00810594816759904,-0.0008200884671748034,-0.00029752059887726653,ROBUST CANDIDATE
c2eae31f747a246c5b37,3.3.0,73026dd08db19c83059c57c75b65bcebf077280cee941bdcbc1155cb400f6517,ETH_USDT_1h_4h_crypto_core_v1+crypto_context_proxy_v1_macro_proxy_1.0.0,crypto_core_v1+crypto_context_proxy_v1,logistic_regression,wf_2024,validation,ETH/USDT,1h,4h,42,train_only_standard_scaler_v1,eth_usdt_return_1|eth_usdt_log_return_1|eth_usdt_return_3|eth_usdt_log_return_3|eth_usdt_return_6|eth_usdt_log_return_6|eth_usdt_return_12|eth_usdt_log_return_12|eth_usdt_return_24|eth_usdt_log_return_24|eth_usdt_momentum_6|eth_usdt_momentum_12|eth_usdt_momentum_24|eth_usdt_sma_distance_20|eth_usdt_ema_distance_20|eth_usdt_sma_distance_50|eth_usdt_ema_distance_50|eth_usdt_rsi_14|eth_usdt_realized_vol_12|eth_usdt_range_12|eth_usdt_realized_vol_24|eth_usdt_range_24|eth_usdt_realized_vol_48|eth_usdt_range_48|eth_usdt_relative_volume_24|eth_usdt_range_position_20|eth_usdt_breakout_distance_20|eth_usdt_range_position_55|eth_usdt_breakout_distance_55|macro_es_f_proxy_value|macro_es_f_proxy_return_1|macro_nq_f_proxy_value|macro_nq_f_proxy_return_1|macro_vix_proxy_value|macro_vix_proxy_return_1|macro_urth_proxy_value|macro_urth_proxy_return_1,direction_raw_v1,0 days 04:00:00,0 days 04:00:00,2017-08-17T00:00:00Z,2023-12-31T23:59:59Z,2024-01-01T00:00:00Z,2024-12-31T23:59:59Z,38352,8784,False,0.5422434128656664,0.5457456551306963,0.5272524588225501,0.690602924282053,0.24873999921147005,0.525728597449909,0.0002638566796267949,8784.0,0.5099043715846995,0.4236111111111111,0.5763888888888888,0.0002750323498165788,-0.00025564323527044755,0.11224954462659381,0.16097449908925318,0.00042594390171744835,-8.364657836666731e-05,0.017531876138433516,0.008765938069216758,0.00210383062972321,-0.0026457206974688776,0.003301457194899818,0.0004553734061930783,0.014849893573144231,0.02096509186647902,0.0010245901639344263,0.0,0.03274347365274561,,ROBUST CANDIDATE
af976e58bd491411da55,3.3.0,73026dd08db19c83059c57c75b65bcebf077280cee941bdcbc1155cb400f6517,ETH_USDT_1h_4h_crypto_core_v1+crypto_context_proxy_v1_macro_proxy_1.0.0,crypto_core_v1+crypto_context_proxy_v1,hist_gradient_boosting,wf_2024,validation,ETH/USDT,1h,4h,42,train_only_standard_scaler_v1,eth_usdt_return_1|eth_usdt_log_return_1|eth_usdt_return_3|eth_usdt_log_return_3|eth_usdt_return_6|eth_usdt_log_return_6|eth_usdt_return_12|eth_usdt_log_return_12|eth_usdt_return_24|eth_usdt_log_return_24|eth_usdt_momentum_6|eth_usdt_momentum_12|eth_usdt_momentum_24|eth_usdt_sma_distance_20|eth_usdt_ema_distance_20|eth_usdt_sma_distance_50|eth_usdt_ema_distance_50|eth_usdt_rsi_14|eth_usdt_realized_vol_12|eth_usdt_range_12|eth_usdt_realized_vol_24|eth_usdt_range_24|eth_usdt_realized_vol_48|eth_usdt_range_48|eth_usdt_relative_volume_24|eth_usdt_range_position_20|eth_usdt_breakout_distance_20|eth_usdt_range_position_55|eth_usdt_breakout_distance_55|macro_es_f_proxy_value|macro_es_f_proxy_return_1|macro_nq_f_proxy_value|macro_nq_f_proxy_return_1|macro_vix_proxy_value|macro_vix_proxy_return_1|macro_urth_proxy_value|macro_urth_proxy_return_1,direction_raw_v1,0 days 04:00:00,0 days 04:00:00,2017-08-17T00:00:00Z,2023-12-31T23:59:59Z,2024-01-01T00:00:00Z,2024-12-31T23:59:59Z,38352,8784,False,0.528848006401794,0.5421600051215838,0.5210380148007776,0.695718312223975,0.2512135085350455,0.5201502732240437,0.0002638566796267949,8784.0,0.5099043715846995,0.45560109289617484,0.5443989071038251,0.0001349724539397398,-0.000371718384185472,0.19694899817850636,0.25535063752276865,0.00037928085655668736,-0.0007535394215323842,0.06227231329690346,0.06067850637522769,0.002343951509585151,-0.0018662032867341116,0.010245901639344262,0.016962659380692167,0.0071123808162870325,-0.0022916473293117896,0.0012522768670309653,0.0015938069216757742,0.028070389371615254,0.0012495904171030176,ROBUST CANDIDATE
7e0c8d4f8e877976fd99,3.3.0,73026dd08db19c83059c57c75b65bcebf077280cee941bdcbc1155cb400f6517,ETH_USDT_1h_4h_crypto_core_v1+crypto_context_proxy_v1_macro_proxy_1.0.0,crypto_core_v1+crypto_context_proxy_v1,random_forest,wf_2024,validation,ETH/USDT,1h,4h,42,train_only_standard_scaler_v1,eth_usdt_return_1|eth_usdt_log_return_1|eth_usdt_return_3|eth_usdt_log_return_3|eth_usdt_return_6|eth_usdt_log_return_6|eth_usdt_return_12|eth_usdt_log_return_12|eth_usdt_return_24|eth_usdt_log_return_24|eth_usdt_momentum_6|eth_usdt_momentum_12|eth_usdt_momentum_24|eth_usdt_sma_distance_20|eth_usdt_ema_distance_20|eth_usdt_sma_distance_50|eth_usdt_ema_distance_50|eth_usdt_rsi_14|eth_usdt_realized_vol_12|eth_usdt_range_12|eth_usdt_realized_vol_24|eth_usdt_range_24|eth_usdt_realized_vol_48|eth_usdt_range_48|eth_usdt_relative_volume_24|eth_usdt_range_position_20|eth_usdt_breakout_distance_20|eth_usdt_range_position_55|eth_usdt_breakout_distance_55|macro_es_f_proxy_value|macro_es_f_proxy_return_1|macro_nq_f_proxy_value|macro_nq_f_proxy_return_1|macro_vix_proxy_value|macro_vix_proxy_return_1|macro_urth_proxy_value|macro_urth_proxy_return_1,direction_raw_v1,0 days 04:00:00,0 days 04:00:00,2017-08-17T00:00:00Z,2023-12-31T23:59:59Z,2024-01-01T00:00:00Z,2024-12-31T23:59:59Z,38352,8784,False,0.5390639865637007,0.5435348754404471,0.5341761359437343,0.693466633566425,0.250120316072699,0.532103825136612,0.0002638566796267949,8784.0,0.5099043715846995,0.39606102003642984,0.6039389799635702,0.0006104202391459558,-3.658153852082662e-05,0.12773224043715847,0.3151183970856102,0.0012258530779859494,-0.0003466523275384497,0.025956284153005466,0.06409380692167578,0.0029294727971408445,-0.0005119643955787503,0.004326047358834244,0.007172131147540984,0.009990935349325544,0.0019144143254740138,0.0006830601092896175,0.0010245901639344263,0.00200731207604569,-0.0011480214927695404,ROBUST CANDIDATE
4542760efd53d8ed5546,3.3.0,73026dd08db19c83059c57c75b65bcebf077280cee941bdcbc1155cb400f6517,ETH_USDT_1h_8h_crypto_core_v1_no_macro_1.0.0,crypto_core_v1,logistic_regression,wf_2022,validation,ETH/USDT,1h,8h,42,train_only_standard_scaler_v1,eth_usdt_return_1|eth_usdt_log_return_1|eth_usdt_return_3|eth_usdt_log_return_3|eth_usdt_return_6|eth_usdt_log_return_6|eth_usdt_return_12|eth_usdt_log_return_12|eth_usdt_return_24|eth_usdt_log_return_24|eth_usdt_momentum_6|eth_usdt_momentum_12|eth_usdt_momentum_24|eth_usdt_sma_distance_20|eth_usdt_ema_distance_20|eth_usdt_sma_distance_50|eth_usdt_ema_distance_50|eth_usdt_rsi_14|eth_usdt_realized_vol_12|eth_usdt_range_12|eth_usdt_realized_vol_24|eth_usdt_range_24|eth_usdt_realized_vol_48|eth_usdt_range_48|eth_usdt_relative_volume_24|eth_usdt_range_position_20|eth_usdt_breakout_distance_20|eth_usdt_range_position_55|eth_usdt_breakout_distance_55,direction_raw_v1,0 days 08:00:00,0 days 08:00:00,2017-08-17T00:00:00Z,2021-12-31T23:59:59Z,2022-01-01T00:00:00Z,2022-12-31T23:59:59Z,38158,8760,False,0.5354038291048759,0.5181241969355534,0.5234897271351411,0.692659943889371,0.24970943368380663,0.5246575342465754,-0.0007119132900584536,8760.0,0.49246575342465754,0.4221461187214612,0.5778538812785388,0.000390321651071388,0.0015171414236614077,0.12397260273972603,0.13059360730593608,0.0023835159165239714,0.0029117969195372353,0.03527397260273973,0.015182648401826484,-0.0014723190927034638,0.004889853806865444,0.010159817351598174,0.0027397260273972603,-0.0036112334733265105,0.012828950488281926,0.002511415525114155,0.00011415525114155251,-0.010577712756181346,0.05340719434679175,ROBUST CANDIDATE
32f1fb452c41c6fd2336,3.3.0,73026dd08db19c83059c57c75b65bcebf077280cee941bdcbc1155cb400f6517,ETH_USDT_1h_8h_crypto_core_v1_no_macro_1.0.0,crypto_core_v1,hist_gradient_boosting,wf_2022,validation,ETH/USDT,1h,8h,42,train_only_standard_scaler_v1,eth_usdt_return_1|eth_usdt_log_return_1|eth_usdt_return_3|eth_usdt_log_return_3|eth_usdt_return_6|eth_usdt_log_return_6|eth_usdt_return_12|eth_usdt_log_return_12|eth_usdt_return_24|eth_usdt_log_return_24|eth_usdt_momentum_6|eth_usdt_momentum_12|eth_usdt_momentum_24|eth_usdt_sma_distance_20|eth_usdt_ema_distance_20|eth_usdt_sma_distance_50|eth_usdt_ema_distance_50|eth_usdt_rsi_14|eth_usdt_realized_vol_12|eth_usdt_range_12|eth_usdt_realized_vol_24|eth_usdt_range_24|eth_usdt_realized_vol_48|eth_usdt_range_48|eth_usdt_relative_volume_24|eth_usdt_range_position_20|eth_usdt_breakout_distance_20|eth_usdt_range_position_55|eth_usdt_breakout_distance_55,direction_raw_v1,0 days 08:00:00,0 days 08:00:00,2017-08-17T00:00:00Z,2021-12-31T23:59:59Z,2022-01-01T00:00:00Z,2022-12-31T23:59:59Z,38158,8760,False,0.5311326188824176,0.518842238567484,0.5201767524620903,0.695777948504374,0.2512338136759484,0.5188356164383562,-0.0007119132900584536,8760.0,0.49246575342465754,0.5886986301369863,0.4113013698630137,-0.00030800470520740627,0.0012900305734547485,0.2932648401826484,0.16598173515981735,0.0004885619180837294,0.0010420608703022602,0.1091324200913242,0.05365296803652968,0.0015483067707197187,0.0038087181322647968,0.025799086757990867,0.016894977168949773,0.0056191588773031225,0.006620776766823535,0.00502283105022831,0.005593607305936073,0.0077068068133473895,0.007232773159213709,ROBUST CANDIDATE
9f3d01b65587e05ac070,3.3.0,73026dd08db19c83059c57c75b65bcebf077280cee941bdcbc1155cb400f6517,ETH_USDT_1h_8h_crypto_core_v1_no_macro_1.0.0,crypto_core_v1,random_forest,wf_2022,validation,ETH/USDT,1h,8h,42,train_only_standard_scaler_v1,eth_usdt_return_1|eth_usdt_log_return_1|eth_usdt_return_3|eth_usdt_log_return_3|eth_usdt_return_6|eth_usdt_log_return_6|eth_usdt_return_12|eth_usdt_log_return_12|eth_usdt_return_24|eth_usdt_log_return_24|eth_usdt_momentum_6|eth_usdt_momentum_12|eth_usdt_momentum_24|eth_usdt_sma_distance_20|eth_usdt_ema_distance_20|eth_usdt_sma_distance_50|eth_usdt_ema_distance_50|eth_usdt_rsi_14|eth_usdt_realized_vol_12|eth_usdt_range_12|eth_usdt_realized_vol_24|eth_usdt_range_24|eth_usdt_realized_vol_48|eth_usdt_range_48|eth_usdt_relative_volume_24|eth_usdt_range_position_20|eth_usdt_breakout_distance_20|eth_usdt_range_position_55|eth_usdt_breakout_distance_55,direction_raw_v1,0 days 08:00:00,0 days 08:00:00,2017-08-17T00:00:00Z,2021-12-31T23:59:59Z,2022-01-01T00:00:00Z,2022-12-31T23:59:59Z,38158,8760,False,0.5356974676387604,0.5315600642471978,0.5252587533167286,0.6928217627901195,0.24982426226535523,0.5253424657534247,-0.0007119132900584536,8760.0,0.49246575342465754,0.4940639269406393,0.5059360730593607,-6.55951218930853e-05,0.0013430651474184972,0.21780821917808219,0.22842465753424657,0.0013683003170719067,0.0016424560881856422,0.06187214611872146,0.05593607305936073,0.0060983062799621155,0.003286046552476615,0.015410958904109588,0.015296803652968037,0.011124420804296467,0.005884578772115357,0.0038812785388127853,0.0036529680365296802,0.02347308530399123,0.004456109563528078,ROBUST CANDIDATE
2305541e231fead5d390,3.3.0,73026dd08db19c83059c57c75b65bcebf077280cee941bdcbc1155cb400f6517,ETH_USDT_1h_8h_crypto_core_v1_no_macro_1.0.0,crypto_core_v1,logistic_regression,wf_2023,validation,ETH/USDT,1h,8h,42,train_only_standard_scaler_v1,eth_usdt_return_1|eth_usdt_log_return_1|eth_usdt_return_3|eth_usdt_log_return_3|eth_usdt_return_6|eth_usdt_log_return_6|eth_usdt_return_12|eth_usdt_log_return_12|eth_usdt_return_24|eth_usdt_log_return_24|eth_usdt_momentum_6|eth_usdt_momentum_12|eth_usdt_momentum_24|eth_usdt_sma_distance_20|eth_usdt_ema_distance_20|eth_usdt_sma_distance_50|eth_usdt_ema_distance_50|eth_usdt_rsi_14|eth_usdt_realized_vol_12|eth_usdt_range_12|eth_usdt_realized_vol_24|eth_usdt_range_24|eth_usdt_realized_vol_48|eth_usdt_range_48|eth_usdt_relative_volume_24|eth_usdt_range_position_20|eth_usdt_breakout_distance_20|eth_usdt_range_position_55|eth_usdt_breakout_distance_55,direction_raw_v1,0 days 08:00:00,0 days 08:00:00,2017-08-17T00:00:00Z,2022-12-31T23:59:59Z,2023-01-01T00:00:00Z,2023-12-31T23:59:59Z,46918,8759,False,0.5646614444637144,0.5526565978736586,0.5357621534167163,0.6886832418951416,0.24777704138678758,0.5387601324352095,0.0006874426387322811,8759.0,0.4946911747916429,0.21726224454846443,0.7827377554515356,0.002395226969728087,-0.00021341790391824682,0.022148647105834,0.06827263386231305,0.005446863618280164,0.00011704175955826746,0.00159835597670967,0.0017125242607603608,0.008753397072261788,0.009480113845950067,0.0,0.0,,,0.0,0.0,,,ROBUST CANDIDATE
5dbf5f9bc2d874850787,3.3.0,73026dd08db19c83059c57c75b65bcebf077280cee941bdcbc1155cb400f6517,ETH_USDT_1h_8h_crypto_core_v1_no_macro_1.0.0,crypto_core_v1,hist_gradient_boosting,wf_2023,validation,ETH/USDT,1h,8h,42,train_only_standard_scaler_v1,eth_usdt_return_1|eth_usdt_log_return_1|eth_usdt_return_3|eth_usdt_log_return_3|eth_usdt_return_6|eth_usdt_log_return_6|eth_usdt_return_12|eth_usdt_log_return_12|eth_usdt_return_24|eth_usdt_log_return_24|eth_usdt_momentum_6|eth_usdt_momentum_12|eth_usdt_momentum_24|eth_usdt_sma_distance_20|eth_usdt_ema_distance_20|eth_usdt_sma_distance_50|eth_usdt_ema_distance_50|eth_usdt_rsi_14|eth_usdt_realized_vol_12|eth_usdt_range_12|eth_usdt_realized_vol_24|eth_usdt_range_24|eth_usdt_realized_vol_48|eth_usdt_range_48|eth_usdt_relative_volume_24|eth_usdt_range_position_20|eth_usdt_breakout_distance_20|eth_usdt_range_position_55|eth_usdt_breakout_distance_55,direction_raw_v1,0 days 08:00:00,0 days 08:00:00,2017-08-17T00:00:00Z,2022-12-31T23:59:59Z,2023-01-01T00:00:00Z,2023-12-31T23:59:59Z,46918,8759,False,0.5364918490897158,0.5179735938671846,0.5326775805723455,0.6985322440278365,0.2523993289511629,0.5329375499486243,0.0006874426387322811,8759.0,0.4946911747916429,0.4751683982189748,0.5248316017810253,0.0009715215330050842,-0.00043024525827472046,0.18609430300262586,0.2668112798264642,0.0009727372731213709,-0.0006414902853973479,0.07398104806484758,0.12866765612512843,-8.326540894705067e-05,-0.0008662891420462783,0.029341249001027515,0.04932069870989839,-0.0007485866512128671,-0.00046374999092232765,0.011416828405069072,0.01564105491494463,-0.0008802604599040143,-3.5676264356993614e-05,ROBUST CANDIDATE
11ffc8568d4fde392be3,3.3.0,73026dd08db19c83059c57c75b65bcebf077280cee941bdcbc1155cb400f6517,ETH_USDT_1h_8h_crypto_core_v1_no_macro_1.0.0,crypto_core_v1,random_forest,wf_2023,validation,ETH/USDT,1h,8h,42,train_only_standard_scaler_v1,eth_usdt_return_1|eth_usdt_log_return_1|eth_usdt_return_3|eth_usdt_log_return_3|eth_usdt_return_6|eth_usdt_log_return_6|eth_usdt_return_12|eth_usdt_log_return_12|eth_usdt_return_24|eth_usdt_log_return_24|eth_usdt_momentum_6|eth_usdt_momentum_12|eth_usdt_momentum_24|eth_usdt_sma_distance_20|eth_usdt_ema_distance_20|eth_usdt_sma_distance_50|eth_usdt_ema_distance_50|eth_usdt_rsi_14|eth_usdt_realized_vol_12|eth_usdt_range_12|eth_usdt_realized_vol_24|eth_usdt_range_24|eth_usdt_realized_vol_48|eth_usdt_range_48|eth_usdt_relative_volume_24|eth_usdt_range_position_20|eth_usdt_breakout_distance_20|eth_usdt_range_position_55|eth_usdt_breakout_distance_55,direction_raw_v1,0 days 08:00:00,0 days 08:00:00,2017-08-17T00:00:00Z,2022-12-31T23:59:59Z,2023-01-01T00:00:00Z,2023-12-31T23:59:59Z,46918,8759,False,0.5596264713191641,0.5382831610696404,0.5426826603888714,0.6917183649146436,0.24912129868387925,0.5440118735015412,0.0006874426387322811,8759.0,0.4946911747916429,0.37435780340221486,0.6256421965977851,0.0014186322625924102,-0.0002499297232875068,0.13140769494234503,0.32035620504623813,0.0015992848986933418,-0.0001687799689363845,0.05080488640255737,0.13357689233930814,0.0015184422091627343,-0.00034508670330867983,0.019294440004566732,0.049434866993949084,0.0011240083480625871,-0.0005854870173339184,0.0020550291129124328,0.01735357917570499,0.003502417898030161,-0.0012894078931990948,ROBUST CANDIDATE
228658c773ebd6272a3d,3.3.0,73026dd08db19c83059c57c75b65bcebf077280cee941bdcbc1155cb400f6517,ETH_USDT_1h_8h_crypto_core_v1_no_macro_1.0.0,crypto_core_v1,logistic_regression,wf_2024,validation,ETH/USDT,1h,8h,42,train_only_standard_scaler_v1,eth_usdt_return_1|eth_usdt_log_return_1|eth_usdt_return_3|eth_usdt_log_return_3|eth_usdt_return_6|eth_usdt_log_return_6|eth_usdt_return_12|eth_usdt_log_return_12|eth_usdt_return_24|eth_usdt_log_return_24|eth_usdt_momentum_6|eth_usdt_momentum_12|eth_usdt_momentum_24|eth_usdt_sma_distance_20|eth_usdt_ema_distance_20|eth_usdt_sma_distance_50|eth_usdt_ema_distance_50|eth_usdt_rsi_14|eth_usdt_realized_vol_12|eth_usdt_range_12|eth_usdt_realized_vol_24|eth_usdt_range_24|eth_usdt_realized_vol_48|eth_usdt_range_48|eth_usdt_relative_volume_24|eth_usdt_range_position_20|eth_usdt_breakout_distance_20|eth_usdt_range_position_55|eth_usdt_breakout_distance_55,direction_raw_v1,0 days 08:00:00,0 days 08:00:00,2017-08-17T00:00:00Z,2023-12-31T23:59:59Z,2024-01-01T00:00:00Z,2024-12-31T23:59:59Z,55677,8784,False,0.5368491164567419,0.5559406435479717,0.5233029822007583,0.6913587101560233,0.2491204217358656,0.519011839708561,0.0005307885425045573,8784.0,0.5153688524590164,0.3611111111111111,0.6388888888888888,0.0006321830034031135,-0.00047347862982276474,0.06580145719489981,0.12295081967213115,0.003500537513678977,0.00011385340157146802,0.01092896174863388,0.006830601092896175,0.007966849758087062,-0.004776081653432572,0.002276867030965392,0.00034153005464480874,0.007895927916340074,-0.005086394427595693,0.0012522768670309653,0.00011384335154826958,0.026909735510753242,-0.010010593220338926,ROBUST CANDIDATE
90fab439e6caec9072ed,3.3.0,73026dd08db19c83059c57c75b65bcebf077280cee941bdcbc1155cb400f6517,ETH_USDT_1h_8h_crypto_core_v1_no_macro_1.0.0,crypto_core_v1,hist_gradient_boosting,wf_2024,validation,ETH/USDT,1h,8h,42,train_only_standard_scaler_v1,eth_usdt_return_1|eth_usdt_log_return_1|eth_usdt_return_3|eth_usdt_log_return_3|eth_usdt_return_6|eth_usdt_log_return_6|eth_usdt_return_12|eth_usdt_log_return_12|eth_usdt_return_24|eth_usdt_log_return_24|eth_usdt_momentum_6|eth_usdt_momentum_12|eth_usdt_momentum_24|eth_usdt_sma_distance_20|eth_usdt_ema_distance_20|eth_usdt_sma_distance_50|eth_usdt_ema_distance_50|eth_usdt_rsi_14|eth_usdt_realized_vol_12|eth_usdt_range_12|eth_usdt_realized_vol_24|eth_usdt_range_24|eth_usdt_realized_vol_48|eth_usdt_range_48|eth_usdt_relative_volume_24|eth_usdt_range_position_20|eth_usdt_breakout_distance_20|eth_usdt_range_position_55|eth_usdt_breakout_distance_55,direction_raw_v1,0 days 08:00:00,0 days 08:00:00,2017-08-17T00:00:00Z,2023-12-31T23:59:59Z,2024-01-01T00:00:00Z,2024-12-31T23:59:59Z,55677,8784,False,0.5454280295311627,0.5619853102191701,0.5340013010964049,0.6911238341063268,0.2489622049905183,0.5340391621129326,0.0005307885425045573,8784.0,0.5153688524590164,0.5022768670309654,0.4977231329690346,0.0009349861831080249,-0.0001228928448049923,0.18966302367941712,0.17884790528233152,0.0016978377314625871,-2.0041886247859378e-05,0.03677140255009107,0.040983606557377046,0.005657667199305392,-0.0036223125722331735,0.006375227686703097,0.008879781420765027,0.01035134946017969,-0.0035718903995535164,0.0012522768670309653,0.0010245901639344263,0.026680693957486613,-0.012121681892103756,ROBUST CANDIDATE
35e9e1814e36b0787411,3.3.0,73026dd08db19c83059c57c75b65bcebf077280cee941bdcbc1155cb400f6517,ETH_USDT_1h_8h_crypto_core_v1_no_macro_1.0.0,crypto_core_v1,random_forest,wf_2024,validation,ETH/USDT,1h,8h,42,train_only_standard_scaler_v1,eth_usdt_return_1|eth_usdt_log_return_1|eth_usdt_return_3|eth_usdt_log_return_3|eth_usdt_return_6|eth_usdt_log_return_6|eth_usdt_return_12|eth_usdt_log_return_12|eth_usdt_return_24|eth_usdt_log_return_24|eth_usdt_momentum_6|eth_usdt_momentum_12|eth_usdt_momentum_24|eth_usdt_sma_distance_20|eth_usdt_ema_distance_20|eth_usdt_sma_distance_50|eth_usdt_ema_distance_50|eth_usdt_rsi_14|eth_usdt_realized_vol_12|eth_usdt_range_12|eth_usdt_realized_vol_24|eth_usdt_range_24|eth_usdt_realized_vol_48|eth_usdt_range_48|eth_usdt_relative_volume_24|eth_usdt_range_position_20|eth_usdt_breakout_distance_20|eth_usdt_range_position_55|eth_usdt_breakout_distance_55,direction_raw_v1,0 days 08:00:00,0 days 08:00:00,2017-08-17T00:00:00Z,2023-12-31T23:59:59Z,2024-01-01T00:00:00Z,2024-12-31T23:59:59Z,55677,8784,False,0.5371982860231662,0.5560442241816226,0.5271854893658954,0.6929116816976085,0.24985294813966447,0.525728597449909,0.0005307885425045573,8784.0,0.5153688524590164,0.4534380692167577,0.5465619307832422,0.001025067304863016,-0.0001207255742742426,0.14913479052823314,0.2509107468123862,0.0024386292633194204,-0.00041226680060051064,0.025387067395264116,0.0482695810564663,0.005709216828495694,-0.002017944491537454,0.005578324225865209,0.010018214936247723,0.015417531352987386,-0.005780965629482196,0.0009107468123861566,0.0006830601092896175,0.03275328011569231,-0.01121089119700456,ROBUST CANDIDATE
d112aece1a7d6bb5b071,3.3.0,73026dd08db19c83059c57c75b65bcebf077280cee941bdcbc1155cb400f6517,ETH_USDT_1h_8h_crypto_core_v1+crypto_context_proxy_v1_macro_proxy_1.0.0,crypto_core_v1+crypto_context_proxy_v1,logistic_regression,wf_2022,validation,ETH/USDT,1h,8h,42,train_only_standard_scaler_v1,eth_usdt_return_1|eth_usdt_log_return_1|eth_usdt_return_3|eth_usdt_log_return_3|eth_usdt_return_6|eth_usdt_log_return_6|eth_usdt_return_12|eth_usdt_log_return_12|eth_usdt_return_24|eth_usdt_log_return_24|eth_usdt_momentum_6|eth_usdt_momentum_12|eth_usdt_momentum_24|eth_usdt_sma_distance_20|eth_usdt_ema_distance_20|eth_usdt_sma_distance_50|eth_usdt_ema_distance_50|eth_usdt_rsi_14|eth_usdt_realized_vol_12|eth_usdt_range_12|eth_usdt_realized_vol_24|eth_usdt_range_24|eth_usdt_realized_vol_48|eth_usdt_range_48|eth_usdt_relative_volume_24|eth_usdt_range_position_20|eth_usdt_breakout_distance_20|eth_usdt_range_position_55|eth_usdt_breakout_distance_55|macro_es_f_proxy_value|macro_es_f_proxy_return_1|macro_nq_f_proxy_value|macro_nq_f_proxy_return_1|macro_vix_proxy_value|macro_vix_proxy_return_1|macro_urth_proxy_value|macro_urth_proxy_return_1,direction_raw_v1,0 days 08:00:00,0 days 08:00:00,2017-08-17T00:00:00Z,2021-12-31T23:59:59Z,2022-01-01T00:00:00Z,2022-12-31T23:59:59Z,20829,8760,False,0.5275003540137864,0.5149294148440058,0.5177008978707244,0.6998468451364103,0.2531744239372081,0.5226027397260274,-0.0007119132900584536,8760.0,0.49246575342465754,0.17442922374429223,0.8255707762557077,0.002134068128429477,0.0013132213110000404,0.059018264840182647,0.5590182648401827,0.0004496675223453152,0.0014994291187751905,0.0228310502283105,0.22682648401826483,-0.0018027799807528728,0.0008118653157141075,0.00821917808219178,0.03127853881278539,-0.01307408006409005,0.002158077675367637,0.002625570776255708,0.0030821917808219177,-0.020394951884163032,0.014842197261718195,ROBUST CANDIDATE
240a0872329227b27c32,3.3.0,73026dd08db19c83059c57c75b65bcebf077280cee941bdcbc1155cb400f6517,ETH_USDT_1h_8h_crypto_core_v1+crypto_context_proxy_v1_macro_proxy_1.0.0,crypto_core_v1+crypto_context_proxy_v1,hist_gradient_boosting,wf_2022,validation,ETH/USDT,1h,8h,42,train_only_standard_scaler_v1,eth_usdt_return_1|eth_usdt_log_return_1|eth_usdt_return_3|eth_usdt_log_return_3|eth_usdt_return_6|eth_usdt_log_return_6|eth_usdt_return_12|eth_usdt_log_return_12|eth_usdt_return_24|eth_usdt_log_return_24|eth_usdt_momentum_6|eth_usdt_momentum_12|eth_usdt_momentum_24|eth_usdt_sma_distance_20|eth_usdt_ema_distance_20|eth_usdt_sma_distance_50|eth_usdt_ema_distance_50|eth_usdt_rsi_14|eth_usdt_realized_vol_12|eth_usdt_range_12|eth_usdt_realized_vol_24|eth_usdt_range_24|eth_usdt_realized_vol_48|eth_usdt_range_48|eth_usdt_relative_volume_24|eth_usdt_range_position_20|eth_usdt_breakout_distance_20|eth_usdt_range_position_55|eth_usdt_breakout_distance_55|macro_es_f_proxy_value|macro_es_f_proxy_return_1|macro_nq_f_proxy_value|macro_nq_f_proxy_return_1|macro_vix_proxy_value|macro_vix_proxy_return_1|macro_urth_proxy_value|macro_urth_proxy_return_1,direction_raw_v1,0 days 08:00:00,0 days 08:00:00,2017-08-17T00:00:00Z,2021-12-31T23:59:59Z,2022-01-01T00:00:00Z,2022-12-31T23:59:59Z,20829,8760,False,0.517052411350047,0.5073623999516681,0.5058359094483829,0.7211405369455307,0.26279697723993994,0.5021689497716895,-0.0007119132900584536,8760.0,0.49246575342465754,0.7432648401826484,0.2567351598173516,-0.0007029306320478782,0.0007379186641388694,0.5676940639269407,0.1278538812785388,-0.0005734381761815213,0.0013609380240355905,0.3863013698630137,0.056164383561643834,-0.0005692795358911247,0.0038361961505580327,0.22808219178082192,0.021575342465753426,-0.0008159997978994703,0.005852075912214562,0.10205479452054794,0.0043378995433789955,0.0004040451268524874,0.012895304371210635,ROBUST CANDIDATE
4525755a6d0333d6bafa,3.3.0,73026dd08db19c83059c57c75b65bcebf077280cee941bdcbc1155cb400f6517,ETH_USDT_1h_8h_crypto_core_v1+crypto_context_proxy_v1_macro_proxy_1.0.0,crypto_core_v1+crypto_context_proxy_v1,random_forest,wf_2022,validation,ETH/USDT,1h,8h,42,train_only_standard_scaler_v1,eth_usdt_return_1|eth_usdt_log_return_1|eth_usdt_return_3|eth_usdt_log_return_3|eth_usdt_return_6|eth_usdt_log_return_6|eth_usdt_return_12|eth_usdt_log_return_12|eth_usdt_return_24|eth_usdt_log_return_24|eth_usdt_momentum_6|eth_usdt_momentum_12|eth_usdt_momentum_24|eth_usdt_sma_distance_20|eth_usdt_ema_distance_20|eth_usdt_sma_distance_50|eth_usdt_ema_distance_50|eth_usdt_rsi_14|eth_usdt_realized_vol_12|eth_usdt_range_12|eth_usdt_realized_vol_24|eth_usdt_range_24|eth_usdt_realized_vol_48|eth_usdt_range_48|eth_usdt_relative_volume_24|eth_usdt_range_position_20|eth_usdt_breakout_distance_20|eth_usdt_range_position_55|eth_usdt_breakout_distance_55|macro_es_f_proxy_value|macro_es_f_proxy_return_1|macro_nq_f_proxy_value|macro_nq_f_proxy_return_1|macro_vix_proxy_value|macro_vix_proxy_return_1|macro_urth_proxy_value|macro_urth_proxy_return_1,direction_raw_v1,0 days 08:00:00,0 days 08:00:00,2017-08-17T00:00:00Z,2021-12-31T23:59:59Z,2022-01-01T00:00:00Z,2022-12-31T23:59:59Z,20829,8760,False,0.531560563677539,0.5217860143734206,0.5213262284486939,0.6993578580482338,0.2529410758933661,0.5191780821917809,-0.0007119132900584536,8760.0,0.49246575342465754,0.6422374429223744,0.35776255707762555,-0.0005613934948841785,0.0009821188955627521,0.39360730593607307,0.1288812785388128,-0.0003662519706938368,0.0021117415764739167,0.20342465753424657,0.021461187214611873,0.0003108188033171293,0.009234520154809658,0.06929223744292237,0.0021689497716894978,0.0034225339185303977,0.03905841162798954,0.015639269406392695,0.00045662100456621003,0.008250399454459358,0.07301047087054735,ROBUST CANDIDATE
fd198f1cad2d30f5645a,3.3.0,73026dd08db19c83059c57c75b65bcebf077280cee941bdcbc1155cb400f6517,ETH_USDT_1h_8h_crypto_core_v1+crypto_context_proxy_v1_macro_proxy_1.0.0,crypto_core_v1+crypto_context_proxy_v1,logistic_regression,wf_2023,validation,ETH/USDT,1h,8h,42,train_only_standard_scaler_v1,eth_usdt_return_1|eth_usdt_log_return_1|eth_usdt_return_3|eth_usdt_log_return_3|eth_usdt_return_6|eth_usdt_log_return_6|eth_usdt_return_12|eth_usdt_log_return_12|eth_usdt_return_24|eth_usdt_log_return_24|eth_usdt_momentum_6|eth_usdt_momentum_12|eth_usdt_momentum_24|eth_usdt_sma_distance_20|eth_usdt_ema_distance_20|eth_usdt_sma_distance_50|eth_usdt_ema_distance_50|eth_usdt_rsi_14|eth_usdt_realized_vol_12|eth_usdt_range_12|eth_usdt_realized_vol_24|eth_usdt_range_24|eth_usdt_realized_vol_48|eth_usdt_range_48|eth_usdt_relative_volume_24|eth_usdt_range_position_20|eth_usdt_breakout_distance_20|eth_usdt_range_position_55|eth_usdt_breakout_distance_55|macro_es_f_proxy_value|macro_es_f_proxy_return_1|macro_nq_f_proxy_value|macro_nq_f_proxy_return_1|macro_vix_proxy_value|macro_vix_proxy_return_1|macro_urth_proxy_value|macro_urth_proxy_return_1,direction_raw_v1,0 days 08:00:00,0 days 08:00:00,2017-08-17T00:00:00Z,2022-12-31T23:59:59Z,2023-01-01T00:00:00Z,2023-12-31T23:59:59Z,29589,8759,False,0.5436431951889518,0.5390290280113632,0.5308627011421192,0.6895808874801623,0.24823477076473047,0.5316816988240667,0.0006874426387322811,8759.0,0.4946911747916429,0.42253681927160636,0.5774631807283936,0.0009574449020681692,-0.0004898787050418657,0.05868249800205503,0.14510788902842792,0.0026630391707546386,-0.0010531889561376682,0.005708414202534536,0.013357689233930815,0.006603150838042018,0.0024169387120307985,0.0005708414202534536,0.0005708414202534536,0.010663272460735219,0.008888498813340728,0.00011416828405069072,0.0,0.007397325488424755,,ROBUST CANDIDATE
8b2a08dddfb358947482,3.3.0,73026dd08db19c83059c57c75b65bcebf077280cee941bdcbc1155cb400f6517,ETH_USDT_1h_8h_crypto_core_v1+crypto_context_proxy_v1_macro_proxy_1.0.0,crypto_core_v1+crypto_context_proxy_v1,hist_gradient_boosting,wf_2023,validation,ETH/USDT,1h,8h,42,train_only_standard_scaler_v1,eth_usdt_return_1|eth_usdt_log_return_1|eth_usdt_return_3|eth_usdt_log_return_3|eth_usdt_return_6|eth_usdt_log_return_6|eth_usdt_return_12|eth_usdt_log_return_12|eth_usdt_return_24|eth_usdt_log_return_24|eth_usdt_momentum_6|eth_usdt_momentum_12|eth_usdt_momentum_24|eth_usdt_sma_distance_20|eth_usdt_ema_distance_20|eth_usdt_sma_distance_50|eth_usdt_ema_distance_50|eth_usdt_rsi_14|eth_usdt_realized_vol_12|eth_usdt_range_12|eth_usdt_realized_vol_24|eth_usdt_range_24|eth_usdt_realized_vol_48|eth_usdt_range_48|eth_usdt_relative_volume_24|eth_usdt_range_position_20|eth_usdt_breakout_distance_20|eth_usdt_range_position_55|eth_usdt_breakout_distance_55|macro_es_f_proxy_value|macro_es_f_proxy_return_1|macro_nq_f_proxy_value|macro_nq_f_proxy_return_1|macro_vix_proxy_value|macro_vix_proxy_return_1|macro_urth_proxy_value|macro_urth_proxy_return_1,direction_raw_v1,0 days 08:00:00,0 days 08:00:00,2017-08-17T00:00:00Z,2022-12-31T23:59:59Z,2023-01-01T00:00:00Z,2023-12-31T23:59:59Z,29589,8759,False,0.543929410677668,0.5258698594001289,0.5303380857236507,0.6945620304293185,0.25057083523385987,0.5312250256878639,0.0006874426387322811,8759.0,0.4946911747916429,0.4161433953647677,0.5838566046352324,0.001186262757359589,-0.00033190894057104966,0.17901586939148303,0.3364539330973855,0.0015025414141505153,-8.103840191222969e-05,0.04783651101723941,0.16074894394337252,0.0011625608536430048,-0.00028816535832919737,0.009704304144308711,0.06496175362484302,0.0035275542145523833,-0.0004163842788973103,0.00159835597670967,0.014156867222285648,0.002935032775219369,0.001565809657538797,ROBUST CANDIDATE
28946383acf7bc4b6cd7,3.3.0,73026dd08db19c83059c57c75b65bcebf077280cee941bdcbc1155cb400f6517,ETH_USDT_1h_8h_crypto_core_v1+crypto_context_proxy_v1_macro_proxy_1.0.0,crypto_core_v1+crypto_context_proxy_v1,random_forest,wf_2023,validation,ETH/USDT,1h,8h,42,train_only_standard_scaler_v1,eth_usdt_return_1|eth_usdt_log_return_1|eth_usdt_return_3|eth_usdt_log_return_3|eth_usdt_return_6|eth_usdt_log_return_6|eth_usdt_return_12|eth_usdt_log_return_12|eth_usdt_return_24|eth_usdt_log_return_24|eth_usdt_momentum_6|eth_usdt_momentum_12|eth_usdt_momentum_24|eth_usdt_sma_distance_20|eth_usdt_ema_distance_20|eth_usdt_sma_distance_50|eth_usdt_ema_distance_50|eth_usdt_rsi_14|eth_usdt_realized_vol_12|eth_usdt_range_12|eth_usdt_realized_vol_24|eth_usdt_range_24|eth_usdt_realized_vol_48|eth_usdt_range_48|eth_usdt_relative_volume_24|eth_usdt_range_position_20|eth_usdt_breakout_distance_20|eth_usdt_range_position_55|eth_usdt_breakout_distance_55|macro_es_f_proxy_value|macro_es_f_proxy_return_1|macro_nq_f_proxy_value|macro_nq_f_proxy_return_1|macro_vix_proxy_value|macro_vix_proxy_return_1|macro_urth_proxy_value|macro_urth_proxy_return_1,direction_raw_v1,0 days 08:00:00,0 days 08:00:00,2017-08-17T00:00:00Z,2022-12-31T23:59:59Z,2023-01-01T00:00:00Z,2023-12-31T23:59:59Z,29589,8759,False,0.5510498096294174,0.5357995530222132,0.5317313070104075,0.6917949874840963,0.24923902739253526,0.5338508962210298,0.0006874426387322811,8759.0,0.4946911747916429,0.3000342504852152,0.6999657495147847,0.0010483013658908096,-0.0005327636736413315,0.08631122274232218,0.3356547551090307,0.0015499146444596214,1.4234063209865466e-05,0.018495262016211895,0.12090421280968147,0.0016279770732336646,0.0002613119510835463,0.003653385089622103,0.052174905811165656,0.0007861123750531121,-0.0003666475688061455,0.00011416828405069072,0.01769608402785706,-0.008586410453696236,-9.19603778422255e-06,ROBUST CANDIDATE
d3ab03c841b906dfc238,3.3.0,73026dd08db19c83059c57c75b65bcebf077280cee941bdcbc1155cb400f6517,ETH_USDT_1h_8h_crypto_core_v1+crypto_context_proxy_v1_macro_proxy_1.0.0,crypto_core_v1+crypto_context_proxy_v1,logistic_regression,wf_2024,validation,ETH/USDT,1h,8h,42,train_only_standard_scaler_v1,eth_usdt_return_1|eth_usdt_log_return_1|eth_usdt_return_3|eth_usdt_log_return_3|eth_usdt_return_6|eth_usdt_log_return_6|eth_usdt_return_12|eth_usdt_log_return_12|eth_usdt_return_24|eth_usdt_log_return_24|eth_usdt_momentum_6|eth_usdt_momentum_12|eth_usdt_momentum_24|eth_usdt_sma_distance_20|eth_usdt_ema_distance_20|eth_usdt_sma_distance_50|eth_usdt_ema_distance_50|eth_usdt_rsi_14|eth_usdt_realized_vol_12|eth_usdt_range_12|eth_usdt_realized_vol_24|eth_usdt_range_24|eth_usdt_realized_vol_48|eth_usdt_range_48|eth_usdt_relative_volume_24|eth_usdt_range_position_20|eth_usdt_breakout_distance_20|eth_usdt_range_position_55|eth_usdt_breakout_distance_55|macro_es_f_proxy_value|macro_es_f_proxy_return_1|macro_nq_f_proxy_value|macro_nq_f_proxy_return_1|macro_vix_proxy_value|macro_vix_proxy_return_1|macro_urth_proxy_value|macro_urth_proxy_return_1,direction_raw_v1,0 days 08:00:00,0 days 08:00:00,2017-08-17T00:00:00Z,2023-12-31T23:59:59Z,2024-01-01T00:00:00Z,2024-12-31T23:59:59Z,38348,8784,False,0.5343016678723369,0.5468294095513582,0.5145990395424026,0.6945701079114184,0.25071172527193886,0.5070582877959927,0.0005307885425045573,8784.0,0.5153688524590164,0.2551229508196721,0.7448770491803278,-1.0152733588655212e-05,-0.000716062789749688,0.05817395264116575,0.3284380692167577,0.00301577953744147,-0.00011528595498302253,0.011384335154826957,0.0441712204007286,0.011097889858879384,0.0013183501826264054,0.0030737704918032786,0.00273224043715847,0.03148653625124277,-0.007036083605619761,0.0007969034608378871,0.0004553734061930783,0.04668093776277301,0.002165339149947265,ROBUST CANDIDATE
f545453bb5a11412b61d,3.3.0,73026dd08db19c83059c57c75b65bcebf077280cee941bdcbc1155cb400f6517,ETH_USDT_1h_8h_crypto_core_v1+crypto_context_proxy_v1_macro_proxy_1.0.0,crypto_core_v1+crypto_context_proxy_v1,hist_gradient_boosting,wf_2024,validation,ETH/USDT,1h,8h,42,train_only_standard_scaler_v1,eth_usdt_return_1|eth_usdt_log_return_1|eth_usdt_return_3|eth_usdt_log_return_3|eth_usdt_return_6|eth_usdt_log_return_6|eth_usdt_return_12|eth_usdt_log_return_12|eth_usdt_return_24|eth_usdt_log_return_24|eth_usdt_momentum_6|eth_usdt_momentum_12|eth_usdt_momentum_24|eth_usdt_sma_distance_20|eth_usdt_ema_distance_20|eth_usdt_sma_distance_50|eth_usdt_ema_distance_50|eth_usdt_rsi_14|eth_usdt_realized_vol_12|eth_usdt_range_12|eth_usdt_realized_vol_24|eth_usdt_range_24|eth_usdt_realized_vol_48|eth_usdt_range_48|eth_usdt_relative_volume_24|eth_usdt_range_position_20|eth_usdt_breakout_distance_20|eth_usdt_range_position_55|eth_usdt_breakout_distance_55|macro_es_f_proxy_value|macro_es_f_proxy_return_1|macro_nq_f_proxy_value|macro_nq_f_proxy_return_1|macro_vix_proxy_value|macro_vix_proxy_return_1|macro_urth_proxy_value|macro_urth_proxy_return_1,direction_raw_v1,0 days 08:00:00,0 days 08:00:00,2017-08-17T00:00:00Z,2023-12-31T23:59:59Z,2024-01-01T00:00:00Z,2024-12-31T23:59:59Z,38348,8784,False,0.5268698927983531,0.5455344788310716,0.526941708919609,0.7076612942989416,0.2567460767752269,0.52367941712204,0.0005307885425045573,8784.0,0.5153688524590164,0.39469489981785066,0.6053051001821493,0.0007152832039480028,-0.0004104870583547689,0.20639799635701275,0.4371584699453552,0.0013444363284660279,-0.00044992080448640027,0.08242258652094718,0.2777777777777778,0.0020960508775593693,-0.0013169045844896741,0.020377959927140255,0.12101548269581057,0.0001646809319894585,-0.0026601692098639183,0.0004553734061930783,0.029371584699453553,0.019935231169169232,-0.0021003292251986746,ROBUST CANDIDATE
61291ddc957ebef665ae,3.3.0,73026dd08db19c83059c57c75b65bcebf077280cee941bdcbc1155cb400f6517,ETH_USDT_1h_8h_crypto_core_v1+crypto_context_proxy_v1_macro_proxy_1.0.0,crypto_core_v1+crypto_context_proxy_v1,random_forest,wf_2024,validation,ETH/USDT,1h,8h,42,train_only_standard_scaler_v1,eth_usdt_return_1|eth_usdt_log_return_1|eth_usdt_return_3|eth_usdt_log_return_3|eth_usdt_return_6|eth_usdt_log_return_6|eth_usdt_return_12|eth_usdt_log_return_12|eth_usdt_return_24|eth_usdt_log_return_24|eth_usdt_momentum_6|eth_usdt_momentum_12|eth_usdt_momentum_24|eth_usdt_sma_distance_20|eth_usdt_ema_distance_20|eth_usdt_sma_distance_50|eth_usdt_ema_distance_50|eth_usdt_rsi_14|eth_usdt_realized_vol_12|eth_usdt_range_12|eth_usdt_realized_vol_24|eth_usdt_range_24|eth_usdt_realized_vol_48|eth_usdt_range_48|eth_usdt_relative_volume_24|eth_usdt_range_position_20|eth_usdt_breakout_distance_20|eth_usdt_range_position_55|eth_usdt_breakout_distance_55|macro_es_f_proxy_value|macro_es_f_proxy_return_1|macro_nq_f_proxy_value|macro_nq_f_proxy_return_1|macro_vix_proxy_value|macro_vix_proxy_return_1|macro_urth_proxy_value|macro_urth_proxy_return_1,direction_raw_v1,0 days 08:00:00,0 days 08:00:00,2017-08-17T00:00:00Z,2023-12-31T23:59:59Z,2024-01-01T00:00:00Z,2024-12-31T23:59:59Z,38348,8784,False,0.537242807867124,0.5532701166154976,0.5296153546188221,0.6997423320928143,0.25311818667383923,0.5248178506375227,0.0005307885425045573,8784.0,0.5153688524590164,0.34483151183970856,0.6551684881602914,0.0006401200557130556,-0.0004732446409392158,0.13171675774134792,0.48337887067395263,0.0016561058616330804,-0.00045334024000485425,0.019922586520947177,0.2222222222222222,0.006816055950579507,-0.0010543394492951129,0.0015938069216757742,0.04952185792349727,0.02252178793640431,-0.0028263127042377862,0.00011384335154826958,0.011612021857923498,0.056178166365539406,-0.0015250364941727826,ROBUST CANDIDATE
05ba9a87a3734d9b5ef6,3.3.0,73026dd08db19c83059c57c75b65bcebf077280cee941bdcbc1155cb400f6517,ETH_USDT_1h_12h_crypto_core_v1_no_macro_1.0.0,crypto_core_v1,logistic_regression,wf_2022,validation,ETH/USDT,1h,12h,42,train_only_standard_scaler_v1,eth_usdt_return_1|eth_usdt_log_return_1|eth_usdt_return_3|eth_usdt_log_return_3|eth_usdt_return_6|eth_usdt_log_return_6|eth_usdt_return_12|eth_usdt_log_return_12|eth_usdt_return_24|eth_usdt_log_return_24|eth_usdt_momentum_6|eth_usdt_momentum_12|eth_usdt_momentum_24|eth_usdt_sma_distance_20|eth_usdt_ema_distance_20|eth_usdt_sma_distance_50|eth_usdt_ema_distance_50|eth_usdt_rsi_14|eth_usdt_realized_vol_12|eth_usdt_range_12|eth_usdt_realized_vol_24|eth_usdt_range_24|eth_usdt_realized_vol_48|eth_usdt_range_48|eth_usdt_relative_volume_24|eth_usdt_range_position_20|eth_usdt_breakout_distance_20|eth_usdt_range_position_55|eth_usdt_breakout_distance_55,direction_raw_v1,0 days 12:00:00,0 days 12:00:00,2017-08-17T00:00:00Z,2021-12-31T23:59:59Z,2022-01-01T00:00:00Z,2022-12-31T23:59:59Z,38154,8760,False,0.5434274645429159,0.514877288353102,0.5294938472021805,0.6909980336680296,0.24887491001665937,0.5325342465753424,-0.0010615736882224494,8760.0,0.4821917808219178,0.41358447488584477,0.5864155251141553,0.0013786519487595681,0.0027826049287881195,0.12488584474885844,0.15273972602739727,0.0032919381291297077,0.0040395735059658,0.03595890410958904,0.013356164383561644,0.004063074371552861,0.008554705949668551,0.011643835616438357,0.0013698630136986301,-0.0038479579314187806,0.007049309760112449,0.004794520547945206,0.00011415525114155251,-0.027639930288899186,0.004713798735885177,ROBUST CANDIDATE
d54da73db24a09a98a36,3.3.0,73026dd08db19c83059c57c75b65bcebf077280cee941bdcbc1155cb400f6517,ETH_USDT_1h_12h_crypto_core_v1_no_macro_1.0.0,crypto_core_v1,hist_gradient_boosting,wf_2022,validation,ETH/USDT,1h,12h,42,train_only_standard_scaler_v1,eth_usdt_return_1|eth_usdt_log_return_1|eth_usdt_return_3|eth_usdt_log_return_3|eth_usdt_return_6|eth_usdt_log_return_6|eth_usdt_return_12|eth_usdt_log_return_12|eth_usdt_return_24|eth_usdt_log_return_24|eth_usdt_momentum_6|eth_usdt_momentum_12|eth_usdt_momentum_24|eth_usdt_sma_distance_20|eth_usdt_ema_distance_20|eth_usdt_sma_distance_50|eth_usdt_ema_distance_50|eth_usdt_rsi_14|eth_usdt_realized_vol_12|eth_usdt_range_12|eth_usdt_realized_vol_24|eth_usdt_range_24|eth_usdt_realized_vol_48|eth_usdt_range_48|eth_usdt_relative_volume_24|eth_usdt_range_position_20|eth_usdt_breakout_distance_20|eth_usdt_range_position_55|eth_usdt_breakout_distance_55,direction_raw_v1,0 days 12:00:00,0 days 12:00:00,2017-08-17T00:00:00Z,2021-12-31T23:59:59Z,2022-01-01T00:00:00Z,2022-12-31T23:59:59Z,38154,8760,False,0.54112319249038,0.5219199814057214,0.525203047338464,0.6942286726696157,0.2504594542777766,0.5221461187214612,-0.0010615736882224494,8760.0,0.4821917808219178,0.584931506849315,0.41506849315068495,-0.0003814714400882213,0.002020001608860454,0.31095890410958904,0.1786529680365297,0.0004829777604925603,0.0026160292972921347,0.11358447488584475,0.054337899543379,0.0043766440293989215,0.005025360747348077,0.033789954337899546,0.014954337899543379,0.005193807006263337,0.008207499868118844,0.007534246575342466,0.003995433789954338,0.0021682116035063566,0.013104532687689102,ROBUST CANDIDATE
4f2fb28db195e88110e1,3.3.0,73026dd08db19c83059c57c75b65bcebf077280cee941bdcbc1155cb400f6517,ETH_USDT_1h_12h_crypto_core_v1_no_macro_1.0.0,crypto_core_v1,random_forest,wf_2022,validation,ETH/USDT,1h,12h,42,train_only_standard_scaler_v1,eth_usdt_return_1|eth_usdt_log_return_1|eth_usdt_return_3|eth_usdt_log_return_3|eth_usdt_return_6|eth_usdt_log_return_6|eth_usdt_return_12|eth_usdt_log_return_12|eth_usdt_return_24|eth_usdt_log_return_24|eth_usdt_momentum_6|eth_usdt_momentum_12|eth_usdt_momentum_24|eth_usdt_sma_distance_20|eth_usdt_ema_distance_20|eth_usdt_sma_distance_50|eth_usdt_ema_distance_50|eth_usdt_rsi_14|eth_usdt_realized_vol_12|eth_usdt_range_12|eth_usdt_realized_vol_24|eth_usdt_range_24|eth_usdt_realized_vol_48|eth_usdt_range_48|eth_usdt_relative_volume_24|eth_usdt_range_position_20|eth_usdt_breakout_distance_20|eth_usdt_range_position_55|eth_usdt_breakout_distance_55,direction_raw_v1,0 days 12:00:00,0 days 12:00:00,2017-08-17T00:00:00Z,2021-12-31T23:59:59Z,2022-01-01T00:00:00Z,2022-12-31T23:59:59Z,38154,8760,False,0.5403003351137031,0.5277107560862218,0.5266579485329486,0.6920189723074722,0.24939889273232543,0.5271689497716895,-0.0010615736882224494,8760.0,0.4821917808219178,0.48470319634703196,0.515296803652968,-3.495974423473701e-05,0.0020272366935773067,0.2230593607305936,0.2319634703196347,0.0023117783180655596,0.002134836051255276,0.0747716894977169,0.06883561643835616,0.007271861681824403,0.003267019471044402,0.02317351598173516,0.017123287671232876,0.009112756315012885,0.006905478997002682,0.006278538812785388,0.002511415525114155,0.016357477703613153,0.02745617737691184,ROBUST CANDIDATE
67c056914d71c1791767,3.3.0,73026dd08db19c83059c57c75b65bcebf077280cee941bdcbc1155cb400f6517,ETH_USDT_1h_12h_crypto_core_v1_no_macro_1.0.0,crypto_core_v1,logistic_regression,wf_2023,validation,ETH/USDT,1h,12h,42,train_only_standard_scaler_v1,eth_usdt_return_1|eth_usdt_log_return_1|eth_usdt_return_3|eth_usdt_log_return_3|eth_usdt_return_6|eth_usdt_log_return_6|eth_usdt_return_12|eth_usdt_log_return_12|eth_usdt_return_24|eth_usdt_log_return_24|eth_usdt_momentum_6|eth_usdt_momentum_12|eth_usdt_momentum_24|eth_usdt_sma_distance_20|eth_usdt_ema_distance_20|eth_usdt_sma_distance_50|eth_usdt_ema_distance_50|eth_usdt_rsi_14|eth_usdt_realized_vol_12|eth_usdt_range_12|eth_usdt_realized_vol_24|eth_usdt_range_24|eth_usdt_realized_vol_48|eth_usdt_range_48|eth_usdt_relative_volume_24|eth_usdt_range_position_20|eth_usdt_breakout_distance_20|eth_usdt_range_position_55|eth_usdt_breakout_distance_55,direction_raw_v1,0 days 12:00:00,0 days 12:00:00,2017-08-17T00:00:00Z,2022-12-31T23:59:59Z,2023-01-01T00:00:00Z,2023-12-31T23:59:59Z,46914,8759,False,0.5381370042799041,0.5228112179004665,0.5169447938575966,0.6911551733000175,0.24900808053251014,0.5207215435552004,0.0010322443448566433,8759.0,0.4933211553830346,0.21703390798036307,0.782966092019637,0.0028760797179782104,-0.0005211432885276701,0.026030368763557483,0.11770750085626214,0.004678001112654254,0.00019723338758053223,0.0013700194086082886,0.002397533965064505,0.006353925810016027,0.002745380236985784,0.0,0.0,,,0.0,0.0,,,ROBUST CANDIDATE
5552b8e9a4ef28bb5593,3.3.0,73026dd08db19c83059c57c75b65bcebf077280cee941bdcbc1155cb400f6517,ETH_USDT_1h_12h_crypto_core_v1_no_macro_1.0.0,crypto_core_v1,hist_gradient_boosting,wf_2023,validation,ETH/USDT,1h,12h,42,train_only_standard_scaler_v1,eth_usdt_return_1|eth_usdt_log_return_1|eth_usdt_return_3|eth_usdt_log_return_3|eth_usdt_return_6|eth_usdt_log_return_6|eth_usdt_return_12|eth_usdt_log_return_12|eth_usdt_return_24|eth_usdt_log_return_24|eth_usdt_momentum_6|eth_usdt_momentum_12|eth_usdt_momentum_24|eth_usdt_sma_distance_20|eth_usdt_ema_distance_20|eth_usdt_sma_distance_50|eth_usdt_ema_distance_50|eth_usdt_rsi_14|eth_usdt_realized_vol_12|eth_usdt_range_12|eth_usdt_realized_vol_24|eth_usdt_range_24|eth_usdt_realized_vol_48|eth_usdt_range_48|eth_usdt_relative_volume_24|eth_usdt_range_position_20|eth_usdt_breakout_distance_20|eth_usdt_range_position_55|eth_usdt_breakout_distance_55,direction_raw_v1,0 days 12:00:00,0 days 12:00:00,2017-08-17T00:00:00Z,2022-12-31T23:59:59Z,2023-01-01T00:00:00Z,2023-12-31T23:59:59Z,46914,8759,False,0.5377564101828698,0.5165511169578432,0.5271452475564227,0.7002476280360768,0.2530893369256417,0.5277999771663432,0.0010322443448566433,8759.0,0.4933211553830346,0.45062221714807627,0.5493777828519237,0.0014711712883215377,-0.0006722184417278118,0.19990866537275945,0.30208927959812765,0.001449942753731902,-0.0005112717440188386,0.08996460783194428,0.14853293754994862,0.0009579992098371544,-0.0003532012134396373,0.05011987669825323,0.06302089279598128,-0.000570535836428507,-0.0005650727844591213,0.029455417285078205,0.016668569471400847,-0.001105131377522361,-0.00010389838116083986,ROBUST CANDIDATE
c400ff937683fc5d59e2,3.3.0,73026dd08db19c83059c57c75b65bcebf077280cee941bdcbc1155cb400f6517,ETH_USDT_1h_12h_crypto_core_v1_no_macro_1.0.0,crypto_core_v1,random_forest,wf_2023,validation,ETH/USDT,1h,12h,42,train_only_standard_scaler_v1,eth_usdt_return_1|eth_usdt_log_return_1|eth_usdt_return_3|eth_usdt_log_return_3|eth_usdt_return_6|eth_usdt_log_return_6|eth_usdt_return_12|eth_usdt_log_return_12|eth_usdt_return_24|eth_usdt_log_return_24|eth_usdt_momentum_6|eth_usdt_momentum_12|eth_usdt_momentum_24|eth_usdt_sma_distance_20|eth_usdt_ema_distance_20|eth_usdt_sma_distance_50|eth_usdt_ema_distance_50|eth_usdt_rsi_14|eth_usdt_realized_vol_12|eth_usdt_range_12|eth_usdt_realized_vol_24|eth_usdt_range_24|eth_usdt_realized_vol_48|eth_usdt_range_48|eth_usdt_relative_volume_24|eth_usdt_range_position_20|eth_usdt_breakout_distance_20|eth_usdt_range_position_55|eth_usdt_breakout_distance_55,direction_raw_v1,0 days 12:00:00,0 days 12:00:00,2017-08-17T00:00:00Z,2022-12-31T23:59:59Z,2023-01-01T00:00:00Z,2023-12-31T23:59:59Z,46914,8759,False,0.5440561459337052,0.5218031918476362,0.5306934785825932,0.698429777137965,0.2522691176274384,0.5325950450964722,0.0010322443448566433,8759.0,0.4933211553830346,0.35723256079461124,0.6427674392053887,0.0015452409399395598,-0.0007471348695432426,0.15446968832058455,0.36202762872474026,0.0018536964176554325,-0.0004991068511961314,0.08026030368763558,0.15424135175248316,0.0013277491317981143,-0.0002728389937305348,0.04452563077976938,0.055371617764585,0.0008376914048694272,-0.0013408839286306155,0.021121132549377784,0.013015184381778741,0.0002813888571565345,-0.002626020788615391,ROBUST CANDIDATE
05e481c0911aede18b1e,3.3.0,73026dd08db19c83059c57c75b65bcebf077280cee941bdcbc1155cb400f6517,ETH_USDT_1h_12h_crypto_core_v1_no_macro_1.0.0,crypto_core_v1,logistic_regression,wf_2024,validation,ETH/USDT,1h,12h,42,train_only_standard_scaler_v1,eth_usdt_return_1|eth_usdt_log_return_1|eth_usdt_return_3|eth_usdt_log_return_3|eth_usdt_return_6|eth_usdt_log_return_6|eth_usdt_return_12|eth_usdt_log_return_12|eth_usdt_return_24|eth_usdt_log_return_24|eth_usdt_momentum_6|eth_usdt_momentum_12|eth_usdt_momentum_24|eth_usdt_sma_distance_20|eth_usdt_ema_distance_20|eth_usdt_sma_distance_50|eth_usdt_ema_distance_50|eth_usdt_rsi_14|eth_usdt_realized_vol_12|eth_usdt_range_12|eth_usdt_realized_vol_24|eth_usdt_range_24|eth_usdt_realized_vol_48|eth_usdt_range_48|eth_usdt_relative_volume_24|eth_usdt_range_position_20|eth_usdt_breakout_distance_20|eth_usdt_range_position_55|eth_usdt_breakout_distance_55,direction_raw_v1,0 days 12:00:00,0 days 12:00:00,2017-08-17T00:00:00Z,2023-12-31T23:59:59Z,2024-01-01T00:00:00Z,2024-12-31T23:59:59Z,55673,8784,False,0.5370435575964128,0.5642394603371553,0.5299899230080405,0.6917858386153918,0.2493357887049302,0.5229963570127505,0.0007948724836649137,8784.0,0.5235655737704918,0.353028233151184,0.6469717668488161,0.0016324715853113997,-0.00033782606202040325,0.0584016393442623,0.12147085610200364,0.004875549070762836,-4.512777577804855e-05,0.010701275045537341,0.006944444444444444,0.005738249642863147,-0.0019049291351130833,0.0028460837887067394,0.0007969034608378871,0.0103541117467995,-0.0028345812255459657,0.0014799635701275046,0.0,0.01620021753161586,,ROBUST CANDIDATE
d082c1bc9ce742805b0e,3.3.0,73026dd08db19c83059c57c75b65bcebf077280cee941bdcbc1155cb400f6517,ETH_USDT_1h_12h_crypto_core_v1_no_macro_1.0.0,crypto_core_v1,hist_gradient_boosting,wf_2024,validation,ETH/USDT,1h,12h,42,train_only_standard_scaler_v1,eth_usdt_return_1|eth_usdt_log_return_1|eth_usdt_return_3|eth_usdt_log_return_3|eth_usdt_return_6|eth_usdt_log_return_6|eth_usdt_return_12|eth_usdt_log_return_12|eth_usdt_return_24|eth_usdt_log_return_24|eth_usdt_momentum_6|eth_usdt_momentum_12|eth_usdt_momentum_24|eth_usdt_sma_distance_20|eth_usdt_ema_distance_20|eth_usdt_sma_distance_50|eth_usdt_ema_distance_50|eth_usdt_rsi_14|eth_usdt_realized_vol_12|eth_usdt_range_12|eth_usdt_realized_vol_24|eth_usdt_range_24|eth_usdt_realized_vol_48|eth_usdt_range_48|eth_usdt_relative_volume_24|eth_usdt_range_position_20|eth_usdt_breakout_distance_20|eth_usdt_range_position_55|eth_usdt_breakout_distance_55,direction_raw_v1,0 days 12:00:00,0 days 12:00:00,2017-08-17T00:00:00Z,2023-12-31T23:59:59Z,2024-01-01T00:00:00Z,2024-12-31T23:59:59Z,55673,8784,False,0.5310248994444016,0.5697262602903523,0.5266013883336023,0.6940509832164081,0.25039602112868165,0.5260701275045537,0.0007948724836649137,8784.0,0.5235655737704918,0.4899817850637523,0.5100182149362478,0.001311449818486396,-0.00029858925842570416,0.17862021857923496,0.2095856102003643,0.0019987238581730387,-0.001375197940776928,0.042122040072859745,0.05179872495446266,0.009419639068532418,-0.0038487473218588126,0.007285974499089253,0.011270491803278689,0.01815459730127987,-0.005336231007118729,0.0012522768670309653,0.0031876138433515485,0.02760910391773409,-0.006207389982376105,ROBUST CANDIDATE
cb64bbac05667b35ce81,3.3.0,73026dd08db19c83059c57c75b65bcebf077280cee941bdcbc1155cb400f6517,ETH_USDT_1h_12h_crypto_core_v1_no_macro_1.0.0,crypto_core_v1,random_forest,wf_2024,validation,ETH/USDT,1h,12h,42,train_only_standard_scaler_v1,eth_usdt_return_1|eth_usdt_log_return_1|eth_usdt_return_3|eth_usdt_log_return_3|eth_usdt_return_6|eth_usdt_log_return_6|eth_usdt_return_12|eth_usdt_log_return_12|eth_usdt_return_24|eth_usdt_log_return_24|eth_usdt_momentum_6|eth_usdt_momentum_12|eth_usdt_momentum_24|eth_usdt_sma_distance_20|eth_usdt_ema_distance_20|eth_usdt_sma_distance_50|eth_usdt_ema_distance_50|eth_usdt_rsi_14|eth_usdt_realized_vol_12|eth_usdt_range_12|eth_usdt_realized_vol_24|eth_usdt_range_24|eth_usdt_realized_vol_48|eth_usdt_range_48|eth_usdt_relative_volume_24|eth_usdt_range_position_20|eth_usdt_breakout_distance_20|eth_usdt_range_position_55|eth_usdt_breakout_distance_55,direction_raw_v1,0 days 12:00:00,0 days 12:00:00,2017-08-17T00:00:00Z,2023-12-31T23:59:59Z,2024-01-01T00:00:00Z,2024-12-31T23:59:59Z,55673,8784,False,0.5302574997473607,0.5650531967052418,0.5224576637744999,0.6947416175736286,0.250726576488792,0.5184426229508197,0.0007948724836649137,8784.0,0.5235655737704918,0.4158697632058288,0.5841302367941712,0.0009647328034010014,-0.0006739409404967345,0.15243624772313297,0.2538706739526412,0.0024075627462413515,-0.0012303951369833264,0.040983606557377046,0.05339253187613843,0.005934275370496432,-0.0019979442146188593,0.007855191256830601,0.014685792349726777,0.015419683475422523,-0.0016382328932375786,0.001935336976320583,0.003984517304189436,0.021449639533050405,-0.004087897144573319,ROBUST CANDIDATE
609d2379ad119b7fda83,3.3.0,73026dd08db19c83059c57c75b65bcebf077280cee941bdcbc1155cb400f6517,ETH_USDT_1h_12h_crypto_core_v1+crypto_context_proxy_v1_macro_proxy_1.0.0,crypto_core_v1+crypto_context_proxy_v1,logistic_regression,wf_2022,validation,ETH/USDT,1h,12h,42,train_only_standard_scaler_v1,eth_usdt_return_1|eth_usdt_log_return_1|eth_usdt_return_3|eth_usdt_log_return_3|eth_usdt_return_6|eth_usdt_log_return_6|eth_usdt_return_12|eth_usdt_log_return_12|eth_usdt_return_24|eth_usdt_log_return_24|eth_usdt_momentum_6|eth_usdt_momentum_12|eth_usdt_momentum_24|eth_usdt_sma_distance_20|eth_usdt_ema_distance_20|eth_usdt_sma_distance_50|eth_usdt_ema_distance_50|eth_usdt_rsi_14|eth_usdt_realized_vol_12|eth_usdt_range_12|eth_usdt_realized_vol_24|eth_usdt_range_24|eth_usdt_realized_vol_48|eth_usdt_range_48|eth_usdt_relative_volume_24|eth_usdt_range_position_20|eth_usdt_breakout_distance_20|eth_usdt_range_position_55|eth_usdt_breakout_distance_55|macro_es_f_proxy_value|macro_es_f_proxy_return_1|macro_nq_f_proxy_value|macro_nq_f_proxy_return_1|macro_vix_proxy_value|macro_vix_proxy_return_1|macro_urth_proxy_value|macro_urth_proxy_return_1,direction_raw_v1,0 days 12:00:00,0 days 12:00:00,2017-08-17T00:00:00Z,2021-12-31T23:59:59Z,2022-01-01T00:00:00Z,2022-12-31T23:59:59Z,20825,8760,False,0.5323163325550478,0.5031684899502679,0.5171243686868687,0.6960216129200082,0.251334260925006,0.5288812785388128,-0.0010615736882224494,8760.0,0.4821917808219178,0.16929223744292238,0.8307077625570777,0.0025768360028601087,0.0018030552839178502,0.05810502283105023,0.5430365296803653,0.0022834546341872963,0.002342642212638181,0.0204337899543379,0.19714611872146118,-0.005379483007755912,0.003514865425868694,0.007648401826484018,0.015525114155251141,-0.019346000702257733,0.0068167375116217985,0.002625570776255708,0.0,-0.035977843121747795,,ROBUST CANDIDATE
c6cb6c4d0c31bb9e8d67,3.3.0,73026dd08db19c83059c57c75b65bcebf077280cee941bdcbc1155cb400f6517,ETH_USDT_1h_12h_crypto_core_v1+crypto_context_proxy_v1_macro_proxy_1.0.0,crypto_core_v1+crypto_context_proxy_v1,hist_gradient_boosting,wf_2022,validation,ETH/USDT,1h,12h,42,train_only_standard_scaler_v1,eth_usdt_return_1|eth_usdt_log_return_1|eth_usdt_return_3|eth_usdt_log_return_3|eth_usdt_return_6|eth_usdt_log_return_6|eth_usdt_return_12|eth_usdt_log_return_12|eth_usdt_return_24|eth_usdt_log_return_24|eth_usdt_momentum_6|eth_usdt_momentum_12|eth_usdt_momentum_24|eth_usdt_sma_distance_20|eth_usdt_ema_distance_20|eth_usdt_sma_distance_50|eth_usdt_ema_distance_50|eth_usdt_rsi_14|eth_usdt_realized_vol_12|eth_usdt_range_12|eth_usdt_realized_vol_24|eth_usdt_range_24|eth_usdt_realized_vol_48|eth_usdt_range_48|eth_usdt_relative_volume_24|eth_usdt_range_position_20|eth_usdt_breakout_distance_20|eth_usdt_range_position_55|eth_usdt_breakout_distance_55|macro_es_f_proxy_value|macro_es_f_proxy_return_1|macro_nq_f_proxy_value|macro_nq_f_proxy_return_1|macro_vix_proxy_value|macro_vix_proxy_return_1|macro_urth_proxy_value|macro_urth_proxy_return_1,direction_raw_v1,0 days 12:00:00,0 days 12:00:00,2017-08-17T00:00:00Z,2021-12-31T23:59:59Z,2022-01-01T00:00:00Z,2022-12-31T23:59:59Z,20825,8760,False,0.4949696671159345,0.4796964999100247,0.49768455888247554,0.7379550588329953,0.2703665350451554,0.4899543378995434,-0.0010615736882224494,8760.0,0.4821917808219178,0.7171232876712329,0.2828767123287671,-0.0010040882978153334,0.0012073054164458148,0.5668949771689498,0.15833333333333333,-0.0010851097102300507,0.00158656304072654,0.384703196347032,0.07796803652968036,-0.0010544647321103248,0.005079922475964067,0.23333333333333334,0.030365296803652967,-0.0012768453952586726,0.010778710287596515,0.1300228310502283,0.009018264840182649,-0.0036368667851257317,0.018295106187067492,ROBUST CANDIDATE
bd84c2250dd5ac39ef00,3.3.0,73026dd08db19c83059c57c75b65bcebf077280cee941bdcbc1155cb400f6517,ETH_USDT_1h_12h_crypto_core_v1+crypto_context_proxy_v1_macro_proxy_1.0.0,crypto_core_v1+crypto_context_proxy_v1,random_forest,wf_2022,validation,ETH/USDT,1h,12h,42,train_only_standard_scaler_v1,eth_usdt_return_1|eth_usdt_log_return_1|eth_usdt_return_3|eth_usdt_log_return_3|eth_usdt_return_6|eth_usdt_log_return_6|eth_usdt_return_12|eth_usdt_log_return_12|eth_usdt_return_24|eth_usdt_log_return_24|eth_usdt_momentum_6|eth_usdt_momentum_12|eth_usdt_momentum_24|eth_usdt_sma_distance_20|eth_usdt_ema_distance_20|eth_usdt_sma_distance_50|eth_usdt_ema_distance_50|eth_usdt_rsi_14|eth_usdt_realized_vol_12|eth_usdt_range_12|eth_usdt_realized_vol_24|eth_usdt_range_24|eth_usdt_realized_vol_48|eth_usdt_range_48|eth_usdt_relative_volume_24|eth_usdt_range_position_20|eth_usdt_breakout_distance_20|eth_usdt_range_position_55|eth_usdt_breakout_distance_55|macro_es_f_proxy_value|macro_es_f_proxy_return_1|macro_nq_f_proxy_value|macro_nq_f_proxy_return_1|macro_vix_proxy_value|macro_vix_proxy_return_1|macro_urth_proxy_value|macro_urth_proxy_return_1,direction_raw_v1,0 days 12:00:00,0 days 12:00:00,2017-08-17T00:00:00Z,2021-12-31T23:59:59Z,2022-01-01T00:00:00Z,2022-12-31T23:59:59Z,20825,8760,False,0.5179098044766448,0.501308690248613,0.5055734678130511,0.705920841782431,0.25608479813991286,0.5001141552511416,-0.0010615736882224494,8760.0,0.4821917808219178,0.6530821917808219,0.34691780821917806,-0.0008973235213827709,0.0013707790862118538,0.4038812785388128,0.13949771689497717,-0.0005021745705427218,0.003046980726022469,0.22226027397260273,0.05182648401826484,-0.0005616129474127164,0.0072454636767074095,0.10205479452054794,0.014840182648401826,0.0017131253041396072,0.01876757812821872,0.027511415525114154,0.002054794520547945,0.0012657485510157295,0.03432637981238848,ROBUST CANDIDATE
d66d16edc93d279324d6,3.3.0,73026dd08db19c83059c57c75b65bcebf077280cee941bdcbc1155cb400f6517,ETH_USDT_1h_12h_crypto_core_v1+crypto_context_proxy_v1_macro_proxy_1.0.0,crypto_core_v1+crypto_context_proxy_v1,logistic_regression,wf_2023,validation,ETH/USDT,1h,12h,42,train_only_standard_scaler_v1,eth_usdt_return_1|eth_usdt_log_return_1|eth_usdt_return_3|eth_usdt_log_return_3|eth_usdt_return_6|eth_usdt_log_return_6|eth_usdt_return_12|eth_usdt_log_return_12|eth_usdt_return_24|eth_usdt_log_return_24|eth_usdt_momentum_6|eth_usdt_momentum_12|eth_usdt_momentum_24|eth_usdt_sma_distance_20|eth_usdt_ema_distance_20|eth_usdt_sma_distance_50|eth_usdt_ema_distance_50|eth_usdt_rsi_14|eth_usdt_realized_vol_12|eth_usdt_range_12|eth_usdt_realized_vol_24|eth_usdt_range_24|eth_usdt_realized_vol_48|eth_usdt_range_48|eth_usdt_relative_volume_24|eth_usdt_range_position_20|eth_usdt_breakout_distance_20|eth_usdt_range_position_55|eth_usdt_breakout_distance_55|macro_es_f_proxy_value|macro_es_f_proxy_return_1|macro_nq_f_proxy_value|macro_nq_f_proxy_return_1|macro_vix_proxy_value|macro_vix_proxy_return_1|macro_urth_proxy_value|macro_urth_proxy_return_1,direction_raw_v1,0 days 12:00:00,0 days 12:00:00,2017-08-17T00:00:00Z,2022-12-31T23:59:59Z,2023-01-01T00:00:00Z,2023-12-31T23:59:59Z,29585,8759,False,0.5264717443625819,0.5184847295633801,0.5160731063977042,0.6924163417396997,0.24963451730738292,0.5169539901815275,0.0010322443448566433,8759.0,0.4933211553830346,0.43383947939262474,0.5661605206073753,0.0012030377328723205,-0.0009013681854576573,0.06553259504509647,0.15641054914944627,0.0027897171747486974,-0.0013318622027661394,0.007535106747345587,0.019979449708870875,0.0050209419850546395,-0.002746327583535404,0.0004566731362027629,0.0006850097043041443,0.0006710132161730775,0.006874423929731162,0.0,0.0,,,ROBUST CANDIDATE
48999c6ed4e74cc9140d,3.3.0,73026dd08db19c83059c57c75b65bcebf077280cee941bdcbc1155cb400f6517,ETH_USDT_1h_12h_crypto_core_v1+crypto_context_proxy_v1_macro_proxy_1.0.0,crypto_core_v1+crypto_context_proxy_v1,hist_gradient_boosting,wf_2023,validation,ETH/USDT,1h,12h,42,train_only_standard_scaler_v1,eth_usdt_return_1|eth_usdt_log_return_1|eth_usdt_return_3|eth_usdt_log_return_3|eth_usdt_return_6|eth_usdt_log_return_6|eth_usdt_return_12|eth_usdt_log_return_12|eth_usdt_return_24|eth_usdt_log_return_24|eth_usdt_momentum_6|eth_usdt_momentum_12|eth_usdt_momentum_24|eth_usdt_sma_distance_20|eth_usdt_ema_distance_20|eth_usdt_sma_distance_50|eth_usdt_ema_distance_50|eth_usdt_rsi_14|eth_usdt_realized_vol_12|eth_usdt_range_12|eth_usdt_realized_vol_24|eth_usdt_range_24|eth_usdt_realized_vol_48|eth_usdt_range_48|eth_usdt_relative_volume_24|eth_usdt_range_position_20|eth_usdt_breakout_distance_20|eth_usdt_range_position_55|eth_usdt_breakout_distance_55|macro_es_f_proxy_value|macro_es_f_proxy_return_1|macro_nq_f_proxy_value|macro_nq_f_proxy_return_1|macro_vix_proxy_value|macro_vix_proxy_return_1|macro_urth_proxy_value|macro_urth_proxy_return_1,direction_raw_v1,0 days 12:00:00,0 days 12:00:00,2017-08-17T00:00:00Z,2022-12-31T23:59:59Z,2023-01-01T00:00:00Z,2023-12-31T23:59:59Z,29585,8759,False,0.5319869822582712,0.5245302325634789,0.5213314686995055,0.7026343094643692,0.25434245618926427,0.5224340678159607,0.0010322443448566433,8759.0,0.4933211553830346,0.4171709099212239,0.5828290900787761,0.0016172417633546544,-0.000613521412987548,0.23324580431556113,0.3825779198538646,0.001890745518636633,-0.0002792282301263356,0.1057198310309396,0.2114396620618792,0.0014883986652188426,-7.380685782747974e-05,0.047151501312935266,0.09418883434181985,0.0012420598317540719,0.00036932668547282245,0.018266925448110514,0.03744719716862656,0.00038697789913536284,-0.0006192138730160533,ROBUST CANDIDATE
8d8fa999dfc5376e3a27,3.3.0,73026dd08db19c83059c57c75b65bcebf077280cee941bdcbc1155cb400f6517,ETH_USDT_1h_12h_crypto_core_v1+crypto_context_proxy_v1_macro_proxy_1.0.0,crypto_core_v1+crypto_context_proxy_v1,random_forest,wf_2023,validation,ETH/USDT,1h,12h,42,train_only_standard_scaler_v1,eth_usdt_return_1|eth_usdt_log_return_1|eth_usdt_return_3|eth_usdt_log_return_3|eth_usdt_return_6|eth_usdt_log_return_6|eth_usdt_return_12|eth_usdt_log_return_12|eth_usdt_return_24|eth_usdt_log_return_24|eth_usdt_momentum_6|eth_usdt_momentum_12|eth_usdt_momentum_24|eth_usdt_sma_distance_20|eth_usdt_ema_distance_20|eth_usdt_sma_distance_50|eth_usdt_ema_distance_50|eth_usdt_rsi_14|eth_usdt_realized_vol_12|eth_usdt_range_12|eth_usdt_realized_vol_24|eth_usdt_range_24|eth_usdt_realized_vol_48|eth_usdt_range_48|eth_usdt_relative_volume_24|eth_usdt_range_position_20|eth_usdt_breakout_distance_20|eth_usdt_range_position_55|eth_usdt_breakout_distance_55|macro_es_f_proxy_value|macro_es_f_proxy_return_1|macro_nq_f_proxy_value|macro_nq_f_proxy_return_1|macro_vix_proxy_value|macro_vix_proxy_return_1|macro_urth_proxy_value|macro_urth_proxy_return_1,direction_raw_v1,0 days 12:00:00,0 days 12:00:00,2017-08-17T00:00:00Z,2022-12-31T23:59:59Z,2023-01-01T00:00:00Z,2023-12-31T23:59:59Z,29585,8759,False,0.5307324062380616,0.5133365132621546,0.5212624783603431,0.6961334431598916,0.25139686378155734,0.5234615823724169,0.0010322443448566433,8759.0,0.4933211553830346,0.33508391368877727,0.6649160863112228,0.000808878314828695,-0.0011448094715963463,0.1318643680785478,0.34866993949080943,0.0012997730295698617,-0.0005959764325006188,0.041557255394451424,0.10845986984815618,0.0005573861243337073,0.0004688685013481254,0.011759333257221144,0.016668569471400847,-0.0004989659897861145,-0.0006803277257021973,0.0021691973969631237,0.00022833656810138144,0.002048456923466312,-0.005731382713555666,ROBUST CANDIDATE
b45d84469494ac60929e,3.3.0,73026dd08db19c83059c57c75b65bcebf077280cee941bdcbc1155cb400f6517,ETH_USDT_1h_12h_crypto_core_v1+crypto_context_proxy_v1_macro_proxy_1.0.0,crypto_core_v1+crypto_context_proxy_v1,logistic_regression,wf_2024,validation,ETH/USDT,1h,12h,42,train_only_standard_scaler_v1,eth_usdt_return_1|eth_usdt_log_return_1|eth_usdt_return_3|eth_usdt_log_return_3|eth_usdt_return_6|eth_usdt_log_return_6|eth_usdt_return_12|eth_usdt_log_return_12|eth_usdt_return_24|eth_usdt_log_return_24|eth_usdt_momentum_6|eth_usdt_momentum_12|eth_usdt_momentum_24|eth_usdt_sma_distance_20|eth_usdt_ema_distance_20|eth_usdt_sma_distance_50|eth_usdt_ema_distance_50|eth_usdt_rsi_14|eth_usdt_realized_vol_12|eth_usdt_range_12|eth_usdt_realized_vol_24|eth_usdt_range_24|eth_usdt_realized_vol_48|eth_usdt_range_48|eth_usdt_relative_volume_24|eth_usdt_range_position_20|eth_usdt_breakout_distance_20|eth_usdt_range_position_55|eth_usdt_breakout_distance_55|macro_es_f_proxy_value|macro_es_f_proxy_return_1|macro_nq_f_proxy_value|macro_nq_f_proxy_return_1|macro_vix_proxy_value|macro_vix_proxy_return_1|macro_urth_proxy_value|macro_urth_proxy_return_1,direction_raw_v1,0 days 12:00:00,0 days 12:00:00,2017-08-17T00:00:00Z,2023-12-31T23:59:59Z,2024-01-01T00:00:00Z,2024-12-31T23:59:59Z,38344,8784,False,0.5355646115993737,0.5654072190749648,0.5199007731928633,0.6963957112001922,0.2516081115748614,0.5061475409836066,0.0007948724836649137,8784.0,0.5235655737704918,0.20913023679417123,0.7908697632058288,0.000469329931549799,-0.0008809559251843415,0.039845173041894354,0.38376593806921677,0.005553226356799147,-0.00036188798016788596,0.007855191256830601,0.06477686703096538,0.020986293096868683,-1.7335561995529187e-05,0.0031876138433515485,0.003984517304189436,0.03109297252108551,-3.7275574574786266e-05,0.0007969034608378871,0.000569216757741348,0.036088824902456365,0.010484190988877252,ROBUST CANDIDATE
1ad953bfd57ef91dc98d,3.3.0,73026dd08db19c83059c57c75b65bcebf077280cee941bdcbc1155cb400f6517,ETH_USDT_1h_12h_crypto_core_v1+crypto_context_proxy_v1_macro_proxy_1.0.0,crypto_core_v1+crypto_context_proxy_v1,hist_gradient_boosting,wf_2024,validation,ETH/USDT,1h,12h,42,train_only_standard_scaler_v1,eth_usdt_return_1|eth_usdt_log_return_1|eth_usdt_return_3|eth_usdt_log_return_3|eth_usdt_return_6|eth_usdt_log_return_6|eth_usdt_return_12|eth_usdt_log_return_12|eth_usdt_return_24|eth_usdt_log_return_24|eth_usdt_momentum_6|eth_usdt_momentum_12|eth_usdt_momentum_24|eth_usdt_sma_distance_20|eth_usdt_ema_distance_20|eth_usdt_sma_distance_50|eth_usdt_ema_distance_50|eth_usdt_rsi_14|eth_usdt_realized_vol_12|eth_usdt_range_12|eth_usdt_realized_vol_24|eth_usdt_range_24|eth_usdt_realized_vol_48|eth_usdt_range_48|eth_usdt_relative_volume_24|eth_usdt_range_position_20|eth_usdt_breakout_distance_20|eth_usdt_range_position_55|eth_usdt_breakout_distance_55|macro_es_f_proxy_value|macro_es_f_proxy_return_1|macro_nq_f_proxy_value|macro_nq_f_proxy_return_1|macro_vix_proxy_value|macro_vix_proxy_return_1|macro_urth_proxy_value|macro_urth_proxy_return_1,direction_raw_v1,0 days 12:00:00,0 days 12:00:00,2017-08-17T00:00:00Z,2023-12-31T23:59:59Z,2024-01-01T00:00:00Z,2024-12-31T23:59:59Z,38344,8784,False,0.5154506083214287,0.5472190684087213,0.5117082488713067,0.7241313281792509,0.2641339516971576,0.5043260473588342,0.0007948724836649137,8784.0,0.5235655737704918,0.3439207650273224,0.6560792349726776,-0.00031949635926212694,-0.0013790314762872613,0.22882513661202186,0.5423497267759563,0.00019577454837330218,-0.001455562651096295,0.11475409836065574,0.37056010928961747,0.002690219470353463,-0.0018710816503216922,0.04143897996357013,0.1909153005464481,0.0005293456220583066,-0.002689837375437381,0.007741347905282332,0.07843806921675774,0.004906074682748259,-0.004157702575869178,ROBUST CANDIDATE
d7c3b2390429eae0b22f,3.3.0,73026dd08db19c83059c57c75b65bcebf077280cee941bdcbc1155cb400f6517,ETH_USDT_1h_12h_crypto_core_v1+crypto_context_proxy_v1_macro_proxy_1.0.0,crypto_core_v1+crypto_context_proxy_v1,random_forest,wf_2024,validation,ETH/USDT,1h,12h,42,train_only_standard_scaler_v1,eth_usdt_return_1|eth_usdt_log_return_1|eth_usdt_return_3|eth_usdt_log_return_3|eth_usdt_return_6|eth_usdt_log_return_6|eth_usdt_return_12|eth_usdt_log_return_12|eth_usdt_return_24|eth_usdt_log_return_24|eth_usdt_momentum_6|eth_usdt_momentum_12|eth_usdt_momentum_24|eth_usdt_sma_distance_20|eth_usdt_ema_distance_20|eth_usdt_sma_distance_50|eth_usdt_ema_distance_50|eth_usdt_rsi_14|eth_usdt_realized_vol_12|eth_usdt_range_12|eth_usdt_realized_vol_24|eth_usdt_range_24|eth_usdt_realized_vol_48|eth_usdt_range_48|eth_usdt_relative_volume_24|eth_usdt_range_position_20|eth_usdt_breakout_distance_20|eth_usdt_range_position_55|eth_usdt_breakout_distance_55|macro_es_f_proxy_value|macro_es_f_proxy_return_1|macro_nq_f_proxy_value|macro_nq_f_proxy_return_1|macro_vix_proxy_value|macro_vix_proxy_return_1|macro_urth_proxy_value|macro_urth_proxy_return_1,direction_raw_v1,0 days 12:00:00,0 days 12:00:00,2017-08-17T00:00:00Z,2023-12-31T23:59:59Z,2024-01-01T00:00:00Z,2024-12-31T23:59:59Z,38344,8784,False,0.5316541983699641,0.5636694667467662,0.5292903786938254,0.7074241835904762,0.2566863333086002,0.519808743169399,0.0007948724836649137,8784.0,0.5235655737704918,0.30020491803278687,0.6997950819672131,0.0010996473301646294,-0.0006641271981240401,0.13968579234972678,0.519011839708561,0.0020509468215953197,-0.000827677961051483,0.04348816029143898,0.28346994535519127,0.002843121826268685,-0.0015221634759880656,0.0034153005464480873,0.10701275045537341,0.014374275815092026,-0.004672389391395527,0.00022768670309653916,0.028916211293260472,0.019556776355278638,-0.0028349771125906554,ROBUST CANDIDATE
c22543dbc1a7020a6e01,3.3.0,73026dd08db19c83059c57c75b65bcebf077280cee941bdcbc1155cb400f6517,ETH_USDT_1h_24h_crypto_core_v1_no_macro_1.0.0,crypto_core_v1,logistic_regression,wf_2022,validation,ETH/USDT,1h,24h,42,train_only_standard_scaler_v1,eth_usdt_return_1|eth_usdt_log_return_1|eth_usdt_return_3|eth_usdt_log_return_3|eth_usdt_return_6|eth_usdt_log_return_6|eth_usdt_return_12|eth_usdt_log_return_12|eth_usdt_return_24|eth_usdt_log_return_24|eth_usdt_momentum_6|eth_usdt_momentum_12|eth_usdt_momentum_24|eth_usdt_sma_distance_20|eth_usdt_ema_distance_20|eth_usdt_sma_distance_50|eth_usdt_ema_distance_50|eth_usdt_rsi_14|eth_usdt_realized_vol_12|eth_usdt_range_12|eth_usdt_realized_vol_24|eth_usdt_range_24|eth_usdt_realized_vol_48|eth_usdt_range_48|eth_usdt_relative_volume_24|eth_usdt_range_position_20|eth_usdt_breakout_distance_20|eth_usdt_range_position_55|eth_usdt_breakout_distance_55,direction_raw_v1,1 days 00:00:00,1 days 00:00:00,2017-08-17T00:00:00Z,2021-12-31T23:59:59Z,2022-01-01T00:00:00Z,2022-12-31T23:59:59Z,38142,8760,False,0.51239354648143,0.49672688142355276,0.5143199259189626,0.6934165389484227,0.2501229849904174,0.5195205479452055,-0.0020823426967760874,8760.0,0.48162100456621004,0.35799086757990867,0.6420091324200913,-0.00027990221140768666,0.0030874019716899044,0.07066210045662101,0.052054794520547946,0.0027757370340863083,0.003005874513592165,0.016210045662100457,0.001141552511415525,0.008692766953561304,0.028807312575317923,0.004908675799086758,0.0005707762557077625,0.01245153921120647,0.019078784501618973,0.0019406392694063927,0.00011415525114155251,0.021681822676836767,0.018016360992870517,ROBUST CANDIDATE
bf5b7b37587034e623a4,3.3.0,73026dd08db19c83059c57c75b65bcebf077280cee941bdcbc1155cb400f6517,ETH_USDT_1h_24h_crypto_core_v1_no_macro_1.0.0,crypto_core_v1,hist_gradient_boosting,wf_2022,validation,ETH/USDT,1h,24h,42,train_only_standard_scaler_v1,eth_usdt_return_1|eth_usdt_log_return_1|eth_usdt_return_3|eth_usdt_log_return_3|eth_usdt_return_6|eth_usdt_log_return_6|eth_usdt_return_12|eth_usdt_log_return_12|eth_usdt_return_24|eth_usdt_log_return_24|eth_usdt_momentum_6|eth_usdt_momentum_12|eth_usdt_momentum_24|eth_usdt_sma_distance_20|eth_usdt_ema_distance_20|eth_usdt_sma_distance_50|eth_usdt_ema_distance_50|eth_usdt_rsi_14|eth_usdt_realized_vol_12|eth_usdt_range_12|eth_usdt_realized_vol_24|eth_usdt_range_24|eth_usdt_realized_vol_48|eth_usdt_range_48|eth_usdt_relative_volume_24|eth_usdt_range_position_20|eth_usdt_breakout_distance_20|eth_usdt_range_position_55|eth_usdt_breakout_distance_55,direction_raw_v1,1 days 00:00:00,1 days 00:00:00,2017-08-17T00:00:00Z,2021-12-31T23:59:59Z,2022-01-01T00:00:00Z,2022-12-31T23:59:59Z,38142,8760,False,0.5414926205780741,0.5145453898488447,0.5293784804106839,0.696885461027139,0.25166891761941845,0.525,-0.0020823426967760874,8760.0,0.48162100456621004,0.6180365296803653,0.3819634703196347,-0.0004796663519936194,0.004675555407670374,0.3371004566210046,0.138013698630137,0.0008304189577086006,0.004766859832780456,0.1393835616438356,0.0478310502283105,0.001633498964365008,0.009094290167973258,0.056050228310502284,0.015867579908675798,0.0048562138987004975,0.018390071969621623,0.018378995433789954,0.005136986301369863,0.010646147547286945,0.034194522318638725,ROBUST CANDIDATE
52c8bc39bb037ae6d1d4,3.3.0,73026dd08db19c83059c57c75b65bcebf077280cee941bdcbc1155cb400f6517,ETH_USDT_1h_24h_crypto_core_v1_no_macro_1.0.0,crypto_core_v1,random_forest,wf_2022,validation,ETH/USDT,1h,24h,42,train_only_standard_scaler_v1,eth_usdt_return_1|eth_usdt_log_return_1|eth_usdt_return_3|eth_usdt_log_return_3|eth_usdt_return_6|eth_usdt_log_return_6|eth_usdt_return_12|eth_usdt_log_return_12|eth_usdt_return_24|eth_usdt_log_return_24|eth_usdt_momentum_6|eth_usdt_momentum_12|eth_usdt_momentum_24|eth_usdt_sma_distance_20|eth_usdt_ema_distance_20|eth_usdt_sma_distance_50|eth_usdt_ema_distance_50|eth_usdt_rsi_14|eth_usdt_realized_vol_12|eth_usdt_range_12|eth_usdt_realized_vol_24|eth_usdt_range_24|eth_usdt_realized_vol_48|eth_usdt_range_48|eth_usdt_relative_volume_24|eth_usdt_range_position_20|eth_usdt_breakout_distance_20|eth_usdt_range_position_55|eth_usdt_breakout_distance_55,direction_raw_v1,1 days 00:00:00,1 days 00:00:00,2017-08-17T00:00:00Z,2021-12-31T23:59:59Z,2022-01-01T00:00:00Z,2022-12-31T23:59:59Z,38142,8760,False,0.5302610400335016,0.5150155156426117,0.5248795324514017,0.6945140133560884,0.2504709288688458,0.5268264840182648,-0.0020823426967760874,8760.0,0.48162100456621004,0.4461187214611872,0.5538812785388127,-0.0012160768492748839,0.0027800687751014593,0.17625570776255708,0.19726027397260273,0.0026222336836140216,0.0032717049973194643,0.06038812785388128,0.044634703196347034,0.00765300232318186,0.004143166511891314,0.020776255707762557,0.011757990867579908,0.014185561637946962,0.015869868012045825,0.010159817351598174,0.005251141552511416,0.011582512684572282,0.043507910050433425,ROBUST CANDIDATE
c57128b13e675682441c,3.3.0,73026dd08db19c83059c57c75b65bcebf077280cee941bdcbc1155cb400f6517,ETH_USDT_1h_24h_crypto_core_v1_no_macro_1.0.0,crypto_core_v1,logistic_regression,wf_2023,validation,ETH/USDT,1h,24h,42,train_only_standard_scaler_v1,eth_usdt_return_1|eth_usdt_log_return_1|eth_usdt_return_3|eth_usdt_log_return_3|eth_usdt_return_6|eth_usdt_log_return_6|eth_usdt_return_12|eth_usdt_log_return_12|eth_usdt_return_24|eth_usdt_log_return_24|eth_usdt_momentum_6|eth_usdt_momentum_12|eth_usdt_momentum_24|eth_usdt_sma_distance_20|eth_usdt_ema_distance_20|eth_usdt_sma_distance_50|eth_usdt_ema_distance_50|eth_usdt_rsi_14|eth_usdt_realized_vol_12|eth_usdt_range_12|eth_usdt_realized_vol_24|eth_usdt_range_24|eth_usdt_realized_vol_48|eth_usdt_range_48|eth_usdt_relative_volume_24|eth_usdt_range_position_20|eth_usdt_breakout_distance_20|eth_usdt_range_position_55|eth_usdt_breakout_distance_55,direction_raw_v1,1 days 00:00:00,1 days 00:00:00,2017-08-17T00:00:00Z,2022-12-31T23:59:59Z,2023-01-01T00:00:00Z,2023-12-31T23:59:59Z,46902,8759,False,0.5309672328492396,0.5334975136758116,0.5119829765650386,0.6929890797393936,0.2499206251208172,0.509418883434182,0.0020861259844767105,8759.0,0.5032537960954447,0.10606233588309168,0.8939376641169083,0.005474309104090019,-0.0016841308225200359,0.0029683753853179586,0.03790387030482932,0.0066818621131569025,-0.002270559761260086,0.0,0.0,,,0.0,0.0,,,0.0,0.0,,,ROBUST CANDIDATE
c25e4b5f2b7b5a8e93d6,3.3.0,73026dd08db19c83059c57c75b65bcebf077280cee941bdcbc1155cb400f6517,ETH_USDT_1h_24h_crypto_core_v1_no_macro_1.0.0,crypto_core_v1,hist_gradient_boosting,wf_2023,validation,ETH/USDT,1h,24h,42,train_only_standard_scaler_v1,eth_usdt_return_1|eth_usdt_log_return_1|eth_usdt_return_3|eth_usdt_log_return_3|eth_usdt_return_6|eth_usdt_log_return_6|eth_usdt_return_12|eth_usdt_log_return_12|eth_usdt_return_24|eth_usdt_log_return_24|eth_usdt_momentum_6|eth_usdt_momentum_12|eth_usdt_momentum_24|eth_usdt_sma_distance_20|eth_usdt_ema_distance_20|eth_usdt_sma_distance_50|eth_usdt_ema_distance_50|eth_usdt_rsi_14|eth_usdt_realized_vol_12|eth_usdt_range_12|eth_usdt_realized_vol_24|eth_usdt_range_24|eth_usdt_realized_vol_48|eth_usdt_range_48|eth_usdt_relative_volume_24|eth_usdt_range_position_20|eth_usdt_breakout_distance_20|eth_usdt_range_position_55|eth_usdt_breakout_distance_55,direction_raw_v1,1 days 00:00:00,1 days 00:00:00,2017-08-17T00:00:00Z,2022-12-31T23:59:59Z,2023-01-01T00:00:00Z,2023-12-31T23:59:59Z,46902,8759,False,0.5225914177478028,0.5220584784938073,0.5119606868020827,0.7005239383472759,0.25346284104288114,0.5118164173992464,0.0020861259844767105,8759.0,0.5032537960954447,0.47790843703619135,0.5220915629638087,0.0016697807009812466,-0.0024672371492945565,0.25379609544468545,0.26270122160063936,0.0019701317125986684,-0.001351978205204762,0.10982988925676447,0.09498801233017468,0.0006223287905898873,-0.002250732397051099,0.035620504623815503,0.02511702249115196,0.0002604593532791413,-0.006528586106397398,0.007078433611142824,0.0026258705331658866,0.003710417269004376,-0.015286556688798303,ROBUST CANDIDATE
62323a2dcc0b439909b3,3.3.0,73026dd08db19c83059c57c75b65bcebf077280cee941bdcbc1155cb400f6517,ETH_USDT_1h_24h_crypto_core_v1_no_macro_1.0.0,crypto_core_v1,random_forest,wf_2023,validation,ETH/USDT,1h,24h,42,train_only_standard_scaler_v1,eth_usdt_return_1|eth_usdt_log_return_1|eth_usdt_return_3|eth_usdt_log_return_3|eth_usdt_return_6|eth_usdt_log_return_6|eth_usdt_return_12|eth_usdt_log_return_12|eth_usdt_return_24|eth_usdt_log_return_24|eth_usdt_momentum_6|eth_usdt_momentum_12|eth_usdt_momentum_24|eth_usdt_sma_distance_20|eth_usdt_ema_distance_20|eth_usdt_sma_distance_50|eth_usdt_ema_distance_50|eth_usdt_rsi_14|eth_usdt_realized_vol_12|eth_usdt_range_12|eth_usdt_realized_vol_24|eth_usdt_range_24|eth_usdt_realized_vol_48|eth_usdt_range_48|eth_usdt_relative_volume_24|eth_usdt_range_position_20|eth_usdt_breakout_distance_20|eth_usdt_range_position_55|eth_usdt_breakout_distance_55,direction_raw_v1,1 days 00:00:00,1 days 00:00:00,2017-08-17T00:00:00Z,2022-12-31T23:59:59Z,2023-01-01T00:00:00Z,2023-12-31T23:59:59Z,46902,8759,False,0.5374590546178966,0.5282864572327006,0.5270018188446572,0.6949692384630292,0.25083160239409696,0.5258591163374815,0.0020861259844767105,8759.0,0.5032537960954447,0.3245804315561137,0.6754195684438863,0.0025906624199858465,-0.0018436653546334933,0.1255851124557598,0.3398789816189063,0.0020348699048305468,-0.00117098032878263,0.04623815504052974,0.07021349469117479,-0.000645815513264148,-0.0022670371819338534,0.01586939148304601,0.016440232903299462,-0.0020965706945421355,0.0008293540969435008,0.005137572782281082,0.007763443315446969,0.0020357040073594795,0.00017841040172966401,ROBUST CANDIDATE
97718c48c80f9f273a1e,3.3.0,73026dd08db19c83059c57c75b65bcebf077280cee941bdcbc1155cb400f6517,ETH_USDT_1h_24h_crypto_core_v1_no_macro_1.0.0,crypto_core_v1,logistic_regression,wf_2024,validation,ETH/USDT,1h,24h,42,train_only_standard_scaler_v1,eth_usdt_return_1|eth_usdt_log_return_1|eth_usdt_return_3|eth_usdt_log_return_3|eth_usdt_return_6|eth_usdt_log_return_6|eth_usdt_return_12|eth_usdt_log_return_12|eth_usdt_return_24|eth_usdt_log_return_24|eth_usdt_momentum_6|eth_usdt_momentum_12|eth_usdt_momentum_24|eth_usdt_sma_distance_20|eth_usdt_ema_distance_20|eth_usdt_sma_distance_50|eth_usdt_ema_distance_50|eth_usdt_rsi_14|eth_usdt_realized_vol_12|eth_usdt_range_12|eth_usdt_realized_vol_24|eth_usdt_range_24|eth_usdt_realized_vol_48|eth_usdt_range_48|eth_usdt_relative_volume_24|eth_usdt_range_position_20|eth_usdt_breakout_distance_20|eth_usdt_range_position_55|eth_usdt_breakout_distance_55,direction_raw_v1,1 days 00:00:00,1 days 00:00:00,2017-08-17T00:00:00Z,2023-12-31T23:59:59Z,2024-01-01T00:00:00Z,2024-12-31T23:59:59Z,55661,8784,False,0.5295871155592626,0.5698467334348544,0.525040590767103,0.6925135147670192,0.24969060459088568,0.5153688524590164,0.0015773950711844586,8784.0,0.5285746812386156,0.33219489981785066,0.6678051001821493,0.00216416180448428,-0.0012855121308897304,0.023451730418943533,0.05669398907103825,0.020669161782617382,-0.001137776499390072,0.0025045537340619307,0.00022768670309653916,0.06807238383185937,0.006002219155417043,0.000569216757741348,0.0,0.0701584309556699,,0.0,0.0,,,ROBUST CANDIDATE
a4ce70b54bd72b38e1c3,3.3.0,73026dd08db19c83059c57c75b65bcebf077280cee941bdcbc1155cb400f6517,ETH_USDT_1h_24h_crypto_core_v1_no_macro_1.0.0,crypto_core_v1,hist_gradient_boosting,wf_2024,validation,ETH/USDT,1h,24h,42,train_only_standard_scaler_v1,eth_usdt_return_1|eth_usdt_log_return_1|eth_usdt_return_3|eth_usdt_log_return_3|eth_usdt_return_6|eth_usdt_log_return_6|eth_usdt_return_12|eth_usdt_log_return_12|eth_usdt_return_24|eth_usdt_log_return_24|eth_usdt_momentum_6|eth_usdt_momentum_12|eth_usdt_momentum_24|eth_usdt_sma_distance_20|eth_usdt_ema_distance_20|eth_usdt_sma_distance_50|eth_usdt_ema_distance_50|eth_usdt_rsi_14|eth_usdt_realized_vol_12|eth_usdt_range_12|eth_usdt_realized_vol_24|eth_usdt_range_24|eth_usdt_realized_vol_48|eth_usdt_range_48|eth_usdt_relative_volume_24|eth_usdt_range_position_20|eth_usdt_breakout_distance_20|eth_usdt_range_position_55|eth_usdt_breakout_distance_55,direction_raw_v1,1 days 00:00:00,1 days 00:00:00,2017-08-17T00:00:00Z,2023-12-31T23:59:59Z,2024-01-01T00:00:00Z,2024-12-31T23:59:59Z,55661,8784,False,0.534230693074508,0.5673671414292898,0.5296503090525901,0.6930384038671841,0.24990408914038062,0.5318761384335154,0.0015773950711844586,8784.0,0.5285746812386156,0.5406420765027322,0.4593579234972678,0.0018888505815122644,-0.0012108269872819187,0.22176684881602915,0.17076502732240437,0.002095471428479595,-0.0011661008036693366,0.06614298724954462,0.038706739526411654,0.005836223994025898,-0.0028779474789402317,0.014571948998178506,0.007172131147540984,0.016461563315332384,0.0008687880579706076,0.0026183970856102005,0.0025045537340619307,0.03784305954492223,-0.001763177419055386,ROBUST CANDIDATE
e108c0664b8a8f938567,3.3.0,73026dd08db19c83059c57c75b65bcebf077280cee941bdcbc1155cb400f6517,ETH_USDT_1h_24h_crypto_core_v1_no_macro_1.0.0,crypto_core_v1,random_forest,wf_2024,validation,ETH/USDT,1h,24h,42,train_only_standard_scaler_v1,eth_usdt_return_1|eth_usdt_log_return_1|eth_usdt_return_3|eth_usdt_log_return_3|eth_usdt_return_6|eth_usdt_log_return_6|eth_usdt_return_12|eth_usdt_log_return_12|eth_usdt_return_24|eth_usdt_log_return_24|eth_usdt_momentum_6|eth_usdt_momentum_12|eth_usdt_momentum_24|eth_usdt_sma_distance_20|eth_usdt_ema_distance_20|eth_usdt_sma_distance_50|eth_usdt_ema_distance_50|eth_usdt_rsi_14|eth_usdt_realized_vol_12|eth_usdt_range_12|eth_usdt_realized_vol_24|eth_usdt_range_24|eth_usdt_realized_vol_48|eth_usdt_range_48|eth_usdt_relative_volume_24|eth_usdt_range_position_20|eth_usdt_breakout_distance_20|eth_usdt_range_position_55|eth_usdt_breakout_distance_55,direction_raw_v1,1 days 00:00:00,1 days 00:00:00,2017-08-17T00:00:00Z,2023-12-31T23:59:59Z,2024-01-01T00:00:00Z,2024-12-31T23:59:59Z,55661,8784,False,0.523888830838716,0.5561628005474535,0.5173583944338132,0.694820527023086,0.2508100133319413,0.5105874316939891,0.0015773950711844586,8784.0,0.5285746812386156,0.3825136612021858,0.6174863387978142,0.0011646169814250437,-0.001833098312628344,0.1407103825136612,0.19433060109289618,0.0031295175810878073,-0.002783220455105294,0.03381147540983607,0.01627959927140255,0.007678455001034634,0.002781177693808518,0.0042122040072859745,0.005236794171220401,0.04840724798600953,0.004701489219425401,0.001366120218579235,0.002163023679417122,0.08098839868777398,-0.004662227520825492,ROBUST CANDIDATE
41652d216dff096fef60,3.3.0,73026dd08db19c83059c57c75b65bcebf077280cee941bdcbc1155cb400f6517,ETH_USDT_1h_24h_crypto_core_v1+crypto_context_proxy_v1_macro_proxy_1.0.0,crypto_core_v1+crypto_context_proxy_v1,logistic_regression,wf_2022,validation,ETH/USDT,1h,24h,42,train_only_standard_scaler_v1,eth_usdt_return_1|eth_usdt_log_return_1|eth_usdt_return_3|eth_usdt_log_return_3|eth_usdt_return_6|eth_usdt_log_return_6|eth_usdt_return_12|eth_usdt_log_return_12|eth_usdt_return_24|eth_usdt_log_return_24|eth_usdt_momentum_6|eth_usdt_momentum_12|eth_usdt_momentum_24|eth_usdt_sma_distance_20|eth_usdt_ema_distance_20|eth_usdt_sma_distance_50|eth_usdt_ema_distance_50|eth_usdt_rsi_14|eth_usdt_realized_vol_12|eth_usdt_range_12|eth_usdt_realized_vol_24|eth_usdt_range_24|eth_usdt_realized_vol_48|eth_usdt_range_48|eth_usdt_relative_volume_24|eth_usdt_range_position_20|eth_usdt_breakout_distance_20|eth_usdt_range_position_55|eth_usdt_breakout_distance_55|macro_es_f_proxy_value|macro_es_f_proxy_return_1|macro_nq_f_proxy_value|macro_nq_f_proxy_return_1|macro_vix_proxy_value|macro_vix_proxy_return_1|macro_urth_proxy_value|macro_urth_proxy_return_1,direction_raw_v1,1 days 00:00:00,1 days 00:00:00,2017-08-17T00:00:00Z,2021-12-31T23:59:59Z,2022-01-01T00:00:00Z,2022-12-31T23:59:59Z,20813,8760,False,0.5270314517138861,0.4999558306841536,0.4976974424744261,0.699427832929971,0.2530469225952513,0.5139269406392694,-0.0020823426967760874,8760.0,0.48162100456621004,0.05856164383561644,0.9414383561643835,-0.0029665735176111975,0.0020273396155237027,0.01358447488584475,0.7610730593607306,-0.008331011385839889,0.003494319575319298,0.0036529680365296802,0.3036529680365297,0.025558639862961464,0.004503493064767463,0.0010273972602739725,0.014041095890410958,0.0819699346451463,0.010169821354576565,0.0,0.00011415525114155251,,0.024864766797324522,ROBUST CANDIDATE
13bf7826e5c8895cc690,3.3.0,73026dd08db19c83059c57c75b65bcebf077280cee941bdcbc1155cb400f6517,ETH_USDT_1h_24h_crypto_core_v1+crypto_context_proxy_v1_macro_proxy_1.0.0,crypto_core_v1+crypto_context_proxy_v1,hist_gradient_boosting,wf_2022,validation,ETH/USDT,1h,24h,42,train_only_standard_scaler_v1,eth_usdt_return_1|eth_usdt_log_return_1|eth_usdt_return_3|eth_usdt_log_return_3|eth_usdt_return_6|eth_usdt_log_return_6|eth_usdt_return_12|eth_usdt_log_return_12|eth_usdt_return_24|eth_usdt_log_return_24|eth_usdt_momentum_6|eth_usdt_momentum_12|eth_usdt_momentum_24|eth_usdt_sma_distance_20|eth_usdt_ema_distance_20|eth_usdt_sma_distance_50|eth_usdt_ema_distance_50|eth_usdt_rsi_14|eth_usdt_realized_vol_12|eth_usdt_range_12|eth_usdt_realized_vol_24|eth_usdt_range_24|eth_usdt_realized_vol_48|eth_usdt_range_48|eth_usdt_relative_volume_24|eth_usdt_range_position_20|eth_usdt_breakout_distance_20|eth_usdt_range_position_55|eth_usdt_breakout_distance_55|macro_es_f_proxy_value|macro_es_f_proxy_return_1|macro_nq_f_proxy_value|macro_nq_f_proxy_return_1|macro_vix_proxy_value|macro_vix_proxy_return_1|macro_urth_proxy_value|macro_urth_proxy_return_1,direction_raw_v1,1 days 00:00:00,1 days 00:00:00,2017-08-17T00:00:00Z,2021-12-31T23:59:59Z,2022-01-01T00:00:00Z,2022-12-31T23:59:59Z,20813,8760,False,0.5176747068491189,0.5013763383417361,0.5120850929763265,0.7400524469030387,0.2708760662463742,0.5039954337899544,-0.0020823426967760874,8760.0,0.48162100456621004,0.719634703196347,0.28036529680365296,-0.0009884315033602655,0.004890166867498133,0.5930365296803652,0.179337899543379,-0.0009502954229822491,0.006563957920205796,0.446689497716895,0.10821917808219178,-0.0007115985369067205,0.009716183719522802,0.31952054794520546,0.059703196347031966,-0.0012092880302259016,0.012183095995194211,0.19006849315068494,0.030707762557077627,-0.0025459299908061677,0.011745447854540831,ROBUST CANDIDATE
06d33f3e4222ee9bbfa7,3.3.0,73026dd08db19c83059c57c75b65bcebf077280cee941bdcbc1155cb400f6517,ETH_USDT_1h_24h_crypto_core_v1+crypto_context_proxy_v1_macro_proxy_1.0.0,crypto_core_v1+crypto_context_proxy_v1,random_forest,wf_2022,validation,ETH/USDT,1h,24h,42,train_only_standard_scaler_v1,eth_usdt_return_1|eth_usdt_log_return_1|eth_usdt_return_3|eth_usdt_log_return_3|eth_usdt_return_6|eth_usdt_log_return_6|eth_usdt_return_12|eth_usdt_log_return_12|eth_usdt_return_24|eth_usdt_log_return_24|eth_usdt_momentum_6|eth_usdt_momentum_12|eth_usdt_momentum_24|eth_usdt_sma_distance_20|eth_usdt_ema_distance_20|eth_usdt_sma_distance_50|eth_usdt_ema_distance_50|eth_usdt_rsi_14|eth_usdt_realized_vol_12|eth_usdt_range_12|eth_usdt_realized_vol_24|eth_usdt_range_24|eth_usdt_realized_vol_48|eth_usdt_range_48|eth_usdt_relative_volume_24|eth_usdt_range_position_20|eth_usdt_breakout_distance_20|eth_usdt_range_position_55|eth_usdt_breakout_distance_55|macro_es_f_proxy_value|macro_es_f_proxy_return_1|macro_nq_f_proxy_value|macro_nq_f_proxy_return_1|macro_vix_proxy_value|macro_vix_proxy_return_1|macro_urth_proxy_value|macro_urth_proxy_return_1,direction_raw_v1,1 days 00:00:00,1 days 00:00:00,2017-08-17T00:00:00Z,2021-12-31T23:59:59Z,2022-01-01T00:00:00Z,2022-12-31T23:59:59Z,20813,8760,False,0.5079864638523758,0.48736958428138344,0.5021749377912516,0.7083635567218974,0.2572704404015461,0.4958904109589041,-0.0020823426967760874,8760.0,0.48162100456621004,0.6708904109589041,0.3291095890410959,-0.0016542327801699471,0.002955045430003382,0.3926940639269406,0.14965753424657535,-0.0003155797595217416,0.006239099469845868,0.1917808219178082,0.06621004566210045,-0.0034722096309657024,0.010543753720985979,0.07260273972602739,0.020776255707762557,-0.002461054848913843,0.024191543436232504,0.01872146118721461,0.006506849315068493,0.012559984228745732,0.030280130130611146,ROBUST CANDIDATE
bc706d9e3f9cd09789a0,3.3.0,73026dd08db19c83059c57c75b65bcebf077280cee941bdcbc1155cb400f6517,ETH_USDT_1h_24h_crypto_core_v1+crypto_context_proxy_v1_macro_proxy_1.0.0,crypto_core_v1+crypto_context_proxy_v1,logistic_regression,wf_2023,validation,ETH/USDT,1h,24h,42,train_only_standard_scaler_v1,eth_usdt_return_1|eth_usdt_log_return_1|eth_usdt_return_3|eth_usdt_log_return_3|eth_usdt_return_6|eth_usdt_log_return_6|eth_usdt_return_12|eth_usdt_log_return_12|eth_usdt_return_24|eth_usdt_log_return_24|eth_usdt_momentum_6|eth_usdt_momentum_12|eth_usdt_momentum_24|eth_usdt_sma_distance_20|eth_usdt_ema_distance_20|eth_usdt_sma_distance_50|eth_usdt_ema_distance_50|eth_usdt_rsi_14|eth_usdt_realized_vol_12|eth_usdt_range_12|eth_usdt_realized_vol_24|eth_usdt_range_24|eth_usdt_realized_vol_48|eth_usdt_range_48|eth_usdt_relative_volume_24|eth_usdt_range_position_20|eth_usdt_breakout_distance_20|eth_usdt_range_position_55|eth_usdt_breakout_distance_55|macro_es_f_proxy_value|macro_es_f_proxy_return_1|macro_nq_f_proxy_value|macro_nq_f_proxy_return_1|macro_vix_proxy_value|macro_vix_proxy_return_1|macro_urth_proxy_value|macro_urth_proxy_return_1,direction_raw_v1,1 days 00:00:00,1 days 00:00:00,2017-08-17T00:00:00Z,2022-12-31T23:59:59Z,2023-01-01T00:00:00Z,2023-12-31T23:59:59Z,29573,8759,False,0.5050753399201886,0.5193593034075814,0.5103929734741914,0.6978248674349145,0.25228907140235973,0.5101038931384861,0.0020861259844767105,8759.0,0.5032537960954447,0.4556456216463067,0.5443543783536934,0.0019478793077246082,-0.0022018437879409805,0.043840621075465235,0.16691403128210983,0.004756636566925731,-0.005298950556291727,0.0010275145564562164,0.02671537846786163,0.0002456584771198564,-0.02134190603771142,0.0,0.00011416828405069072,,0.004099334982491043,0.0,0.0,,,ROBUST CANDIDATE
b23c94a3685690308f20,3.3.0,73026dd08db19c83059c57c75b65bcebf077280cee941bdcbc1155cb400f6517,ETH_USDT_1h_24h_crypto_core_v1+crypto_context_proxy_v1_macro_proxy_1.0.0,crypto_core_v1+crypto_context_proxy_v1,hist_gradient_boosting,wf_2023,validation,ETH/USDT,1h,24h,42,train_only_standard_scaler_v1,eth_usdt_return_1|eth_usdt_log_return_1|eth_usdt_return_3|eth_usdt_log_return_3|eth_usdt_return_6|eth_usdt_log_return_6|eth_usdt_return_12|eth_usdt_log_return_12|eth_usdt_return_24|eth_usdt_log_return_24|eth_usdt_momentum_6|eth_usdt_momentum_12|eth_usdt_momentum_24|eth_usdt_sma_distance_20|eth_usdt_ema_distance_20|eth_usdt_sma_distance_50|eth_usdt_ema_distance_50|eth_usdt_rsi_14|eth_usdt_realized_vol_12|eth_usdt_range_12|eth_usdt_realized_vol_24|eth_usdt_range_24|eth_usdt_realized_vol_48|eth_usdt_range_48|eth_usdt_relative_volume_24|eth_usdt_range_position_20|eth_usdt_breakout_distance_20|eth_usdt_range_position_55|eth_usdt_breakout_distance_55|macro_es_f_proxy_value|macro_es_f_proxy_return_1|macro_nq_f_proxy_value|macro_nq_f_proxy_return_1|macro_vix_proxy_value|macro_vix_proxy_return_1|macro_urth_proxy_value|macro_urth_proxy_return_1,direction_raw_v1,1 days 00:00:00,1 days 00:00:00,2017-08-17T00:00:00Z,2022-12-31T23:59:59Z,2023-01-01T00:00:00Z,2023-12-31T23:59:59Z,29573,8759,False,0.535249630745962,0.537757701675173,0.5254767037304147,0.7043204627720523,0.2547642205817955,0.5254024432012787,0.0020861259844767105,8759.0,0.5032537960954447,0.48875442402100694,0.511245575978993,0.002547605257627843,-0.0016449485015914947,0.2955816874072383,0.3206987098983902,0.0030116095687479113,-0.0023844821308663584,0.14054115766640027,0.16874072382692087,0.003882771163420533,-0.002634847832996182,0.05080488640255737,0.09624386345473228,0.0041702207532198455,-9.132801316373218e-05,0.014727708642539103,0.04532480876812422,-0.003448451584628307,-0.0013815014179987112,ROBUST CANDIDATE
6e64f67b3f79fc68f552,3.3.0,73026dd08db19c83059c57c75b65bcebf077280cee941bdcbc1155cb400f6517,ETH_USDT_1h_24h_crypto_core_v1+crypto_context_proxy_v1_macro_proxy_1.0.0,crypto_core_v1+crypto_context_proxy_v1,random_forest,wf_2023,validation,ETH/USDT,1h,24h,42,train_only_standard_scaler_v1,eth_usdt_return_1|eth_usdt_log_return_1|eth_usdt_return_3|eth_usdt_log_return_3|eth_usdt_return_6|eth_usdt_log_return_6|eth_usdt_return_12|eth_usdt_log_return_12|eth_usdt_return_24|eth_usdt_log_return_24|eth_usdt_momentum_6|eth_usdt_momentum_12|eth_usdt_momentum_24|eth_usdt_sma_distance_20|eth_usdt_ema_distance_20|eth_usdt_sma_distance_50|eth_usdt_ema_distance_50|eth_usdt_rsi_14|eth_usdt_realized_vol_12|eth_usdt_range_12|eth_usdt_realized_vol_24|eth_usdt_range_24|eth_usdt_realized_vol_48|eth_usdt_range_48|eth_usdt_relative_volume_24|eth_usdt_range_position_20|eth_usdt_breakout_distance_20|eth_usdt_range_position_55|eth_usdt_breakout_distance_55|macro_es_f_proxy_value|macro_es_f_proxy_return_1|macro_nq_f_proxy_value|macro_nq_f_proxy_return_1|macro_vix_proxy_value|macro_vix_proxy_return_1|macro_urth_proxy_value|macro_urth_proxy_return_1,direction_raw_v1,1 days 00:00:00,1 days 00:00:00,2017-08-17T00:00:00Z,2022-12-31T23:59:59Z,2023-01-01T00:00:00Z,2023-12-31T23:59:59Z,29573,8759,False,0.5252212187281143,0.5187344328918756,0.5151951790710023,0.6968523074087078,0.2517501717875202,0.5144422879324124,0.0020861259844767105,8759.0,0.5032537960954447,0.3844046123986756,0.6155953876013244,0.001524052190869647,-0.002437109378963911,0.15526886630893938,0.2878182440917913,0.0024760402387202347,-0.002036761391546611,0.048978193857746315,0.0677017924420596,0.0008501748226525976,0.00030072376950542024,0.008562621303801804,0.01267267952962667,-0.005368479944741932,0.000534915380009739,0.0006850097043041443,0.00479506793012901,0.022605150369115607,-0.0036374058065813874,ROBUST CANDIDATE
b8cd0ac5fd17e22b848c,3.3.0,73026dd08db19c83059c57c75b65bcebf077280cee941bdcbc1155cb400f6517,ETH_USDT_1h_24h_crypto_core_v1+crypto_context_proxy_v1_macro_proxy_1.0.0,crypto_core_v1+crypto_context_proxy_v1,logistic_regression,wf_2024,validation,ETH/USDT,1h,24h,42,train_only_standard_scaler_v1,eth_usdt_return_1|eth_usdt_log_return_1|eth_usdt_return_3|eth_usdt_log_return_3|eth_usdt_return_6|eth_usdt_log_return_6|eth_usdt_return_12|eth_usdt_log_return_12|eth_usdt_return_24|eth_usdt_log_return_24|eth_usdt_momentum_6|eth_usdt_momentum_12|eth_usdt_momentum_24|eth_usdt_sma_distance_20|eth_usdt_ema_distance_20|eth_usdt_sma_distance_50|eth_usdt_ema_distance_50|eth_usdt_rsi_14|eth_usdt_realized_vol_12|eth_usdt_range_12|eth_usdt_realized_vol_24|eth_usdt_range_24|eth_usdt_realized_vol_48|eth_usdt_range_48|eth_usdt_relative_volume_24|eth_usdt_range_position_20|eth_usdt_breakout_distance_20|eth_usdt_range_position_55|eth_usdt_breakout_distance_55|macro_es_f_proxy_value|macro_es_f_proxy_return_1|macro_nq_f_proxy_value|macro_nq_f_proxy_return_1|macro_vix_proxy_value|macro_vix_proxy_return_1|macro_urth_proxy_value|macro_urth_proxy_return_1,direction_raw_v1,1 days 00:00:00,1 days 00:00:00,2017-08-17T00:00:00Z,2023-12-31T23:59:59Z,2024-01-01T00:00:00Z,2024-12-31T23:59:59Z,38332,8784,False,0.5319522685761955,0.5647916979572416,0.5098447920993883,0.7051637449096867,0.25588759773059705,0.4870218579234973,0.0015773950711844586,8784.0,0.5285746812386156,0.10120673952641165,0.8987932604735883,0.004137051657619882,-0.0012891702826675375,0.004326047358834244,0.5717213114754098,0.04815112244247581,-0.0008614564990756808,0.00011384335154826958,0.16336520947176686,0.11330509333130734,-0.0024263473667995045,0.0,0.006944444444444444,,-0.006821272177689349,0.0,0.0,,,ROBUST CANDIDATE
7a347d7950636111f37b,3.3.0,73026dd08db19c83059c57c75b65bcebf077280cee941bdcbc1155cb400f6517,ETH_USDT_1h_24h_crypto_core_v1+crypto_context_proxy_v1_macro_proxy_1.0.0,crypto_core_v1+crypto_context_proxy_v1,hist_gradient_boosting,wf_2024,validation,ETH/USDT,1h,24h,42,train_only_standard_scaler_v1,eth_usdt_return_1|eth_usdt_log_return_1|eth_usdt_return_3|eth_usdt_log_return_3|eth_usdt_return_6|eth_usdt_log_return_6|eth_usdt_return_12|eth_usdt_log_return_12|eth_usdt_return_24|eth_usdt_log_return_24|eth_usdt_momentum_6|eth_usdt_momentum_12|eth_usdt_momentum_24|eth_usdt_sma_distance_20|eth_usdt_ema_distance_20|eth_usdt_sma_distance_50|eth_usdt_ema_distance_50|eth_usdt_rsi_14|eth_usdt_realized_vol_12|eth_usdt_range_12|eth_usdt_realized_vol_24|eth_usdt_range_24|eth_usdt_realized_vol_48|eth_usdt_range_48|eth_usdt_relative_volume_24|eth_usdt_range_position_20|eth_usdt_breakout_distance_20|eth_usdt_range_position_55|eth_usdt_breakout_distance_55|macro_es_f_proxy_value|macro_es_f_proxy_return_1|macro_nq_f_proxy_value|macro_nq_f_proxy_return_1|macro_vix_proxy_value|macro_vix_proxy_return_1|macro_urth_proxy_value|macro_urth_proxy_return_1,direction_raw_v1,1 days 00:00:00,1 days 00:00:00,2017-08-17T00:00:00Z,2023-12-31T23:59:59Z,2024-01-01T00:00:00Z,2024-12-31T23:59:59Z,38332,8784,False,0.5315688947166755,0.5543927577468948,0.5148014244593563,0.7569631559343241,0.27828325256492914,0.4951047358834244,0.0015773950711844586,8784.0,0.5285746812386156,0.15619307832422585,0.8438069216757741,0.0007369816743903285,-0.0017329599902888228,0.0763888888888889,0.7324681238615665,-0.0001914845768281969,-0.00222505112734559,0.02698087431693989,0.588683970856102,0.003073193154579758,-0.0025275020841296135,0.006375227686703097,0.4318078324225865,0.0029385189145696633,-0.002788345261378048,0.0007969034608378871,0.2755009107468124,0.00759918687454475,-0.0029560008508282805,ROBUST CANDIDATE
aacd0bb20ed44bb60f8c,3.3.0,73026dd08db19c83059c57c75b65bcebf077280cee941bdcbc1155cb400f6517,ETH_USDT_1h_24h_crypto_core_v1+crypto_context_proxy_v1_macro_proxy_1.0.0,crypto_core_v1+crypto_context_proxy_v1,random_forest,wf_2024,validation,ETH/USDT,1h,24h,42,train_only_standard_scaler_v1,eth_usdt_return_1|eth_usdt_log_return_1|eth_usdt_return_3|eth_usdt_log_return_3|eth_usdt_return_6|eth_usdt_log_return_6|eth_usdt_return_12|eth_usdt_log_return_12|eth_usdt_return_24|eth_usdt_log_return_24|eth_usdt_momentum_6|eth_usdt_momentum_12|eth_usdt_momentum_24|eth_usdt_sma_distance_20|eth_usdt_ema_distance_20|eth_usdt_sma_distance_50|eth_usdt_ema_distance_50|eth_usdt_rsi_14|eth_usdt_realized_vol_12|eth_usdt_range_12|eth_usdt_realized_vol_24|eth_usdt_range_24|eth_usdt_realized_vol_48|eth_usdt_range_48|eth_usdt_relative_volume_24|eth_usdt_range_position_20|eth_usdt_breakout_distance_20|eth_usdt_range_position_55|eth_usdt_breakout_distance_55|macro_es_f_proxy_value|macro_es_f_proxy_return_1|macro_nq_f_proxy_value|macro_nq_f_proxy_return_1|macro_vix_proxy_value|macro_vix_proxy_return_1|macro_urth_proxy_value|macro_urth_proxy_return_1,direction_raw_v1,1 days 00:00:00,1 days 00:00:00,2017-08-17T00:00:00Z,2023-12-31T23:59:59Z,2024-01-01T00:00:00Z,2024-12-31T23:59:59Z,38332,8784,False,0.5210282200296535,0.5605094223588967,0.5098605774699436,0.7455227020171759,0.2731383589747444,0.49168943533697634,0.0015773950711844586,8784.0,0.5285746812386156,0.1826047358834244,0.8173952641165756,0.00040645741805594017,-0.001838980585894507,0.07547814207650273,0.6666666666666666,0.0016208280876184632,-0.0019864966443995345,0.017759562841530054,0.5026183970856102,0.011969462342471452,-0.0030545892132048023,0.002163023679417122,0.34255464480874315,0.04893054941765702,-0.0042707417249086745,0.00034153005464480874,0.18841074681238615,0.03628118683079736,-0.0052469099715489855,ROBUST CANDIDATE
24d9db8cc0eaf3a6bfce,3.3.0,73026dd08db19c83059c57c75b65bcebf077280cee941bdcbc1155cb400f6517,ETH_USDT_1h_3d_crypto_core_v1_no_macro_1.0.0,crypto_core_v1,logistic_regression,wf_2022,validation,ETH/USDT,1h,3d,42,train_only_standard_scaler_v1,eth_usdt_return_1|eth_usdt_log_return_1|eth_usdt_return_3|eth_usdt_log_return_3|eth_usdt_return_6|eth_usdt_log_return_6|eth_usdt_return_12|eth_usdt_log_return_12|eth_usdt_return_24|eth_usdt_log_return_24|eth_usdt_momentum_6|eth_usdt_momentum_12|eth_usdt_momentum_24|eth_usdt_sma_distance_20|eth_usdt_ema_distance_20|eth_usdt_sma_distance_50|eth_usdt_ema_distance_50|eth_usdt_rsi_14|eth_usdt_realized_vol_12|eth_usdt_range_12|eth_usdt_realized_vol_24|eth_usdt_range_24|eth_usdt_realized_vol_48|eth_usdt_range_48|eth_usdt_relative_volume_24|eth_usdt_range_position_20|eth_usdt_breakout_distance_20|eth_usdt_range_position_55|eth_usdt_breakout_distance_55,direction_raw_v1,3 days 00:00:00,3 days 00:00:00,2017-08-17T00:00:00Z,2021-12-31T23:59:59Z,2022-01-01T00:00:00Z,2022-12-31T23:59:59Z,38094,8760,False,0.4943554817665709,0.5073765800440163,0.4876602704137327,0.6940549507564562,0.25046681261180215,0.4897260273972603,-0.006162574901722269,8760.0,0.4857305936073059,0.42796803652968035,0.5720319634703196,-0.0034993548559483895,0.008155073794479455,0.06004566210045662,0.08207762557077626,0.030352610216139345,0.007024368650579832,0.010502283105022832,0.00022831050228310502,0.04417485135599107,-0.17314237417095546,0.0015981735159817352,0.0,0.1046159817907593,,0.00045662100456621003,0.0,0.17027143762021385,,MIXED
ce9c8a94ab8d0d32dbe4,3.3.0,73026dd08db19c83059c57c75b65bcebf077280cee941bdcbc1155cb400f6517,ETH_USDT_1h_3d_crypto_core_v1_no_macro_1.0.0,crypto_core_v1,hist_gradient_boosting,wf_2022,validation,ETH/USDT,1h,3d,42,train_only_standard_scaler_v1,eth_usdt_return_1|eth_usdt_log_return_1|eth_usdt_return_3|eth_usdt_log_return_3|eth_usdt_return_6|eth_usdt_log_return_6|eth_usdt_return_12|eth_usdt_log_return_12|eth_usdt_return_24|eth_usdt_log_return_24|eth_usdt_momentum_6|eth_usdt_momentum_12|eth_usdt_momentum_24|eth_usdt_sma_distance_20|eth_usdt_ema_distance_20|eth_usdt_sma_distance_50|eth_usdt_ema_distance_50|eth_usdt_rsi_14|eth_usdt_realized_vol_12|eth_usdt_range_12|eth_usdt_realized_vol_24|eth_usdt_range_24|eth_usdt_realized_vol_48|eth_usdt_range_48|eth_usdt_relative_volume_24|eth_usdt_range_position_20|eth_usdt_breakout_distance_20|eth_usdt_range_position_55|eth_usdt_breakout_distance_55,direction_raw_v1,3 days 00:00:00,3 days 00:00:00,2017-08-17T00:00:00Z,2021-12-31T23:59:59Z,2022-01-01T00:00:00Z,2022-12-31T23:59:59Z,38094,8760,False,0.5164814392155994,0.515976919504047,0.4991676567751461,0.7099892825413865,0.25797782586007567,0.4934931506849315,-0.006162574901722269,8760.0,0.4857305936073059,0.6988584474885845,0.3011415525114155,-0.004898177887419738,0.009096857889425105,0.46221461187214613,0.13401826484018264,-0.0018263499567630138,0.008843897958895737,0.23139269406392693,0.06495433789954339,0.006825460168971265,0.004471261140644289,0.08881278538812785,0.033789954337899546,0.012177728889269832,0.003734942867199619,0.02819634703196347,0.015182648401826484,0.02095595351607991,0.004958066839320683,ROBUST CANDIDATE
70ceca3808d2e47db2e9,3.3.0,73026dd08db19c83059c57c75b65bcebf077280cee941bdcbc1155cb400f6517,ETH_USDT_1h_3d_crypto_core_v1_no_macro_1.0.0,crypto_core_v1,random_forest,wf_2022,validation,ETH/USDT,1h,3d,42,train_only_standard_scaler_v1,eth_usdt_return_1|eth_usdt_log_return_1|eth_usdt_return_3|eth_usdt_log_return_3|eth_usdt_return_6|eth_usdt_log_return_6|eth_usdt_return_12|eth_usdt_log_return_12|eth_usdt_return_24|eth_usdt_log_return_24|eth_usdt_momentum_6|eth_usdt_momentum_12|eth_usdt_momentum_24|eth_usdt_sma_distance_20|eth_usdt_ema_distance_20|eth_usdt_sma_distance_50|eth_usdt_ema_distance_50|eth_usdt_rsi_14|eth_usdt_realized_vol_12|eth_usdt_range_12|eth_usdt_realized_vol_24|eth_usdt_range_24|eth_usdt_realized_vol_48|eth_usdt_range_48|eth_usdt_relative_volume_24|eth_usdt_range_position_20|eth_usdt_breakout_distance_20|eth_usdt_range_position_55|eth_usdt_breakout_distance_55,direction_raw_v1,3 days 00:00:00,3 days 00:00:00,2017-08-17T00:00:00Z,2021-12-31T23:59:59Z,2022-01-01T00:00:00Z,2022-12-31T23:59:59Z,38094,8760,False,0.5229677431134749,0.5203777924119444,0.5131367288728674,0.699597191791404,0.2530494388967562,0.5115296803652968,-0.006162574901722269,8760.0,0.4857305936073059,0.5559360730593608,0.4440639269406393,-0.00291559169413606,0.010227564161605258,0.26837899543378996,0.1954337899543379,0.0022026297412628707,0.008195913814621045,0.0776255707762557,0.06735159817351598,0.008127386805930278,0.0043131836574547035,0.018493150684931507,0.029794520547945205,0.009604224196670084,0.007064958434954377,0.005365296803652968,0.012671232876712329,0.034418711187927754,-0.004748873191201158,ROBUST CANDIDATE
b3d5fb763258d8c8d473,3.3.0,73026dd08db19c83059c57c75b65bcebf077280cee941bdcbc1155cb400f6517,ETH_USDT_1h_3d_crypto_core_v1_no_macro_1.0.0,crypto_core_v1,logistic_regression,wf_2023,validation,ETH/USDT,1h,3d,42,train_only_standard_scaler_v1,eth_usdt_return_1|eth_usdt_log_return_1|eth_usdt_return_3|eth_usdt_log_return_3|eth_usdt_return_6|eth_usdt_log_return_6|eth_usdt_return_12|eth_usdt_log_return_12|eth_usdt_return_24|eth_usdt_log_return_24|eth_usdt_momentum_6|eth_usdt_momentum_12|eth_usdt_momentum_24|eth_usdt_sma_distance_20|eth_usdt_ema_distance_20|eth_usdt_sma_distance_50|eth_usdt_ema_distance_50|eth_usdt_rsi_14|eth_usdt_realized_vol_12|eth_usdt_range_12|eth_usdt_realized_vol_24|eth_usdt_range_24|eth_usdt_realized_vol_48|eth_usdt_range_48|eth_usdt_relative_volume_24|eth_usdt_range_position_20|eth_usdt_breakout_distance_20|eth_usdt_range_position_55|eth_usdt_breakout_distance_55,direction_raw_v1,3 days 00:00:00,3 days 00:00:00,2017-08-17T00:00:00Z,2022-12-31T23:59:59Z,2023-01-01T00:00:00Z,2023-12-31T23:59:59Z,46854,8759,False,0.4989328128801923,0.5248938983862736,0.5142016211724246,0.6970855170497988,0.2519587976468665,0.5030254595273433,0.006226151325298603,8759.0,0.5162689804772235,0.15698139056969973,0.8430186094303003,0.011678947731968183,-0.0052107673790403874,0.009704304144308711,0.1477337595615938,0.0071152753819421185,-0.010477758120723006,0.0010275145564562164,0.00022833656810138144,0.005756164466220971,0.011659578161155815,0.0,0.0,,,0.0,0.0,,,MIXED
c3285fa2ef685c1d2490,3.3.0,73026dd08db19c83059c57c75b65bcebf077280cee941bdcbc1155cb400f6517,ETH_USDT_1h_3d_crypto_core_v1_no_macro_1.0.0,crypto_core_v1,hist_gradient_boosting,wf_2023,validation,ETH/USDT,1h,3d,42,train_only_standard_scaler_v1,eth_usdt_return_1|eth_usdt_log_return_1|eth_usdt_return_3|eth_usdt_log_return_3|eth_usdt_return_6|eth_usdt_log_return_6|eth_usdt_return_12|eth_usdt_log_return_12|eth_usdt_return_24|eth_usdt_log_return_24|eth_usdt_momentum_6|eth_usdt_momentum_12|eth_usdt_momentum_24|eth_usdt_sma_distance_20|eth_usdt_ema_distance_20|eth_usdt_sma_distance_50|eth_usdt_ema_distance_50|eth_usdt_rsi_14|eth_usdt_realized_vol_12|eth_usdt_range_12|eth_usdt_realized_vol_24|eth_usdt_range_24|eth_usdt_realized_vol_48|eth_usdt_range_48|eth_usdt_relative_volume_24|eth_usdt_range_position_20|eth_usdt_breakout_distance_20|eth_usdt_range_position_55|eth_usdt_breakout_distance_55,direction_raw_v1,3 days 00:00:00,3 days 00:00:00,2017-08-17T00:00:00Z,2022-12-31T23:59:59Z,2023-01-01T00:00:00Z,2023-12-31T23:59:59Z,46854,8759,False,0.5365801389310926,0.54660468742428,0.5186427887180363,0.6998225161338336,0.2530201330113242,0.5183240095901359,0.006226151325298603,8759.0,0.5162689804772235,0.4908094531339194,0.5091905468660806,0.0072276233716033166,-0.0052608310725936825,0.2841648590021692,0.30197511131407695,0.006430177650775573,-0.0032281022889058095,0.15195798607146935,0.15446968832058455,0.006895965042610568,-0.0026026126908878823,0.07911862084712867,0.06496175362484302,0.005866348318428045,0.0015820468954662469,0.03516383148761274,0.008334284735700423,0.008832159965695046,0.005858275376581511,ROBUST CANDIDATE
386f75af6d4d7267001c,3.3.0,73026dd08db19c83059c57c75b65bcebf077280cee941bdcbc1155cb400f6517,ETH_USDT_1h_3d_crypto_core_v1_no_macro_1.0.0,crypto_core_v1,random_forest,wf_2023,validation,ETH/USDT,1h,3d,42,train_only_standard_scaler_v1,eth_usdt_return_1|eth_usdt_log_return_1|eth_usdt_return_3|eth_usdt_log_return_3|eth_usdt_return_6|eth_usdt_log_return_6|eth_usdt_return_12|eth_usdt_log_return_12|eth_usdt_return_24|eth_usdt_log_return_24|eth_usdt_momentum_6|eth_usdt_momentum_12|eth_usdt_momentum_24|eth_usdt_sma_distance_20|eth_usdt_ema_distance_20|eth_usdt_sma_distance_50|eth_usdt_ema_distance_50|eth_usdt_rsi_14|eth_usdt_realized_vol_12|eth_usdt_range_12|eth_usdt_realized_vol_24|eth_usdt_range_24|eth_usdt_realized_vol_48|eth_usdt_range_48|eth_usdt_relative_volume_24|eth_usdt_range_position_20|eth_usdt_breakout_distance_20|eth_usdt_range_position_55|eth_usdt_breakout_distance_55,direction_raw_v1,3 days 00:00:00,3 days 00:00:00,2017-08-17T00:00:00Z,2022-12-31T23:59:59Z,2023-01-01T00:00:00Z,2023-12-31T23:59:59Z,46854,8759,False,0.5354381594631319,0.5500190559183241,0.5168607683809894,0.6996957962070393,0.2530370112597591,0.5128439319557027,0.006226151325298603,8759.0,0.5162689804772235,0.37709784221943143,0.6229021577805686,0.007256895407378746,-0.005602150646575967,0.19773946797579633,0.3913688777257678,0.008052813531533897,-0.00422504643750816,0.08950793469574152,0.18552346158237243,0.008439271209717422,-0.003011786669804001,0.03641968261217034,0.07523689918940518,0.00966907505213118,-0.0031795729461372335,0.012444342961525289,0.029455417285078205,0.008846664055948106,0.005865400049343093,ROBUST CANDIDATE
5a483eb3eaf2e9d1777c,3.3.0,73026dd08db19c83059c57c75b65bcebf077280cee941bdcbc1155cb400f6517,ETH_USDT_1h_3d_crypto_core_v1_no_macro_1.0.0,crypto_core_v1,logistic_regression,wf_2024,validation,ETH/USDT,1h,3d,42,train_only_standard_scaler_v1,eth_usdt_return_1|eth_usdt_log_return_1|eth_usdt_return_3|eth_usdt_log_return_3|eth_usdt_return_6|eth_usdt_log_return_6|eth_usdt_return_12|eth_usdt_log_return_12|eth_usdt_return_24|eth_usdt_log_return_24|eth_usdt_momentum_6|eth_usdt_momentum_12|eth_usdt_momentum_24|eth_usdt_sma_distance_20|eth_usdt_ema_distance_20|eth_usdt_sma_distance_50|eth_usdt_ema_distance_50|eth_usdt_rsi_14|eth_usdt_realized_vol_12|eth_usdt_range_12|eth_usdt_realized_vol_24|eth_usdt_range_24|eth_usdt_realized_vol_48|eth_usdt_range_48|eth_usdt_relative_volume_24|eth_usdt_range_position_20|eth_usdt_breakout_distance_20|eth_usdt_range_position_55|eth_usdt_breakout_distance_55,direction_raw_v1,3 days 00:00:00,3 days 00:00:00,2017-08-17T00:00:00Z,2023-12-31T23:59:59Z,2024-01-01T00:00:00Z,2024-12-31T23:59:59Z,55613,8784,False,0.508995783763371,0.5726725263520742,0.507444374659326,0.6953396445986469,0.2510979652162332,0.4831511839708561,0.004916034973702481,8784.0,0.5512295081967213,0.26366120218579236,0.7363387978142076,0.005676848126057808,-0.0046436102271262695,0.014571948998178506,0.031876138433515486,0.035904403170923214,-0.0029615565668563,0.001138433515482696,0.0,0.06630905146285071,,0.0,0.0,,,0.0,0.0,,,MIXED
84304ebe53de4245917a,3.3.0,73026dd08db19c83059c57c75b65bcebf077280cee941bdcbc1155cb400f6517,ETH_USDT_1h_3d_crypto_core_v1_no_macro_1.0.0,crypto_core_v1,hist_gradient_boosting,wf_2024,validation,ETH/USDT,1h,3d,42,train_only_standard_scaler_v1,eth_usdt_return_1|eth_usdt_log_return_1|eth_usdt_return_3|eth_usdt_log_return_3|eth_usdt_return_6|eth_usdt_log_return_6|eth_usdt_return_12|eth_usdt_log_return_12|eth_usdt_return_24|eth_usdt_log_return_24|eth_usdt_momentum_6|eth_usdt_momentum_12|eth_usdt_momentum_24|eth_usdt_sma_distance_20|eth_usdt_ema_distance_20|eth_usdt_sma_distance_50|eth_usdt_ema_distance_50|eth_usdt_rsi_14|eth_usdt_realized_vol_12|eth_usdt_range_12|eth_usdt_realized_vol_24|eth_usdt_range_24|eth_usdt_realized_vol_48|eth_usdt_range_48|eth_usdt_relative_volume_24|eth_usdt_range_position_20|eth_usdt_breakout_distance_20|eth_usdt_range_position_55|eth_usdt_breakout_distance_55,direction_raw_v1,3 days 00:00:00,3 days 00:00:00,2017-08-17T00:00:00Z,2023-12-31T23:59:59Z,2024-01-01T00:00:00Z,2024-12-31T23:59:59Z,55613,8784,False,0.5066175886580112,0.5545694624820245,0.5021006263685899,0.698324919557226,0.25241365001670313,0.5108151183970856,0.004916034973702481,8784.0,0.5512295081967213,0.5852686703096539,0.4147313296903461,0.00643455104744995,-0.0027731057573599795,0.28028233151183973,0.1590391621129326,0.009271000185192025,-0.00153829410925273,0.10644353369763206,0.039845173041894354,0.01312700415227878,0.004355898853699855,0.04064207650273224,0.006033697632058288,0.015210987191164139,-0.007676303417494233,0.012295081967213115,0.0009107468123861566,0.0011451795240607786,-0.015424899569687553,ROBUST CANDIDATE
1e3371edc08df600a5ce,3.3.0,73026dd08db19c83059c57c75b65bcebf077280cee941bdcbc1155cb400f6517,ETH_USDT_1h_3d_crypto_core_v1_no_macro_1.0.0,crypto_core_v1,random_forest,wf_2024,validation,ETH/USDT,1h,3d,42,train_only_standard_scaler_v1,eth_usdt_return_1|eth_usdt_log_return_1|eth_usdt_return_3|eth_usdt_log_return_3|eth_usdt_return_6|eth_usdt_log_return_6|eth_usdt_return_12|eth_usdt_log_return_12|eth_usdt_return_24|eth_usdt_log_return_24|eth_usdt_momentum_6|eth_usdt_momentum_12|eth_usdt_momentum_24|eth_usdt_sma_distance_20|eth_usdt_ema_distance_20|eth_usdt_sma_distance_50|eth_usdt_ema_distance_50|eth_usdt_rsi_14|eth_usdt_realized_vol_12|eth_usdt_range_12|eth_usdt_realized_vol_24|eth_usdt_range_24|eth_usdt_realized_vol_48|eth_usdt_range_48|eth_usdt_relative_volume_24|eth_usdt_range_position_20|eth_usdt_breakout_distance_20|eth_usdt_range_position_55|eth_usdt_breakout_distance_55,direction_raw_v1,3 days 00:00:00,3 days 00:00:00,2017-08-17T00:00:00Z,2023-12-31T23:59:59Z,2024-01-01T00:00:00Z,2024-12-31T23:59:59Z,55613,8784,False,0.5177413994032849,0.555286916162248,0.5042677372081048,0.6998044805599288,0.25323249773964357,0.49760928961748635,0.004916034973702481,8784.0,0.5512295081967213,0.4354508196721312,0.5645491803278688,0.008205107777851417,-0.0023790913407382365,0.17679872495446267,0.2650273224043716,0.011033475080697857,0.00017119512409461516,0.04895264116575592,0.05453096539162113,0.004618417903728467,-0.0010271926489426781,0.009221311475409836,0.003301457194899818,-0.017983270594556185,-0.001082171609563767,0.0004553734061930783,0.0,-0.022626030064920782,,ROBUST CANDIDATE
d5e0b848f75aa59d0fde,3.3.0,73026dd08db19c83059c57c75b65bcebf077280cee941bdcbc1155cb400f6517,ETH_USDT_1h_3d_crypto_core_v1+crypto_context_proxy_v1_macro_proxy_1.0.0,crypto_core_v1+crypto_context_proxy_v1,logistic_regression,wf_2022,validation,ETH/USDT,1h,3d,42,train_only_standard_scaler_v1,eth_usdt_return_1|eth_usdt_log_return_1|eth_usdt_return_3|eth_usdt_log_return_3|eth_usdt_return_6|eth_usdt_log_return_6|eth_usdt_return_12|eth_usdt_log_return_12|eth_usdt_return_24|eth_usdt_log_return_24|eth_usdt_momentum_6|eth_usdt_momentum_12|eth_usdt_momentum_24|eth_usdt_sma_distance_20|eth_usdt_ema_distance_20|eth_usdt_sma_distance_50|eth_usdt_ema_distance_50|eth_usdt_rsi_14|eth_usdt_realized_vol_12|eth_usdt_range_12|eth_usdt_realized_vol_24|eth_usdt_range_24|eth_usdt_realized_vol_48|eth_usdt_range_48|eth_usdt_relative_volume_24|eth_usdt_range_position_20|eth_usdt_breakout_distance_20|eth_usdt_range_position_55|eth_usdt_breakout_distance_55|macro_es_f_proxy_value|macro_es_f_proxy_return_1|macro_nq_f_proxy_value|macro_nq_f_proxy_return_1|macro_vix_proxy_value|macro_vix_proxy_return_1|macro_urth_proxy_value|macro_urth_proxy_return_1,direction_raw_v1,3 days 00:00:00,3 days 00:00:00,2017-08-17T00:00:00Z,2021-12-31T23:59:59Z,2022-01-01T00:00:00Z,2022-12-31T23:59:59Z,20765,8760,False,0.5465964830825132,0.5165516689520075,0.5107548604436121,0.704251692686252,0.2551579773776273,0.5214611872146119,-0.006162574901722269,8760.0,0.4857305936073059,0.12454337899543379,0.8754566210045662,0.0040385499858948916,0.00761379764945865,0.06301369863013699,0.7277397260273972,0.0003267880119438973,0.009740326146971194,0.026598173515981736,0.44269406392694066,0.004892944864544354,0.012908744845126599,0.013242009132420091,0.14600456621004565,-0.0008284877301152694,0.01746614296567025,0.004908675799086758,0.022031963470319636,-0.001146947557067217,0.006238058976344592,ROBUST CANDIDATE
a0daf80eff54d830f093,3.3.0,73026dd08db19c83059c57c75b65bcebf077280cee941bdcbc1155cb400f6517,ETH_USDT_1h_3d_crypto_core_v1+crypto_context_proxy_v1_macro_proxy_1.0.0,crypto_core_v1+crypto_context_proxy_v1,hist_gradient_boosting,wf_2022,validation,ETH/USDT,1h,3d,42,train_only_standard_scaler_v1,eth_usdt_return_1|eth_usdt_log_return_1|eth_usdt_return_3|eth_usdt_log_return_3|eth_usdt_return_6|eth_usdt_log_return_6|eth_usdt_return_12|eth_usdt_log_return_12|eth_usdt_return_24|eth_usdt_log_return_24|eth_usdt_momentum_6|eth_usdt_momentum_12|eth_usdt_momentum_24|eth_usdt_sma_distance_20|eth_usdt_ema_distance_20|eth_usdt_sma_distance_50|eth_usdt_ema_distance_50|eth_usdt_rsi_14|eth_usdt_realized_vol_12|eth_usdt_range_12|eth_usdt_realized_vol_24|eth_usdt_range_24|eth_usdt_realized_vol_48|eth_usdt_range_48|eth_usdt_relative_volume_24|eth_usdt_range_position_20|eth_usdt_breakout_distance_20|eth_usdt_range_position_55|eth_usdt_breakout_distance_55|macro_es_f_proxy_value|macro_es_f_proxy_return_1|macro_nq_f_proxy_value|macro_nq_f_proxy_return_1|macro_vix_proxy_value|macro_vix_proxy_return_1|macro_urth_proxy_value|macro_urth_proxy_return_1,direction_raw_v1,3 days 00:00:00,3 days 00:00:00,2017-08-17T00:00:00Z,2021-12-31T23:59:59Z,2022-01-01T00:00:00Z,2022-12-31T23:59:59Z,20765,8760,False,0.5155637488571909,0.5187861771035271,0.4935486226949818,0.7672310249782776,0.2818191542987322,0.4839041095890411,-0.006162574901722269,8760.0,0.4857305936073059,0.8381278538812785,0.16187214611872147,-0.006442639535177636,0.004712480022435028,0.7279680365296803,0.08047945205479452,-0.0074942764325442255,0.013512455531356103,0.5634703196347032,0.0410958904109589,-0.006981783398274455,0.027296529540278943,0.4257990867579909,0.025,-0.00469017080600849,0.040440092179338236,0.30662100456621005,0.01723744292237443,-0.0022168172773580123,0.05941246986087739,ROBUST CANDIDATE
0b7557278aa799dad5c2,3.3.0,73026dd08db19c83059c57c75b65bcebf077280cee941bdcbc1155cb400f6517,ETH_USDT_1h_3d_crypto_core_v1+crypto_context_proxy_v1_macro_proxy_1.0.0,crypto_core_v1+crypto_context_proxy_v1,random_forest,wf_2022,validation,ETH/USDT,1h,3d,42,train_only_standard_scaler_v1,eth_usdt_return_1|eth_usdt_log_return_1|eth_usdt_return_3|eth_usdt_log_return_3|eth_usdt_return_6|eth_usdt_log_return_6|eth_usdt_return_12|eth_usdt_log_return_12|eth_usdt_return_24|eth_usdt_log_return_24|eth_usdt_momentum_6|eth_usdt_momentum_12|eth_usdt_momentum_24|eth_usdt_sma_distance_20|eth_usdt_ema_distance_20|eth_usdt_sma_distance_50|eth_usdt_ema_distance_50|eth_usdt_rsi_14|eth_usdt_realized_vol_12|eth_usdt_range_12|eth_usdt_realized_vol_24|eth_usdt_range_24|eth_usdt_realized_vol_48|eth_usdt_range_48|eth_usdt_relative_volume_24|eth_usdt_range_position_20|eth_usdt_breakout_distance_20|eth_usdt_range_position_55|eth_usdt_breakout_distance_55|macro_es_f_proxy_value|macro_es_f_proxy_return_1|macro_nq_f_proxy_value|macro_nq_f_proxy_return_1|macro_vix_proxy_value|macro_vix_proxy_return_1|macro_urth_proxy_value|macro_urth_proxy_return_1,direction_raw_v1,3 days 00:00:00,3 days 00:00:00,2017-08-17T00:00:00Z,2021-12-31T23:59:59Z,2022-01-01T00:00:00Z,2022-12-31T23:59:59Z,20765,8760,False,0.510417854036056,0.5169950751642148,0.4878521188756193,0.7101804966285239,0.2582878956322648,0.48070776255707764,-0.006162574901722269,8760.0,0.4857305936073059,0.7506849315068493,0.2493150684931507,-0.007497431017511584,0.0021433378058291737,0.5125570776255708,0.10079908675799087,-0.006358431127767311,0.001094369442886964,0.2631278538812785,0.032534246575342464,-0.0027576681871703543,0.027349811871710743,0.09863013698630137,0.018150684931506848,0.014109959896221526,0.05978451140641388,0.03047945205479452,0.012899543378995433,0.031462851534925056,0.06130639101799659,ROBUST CANDIDATE
bfafccaf94cd982b3039,3.3.0,73026dd08db19c83059c57c75b65bcebf077280cee941bdcbc1155cb400f6517,ETH_USDT_1h_3d_crypto_core_v1+crypto_context_proxy_v1_macro_proxy_1.0.0,crypto_core_v1+crypto_context_proxy_v1,logistic_regression,wf_2023,validation,ETH/USDT,1h,3d,42,train_only_standard_scaler_v1,eth_usdt_return_1|eth_usdt_log_return_1|eth_usdt_return_3|eth_usdt_log_return_3|eth_usdt_return_6|eth_usdt_log_return_6|eth_usdt_return_12|eth_usdt_log_return_12|eth_usdt_return_24|eth_usdt_log_return_24|eth_usdt_momentum_6|eth_usdt_momentum_12|eth_usdt_momentum_24|eth_usdt_sma_distance_20|eth_usdt_ema_distance_20|eth_usdt_sma_distance_50|eth_usdt_ema_distance_50|eth_usdt_rsi_14|eth_usdt_realized_vol_12|eth_usdt_range_12|eth_usdt_realized_vol_24|eth_usdt_range_24|eth_usdt_realized_vol_48|eth_usdt_range_48|eth_usdt_relative_volume_24|eth_usdt_range_position_20|eth_usdt_breakout_distance_20|eth_usdt_range_position_55|eth_usdt_breakout_distance_55|macro_es_f_proxy_value|macro_es_f_proxy_return_1|macro_nq_f_proxy_value|macro_nq_f_proxy_return_1|macro_vix_proxy_value|macro_vix_proxy_return_1|macro_urth_proxy_value|macro_urth_proxy_return_1,direction_raw_v1,3 days 00:00:00,3 days 00:00:00,2017-08-17T00:00:00Z,2022-12-31T23:59:59Z,2023-01-01T00:00:00Z,2023-12-31T23:59:59Z,29525,8759,False,0.5076840395425527,0.530915567359318,0.5109990420525067,0.7017301692371337,0.25414396034645326,0.5026829546751912,0.006226151325298603,8759.0,0.5162689804772235,0.2447768010046809,0.7552231989953191,0.007384999279955072,-0.0058505549511816786,0.025802032195456102,0.29478250941888345,0.011951094937462391,-0.007676437033981187,0.002397533965064505,0.08208699623244663,-0.004977626217241399,-0.01937766624563249,0.0,0.011759333257221144,,-0.06905782070349832,0.0,0.0,,,ROBUST CANDIDATE
eb8c6578130f76109ece,3.3.0,73026dd08db19c83059c57c75b65bcebf077280cee941bdcbc1155cb400f6517,ETH_USDT_1h_3d_crypto_core_v1+crypto_context_proxy_v1_macro_proxy_1.0.0,crypto_core_v1+crypto_context_proxy_v1,hist_gradient_boosting,wf_2023,validation,ETH/USDT,1h,3d,42,train_only_standard_scaler_v1,eth_usdt_return_1|eth_usdt_log_return_1|eth_usdt_return_3|eth_usdt_log_return_3|eth_usdt_return_6|eth_usdt_log_return_6|eth_usdt_return_12|eth_usdt_log_return_12|eth_usdt_return_24|eth_usdt_log_return_24|eth_usdt_momentum_6|eth_usdt_momentum_12|eth_usdt_momentum_24|eth_usdt_sma_distance_20|eth_usdt_ema_distance_20|eth_usdt_sma_distance_50|eth_usdt_ema_distance_50|eth_usdt_rsi_14|eth_usdt_realized_vol_12|eth_usdt_range_12|eth_usdt_realized_vol_24|eth_usdt_range_24|eth_usdt_realized_vol_48|eth_usdt_range_48|eth_usdt_relative_volume_24|eth_usdt_range_position_20|eth_usdt_breakout_distance_20|eth_usdt_range_position_55|eth_usdt_breakout_distance_55|macro_es_f_proxy_value|macro_es_f_proxy_return_1|macro_nq_f_proxy_value|macro_nq_f_proxy_return_1|macro_vix_proxy_value|macro_vix_proxy_return_1|macro_urth_proxy_value|macro_urth_proxy_return_1,direction_raw_v1,3 days 00:00:00,3 days 00:00:00,2017-08-17T00:00:00Z,2022-12-31T23:59:59Z,2023-01-01T00:00:00Z,2023-12-31T23:59:59Z,29525,8759,False,0.5256916152297473,0.523359022246346,0.5211913653825939,0.7289787018040482,0.26495934841131624,0.5280283137344446,0.006226151325298603,8759.0,0.5162689804772235,0.7108117364996004,0.2891882635003996,0.006880012803503405,-0.0046189892395097866,0.5860258020321955,0.17753168169882408,0.00753299137160063,-0.00014454220098314072,0.4404612398675648,0.09807055599954333,0.00805719648640529,-0.0021407434722209608,0.3075693572325608,0.05263157894736842,0.007019314193057561,-0.006774096625256955,0.20527457472314192,0.033907980363055146,0.006850153777724303,-0.003508784877443879,ROBUST CANDIDATE
d26e74e8538a8ad9d7ba,3.3.0,73026dd08db19c83059c57c75b65bcebf077280cee941bdcbc1155cb400f6517,ETH_USDT_1h_3d_crypto_core_v1+crypto_context_proxy_v1_macro_proxy_1.0.0,crypto_core_v1+crypto_context_proxy_v1,random_forest,wf_2023,validation,ETH/USDT,1h,3d,42,train_only_standard_scaler_v1,eth_usdt_return_1|eth_usdt_log_return_1|eth_usdt_return_3|eth_usdt_log_return_3|eth_usdt_return_6|eth_usdt_log_return_6|eth_usdt_return_12|eth_usdt_log_return_12|eth_usdt_return_24|eth_usdt_log_return_24|eth_usdt_momentum_6|eth_usdt_momentum_12|eth_usdt_momentum_24|eth_usdt_sma_distance_20|eth_usdt_ema_distance_20|eth_usdt_sma_distance_50|eth_usdt_ema_distance_50|eth_usdt_rsi_14|eth_usdt_realized_vol_12|eth_usdt_range_12|eth_usdt_realized_vol_24|eth_usdt_range_24|eth_usdt_realized_vol_48|eth_usdt_range_48|eth_usdt_relative_volume_24|eth_usdt_range_position_20|eth_usdt_breakout_distance_20|eth_usdt_range_position_55|eth_usdt_breakout_distance_55|macro_es_f_proxy_value|macro_es_f_proxy_return_1|macro_nq_f_proxy_value|macro_nq_f_proxy_return_1|macro_vix_proxy_value|macro_vix_proxy_return_1|macro_urth_proxy_value|macro_urth_proxy_return_1,direction_raw_v1,3 days 00:00:00,3 days 00:00:00,2017-08-17T00:00:00Z,2022-12-31T23:59:59Z,2023-01-01T00:00:00Z,2023-12-31T23:59:59Z,29525,8759,False,0.4958082620648721,0.5211571684402383,0.48509330567251685,0.7072331346062813,0.2568420054829443,0.483959356090878,0.006226151325298603,8759.0,0.5162689804772235,0.4646649160863112,0.5353350839136888,0.00536494218552586,-0.0069736713079974885,0.2495718689348099,0.29718004338394793,0.006394517860392621,-0.0053144370714792695,0.1020664459413175,0.1292384975453819,0.004255154743451485,-0.006021343509368217,0.03630551432811965,0.032994634090649615,0.004317747403559085,-0.005262715231639605,0.002854207101267268,0.003539216805571412,0.011489843899999314,0.027179048782353412,ROBUST CANDIDATE
db499df81356bfdb78f1,3.3.0,73026dd08db19c83059c57c75b65bcebf077280cee941bdcbc1155cb400f6517,ETH_USDT_1h_3d_crypto_core_v1+crypto_context_proxy_v1_macro_proxy_1.0.0,crypto_core_v1+crypto_context_proxy_v1,logistic_regression,wf_2024,validation,ETH/USDT,1h,3d,42,train_only_standard_scaler_v1,eth_usdt_return_1|eth_usdt_log_return_1|eth_usdt_return_3|eth_usdt_log_return_3|eth_usdt_return_6|eth_usdt_log_return_6|eth_usdt_return_12|eth_usdt_log_return_12|eth_usdt_return_24|eth_usdt_log_return_24|eth_usdt_momentum_6|eth_usdt_momentum_12|eth_usdt_momentum_24|eth_usdt_sma_distance_20|eth_usdt_ema_distance_20|eth_usdt_sma_distance_50|eth_usdt_ema_distance_50|eth_usdt_rsi_14|eth_usdt_realized_vol_12|eth_usdt_range_12|eth_usdt_realized_vol_24|eth_usdt_range_24|eth_usdt_realized_vol_48|eth_usdt_range_48|eth_usdt_relative_volume_24|eth_usdt_range_position_20|eth_usdt_breakout_distance_20|eth_usdt_range_position_55|eth_usdt_breakout_distance_55|macro_es_f_proxy_value|macro_es_f_proxy_return_1|macro_nq_f_proxy_value|macro_nq_f_proxy_return_1|macro_vix_proxy_value|macro_vix_proxy_return_1|macro_urth_proxy_value|macro_urth_proxy_return_1,direction_raw_v1,3 days 00:00:00,3 days 00:00:00,2017-08-17T00:00:00Z,2023-12-31T23:59:59Z,2024-01-01T00:00:00Z,2024-12-31T23:59:59Z,38284,8784,False,0.51540548402057,0.5849413517541735,0.5087712349514051,0.7261797913117143,0.2659814137926353,0.4610655737704918,0.004916034973702481,8784.0,0.5512295081967213,0.03529143897996357,0.9647085610200364,0.01064468259213776,-0.004706466793183842,0.003756830601092896,0.7563752276867031,0.022181052507538167,-0.003201352632837117,0.0007969034608378871,0.32581967213114754,0.050710137183710424,-0.0012278676705777915,0.00034153005464480874,0.07058287795992714,0.06078282085760526,-0.024096020700654735,0.0,0.003870673952641166,,-0.03298008144805718,ROBUST CANDIDATE
576bc99711591f20ced4,3.3.0,73026dd08db19c83059c57c75b65bcebf077280cee941bdcbc1155cb400f6517,ETH_USDT_1h_3d_crypto_core_v1+crypto_context_proxy_v1_macro_proxy_1.0.0,crypto_core_v1+crypto_context_proxy_v1,hist_gradient_boosting,wf_2024,validation,ETH/USDT,1h,3d,42,train_only_standard_scaler_v1,eth_usdt_return_1|eth_usdt_log_return_1|eth_usdt_return_3|eth_usdt_log_return_3|eth_usdt_return_6|eth_usdt_log_return_6|eth_usdt_return_12|eth_usdt_log_return_12|eth_usdt_return_24|eth_usdt_log_return_24|eth_usdt_momentum_6|eth_usdt_momentum_12|eth_usdt_momentum_24|eth_usdt_sma_distance_20|eth_usdt_ema_distance_20|eth_usdt_sma_distance_50|eth_usdt_ema_distance_50|eth_usdt_rsi_14|eth_usdt_realized_vol_12|eth_usdt_range_12|eth_usdt_realized_vol_24|eth_usdt_range_24|eth_usdt_realized_vol_48|eth_usdt_range_48|eth_usdt_relative_volume_24|eth_usdt_range_position_20|eth_usdt_breakout_distance_20|eth_usdt_range_position_55|eth_usdt_breakout_distance_55|macro_es_f_proxy_value|macro_es_f_proxy_return_1|macro_nq_f_proxy_value|macro_nq_f_proxy_return_1|macro_vix_proxy_value|macro_vix_proxy_return_1|macro_urth_proxy_value|macro_urth_proxy_return_1,direction_raw_v1,3 days 00:00:00,3 days 00:00:00,2017-08-17T00:00:00Z,2023-12-31T23:59:59Z,2024-01-01T00:00:00Z,2024-12-31T23:59:59Z,38284,8784,False,0.5149954702542505,0.5786283043160865,0.5065664024262588,0.7722985428544806,0.28382062260930396,0.4947632058287796,0.004916034973702481,8784.0,0.5512295081967213,0.3854735883424408,0.6145264116575592,0.0003221884725654934,-0.007797614123915492,0.3031648451730419,0.5217440801457195,0.001392408601078979,-0.009210065351613086,0.2372495446265938,0.4270264116575592,0.0018914271062190034,-0.009119770865390302,0.1572176684881603,0.33515482695810567,-0.000678969439592348,-0.010825583034280805,0.08196721311475409,0.2537568306010929,0.003753299972320222,-0.008762588757293452,ROBUST CANDIDATE
9f9dad7d39feef73bc90,3.3.0,73026dd08db19c83059c57c75b65bcebf077280cee941bdcbc1155cb400f6517,ETH_USDT_1h_3d_crypto_core_v1+crypto_context_proxy_v1_macro_proxy_1.0.0,crypto_core_v1+crypto_context_proxy_v1,random_forest,wf_2024,validation,ETH/USDT,1h,3d,42,train_only_standard_scaler_v1,eth_usdt_return_1|eth_usdt_log_return_1|eth_usdt_return_3|eth_usdt_log_return_3|eth_usdt_return_6|eth_usdt_log_return_6|eth_usdt_return_12|eth_usdt_log_return_12|eth_usdt_return_24|eth_usdt_log_return_24|eth_usdt_momentum_6|eth_usdt_momentum_12|eth_usdt_momentum_24|eth_usdt_sma_distance_20|eth_usdt_ema_distance_20|eth_usdt_sma_distance_50|eth_usdt_ema_distance_50|eth_usdt_rsi_14|eth_usdt_realized_vol_12|eth_usdt_range_12|eth_usdt_realized_vol_24|eth_usdt_range_24|eth_usdt_realized_vol_48|eth_usdt_range_48|eth_usdt_relative_volume_24|eth_usdt_range_position_20|eth_usdt_breakout_distance_20|eth_usdt_range_position_55|eth_usdt_breakout_distance_55|macro_es_f_proxy_value|macro_es_f_proxy_return_1|macro_nq_f_proxy_value|macro_nq_f_proxy_return_1|macro_vix_proxy_value|macro_vix_proxy_return_1|macro_urth_proxy_value|macro_urth_proxy_return_1,direction_raw_v1,3 days 00:00:00,3 days 00:00:00,2017-08-17T00:00:00Z,2023-12-31T23:59:59Z,2024-01-01T00:00:00Z,2024-12-31T23:59:59Z,38284,8784,False,0.5267442035914818,0.5823840410937124,0.5141842968394886,0.7206626816130065,0.2628598727894504,0.49749544626593806,0.004916034973702481,8784.0,0.5512295081967213,0.33857012750455373,0.6614298724954463,0.0031223736095391786,-0.005834167313981597,0.21004098360655737,0.49225865209471764,0.004212569588812794,-0.006988337088284317,0.10484972677595629,0.32502276867030966,0.00757518807278732,-0.00424979749932167,0.03859289617486339,0.19341985428051,0.012721314819953656,-0.002284944010743003,0.006375227686703097,0.0845856102003643,0.0004551187874930533,-0.0005439821264193437,ROBUST CANDIDATE
2d64e561dac82cff2bee,3.3.0,73026dd08db19c83059c57c75b65bcebf077280cee941bdcbc1155cb400f6517,ETH_USDT_1h_7d_crypto_core_v1_no_macro_1.0.0,crypto_core_v1,logistic_regression,wf_2022,validation,ETH/USDT,1h,7d,42,train_only_standard_scaler_v1,eth_usdt_return_1|eth_usdt_log_return_1|eth_usdt_return_3|eth_usdt_log_return_3|eth_usdt_return_6|eth_usdt_log_return_6|eth_usdt_return_12|eth_usdt_log_return_12|eth_usdt_return_24|eth_usdt_log_return_24|eth_usdt_momentum_6|eth_usdt_momentum_12|eth_usdt_momentum_24|eth_usdt_sma_distance_20|eth_usdt_ema_distance_20|eth_usdt_sma_distance_50|eth_usdt_ema_distance_50|eth_usdt_rsi_14|eth_usdt_realized_vol_12|eth_usdt_range_12|eth_usdt_realized_vol_24|eth_usdt_range_24|eth_usdt_realized_vol_48|eth_usdt_range_48|eth_usdt_relative_volume_24|eth_usdt_range_position_20|eth_usdt_breakout_distance_20|eth_usdt_range_position_55|eth_usdt_breakout_distance_55,direction_raw_v1,7 days 00:00:00,7 days 00:00:00,2017-08-17T00:00:00Z,2021-12-31T23:59:59Z,2022-01-01T00:00:00Z,2022-12-31T23:59:59Z,37998,8760,False,0.5055689845730282,0.4552770549626076,0.5039240497951674,0.6926046942860637,0.2497244684243787,0.5186073059360731,-0.012814118906893223,8760.0,0.4377853881278539,0.3815068493150685,0.6184931506849315,-0.009099702643569133,0.015105292615278064,0.045662100456621,0.02009132420091324,0.022819369891094378,0.014736063920669739,0.0073059360730593605,0.0,0.005167838513819682,,0.0010273972602739725,0.0,0.01299224224519804,,0.00011415525114155251,0.0,0.030175227192850373,,ROBUST CANDIDATE
746143b26297efa2f307,3.3.0,73026dd08db19c83059c57c75b65bcebf077280cee941bdcbc1155cb400f6517,ETH_USDT_1h_7d_crypto_core_v1_no_macro_1.0.0,crypto_core_v1,hist_gradient_boosting,wf_2022,validation,ETH/USDT,1h,7d,42,train_only_standard_scaler_v1,eth_usdt_return_1|eth_usdt_log_return_1|eth_usdt_return_3|eth_usdt_log_return_3|eth_usdt_return_6|eth_usdt_log_return_6|eth_usdt_return_12|eth_usdt_log_return_12|eth_usdt_return_24|eth_usdt_log_return_24|eth_usdt_momentum_6|eth_usdt_momentum_12|eth_usdt_momentum_24|eth_usdt_sma_distance_20|eth_usdt_ema_distance_20|eth_usdt_sma_distance_50|eth_usdt_ema_distance_50|eth_usdt_rsi_14|eth_usdt_realized_vol_12|eth_usdt_range_12|eth_usdt_realized_vol_24|eth_usdt_range_24|eth_usdt_realized_vol_48|eth_usdt_range_48|eth_usdt_relative_volume_24|eth_usdt_range_position_20|eth_usdt_breakout_distance_20|eth_usdt_range_position_55|eth_usdt_breakout_distance_55,direction_raw_v1,7 days 00:00:00,7 days 00:00:00,2017-08-17T00:00:00Z,2021-12-31T23:59:59Z,2022-01-01T00:00:00Z,2022-12-31T23:59:59Z,37998,8760,False,0.4761849912970966,0.4250414763229176,0.4863325369459758,0.7391647493228225,0.27082708040547376,0.4554794520547945,-0.012814118906893223,8760.0,0.4377853881278539,0.7496575342465753,0.25034246575342467,-0.0160678920204536,0.0030706040702534595,0.5060502283105023,0.1302511415525114,-0.020147164359140168,-0.0046074447313523064,0.23082191780821917,0.06883561643835616,-0.017329597131288645,-0.013078910546679349,0.09063926940639269,0.030707762557077627,-0.007239015676843009,-0.013789483267842972,0.032420091324200914,0.011872146118721462,0.012979028297445568,-0.009416638740722967,MIXED
15e5c2bb1d97d7a44a3e,3.3.0,73026dd08db19c83059c57c75b65bcebf077280cee941bdcbc1155cb400f6517,ETH_USDT_1h_7d_crypto_core_v1_no_macro_1.0.0,crypto_core_v1,random_forest,wf_2022,validation,ETH/USDT,1h,7d,42,train_only_standard_scaler_v1,eth_usdt_return_1|eth_usdt_log_return_1|eth_usdt_return_3|eth_usdt_log_return_3|eth_usdt_return_6|eth_usdt_log_return_6|eth_usdt_return_12|eth_usdt_log_return_12|eth_usdt_return_24|eth_usdt_log_return_24|eth_usdt_momentum_6|eth_usdt_momentum_12|eth_usdt_momentum_24|eth_usdt_sma_distance_20|eth_usdt_ema_distance_20|eth_usdt_sma_distance_50|eth_usdt_ema_distance_50|eth_usdt_rsi_14|eth_usdt_realized_vol_12|eth_usdt_range_12|eth_usdt_realized_vol_24|eth_usdt_range_24|eth_usdt_realized_vol_48|eth_usdt_range_48|eth_usdt_relative_volume_24|eth_usdt_range_position_20|eth_usdt_breakout_distance_20|eth_usdt_range_position_55|eth_usdt_breakout_distance_55,direction_raw_v1,7 days 00:00:00,7 days 00:00:00,2017-08-17T00:00:00Z,2021-12-31T23:59:59Z,2022-01-01T00:00:00Z,2022-12-31T23:59:59Z,37998,8760,False,0.48507084758999064,0.4352084526146833,0.49843731593193863,0.7100589248773986,0.2577375206580956,0.4928082191780822,-0.012814118906893223,8760.0,0.4377853881278539,0.5454337899543379,0.4545662100456621,-0.015437493403746214,0.009666333033974184,0.15468036529680365,0.15353881278538814,-0.0055722497846259125,-0.0019013098688646912,0.03778538812785388,0.07374429223744292,0.01656615589479483,-0.011186223446786561,0.019748858447488585,0.03527397260273973,0.017299062473985626,-0.015410895041130166,0.01141552511415525,0.014041095890410958,0.01581009386949346,-0.018000266334888607,MIXED
a2cc209500e72efb2b03,3.3.0,73026dd08db19c83059c57c75b65bcebf077280cee941bdcbc1155cb400f6517,ETH_USDT_1h_7d_crypto_core_v1_no_macro_1.0.0,crypto_core_v1,logistic_regression,wf_2023,validation,ETH/USDT,1h,7d,42,train_only_standard_scaler_v1,eth_usdt_return_1|eth_usdt_log_return_1|eth_usdt_return_3|eth_usdt_log_return_3|eth_usdt_return_6|eth_usdt_log_return_6|eth_usdt_return_12|eth_usdt_log_return_12|eth_usdt_return_24|eth_usdt_log_return_24|eth_usdt_momentum_6|eth_usdt_momentum_12|eth_usdt_momentum_24|eth_usdt_sma_distance_20|eth_usdt_ema_distance_20|eth_usdt_sma_distance_50|eth_usdt_ema_distance_50|eth_usdt_rsi_14|eth_usdt_realized_vol_12|eth_usdt_range_12|eth_usdt_realized_vol_24|eth_usdt_range_24|eth_usdt_realized_vol_48|eth_usdt_range_48|eth_usdt_relative_volume_24|eth_usdt_range_position_20|eth_usdt_breakout_distance_20|eth_usdt_range_position_55|eth_usdt_breakout_distance_55,direction_raw_v1,7 days 00:00:00,7 days 00:00:00,2017-08-17T00:00:00Z,2022-12-31T23:59:59Z,2023-01-01T00:00:00Z,2023-12-31T23:59:59Z,46758,8759,False,0.5072824147178697,0.5320085769407552,0.4898176960826774,0.6996347633465585,0.253236661483123,0.4623815504052974,0.013711698235572457,8759.0,0.5375042813106519,0.13346272405525744,0.8665372759447425,0.013711552620700788,-0.013711720662948604,0.006050919054686608,0.1416828405069072,0.020118658956510334,-0.005199829266827863,0.00011416828405069072,0.0,0.07405460139424402,,0.0,0.0,,,0.0,0.0,,,ROBUST CANDIDATE
3c4971ea8780cc256c84,3.3.0,73026dd08db19c83059c57c75b65bcebf077280cee941bdcbc1155cb400f6517,ETH_USDT_1h_7d_crypto_core_v1_no_macro_1.0.0,crypto_core_v1,hist_gradient_boosting,wf_2023,validation,ETH/USDT,1h,7d,42,train_only_standard_scaler_v1,eth_usdt_return_1|eth_usdt_log_return_1|eth_usdt_return_3|eth_usdt_log_return_3|eth_usdt_return_6|eth_usdt_log_return_6|eth_usdt_return_12|eth_usdt_log_return_12|eth_usdt_return_24|eth_usdt_log_return_24|eth_usdt_momentum_6|eth_usdt_momentum_12|eth_usdt_momentum_24|eth_usdt_sma_distance_20|eth_usdt_ema_distance_20|eth_usdt_sma_distance_50|eth_usdt_ema_distance_50|eth_usdt_rsi_14|eth_usdt_realized_vol_12|eth_usdt_range_12|eth_usdt_realized_vol_24|eth_usdt_range_24|eth_usdt_realized_vol_48|eth_usdt_range_48|eth_usdt_relative_volume_24|eth_usdt_range_position_20|eth_usdt_breakout_distance_20|eth_usdt_range_position_55|eth_usdt_breakout_distance_55,direction_raw_v1,7 days 00:00:00,7 days 00:00:00,2017-08-17T00:00:00Z,2022-12-31T23:59:59Z,2023-01-01T00:00:00Z,2023-12-31T23:59:59Z,46758,8759,False,0.4865520371424071,0.5199722469619663,0.5020646380567896,0.7377754320702133,0.269763687090536,0.5071355177531681,0.013711698235572457,8759.0,0.5375042813106519,0.567758876584085,0.4322411234159151,0.013996382198870408,-0.013337759157526843,0.34478821783308594,0.2830231761616623,0.01356146953902277,-0.015873585908548222,0.2165772348441603,0.17764584998287475,0.00833193466677556,-0.018840865265593032,0.14430871104007306,0.10297979221372303,0.004280458777420672,-0.021016024640245774,0.10343646534992579,0.049434866993949084,0.003103863145764258,-0.027418245145310646,MIXED
a47e79476077e0c60124,3.3.0,73026dd08db19c83059c57c75b65bcebf077280cee941bdcbc1155cb400f6517,ETH_USDT_1h_7d_crypto_core_v1_no_macro_1.0.0,crypto_core_v1,random_forest,wf_2023,validation,ETH/USDT,1h,7d,42,train_only_standard_scaler_v1,eth_usdt_return_1|eth_usdt_log_return_1|eth_usdt_return_3|eth_usdt_log_return_3|eth_usdt_return_6|eth_usdt_log_return_6|eth_usdt_return_12|eth_usdt_log_return_12|eth_usdt_return_24|eth_usdt_log_return_24|eth_usdt_momentum_6|eth_usdt_momentum_12|eth_usdt_momentum_24|eth_usdt_sma_distance_20|eth_usdt_ema_distance_20|eth_usdt_sma_distance_50|eth_usdt_ema_distance_50|eth_usdt_rsi_14|eth_usdt_realized_vol_12|eth_usdt_range_12|eth_usdt_realized_vol_24|eth_usdt_range_24|eth_usdt_realized_vol_48|eth_usdt_range_48|eth_usdt_relative_volume_24|eth_usdt_range_position_20|eth_usdt_breakout_distance_20|eth_usdt_range_position_55|eth_usdt_breakout_distance_55,direction_raw_v1,7 days 00:00:00,7 days 00:00:00,2017-08-17T00:00:00Z,2022-12-31T23:59:59Z,2023-01-01T00:00:00Z,2023-12-31T23:59:59Z,46758,8759,False,0.47842472368549926,0.5182944159739358,0.48632471565282664,0.7327626945115456,0.2680909944740484,0.48179015869391484,0.013711698235572457,8759.0,0.5375042813106519,0.43852037903870306,0.561479620961297,0.011961817537983241,-0.01507837000447042,0.227765726681128,0.31293526658294324,0.007128361173231768,-0.015769636982261227,0.14293869163146478,0.17696084027857062,0.004754310554411186,-0.01909212804900061,0.09544468546637744,0.09749971457928987,0.002002177454053412,-0.0222545814263488,0.05925333942230848,0.04121475054229935,0.0009968013093406356,-0.027050692416348398,MIXED
60285bf22e83990ce466,3.3.0,73026dd08db19c83059c57c75b65bcebf077280cee941bdcbc1155cb400f6517,ETH_USDT_1h_7d_crypto_core_v1_no_macro_1.0.0,crypto_core_v1,logistic_regression,wf_2024,validation,ETH/USDT,1h,7d,42,train_only_standard_scaler_v1,eth_usdt_return_1|eth_usdt_log_return_1|eth_usdt_return_3|eth_usdt_log_return_3|eth_usdt_return_6|eth_usdt_log_return_6|eth_usdt_return_12|eth_usdt_log_return_12|eth_usdt_return_24|eth_usdt_log_return_24|eth_usdt_momentum_6|eth_usdt_momentum_12|eth_usdt_momentum_24|eth_usdt_sma_distance_20|eth_usdt_ema_distance_20|eth_usdt_sma_distance_50|eth_usdt_ema_distance_50|eth_usdt_rsi_14|eth_usdt_realized_vol_12|eth_usdt_range_12|eth_usdt_realized_vol_24|eth_usdt_range_24|eth_usdt_realized_vol_48|eth_usdt_range_48|eth_usdt_relative_volume_24|eth_usdt_range_position_20|eth_usdt_breakout_distance_20|eth_usdt_range_position_55|eth_usdt_breakout_distance_55,direction_raw_v1,7 days 00:00:00,7 days 00:00:00,2017-08-17T00:00:00Z,2023-12-31T23:59:59Z,2024-01-01T00:00:00Z,2024-12-31T23:59:59Z,55517,8784,False,0.546343577675493,0.5750196838322111,0.527372837530157,0.6916443392831317,0.24925477783262864,0.5145719489981785,0.012738897817660699,8784.0,0.5276639344262295,0.2701502732240437,0.7298497267759563,0.019037886313449513,-0.010407358322963012,0.007969034608378871,0.008879781420765027,0.07711725677911126,-0.009738033287132795,0.0020491803278688526,0.0,0.11402726680102965,,0.0,0.0,,,0.0,0.0,,,ROBUST CANDIDATE
684050ace3803b308fb4,3.3.0,73026dd08db19c83059c57c75b65bcebf077280cee941bdcbc1155cb400f6517,ETH_USDT_1h_7d_crypto_core_v1_no_macro_1.0.0,crypto_core_v1,hist_gradient_boosting,wf_2024,validation,ETH/USDT,1h,7d,42,train_only_standard_scaler_v1,eth_usdt_return_1|eth_usdt_log_return_1|eth_usdt_return_3|eth_usdt_log_return_3|eth_usdt_return_6|eth_usdt_log_return_6|eth_usdt_return_12|eth_usdt_log_return_12|eth_usdt_return_24|eth_usdt_log_return_24|eth_usdt_momentum_6|eth_usdt_momentum_12|eth_usdt_momentum_24|eth_usdt_sma_distance_20|eth_usdt_ema_distance_20|eth_usdt_sma_distance_50|eth_usdt_ema_distance_50|eth_usdt_rsi_14|eth_usdt_realized_vol_12|eth_usdt_range_12|eth_usdt_realized_vol_24|eth_usdt_range_24|eth_usdt_realized_vol_48|eth_usdt_range_48|eth_usdt_relative_volume_24|eth_usdt_range_position_20|eth_usdt_breakout_distance_20|eth_usdt_range_position_55|eth_usdt_breakout_distance_55,direction_raw_v1,7 days 00:00:00,7 days 00:00:00,2017-08-17T00:00:00Z,2023-12-31T23:59:59Z,2024-01-01T00:00:00Z,2024-12-31T23:59:59Z,55517,8784,False,0.5139909722075972,0.5367880765827702,0.5090554046243451,0.6968025239866588,0.25173258469623644,0.5203779599271403,0.012738897817660699,8784.0,0.5276639344262295,0.7051457194899818,0.2948542805100182,0.01464873438584312,-0.008171512604022895,0.3409608378870674,0.09369307832422587,0.014656234294961115,-0.009559564745341947,0.1130464480874317,0.02709471766848816,0.011015149669376783,-0.022556156311827488,0.02117486338797814,0.006830601092896175,0.005179689172478437,-0.00020747488581690138,0.005122950819672131,0.0018214936247723133,0.006256405063930706,0.002893949619768063,MIXED
a8757ff9b1d23c3c24f1,3.3.0,73026dd08db19c83059c57c75b65bcebf077280cee941bdcbc1155cb400f6517,ETH_USDT_1h_7d_crypto_core_v1_no_macro_1.0.0,crypto_core_v1,random_forest,wf_2024,validation,ETH/USDT,1h,7d,42,train_only_standard_scaler_v1,eth_usdt_return_1|eth_usdt_log_return_1|eth_usdt_return_3|eth_usdt_log_return_3|eth_usdt_return_6|eth_usdt_log_return_6|eth_usdt_return_12|eth_usdt_log_return_12|eth_usdt_return_24|eth_usdt_log_return_24|eth_usdt_momentum_6|eth_usdt_momentum_12|eth_usdt_momentum_24|eth_usdt_sma_distance_20|eth_usdt_ema_distance_20|eth_usdt_sma_distance_50|eth_usdt_ema_distance_50|eth_usdt_rsi_14|eth_usdt_realized_vol_12|eth_usdt_range_12|eth_usdt_realized_vol_24|eth_usdt_range_24|eth_usdt_realized_vol_48|eth_usdt_range_48|eth_usdt_relative_volume_24|eth_usdt_range_position_20|eth_usdt_breakout_distance_20|eth_usdt_range_position_55|eth_usdt_breakout_distance_55,direction_raw_v1,7 days 00:00:00,7 days 00:00:00,2017-08-17T00:00:00Z,2023-12-31T23:59:59Z,2024-01-01T00:00:00Z,2024-12-31T23:59:59Z,55517,8784,False,0.5437424128141508,0.5645318900238177,0.5360954914858418,0.6914406745914754,0.24912597520498586,0.5339253187613844,0.012738897817660699,8784.0,0.5276639344262295,0.46277322404371585,0.5372267759562842,0.01654314398440739,-0.009461877120939934,0.10359744990892532,0.11555100182149362,0.02176923738289554,-0.00884949685627518,0.01707650273224044,0.015141165755919854,0.02764148094303118,-0.01832302402384423,0.0014799635701275046,0.002959927140255009,0.031882406174488995,-0.02763600077472692,0.0,0.00034153005464480874,,-0.061565334739201484,MIXED
1494c35689c460f915e0,3.3.0,73026dd08db19c83059c57c75b65bcebf077280cee941bdcbc1155cb400f6517,ETH_USDT_1h_7d_crypto_core_v1+crypto_context_proxy_v1_macro_proxy_1.0.0,crypto_core_v1+crypto_context_proxy_v1,logistic_regression,wf_2022,validation,ETH/USDT,1h,7d,42,train_only_standard_scaler_v1,eth_usdt_return_1|eth_usdt_log_return_1|eth_usdt_return_3|eth_usdt_log_return_3|eth_usdt_return_6|eth_usdt_log_return_6|eth_usdt_return_12|eth_usdt_log_return_12|eth_usdt_return_24|eth_usdt_log_return_24|eth_usdt_momentum_6|eth_usdt_momentum_12|eth_usdt_momentum_24|eth_usdt_sma_distance_20|eth_usdt_ema_distance_20|eth_usdt_sma_distance_50|eth_usdt_ema_distance_50|eth_usdt_rsi_14|eth_usdt_realized_vol_12|eth_usdt_range_12|eth_usdt_realized_vol_24|eth_usdt_range_24|eth_usdt_realized_vol_48|eth_usdt_range_48|eth_usdt_relative_volume_24|eth_usdt_range_position_20|eth_usdt_breakout_distance_20|eth_usdt_range_position_55|eth_usdt_breakout_distance_55|macro_es_f_proxy_value|macro_es_f_proxy_return_1|macro_nq_f_proxy_value|macro_nq_f_proxy_return_1|macro_vix_proxy_value|macro_vix_proxy_return_1|macro_urth_proxy_value|macro_urth_proxy_return_1,direction_raw_v1,7 days 00:00:00,7 days 00:00:00,2017-08-17T00:00:00Z,2021-12-31T23:59:59Z,2022-01-01T00:00:00Z,2022-12-31T23:59:59Z,20669,8760,False,0.5614992554550328,0.4894466080300268,0.5193635960529189,0.6907131720233982,0.24830830705792006,0.571917808219178,-0.012814118906893223,8760.0,0.4377853881278539,0.07522831050228311,0.9247716894977169,0.02274705451997404,0.015706948593142516,0.0386986301369863,0.8272831050228311,0.0192012937027347,0.016418945932078637,0.021004566210045664,0.652283105022831,0.015354787263689686,0.01716720194221772,0.008105022831050229,0.4246575342465753,0.017892405445958753,0.01660337150693769,0.0029680365296803654,0.18835616438356165,-0.025084309065997824,0.025150482464342455,ROBUST CANDIDATE
a9af9ac965cf3517b4be,3.3.0,73026dd08db19c83059c57c75b65bcebf077280cee941bdcbc1155cb400f6517,ETH_USDT_1h_7d_crypto_core_v1+crypto_context_proxy_v1_macro_proxy_1.0.0,crypto_core_v1+crypto_context_proxy_v1,hist_gradient_boosting,wf_2022,validation,ETH/USDT,1h,7d,42,train_only_standard_scaler_v1,eth_usdt_return_1|eth_usdt_log_return_1|eth_usdt_return_3|eth_usdt_log_return_3|eth_usdt_return_6|eth_usdt_log_return_6|eth_usdt_return_12|eth_usdt_log_return_12|eth_usdt_return_24|eth_usdt_log_return_24|eth_usdt_momentum_6|eth_usdt_momentum_12|eth_usdt_momentum_24|eth_usdt_sma_distance_20|eth_usdt_ema_distance_20|eth_usdt_sma_distance_50|eth_usdt_ema_distance_50|eth_usdt_rsi_14|eth_usdt_realized_vol_12|eth_usdt_range_12|eth_usdt_realized_vol_24|eth_usdt_range_24|eth_usdt_realized_vol_48|eth_usdt_range_48|eth_usdt_relative_volume_24|eth_usdt_range_position_20|eth_usdt_breakout_distance_20|eth_usdt_range_position_55|eth_usdt_breakout_distance_55|macro_es_f_proxy_value|macro_es_f_proxy_return_1|macro_nq_f_proxy_value|macro_nq_f_proxy_return_1|macro_vix_proxy_value|macro_vix_proxy_return_1|macro_urth_proxy_value|macro_urth_proxy_return_1,direction_raw_v1,7 days 00:00:00,7 days 00:00:00,2017-08-17T00:00:00Z,2021-12-31T23:59:59Z,2022-01-01T00:00:00Z,2022-12-31T23:59:59Z,20669,8760,False,0.5882571294316971,0.49462560501048286,0.5344036691175984,0.8223450404491319,0.2988579348143954,0.49554794520547946,-0.012814118906893223,8760.0,0.4377853881278539,0.8079908675799087,0.19200913242009132,-0.003634889497000803,0.05144110211927047,0.7519406392694064,0.13641552511415525,0.001052425548429998,0.05477643630954026,0.665068493150685,0.08698630136986302,0.005060312799364958,0.06906497887411972,0.5781963470319634,0.05570776255707763,0.009021470273292573,0.0632372905565947,0.4593607305936073,0.03184931506849315,0.012192981499495445,0.06741762583764813,MIXED
076bdb5707c7e80a1f8f,3.3.0,73026dd08db19c83059c57c75b65bcebf077280cee941bdcbc1155cb400f6517,ETH_USDT_1h_7d_crypto_core_v1+crypto_context_proxy_v1_macro_proxy_1.0.0,crypto_core_v1+crypto_context_proxy_v1,random_forest,wf_2022,validation,ETH/USDT,1h,7d,42,train_only_standard_scaler_v1,eth_usdt_return_1|eth_usdt_log_return_1|eth_usdt_return_3|eth_usdt_log_return_3|eth_usdt_return_6|eth_usdt_log_return_6|eth_usdt_return_12|eth_usdt_log_return_12|eth_usdt_return_24|eth_usdt_log_return_24|eth_usdt_momentum_6|eth_usdt_momentum_12|eth_usdt_momentum_24|eth_usdt_sma_distance_20|eth_usdt_ema_distance_20|eth_usdt_sma_distance_50|eth_usdt_ema_distance_50|eth_usdt_rsi_14|eth_usdt_realized_vol_12|eth_usdt_range_12|eth_usdt_realized_vol_24|eth_usdt_range_24|eth_usdt_realized_vol_48|eth_usdt_range_48|eth_usdt_relative_volume_24|eth_usdt_range_position_20|eth_usdt_breakout_distance_20|eth_usdt_range_position_55|eth_usdt_breakout_distance_55|macro_es_f_proxy_value|macro_es_f_proxy_return_1|macro_nq_f_proxy_value|macro_nq_f_proxy_return_1|macro_vix_proxy_value|macro_vix_proxy_return_1|macro_urth_proxy_value|macro_urth_proxy_return_1,direction_raw_v1,7 days 00:00:00,7 days 00:00:00,2017-08-17T00:00:00Z,2021-12-31T23:59:59Z,2022-01-01T00:00:00Z,2022-12-31T23:59:59Z,20669,8760,False,0.5413714716841276,0.4570387605555565,0.5357036115394542,0.740136467756664,0.27156551328362366,0.4865296803652968,-0.012814118906893223,8760.0,0.4377853881278539,0.8907534246575343,0.10924657534246575,-0.009238981424585123,0.041964377814364615,0.708904109589041,0.03744292237442922,-0.00627894305852452,0.09862250607316324,0.46141552511415523,0.018949771689497717,0.00047294898675145523,0.16146120015750517,0.2928082191780822,0.009360730593607305,0.0020737494969179766,0.17686266851900334,0.12579908675799087,0.0027397260273972603,0.00955759205693643,0.17238432120474179,MIXED
73462a2be02afb515ef4,3.3.0,73026dd08db19c83059c57c75b65bcebf077280cee941bdcbc1155cb400f6517,ETH_USDT_1h_7d_crypto_core_v1+crypto_context_proxy_v1_macro_proxy_1.0.0,crypto_core_v1+crypto_context_proxy_v1,logistic_regression,wf_2023,validation,ETH/USDT,1h,7d,42,train_only_standard_scaler_v1,eth_usdt_return_1|eth_usdt_log_return_1|eth_usdt_return_3|eth_usdt_log_return_3|eth_usdt_return_6|eth_usdt_log_return_6|eth_usdt_return_12|eth_usdt_log_return_12|eth_usdt_return_24|eth_usdt_log_return_24|eth_usdt_momentum_6|eth_usdt_momentum_12|eth_usdt_momentum_24|eth_usdt_sma_distance_20|eth_usdt_ema_distance_20|eth_usdt_sma_distance_50|eth_usdt_ema_distance_50|eth_usdt_rsi_14|eth_usdt_realized_vol_12|eth_usdt_range_12|eth_usdt_realized_vol_24|eth_usdt_range_24|eth_usdt_realized_vol_48|eth_usdt_range_48|eth_usdt_relative_volume_24|eth_usdt_range_position_20|eth_usdt_breakout_distance_20|eth_usdt_range_position_55|eth_usdt_breakout_distance_55|macro_es_f_proxy_value|macro_es_f_proxy_return_1|macro_nq_f_proxy_value|macro_nq_f_proxy_return_1|macro_vix_proxy_value|macro_vix_proxy_return_1|macro_urth_proxy_value|macro_urth_proxy_return_1,direction_raw_v1,7 days 00:00:00,7 days 00:00:00,2017-08-17T00:00:00Z,2022-12-31T23:59:59Z,2023-01-01T00:00:00Z,2023-12-31T23:59:59Z,29429,8759,False,0.4690971234013565,0.5178248561300455,0.4954353761000095,0.7312532163358304,0.2681948172124197,0.4645507478022605,0.013711698235572457,8759.0,0.5375042813106519,0.08790957871903185,0.9120904212809682,0.008510324070739735,-0.014213019816110851,0.009704304144308711,0.6225596529284165,-0.020576238162366714,-0.013612605146291527,0.00022833656810138144,0.2669254481105149,-0.0769026211511758,-0.023500593791538415,0.0,0.10275145564562164,,-0.046610806564326084,0.0,0.027400388172165772,,-0.07323185921335823,ROBUST CANDIDATE
8dca741643742fdda7c6,3.3.0,73026dd08db19c83059c57c75b65bcebf077280cee941bdcbc1155cb400f6517,ETH_USDT_1h_7d_crypto_core_v1+crypto_context_proxy_v1_macro_proxy_1.0.0,crypto_core_v1+crypto_context_proxy_v1,hist_gradient_boosting,wf_2023,validation,ETH/USDT,1h,7d,42,train_only_standard_scaler_v1,eth_usdt_return_1|eth_usdt_log_return_1|eth_usdt_return_3|eth_usdt_log_return_3|eth_usdt_return_6|eth_usdt_log_return_6|eth_usdt_return_12|eth_usdt_log_return_12|eth_usdt_return_24|eth_usdt_log_return_24|eth_usdt_momentum_6|eth_usdt_momentum_12|eth_usdt_momentum_24|eth_usdt_sma_distance_20|eth_usdt_ema_distance_20|eth_usdt_sma_distance_50|eth_usdt_ema_distance_50|eth_usdt_rsi_14|eth_usdt_realized_vol_12|eth_usdt_range_12|eth_usdt_realized_vol_24|eth_usdt_range_24|eth_usdt_realized_vol_48|eth_usdt_range_48|eth_usdt_relative_volume_24|eth_usdt_range_position_20|eth_usdt_breakout_distance_20|eth_usdt_range_position_55|eth_usdt_breakout_distance_55|macro_es_f_proxy_value|macro_es_f_proxy_return_1|macro_nq_f_proxy_value|macro_nq_f_proxy_return_1|macro_vix_proxy_value|macro_vix_proxy_return_1|macro_urth_proxy_value|macro_urth_proxy_return_1,direction_raw_v1,7 days 00:00:00,7 days 00:00:00,2017-08-17T00:00:00Z,2022-12-31T23:59:59Z,2023-01-01T00:00:00Z,2023-12-31T23:59:59Z,29429,8759,False,0.47747742410015714,0.5116719889724551,0.4910641498045208,0.781947221764396,0.28654870610585964,0.5073638543212695,0.013711698235572457,8759.0,0.5375042813106519,0.7166343189861857,0.2833656810138144,0.009720836942940833,-0.023804621818911985,0.6012101838109373,0.2179472542527686,0.011107804753567426,-0.029408120451367214,0.48258933668226967,0.15035963009475967,0.015277898019936008,-0.03996921473450834,0.3840621075465236,0.08516953990181528,0.017446920472484972,-0.03929766566789561,0.29021577805685583,0.05948167599040986,0.013315404315754889,-0.02947227640783838,MIXED
d4e230873e069a4f9f4d,3.3.0,73026dd08db19c83059c57c75b65bcebf077280cee941bdcbc1155cb400f6517,ETH_USDT_1h_7d_crypto_core_v1+crypto_context_proxy_v1_macro_proxy_1.0.0,crypto_core_v1+crypto_context_proxy_v1,random_forest,wf_2023,validation,ETH/USDT,1h,7d,42,train_only_standard_scaler_v1,eth_usdt_return_1|eth_usdt_log_return_1|eth_usdt_return_3|eth_usdt_log_return_3|eth_usdt_return_6|eth_usdt_log_return_6|eth_usdt_return_12|eth_usdt_log_return_12|eth_usdt_return_24|eth_usdt_log_return_24|eth_usdt_momentum_6|eth_usdt_momentum_12|eth_usdt_momentum_24|eth_usdt_sma_distance_20|eth_usdt_ema_distance_20|eth_usdt_sma_distance_50|eth_usdt_ema_distance_50|eth_usdt_rsi_14|eth_usdt_realized_vol_12|eth_usdt_range_12|eth_usdt_realized_vol_24|eth_usdt_range_24|eth_usdt_realized_vol_48|eth_usdt_range_48|eth_usdt_relative_volume_24|eth_usdt_range_position_20|eth_usdt_breakout_distance_20|eth_usdt_range_position_55|eth_usdt_breakout_distance_55|macro_es_f_proxy_value|macro_es_f_proxy_return_1|macro_nq_f_proxy_value|macro_nq_f_proxy_return_1|macro_vix_proxy_value|macro_vix_proxy_return_1|macro_urth_proxy_value|macro_urth_proxy_return_1,direction_raw_v1,7 days 00:00:00,7 days 00:00:00,2017-08-17T00:00:00Z,2022-12-31T23:59:59Z,2023-01-01T00:00:00Z,2023-12-31T23:59:59Z,29429,8759,False,0.4764895941235232,0.5208445231654824,0.4836952213148122,0.7217257117784333,0.2635056272939459,0.48133348555771205,0.013711698235572457,8759.0,0.5375042813106519,0.4672907866194771,0.5327092133805229,0.0047320261950989,-0.02158863729722232,0.26155953876013244,0.3359972599611828,0.007412694241836662,-0.026300196359241898,0.08585454960611942,0.15538303459299008,0.0015753053894806764,-0.03691078424993123,0.018609430300262585,0.0737527114967462,0.01226673866816412,-0.040608709223928084,0.0021691973969631237,0.036191346044068956,-0.010847432858303393,-0.008365625103565356,MIXED
11b117de7964c06ba445,3.3.0,73026dd08db19c83059c57c75b65bcebf077280cee941bdcbc1155cb400f6517,ETH_USDT_1h_7d_crypto_core_v1+crypto_context_proxy_v1_macro_proxy_1.0.0,crypto_core_v1+crypto_context_proxy_v1,logistic_regression,wf_2024,validation,ETH/USDT,1h,7d,42,train_only_standard_scaler_v1,eth_usdt_return_1|eth_usdt_log_return_1|eth_usdt_return_3|eth_usdt_log_return_3|eth_usdt_return_6|eth_usdt_log_return_6|eth_usdt_return_12|eth_usdt_log_return_12|eth_usdt_return_24|eth_usdt_log_return_24|eth_usdt_momentum_6|eth_usdt_momentum_12|eth_usdt_momentum_24|eth_usdt_sma_distance_20|eth_usdt_ema_distance_20|eth_usdt_sma_distance_50|eth_usdt_ema_distance_50|eth_usdt_rsi_14|eth_usdt_realized_vol_12|eth_usdt_range_12|eth_usdt_realized_vol_24|eth_usdt_range_24|eth_usdt_realized_vol_48|eth_usdt_range_48|eth_usdt_relative_volume_24|eth_usdt_range_position_20|eth_usdt_breakout_distance_20|eth_usdt_range_position_55|eth_usdt_breakout_distance_55|macro_es_f_proxy_value|macro_es_f_proxy_return_1|macro_nq_f_proxy_value|macro_nq_f_proxy_return_1|macro_vix_proxy_value|macro_vix_proxy_return_1|macro_urth_proxy_value|macro_urth_proxy_return_1,direction_raw_v1,7 days 00:00:00,7 days 00:00:00,2017-08-17T00:00:00Z,2023-12-31T23:59:59Z,2024-01-01T00:00:00Z,2024-12-31T23:59:59Z,38188,8784,False,0.5191113232728127,0.5680872723772046,0.5036239870643763,0.7763887055807004,0.2871022599204324,0.4763205828779599,0.012738897817660699,8784.0,0.5276639344262295,0.006716757741347905,0.993283242258652,0.053220463604389805,-0.012465154278243278,0.000569216757741348,0.9479735883424408,0.06786532679295854,-0.01146349536839385,0.0,0.7832422586520947,,-0.010246350188680878,0.0,0.5039845173041895,,-0.002191290020566104,0.0,0.2747040072859745,,-0.022186567255425678,ROBUST CANDIDATE
7899c724357d2206d1a3,3.3.0,73026dd08db19c83059c57c75b65bcebf077280cee941bdcbc1155cb400f6517,ETH_USDT_1h_7d_crypto_core_v1+crypto_context_proxy_v1_macro_proxy_1.0.0,crypto_core_v1+crypto_context_proxy_v1,hist_gradient_boosting,wf_2024,validation,ETH/USDT,1h,7d,42,train_only_standard_scaler_v1,eth_usdt_return_1|eth_usdt_log_return_1|eth_usdt_return_3|eth_usdt_log_return_3|eth_usdt_return_6|eth_usdt_log_return_6|eth_usdt_return_12|eth_usdt_log_return_12|eth_usdt_return_24|eth_usdt_log_return_24|eth_usdt_momentum_6|eth_usdt_momentum_12|eth_usdt_momentum_24|eth_usdt_sma_distance_20|eth_usdt_ema_distance_20|eth_usdt_sma_distance_50|eth_usdt_ema_distance_50|eth_usdt_rsi_14|eth_usdt_realized_vol_12|eth_usdt_range_12|eth_usdt_realized_vol_24|eth_usdt_range_24|eth_usdt_realized_vol_48|eth_usdt_range_48|eth_usdt_relative_volume_24|eth_usdt_range_position_20|eth_usdt_breakout_distance_20|eth_usdt_range_position_55|eth_usdt_breakout_distance_55|macro_es_f_proxy_value|macro_es_f_proxy_return_1|macro_nq_f_proxy_value|macro_nq_f_proxy_return_1|macro_vix_proxy_value|macro_vix_proxy_return_1|macro_urth_proxy_value|macro_urth_proxy_return_1,direction_raw_v1,7 days 00:00:00,7 days 00:00:00,2017-08-17T00:00:00Z,2023-12-31T23:59:59Z,2024-01-01T00:00:00Z,2024-12-31T23:59:59Z,38188,8784,False,0.48436420260090485,0.5054223500251007,0.492728625683578,0.7833712116943,0.28435240557211655,0.5078551912568307,0.012738897817660699,8784.0,0.5276639344262295,0.7729963570127505,0.22700364298724954,0.008452378575330948,-0.02733542021255488,0.6438979963570127,0.1260245901639344,0.00954589120710463,-0.041191433871795455,0.5253870673952641,0.05703551912568306,0.010892196051877192,-0.04429062584014508,0.43214936247723135,0.028346994535519126,0.01242985604985003,-0.057534598979696636,0.3353825136612022,0.011384335154826957,0.011222092581565106,-0.0759052445305519,MIXED
4b62b55d13310d73e786,3.3.0,73026dd08db19c83059c57c75b65bcebf077280cee941bdcbc1155cb400f6517,ETH_USDT_1h_7d_crypto_core_v1+crypto_context_proxy_v1_macro_proxy_1.0.0,crypto_core_v1+crypto_context_proxy_v1,random_forest,wf_2024,validation,ETH/USDT,1h,7d,42,train_only_standard_scaler_v1,eth_usdt_return_1|eth_usdt_log_return_1|eth_usdt_return_3|eth_usdt_log_return_3|eth_usdt_return_6|eth_usdt_log_return_6|eth_usdt_return_12|eth_usdt_log_return_12|eth_usdt_return_24|eth_usdt_log_return_24|eth_usdt_momentum_6|eth_usdt_momentum_12|eth_usdt_momentum_24|eth_usdt_sma_distance_20|eth_usdt_ema_distance_20|eth_usdt_sma_distance_50|eth_usdt_ema_distance_50|eth_usdt_rsi_14|eth_usdt_realized_vol_12|eth_usdt_range_12|eth_usdt_realized_vol_24|eth_usdt_range_24|eth_usdt_realized_vol_48|eth_usdt_range_48|eth_usdt_relative_volume_24|eth_usdt_range_position_20|eth_usdt_breakout_distance_20|eth_usdt_range_position_55|eth_usdt_breakout_distance_55|macro_es_f_proxy_value|macro_es_f_proxy_return_1|macro_nq_f_proxy_value|macro_nq_f_proxy_return_1|macro_vix_proxy_value|macro_vix_proxy_return_1|macro_urth_proxy_value|macro_urth_proxy_return_1,direction_raw_v1,7 days 00:00:00,7 days 00:00:00,2017-08-17T00:00:00Z,2023-12-31T23:59:59Z,2024-01-01T00:00:00Z,2024-12-31T23:59:59Z,38188,8784,False,0.4898320724532211,0.5072489940436946,0.506246212094621,0.7380776445139978,0.2704403939096638,0.5025045537340619,0.012738897817660699,8784.0,0.5276639344262295,0.4327185792349727,0.5672814207650273,0.013524413693676927,-0.012139711414943926,0.3073770491803279,0.40664845173041897,0.00800910944360941,-0.015340018987278672,0.2204007285974499,0.2556921675774135,0.006648180049843694,-0.020437705877500434,0.14014116575591987,0.14116575591985428,0.006214564483562044,-0.024965305723112993,0.0651183970856102,0.047928051001821494,-0.0034907394119849684,-0.007396986225181172,MIXED
8cdde17d9976841fffa1,3.3.0,73026dd08db19c83059c57c75b65bcebf077280cee941bdcbc1155cb400f6517,ETH_USDT_4h_7d_crypto_core_v1_no_macro_1.0.0,crypto_core_v1,logistic_regression,wf_2022,validation,ETH/USDT,4h,7d,42,train_only_standard_scaler_v1,eth_usdt_return_1|eth_usdt_log_return_1|eth_usdt_return_3|eth_usdt_log_return_3|eth_usdt_return_6|eth_usdt_log_return_6|eth_usdt_return_12|eth_usdt_log_return_12|eth_usdt_return_24|eth_usdt_log_return_24|eth_usdt_momentum_6|eth_usdt_momentum_12|eth_usdt_momentum_24|eth_usdt_sma_distance_20|eth_usdt_ema_distance_20|eth_usdt_sma_distance_50|eth_usdt_ema_distance_50|eth_usdt_rsi_14|eth_usdt_realized_vol_12|eth_usdt_range_12|eth_usdt_realized_vol_24|eth_usdt_range_24|eth_usdt_realized_vol_48|eth_usdt_range_48|eth_usdt_relative_volume_24|eth_usdt_range_position_20|eth_usdt_breakout_distance_20|eth_usdt_range_position_55|eth_usdt_breakout_distance_55,direction_raw_v1,7 days 00:00:00,7 days 00:00:00,2017-08-17T00:00:00Z,2021-12-31T23:59:59Z,2022-01-01T00:00:00Z,2022-12-31T23:59:59Z,9474,2190,False,0.4895890578249984,0.45892815307945817,0.5094899350715434,0.6958900864494565,0.2513224308038608,0.5278538812785388,-0.01283524715482749,2190.0,0.43561643835616437,0.3561643835616438,0.6438356164383562,-0.017229814855051106,0.01040420970363996,0.1091324200913242,0.30182648401826484,0.0033507066997984242,0.0009881360958160963,0.028310502283105023,0.05662100456621005,0.03208000076960502,-0.0041271947628211784,0.00684931506849315,0.0036529680365296802,0.07980954113910746,-0.02722323176561875,0.00045662100456621003,0.0,0.09604660458837633,,WEAK
5ce97bcca1fb6c8e9836,3.3.0,73026dd08db19c83059c57c75b65bcebf077280cee941bdcbc1155cb400f6517,ETH_USDT_4h_7d_crypto_core_v1_no_macro_1.0.0,crypto_core_v1,hist_gradient_boosting,wf_2022,validation,ETH/USDT,4h,7d,42,train_only_standard_scaler_v1,eth_usdt_return_1|eth_usdt_log_return_1|eth_usdt_return_3|eth_usdt_log_return_3|eth_usdt_return_6|eth_usdt_log_return_6|eth_usdt_return_12|eth_usdt_log_return_12|eth_usdt_return_24|eth_usdt_log_return_24|eth_usdt_momentum_6|eth_usdt_momentum_12|eth_usdt_momentum_24|eth_usdt_sma_distance_20|eth_usdt_ema_distance_20|eth_usdt_sma_distance_50|eth_usdt_ema_distance_50|eth_usdt_rsi_14|eth_usdt_realized_vol_12|eth_usdt_range_12|eth_usdt_realized_vol_24|eth_usdt_range_24|eth_usdt_realized_vol_48|eth_usdt_range_48|eth_usdt_relative_volume_24|eth_usdt_range_position_20|eth_usdt_breakout_distance_20|eth_usdt_range_position_55|eth_usdt_breakout_distance_55,direction_raw_v1,7 days 00:00:00,7 days 00:00:00,2017-08-17T00:00:00Z,2021-12-31T23:59:59Z,2022-01-01T00:00:00Z,2022-12-31T23:59:59Z,9474,2190,False,0.47168539211495797,0.4134753839532695,0.47272597748875456,0.7703885664088296,0.284610101021656,0.4593607305936073,-0.01283524715482749,2190.0,0.43561643835616437,0.6073059360730594,0.3926940639269406,-0.021705300961728027,-0.0008823941977047325,0.48904109589041095,0.28264840182648404,-0.022683535030116976,-0.008428634949373012,0.37488584474885844,0.19269406392694063,-0.021304215460369917,-0.001196460552988053,0.2465753424657534,0.12831050228310503,-0.022885331174173167,0.0029923610836797587,0.13926940639269406,0.07899543378995434,-0.0200905313914227,-0.003848047059151224,MIXED
c43e466c5435abb2eac8,3.3.0,73026dd08db19c83059c57c75b65bcebf077280cee941bdcbc1155cb400f6517,ETH_USDT_4h_7d_crypto_core_v1_no_macro_1.0.0,crypto_core_v1,random_forest,wf_2022,validation,ETH/USDT,4h,7d,42,train_only_standard_scaler_v1,eth_usdt_return_1|eth_usdt_log_return_1|eth_usdt_return_3|eth_usdt_log_return_3|eth_usdt_return_6|eth_usdt_log_return_6|eth_usdt_return_12|eth_usdt_log_return_12|eth_usdt_return_24|eth_usdt_log_return_24|eth_usdt_momentum_6|eth_usdt_momentum_12|eth_usdt_momentum_24|eth_usdt_sma_distance_20|eth_usdt_ema_distance_20|eth_usdt_sma_distance_50|eth_usdt_ema_distance_50|eth_usdt_rsi_14|eth_usdt_realized_vol_12|eth_usdt_range_12|eth_usdt_realized_vol_24|eth_usdt_range_24|eth_usdt_realized_vol_48|eth_usdt_range_48|eth_usdt_relative_volume_24|eth_usdt_range_position_20|eth_usdt_breakout_distance_20|eth_usdt_range_position_55|eth_usdt_breakout_distance_55,direction_raw_v1,7 days 00:00:00,7 days 00:00:00,2017-08-17T00:00:00Z,2021-12-31T23:59:59Z,2022-01-01T00:00:00Z,2022-12-31T23:59:59Z,9474,2190,False,0.45815099767288814,0.4105021873283631,0.4631673485172294,0.7249560291447101,0.2651148324858318,0.46301369863013697,-0.01283524715482749,2190.0,0.43561643835616437,0.5059360730593607,0.4940639269406393,-0.021764220549262348,0.0036917143257758998,0.29726027397260274,0.28264840182648404,-0.020469596050216584,-0.007725021166684429,0.13059360730593608,0.1415525114155251,-0.01475208756831692,-0.010255876261617742,0.05251141552511415,0.06484018264840183,-0.0009546012684205296,-0.010073485140035423,0.015525114155251141,0.0273972602739726,0.0025072578327321915,0.005528698313282563,MIXED
e9c7c7c23eefcd1320af,3.3.0,73026dd08db19c83059c57c75b65bcebf077280cee941bdcbc1155cb400f6517,ETH_USDT_4h_7d_crypto_core_v1_no_macro_1.0.0,crypto_core_v1,logistic_regression,wf_2023,validation,ETH/USDT,4h,7d,42,train_only_standard_scaler_v1,eth_usdt_return_1|eth_usdt_log_return_1|eth_usdt_return_3|eth_usdt_log_return_3|eth_usdt_return_6|eth_usdt_log_return_6|eth_usdt_return_12|eth_usdt_log_return_12|eth_usdt_return_24|eth_usdt_log_return_24|eth_usdt_momentum_6|eth_usdt_momentum_12|eth_usdt_momentum_24|eth_usdt_sma_distance_20|eth_usdt_ema_distance_20|eth_usdt_sma_distance_50|eth_usdt_ema_distance_50|eth_usdt_rsi_14|eth_usdt_realized_vol_12|eth_usdt_range_12|eth_usdt_realized_vol_24|eth_usdt_range_24|eth_usdt_realized_vol_48|eth_usdt_range_48|eth_usdt_relative_volume_24|eth_usdt_range_position_20|eth_usdt_breakout_distance_20|eth_usdt_range_position_55|eth_usdt_breakout_distance_55,direction_raw_v1,7 days 00:00:00,7 days 00:00:00,2017-08-17T00:00:00Z,2022-12-31T23:59:59Z,2023-01-01T00:00:00Z,2023-12-31T23:59:59Z,11664,2190,False,0.47587058823529416,0.5356670874796948,0.5092100840336135,0.7178534774177022,0.2620732283001206,0.4780821917808219,0.013703807086200177,2190.0,0.54337899543379,0.14200913242009133,0.8579908675799087,0.009361270810046372,-0.014422555772673745,0.03287671232876712,0.5164383561643836,0.009455410406555412,-0.015707016901339417,0.00410958904109589,0.19269406392694063,-0.0016241840659782206,-0.019880868431700328,0.0,0.021461187214611873,,-0.011865000385339433,0.0,0.00045662100456621003,,0.004688280502410325,WEAK
2981c25a5ada25b2f430,3.3.0,73026dd08db19c83059c57c75b65bcebf077280cee941bdcbc1155cb400f6517,ETH_USDT_4h_7d_crypto_core_v1_no_macro_1.0.0,crypto_core_v1,hist_gradient_boosting,wf_2023,validation,ETH/USDT,4h,7d,42,train_only_standard_scaler_v1,eth_usdt_return_1|eth_usdt_log_return_1|eth_usdt_return_3|eth_usdt_log_return_3|eth_usdt_return_6|eth_usdt_log_return_6|eth_usdt_return_12|eth_usdt_log_return_12|eth_usdt_return_24|eth_usdt_log_return_24|eth_usdt_momentum_6|eth_usdt_momentum_12|eth_usdt_momentum_24|eth_usdt_sma_distance_20|eth_usdt_ema_distance_20|eth_usdt_sma_distance_50|eth_usdt_ema_distance_50|eth_usdt_rsi_14|eth_usdt_realized_vol_12|eth_usdt_range_12|eth_usdt_realized_vol_24|eth_usdt_range_24|eth_usdt_realized_vol_48|eth_usdt_range_48|eth_usdt_relative_volume_24|eth_usdt_range_position_20|eth_usdt_breakout_distance_20|eth_usdt_range_position_55|eth_usdt_breakout_distance_55,direction_raw_v1,7 days 00:00:00,7 days 00:00:00,2017-08-17T00:00:00Z,2022-12-31T23:59:59Z,2023-01-01T00:00:00Z,2023-12-31T23:59:59Z,11664,2190,False,0.49766764705882355,0.5600565818430921,0.48923529411764705,0.7439277321028165,0.27281113276464264,0.48812785388127855,0.013703807086200177,2190.0,0.54337899543379,0.4863013698630137,0.5136986301369864,0.013792780016917116,-0.01361957937845481,0.3515981735159817,0.39771689497716894,0.013925459786435513,-0.01403951416085894,0.23789954337899544,0.291324200913242,0.01669381588372907,-0.014110146378617325,0.1547945205479452,0.19223744292237444,0.02099761507203782,-0.012252744229560289,0.09634703196347032,0.11141552511415526,0.026847995522548105,-0.010485070053326821,MIXED
93b5b2e679e2e39aaede,3.3.0,73026dd08db19c83059c57c75b65bcebf077280cee941bdcbc1155cb400f6517,ETH_USDT_4h_7d_crypto_core_v1_no_macro_1.0.0,crypto_core_v1,random_forest,wf_2023,validation,ETH/USDT,4h,7d,42,train_only_standard_scaler_v1,eth_usdt_return_1|eth_usdt_log_return_1|eth_usdt_return_3|eth_usdt_log_return_3|eth_usdt_return_6|eth_usdt_log_return_6|eth_usdt_return_12|eth_usdt_log_return_12|eth_usdt_return_24|eth_usdt_log_return_24|eth_usdt_momentum_6|eth_usdt_momentum_12|eth_usdt_momentum_24|eth_usdt_sma_distance_20|eth_usdt_ema_distance_20|eth_usdt_sma_distance_50|eth_usdt_ema_distance_50|eth_usdt_rsi_14|eth_usdt_realized_vol_12|eth_usdt_range_12|eth_usdt_realized_vol_24|eth_usdt_range_24|eth_usdt_realized_vol_48|eth_usdt_range_48|eth_usdt_relative_volume_24|eth_usdt_range_position_20|eth_usdt_breakout_distance_20|eth_usdt_range_position_55|eth_usdt_breakout_distance_55,direction_raw_v1,7 days 00:00:00,7 days 00:00:00,2017-08-17T00:00:00Z,2022-12-31T23:59:59Z,2023-01-01T00:00:00Z,2023-12-31T23:59:59Z,11664,2190,False,0.5108268907563025,0.5747818390521648,0.49790336134453783,0.7113917631961553,0.258719749128161,0.4821917808219178,0.013703807086200177,2190.0,0.54337899543379,0.3187214611872146,0.6812785388127854,0.01838672433621592,-0.011513005316420697,0.16118721461187216,0.4187214611872146,0.03336567705242876,-0.011030091524544596,0.09315068493150686,0.21598173515981736,0.042464630136248446,-0.012664018277149663,0.052968036529680365,0.1045662100456621,0.038292183856886326,-0.02021794410801198,0.023744292237442923,0.030136986301369864,0.049167537351160195,-0.02514005353881349,MIXED
9ac670c11d580deca31e,3.3.0,73026dd08db19c83059c57c75b65bcebf077280cee941bdcbc1155cb400f6517,ETH_USDT_4h_7d_crypto_core_v1_no_macro_1.0.0,crypto_core_v1,logistic_regression,wf_2024,validation,ETH/USDT,4h,7d,42,train_only_standard_scaler_v1,eth_usdt_return_1|eth_usdt_log_return_1|eth_usdt_return_3|eth_usdt_log_return_3|eth_usdt_return_6|eth_usdt_log_return_6|eth_usdt_return_12|eth_usdt_log_return_12|eth_usdt_return_24|eth_usdt_log_return_24|eth_usdt_momentum_6|eth_usdt_momentum_12|eth_usdt_momentum_24|eth_usdt_sma_distance_20|eth_usdt_ema_distance_20|eth_usdt_sma_distance_50|eth_usdt_ema_distance_50|eth_usdt_rsi_14|eth_usdt_realized_vol_12|eth_usdt_range_12|eth_usdt_realized_vol_24|eth_usdt_range_24|eth_usdt_realized_vol_48|eth_usdt_range_48|eth_usdt_relative_volume_24|eth_usdt_range_position_20|eth_usdt_breakout_distance_20|eth_usdt_range_position_55|eth_usdt_breakout_distance_55,direction_raw_v1,7 days 00:00:00,7 days 00:00:00,2017-08-17T00:00:00Z,2023-12-31T23:59:59Z,2024-01-01T00:00:00Z,2024-12-31T23:59:59Z,13854,2196,False,0.48050647816068626,0.5438254863560329,0.5092409729423182,0.6997218863843815,0.2532677783234237,0.49863387978142076,0.012726770685298261,2196.0,0.5250455373406193,0.2887067395264117,0.7112932604735883,0.0061559270364746855,-0.015393809656715765,0.06238615664845173,0.22586520947176686,0.02383647810347534,-0.03556578276248708,0.015938069216757743,0.015027322404371584,0.07122121437627961,-0.0566653146784367,0.0,0.0,,,0.0,0.0,,,WEAK
d5627384c00ceb4591e2,3.3.0,73026dd08db19c83059c57c75b65bcebf077280cee941bdcbc1155cb400f6517,ETH_USDT_4h_7d_crypto_core_v1_no_macro_1.0.0,crypto_core_v1,hist_gradient_boosting,wf_2024,validation,ETH/USDT,4h,7d,42,train_only_standard_scaler_v1,eth_usdt_return_1|eth_usdt_log_return_1|eth_usdt_return_3|eth_usdt_log_return_3|eth_usdt_return_6|eth_usdt_log_return_6|eth_usdt_return_12|eth_usdt_log_return_12|eth_usdt_return_24|eth_usdt_log_return_24|eth_usdt_momentum_6|eth_usdt_momentum_12|eth_usdt_momentum_24|eth_usdt_sma_distance_20|eth_usdt_ema_distance_20|eth_usdt_sma_distance_50|eth_usdt_ema_distance_50|eth_usdt_rsi_14|eth_usdt_realized_vol_12|eth_usdt_range_12|eth_usdt_realized_vol_24|eth_usdt_range_24|eth_usdt_realized_vol_48|eth_usdt_range_48|eth_usdt_relative_volume_24|eth_usdt_range_position_20|eth_usdt_breakout_distance_20|eth_usdt_range_position_55|eth_usdt_breakout_distance_55,direction_raw_v1,7 days 00:00:00,7 days 00:00:00,2017-08-17T00:00:00Z,2023-12-31T23:59:59Z,2024-01-01T00:00:00Z,2024-12-31T23:59:59Z,13854,2196,False,0.5138573016824675,0.5557089410057867,0.5170708119799199,0.7117530580946768,0.25847234824480564,0.5186703096539163,0.012726770685298261,2196.0,0.5250455373406193,0.5327868852459017,0.4672131147540984,0.01398278105033784,-0.011294478163761895,0.34471766848816027,0.30828779599271405,0.012523927387025454,-0.015533605783232084,0.17486338797814208,0.16666666666666666,0.02785773477304898,-0.02275197642910248,0.0651183970856102,0.07832422586520947,0.04632790226915253,-0.02552907999499273,0.022313296903460837,0.03051001821493625,0.06666634007264989,-0.025036973587037124,MIXED
1f64d2a443bac31cc167,3.3.0,73026dd08db19c83059c57c75b65bcebf077280cee941bdcbc1155cb400f6517,ETH_USDT_4h_7d_crypto_core_v1_no_macro_1.0.0,crypto_core_v1,random_forest,wf_2024,validation,ETH/USDT,4h,7d,42,train_only_standard_scaler_v1,eth_usdt_return_1|eth_usdt_log_return_1|eth_usdt_return_3|eth_usdt_log_return_3|eth_usdt_return_6|eth_usdt_log_return_6|eth_usdt_return_12|eth_usdt_log_return_12|eth_usdt_return_24|eth_usdt_log_return_24|eth_usdt_momentum_6|eth_usdt_momentum_12|eth_usdt_momentum_24|eth_usdt_sma_distance_20|eth_usdt_ema_distance_20|eth_usdt_sma_distance_50|eth_usdt_ema_distance_50|eth_usdt_rsi_14|eth_usdt_realized_vol_12|eth_usdt_range_12|eth_usdt_realized_vol_24|eth_usdt_range_24|eth_usdt_realized_vol_48|eth_usdt_range_48|eth_usdt_relative_volume_24|eth_usdt_range_position_20|eth_usdt_breakout_distance_20|eth_usdt_range_position_55|eth_usdt_breakout_distance_55,direction_raw_v1,7 days 00:00:00,7 days 00:00:00,2017-08-17T00:00:00Z,2023-12-31T23:59:59Z,2024-01-01T00:00:00Z,2024-12-31T23:59:59Z,13854,2196,False,0.5416159769961059,0.581785389034028,0.5335000860650319,0.6921881347520328,0.24952393205317608,0.5255009107468124,0.012726770685298261,2196.0,0.5250455373406193,0.3419854280510018,0.6580145719489982,0.019243048898891727,-0.009340109828268023,0.08925318761384335,0.24635701275045538,0.044274089995193555,-0.017157080601503366,0.028233151183970857,0.0714936247723133,0.04766983456479445,-0.010084694365708299,0.011384335154826957,0.019581056466302368,0.062248823078663716,-0.007264632680215108,0.00546448087431694,0.0018214936247723133,0.08477897715949927,-0.03186868496711143,MIXED
ce7cefcd17fa612b5add,3.3.0,73026dd08db19c83059c57c75b65bcebf077280cee941bdcbc1155cb400f6517,ETH_USDT_4h_7d_crypto_core_v1+crypto_context_proxy_v1_macro_proxy_1.0.0,crypto_core_v1+crypto_context_proxy_v1,logistic_regression,wf_2022,validation,ETH/USDT,4h,7d,42,train_only_standard_scaler_v1,eth_usdt_return_1|eth_usdt_log_return_1|eth_usdt_return_3|eth_usdt_log_return_3|eth_usdt_return_6|eth_usdt_log_return_6|eth_usdt_return_12|eth_usdt_log_return_12|eth_usdt_return_24|eth_usdt_log_return_24|eth_usdt_momentum_6|eth_usdt_momentum_12|eth_usdt_momentum_24|eth_usdt_sma_distance_20|eth_usdt_ema_distance_20|eth_usdt_sma_distance_50|eth_usdt_ema_distance_50|eth_usdt_rsi_14|eth_usdt_realized_vol_12|eth_usdt_range_12|eth_usdt_realized_vol_24|eth_usdt_range_24|eth_usdt_realized_vol_48|eth_usdt_range_48|eth_usdt_relative_volume_24|eth_usdt_range_position_20|eth_usdt_breakout_distance_20|eth_usdt_range_position_55|eth_usdt_breakout_distance_55|macro_es_f_proxy_value|macro_es_f_proxy_return_1|macro_nq_f_proxy_value|macro_nq_f_proxy_return_1|macro_vix_proxy_value|macro_vix_proxy_return_1|macro_urth_proxy_value|macro_urth_proxy_return_1,direction_raw_v1,7 days 00:00:00,7 days 00:00:00,2017-08-17T00:00:00Z,2021-12-31T23:59:59Z,2022-01-01T00:00:00Z,2022-12-31T23:59:59Z,5176,2190,False,0.5648241436160469,0.520746041053865,0.544223606277096,0.6898778327449924,0.2471488769629121,0.5904109589041096,-0.01283524715482749,2190.0,0.43561643835616437,0.13561643835616438,0.8643835616438356,0.025305674520055613,0.01881932202933372,0.07990867579908675,0.7730593607305936,0.036621200464857805,0.01916217835815656,0.045205479452054796,0.636986301369863,0.06426377100989722,0.018871418117512577,0.023287671232876714,0.45388127853881277,0.08114656116596808,0.019716336520597844,0.012328767123287671,0.25662100456621006,0.1154370605289956,0.020019990953016514,ROBUST CANDIDATE
e3b6255e96e0f05ab037,3.3.0,73026dd08db19c83059c57c75b65bcebf077280cee941bdcbc1155cb400f6517,ETH_USDT_4h_7d_crypto_core_v1+crypto_context_proxy_v1_macro_proxy_1.0.0,crypto_core_v1+crypto_context_proxy_v1,hist_gradient_boosting,wf_2022,validation,ETH/USDT,4h,7d,42,train_only_standard_scaler_v1,eth_usdt_return_1|eth_usdt_log_return_1|eth_usdt_return_3|eth_usdt_log_return_3|eth_usdt_return_6|eth_usdt_log_return_6|eth_usdt_return_12|eth_usdt_log_return_12|eth_usdt_return_24|eth_usdt_log_return_24|eth_usdt_momentum_6|eth_usdt_momentum_12|eth_usdt_momentum_24|eth_usdt_sma_distance_20|eth_usdt_ema_distance_20|eth_usdt_sma_distance_50|eth_usdt_ema_distance_50|eth_usdt_rsi_14|eth_usdt_realized_vol_12|eth_usdt_range_12|eth_usdt_realized_vol_24|eth_usdt_range_24|eth_usdt_realized_vol_48|eth_usdt_range_48|eth_usdt_relative_volume_24|eth_usdt_range_position_20|eth_usdt_breakout_distance_20|eth_usdt_range_position_55|eth_usdt_breakout_distance_55|macro_es_f_proxy_value|macro_es_f_proxy_return_1|macro_nq_f_proxy_value|macro_nq_f_proxy_return_1|macro_vix_proxy_value|macro_vix_proxy_return_1|macro_urth_proxy_value|macro_urth_proxy_return_1,direction_raw_v1,7 days 00:00:00,7 days 00:00:00,2017-08-17T00:00:00Z,2021-12-31T23:59:59Z,2022-01-01T00:00:00Z,2022-12-31T23:59:59Z,5176,2190,False,0.5170174295929929,0.44881030256131493,0.5222415582829578,0.9824546983948585,0.348027640048805,0.4785388127853881,-0.01283524715482749,2190.0,0.43561643835616437,0.8365296803652968,0.1634703196347032,-0.007575520655442999,0.039750942537152605,0.7849315068493151,0.1187214611872146,-0.007386432752019947,0.035493654044851296,0.7228310502283105,0.09041095890410959,-0.008262493203676034,0.02901979611407812,0.6566210045662101,0.06438356164383562,-0.008685614691973818,0.02095448249447085,0.5748858447488584,0.04794520547945205,-0.00823339433091325,0.004775350607168189,MIXED
a8611982ab9d37156f25,3.3.0,73026dd08db19c83059c57c75b65bcebf077280cee941bdcbc1155cb400f6517,ETH_USDT_4h_7d_crypto_core_v1+crypto_context_proxy_v1_macro_proxy_1.0.0,crypto_core_v1+crypto_context_proxy_v1,random_forest,wf_2022,validation,ETH/USDT,4h,7d,42,train_only_standard_scaler_v1,eth_usdt_return_1|eth_usdt_log_return_1|eth_usdt_return_3|eth_usdt_log_return_3|eth_usdt_return_6|eth_usdt_log_return_6|eth_usdt_return_12|eth_usdt_log_return_12|eth_usdt_return_24|eth_usdt_log_return_24|eth_usdt_momentum_6|eth_usdt_momentum_12|eth_usdt_momentum_24|eth_usdt_sma_distance_20|eth_usdt_ema_distance_20|eth_usdt_sma_distance_50|eth_usdt_ema_distance_50|eth_usdt_rsi_14|eth_usdt_realized_vol_12|eth_usdt_range_12|eth_usdt_realized_vol_24|eth_usdt_range_24|eth_usdt_realized_vol_48|eth_usdt_range_48|eth_usdt_relative_volume_24|eth_usdt_range_position_20|eth_usdt_breakout_distance_20|eth_usdt_range_position_55|eth_usdt_breakout_distance_55|macro_es_f_proxy_value|macro_es_f_proxy_return_1|macro_nq_f_proxy_value|macro_nq_f_proxy_return_1|macro_vix_proxy_value|macro_vix_proxy_return_1|macro_urth_proxy_value|macro_urth_proxy_return_1,direction_raw_v1,7 days 00:00:00,7 days 00:00:00,2017-08-17T00:00:00Z,2021-12-31T23:59:59Z,2022-01-01T00:00:00Z,2022-12-31T23:59:59Z,5176,2190,False,0.5314906406681458,0.4695881299348097,0.5259077771671653,0.741509915119835,0.2722806321967016,0.4876712328767123,-0.01283524715482749,2190.0,0.43561643835616437,0.7936073059360731,0.20639269406392693,-0.007161477024603669,0.0346516464608651,0.6520547945205479,0.1095890410958904,-0.0032925234461989167,0.0482220478027668,0.4621004566210046,0.02968036529680365,-0.0025758479146662182,0.08518515717701257,0.2808219178082192,0.00502283105022831,-0.008581165934785362,0.1338259468699554,0.13378995433789953,0.00228310502283105,0.0047953076462210155,0.06777464239401376,MIXED
f0e00f3160f4e9da32d5,3.3.0,73026dd08db19c83059c57c75b65bcebf077280cee941bdcbc1155cb400f6517,ETH_USDT_4h_7d_crypto_core_v1+crypto_context_proxy_v1_macro_proxy_1.0.0,crypto_core_v1+crypto_context_proxy_v1,logistic_regression,wf_2023,validation,ETH/USDT,4h,7d,42,train_only_standard_scaler_v1,eth_usdt_return_1|eth_usdt_log_return_1|eth_usdt_return_3|eth_usdt_log_return_3|eth_usdt_return_6|eth_usdt_log_return_6|eth_usdt_return_12|eth_usdt_log_return_12|eth_usdt_return_24|eth_usdt_log_return_24|eth_usdt_momentum_6|eth_usdt_momentum_12|eth_usdt_momentum_24|eth_usdt_sma_distance_20|eth_usdt_ema_distance_20|eth_usdt_sma_distance_50|eth_usdt_ema_distance_50|eth_usdt_rsi_14|eth_usdt_realized_vol_12|eth_usdt_range_12|eth_usdt_realized_vol_24|eth_usdt_range_24|eth_usdt_realized_vol_48|eth_usdt_range_48|eth_usdt_relative_volume_24|eth_usdt_range_position_20|eth_usdt_breakout_distance_20|eth_usdt_range_position_55|eth_usdt_breakout_distance_55|macro_es_f_proxy_value|macro_es_f_proxy_return_1|macro_nq_f_proxy_value|macro_nq_f_proxy_return_1|macro_vix_proxy_value|macro_vix_proxy_return_1|macro_urth_proxy_value|macro_urth_proxy_return_1,direction_raw_v1,7 days 00:00:00,7 days 00:00:00,2017-08-17T00:00:00Z,2022-12-31T23:59:59Z,2023-01-01T00:00:00Z,2023-12-31T23:59:59Z,7366,2190,False,0.42040084033613445,0.5202497305707064,0.49576470588235294,0.7745215227915885,0.2875396482410092,0.4634703196347032,0.013703807086200177,2190.0,0.54337899543379,0.1273972602739726,0.8726027397260274,0.004573911178293606,-0.015036743223461265,0.036986301369863014,0.7118721461187215,0.014194310759651952,-0.017392224199811693,0.00821917808219178,0.5260273972602739,0.017229487709076095,-0.022187567357631832,0.00228310502283105,0.319634703196347,0.01581291305341157,-0.027768434862251022,0.0,0.13561643835616438,,-0.030054830207625696,ROBUST CANDIDATE
0e3ae921b84d110b5a20,3.3.0,73026dd08db19c83059c57c75b65bcebf077280cee941bdcbc1155cb400f6517,ETH_USDT_4h_7d_crypto_core_v1+crypto_context_proxy_v1_macro_proxy_1.0.0,crypto_core_v1+crypto_context_proxy_v1,hist_gradient_boosting,wf_2023,validation,ETH/USDT,4h,7d,42,train_only_standard_scaler_v1,eth_usdt_return_1|eth_usdt_log_return_1|eth_usdt_return_3|eth_usdt_log_return_3|eth_usdt_return_6|eth_usdt_log_return_6|eth_usdt_return_12|eth_usdt_log_return_12|eth_usdt_return_24|eth_usdt_log_return_24|eth_usdt_momentum_6|eth_usdt_momentum_12|eth_usdt_momentum_24|eth_usdt_sma_distance_20|eth_usdt_ema_distance_20|eth_usdt_sma_distance_50|eth_usdt_ema_distance_50|eth_usdt_rsi_14|eth_usdt_realized_vol_12|eth_usdt_range_12|eth_usdt_realized_vol_24|eth_usdt_range_24|eth_usdt_realized_vol_48|eth_usdt_range_48|eth_usdt_relative_volume_24|eth_usdt_range_position_20|eth_usdt_breakout_distance_20|eth_usdt_range_position_55|eth_usdt_breakout_distance_55|macro_es_f_proxy_value|macro_es_f_proxy_return_1|macro_nq_f_proxy_value|macro_nq_f_proxy_return_1|macro_vix_proxy_value|macro_vix_proxy_return_1|macro_urth_proxy_value|macro_urth_proxy_return_1,direction_raw_v1,7 days 00:00:00,7 days 00:00:00,2017-08-17T00:00:00Z,2022-12-31T23:59:59Z,2023-01-01T00:00:00Z,2023-12-31T23:59:59Z,7366,2190,False,0.4852794117647059,0.5336036794200796,0.4816050420168067,0.7903177492760959,0.2923569055812706,0.4593607305936073,0.013703807086200177,2190.0,0.54337899543379,0.2420091324200913,0.7579908675799086,-0.0006132007477451379,-0.018274899948845368,0.1680365296803653,0.6506849315068494,-0.002620149403726383,-0.01936712304821927,0.10091324200913242,0.5292237442922374,-0.005391740157021366,-0.018664263333072882,0.04885844748858448,0.39771689497716894,0.00121921142380488,-0.01902515497410904,0.023287671232876714,0.27488584474885847,0.014584196395721394,-0.022040738206974456,MIXED
84d7065029270a68e3d8,3.3.0,73026dd08db19c83059c57c75b65bcebf077280cee941bdcbc1155cb400f6517,ETH_USDT_4h_7d_crypto_core_v1+crypto_context_proxy_v1_macro_proxy_1.0.0,crypto_core_v1+crypto_context_proxy_v1,random_forest,wf_2023,validation,ETH/USDT,4h,7d,42,train_only_standard_scaler_v1,eth_usdt_return_1|eth_usdt_log_return_1|eth_usdt_return_3|eth_usdt_log_return_3|eth_usdt_return_6|eth_usdt_log_return_6|eth_usdt_return_12|eth_usdt_log_return_12|eth_usdt_return_24|eth_usdt_log_return_24|eth_usdt_momentum_6|eth_usdt_momentum_12|eth_usdt_momentum_24|eth_usdt_sma_distance_20|eth_usdt_ema_distance_20|eth_usdt_sma_distance_50|eth_usdt_ema_distance_50|eth_usdt_rsi_14|eth_usdt_realized_vol_12|eth_usdt_range_12|eth_usdt_realized_vol_24|eth_usdt_range_24|eth_usdt_realized_vol_48|eth_usdt_range_48|eth_usdt_relative_volume_24|eth_usdt_range_position_20|eth_usdt_breakout_distance_20|eth_usdt_range_position_55|eth_usdt_breakout_distance_55|macro_es_f_proxy_value|macro_es_f_proxy_return_1|macro_nq_f_proxy_value|macro_nq_f_proxy_return_1|macro_vix_proxy_value|macro_vix_proxy_return_1|macro_urth_proxy_value|macro_urth_proxy_return_1,direction_raw_v1,7 days 00:00:00,7 days 00:00:00,2017-08-17T00:00:00Z,2022-12-31T23:59:59Z,2023-01-01T00:00:00Z,2023-12-31T23:59:59Z,7366,2190,False,0.4728386554621849,0.5291923063427986,0.4953949579831933,0.7679447388320234,0.28455704233376583,0.4589041095890411,0.013703807086200177,2190.0,0.54337899543379,0.07899543378995434,0.9210045662100457,0.0015415525422410395,-0.014746975175493648,0.0319634703196347,0.7954337899543379,0.0070180808900609055,-0.015677063719207535,0.00821917808219178,0.6200913242009133,0.010339095444715982,-0.01614790385819998,0.0,0.365296803652968,,-0.01914365194094226,0.0,0.14703196347031963,,-0.02060518343578371,MIXED
f72235ed65c95a1aabfa,3.3.0,73026dd08db19c83059c57c75b65bcebf077280cee941bdcbc1155cb400f6517,ETH_USDT_4h_7d_crypto_core_v1+crypto_context_proxy_v1_macro_proxy_1.0.0,crypto_core_v1+crypto_context_proxy_v1,logistic_regression,wf_2024,validation,ETH/USDT,4h,7d,42,train_only_standard_scaler_v1,eth_usdt_return_1|eth_usdt_log_return_1|eth_usdt_return_3|eth_usdt_log_return_3|eth_usdt_return_6|eth_usdt_log_return_6|eth_usdt_return_12|eth_usdt_log_return_12|eth_usdt_return_24|eth_usdt_log_return_24|eth_usdt_momentum_6|eth_usdt_momentum_12|eth_usdt_momentum_24|eth_usdt_sma_distance_20|eth_usdt_ema_distance_20|eth_usdt_sma_distance_50|eth_usdt_ema_distance_50|eth_usdt_rsi_14|eth_usdt_realized_vol_12|eth_usdt_range_12|eth_usdt_realized_vol_24|eth_usdt_range_24|eth_usdt_realized_vol_48|eth_usdt_range_48|eth_usdt_relative_volume_24|eth_usdt_range_position_20|eth_usdt_breakout_distance_20|eth_usdt_range_position_55|eth_usdt_breakout_distance_55|macro_es_f_proxy_value|macro_es_f_proxy_return_1|macro_nq_f_proxy_value|macro_nq_f_proxy_return_1|macro_vix_proxy_value|macro_vix_proxy_return_1|macro_urth_proxy_value|macro_urth_proxy_return_1,direction_raw_v1,7 days 00:00:00,7 days 00:00:00,2017-08-17T00:00:00Z,2023-12-31T23:59:59Z,2024-01-01T00:00:00Z,2024-12-31T23:59:59Z,9556,2196,False,0.5301032198300486,0.5860640378471456,0.5114104769832168,0.7662628491342617,0.2822863337265469,0.48770491803278687,0.012726770685298261,2196.0,0.5250455373406193,0.0273224043715847,0.9726775956284153,0.035882715612090874,-0.012076322794096222,0.0009107468123861566,0.8957194899817851,0.0683570231565227,-0.01219937537582212,0.0,0.7449908925318761,,-0.00852972129015138,0.0,0.4972677595628415,,-0.0035531227397390588,0.0,0.26958105646630237,,-0.022071276531644233,ROBUST CANDIDATE
de69a63ee1d59f89a7df,3.3.0,73026dd08db19c83059c57c75b65bcebf077280cee941bdcbc1155cb400f6517,ETH_USDT_4h_7d_crypto_core_v1+crypto_context_proxy_v1_macro_proxy_1.0.0,crypto_core_v1+crypto_context_proxy_v1,hist_gradient_boosting,wf_2024,validation,ETH/USDT,4h,7d,42,train_only_standard_scaler_v1,eth_usdt_return_1|eth_usdt_log_return_1|eth_usdt_return_3|eth_usdt_log_return_3|eth_usdt_return_6|eth_usdt_log_return_6|eth_usdt_return_12|eth_usdt_log_return_12|eth_usdt_return_24|eth_usdt_log_return_24|eth_usdt_momentum_6|eth_usdt_momentum_12|eth_usdt_momentum_24|eth_usdt_sma_distance_20|eth_usdt_ema_distance_20|eth_usdt_sma_distance_50|eth_usdt_ema_distance_50|eth_usdt_rsi_14|eth_usdt_realized_vol_12|eth_usdt_range_12|eth_usdt_realized_vol_24|eth_usdt_range_24|eth_usdt_realized_vol_48|eth_usdt_range_48|eth_usdt_relative_volume_24|eth_usdt_range_position_20|eth_usdt_breakout_distance_20|eth_usdt_range_position_55|eth_usdt_breakout_distance_55|macro_es_f_proxy_value|macro_es_f_proxy_return_1|macro_nq_f_proxy_value|macro_nq_f_proxy_return_1|macro_vix_proxy_value|macro_vix_proxy_return_1|macro_urth_proxy_value|macro_urth_proxy_return_1,direction_raw_v1,7 days 00:00:00,7 days 00:00:00,2017-08-17T00:00:00Z,2023-12-31T23:59:59Z,2024-01-01T00:00:00Z,2024-12-31T23:59:59Z,9556,2196,False,0.4817246933465493,0.5083157961998708,0.4973228370028081,0.7820386509713942,0.2873812418233454,0.5009107468123861,0.012726770685298261,2196.0,0.5250455373406193,0.5714936247723132,0.4285063752276867,0.01009984013676661,-0.01623027529572038,0.49453551912568305,0.3469945355191257,0.005596622075962131,-0.015916060727576398,0.40528233151183973,0.2586520947176685,0.0035270572012829015,-0.012571354314458688,0.3205828779599271,0.17122040072859745,0.004309421386474581,-0.019844567902542392,0.23633879781420766,0.09016393442622951,0.004198812045156839,-0.026047054109659955,MIXED
4451f07c64e41167f47c,3.3.0,73026dd08db19c83059c57c75b65bcebf077280cee941bdcbc1155cb400f6517,ETH_USDT_4h_7d_crypto_core_v1+crypto_context_proxy_v1_macro_proxy_1.0.0,crypto_core_v1+crypto_context_proxy_v1,random_forest,wf_2024,validation,ETH/USDT,4h,7d,42,train_only_standard_scaler_v1,eth_usdt_return_1|eth_usdt_log_return_1|eth_usdt_return_3|eth_usdt_log_return_3|eth_usdt_return_6|eth_usdt_log_return_6|eth_usdt_return_12|eth_usdt_log_return_12|eth_usdt_return_24|eth_usdt_log_return_24|eth_usdt_momentum_6|eth_usdt_momentum_12|eth_usdt_momentum_24|eth_usdt_sma_distance_20|eth_usdt_ema_distance_20|eth_usdt_sma_distance_50|eth_usdt_ema_distance_50|eth_usdt_rsi_14|eth_usdt_realized_vol_12|eth_usdt_range_12|eth_usdt_realized_vol_24|eth_usdt_range_24|eth_usdt_realized_vol_48|eth_usdt_range_48|eth_usdt_relative_volume_24|eth_usdt_range_position_20|eth_usdt_breakout_distance_20|eth_usdt_range_position_55|eth_usdt_breakout_distance_55|macro_es_f_proxy_value|macro_es_f_proxy_return_1|macro_nq_f_proxy_value|macro_nq_f_proxy_return_1|macro_vix_proxy_value|macro_vix_proxy_return_1|macro_urth_proxy_value|macro_urth_proxy_return_1,direction_raw_v1,7 days 00:00:00,7 days 00:00:00,2017-08-17T00:00:00Z,2023-12-31T23:59:59Z,2024-01-01T00:00:00Z,2024-12-31T23:59:59Z,9556,2196,False,0.4955616221470689,0.5127756338190887,0.49430723470142085,0.733027233502401,0.2685881953427356,0.48679417122040075,0.012726770685298261,2196.0,0.5250455373406193,0.34972677595628415,0.6502732240437158,0.009298780955174446,-0.014570395414104343,0.22085610200364297,0.5,0.0058074138756725405,-0.012845457663423229,0.13114754098360656,0.34972677595628415,0.009105387353371297,-0.016186772891538175,0.06830601092896176,0.19034608378870674,0.002566469117103168,-0.009859917342339763,0.02686703096539162,0.06056466302367942,-0.009252617140950607,-0.013244833846681119,MIXED
a6a6aea762c584c4b193,3.3.0,73026dd08db19c83059c57c75b65bcebf077280cee941bdcbc1155cb400f6517,ETH_USDT_4h_14d_crypto_core_v1_no_macro_1.0.0,crypto_core_v1,logistic_regression,wf_2022,validation,ETH/USDT,4h,14d,42,train_only_standard_scaler_v1,eth_usdt_return_1|eth_usdt_log_return_1|eth_usdt_return_3|eth_usdt_log_return_3|eth_usdt_return_6|eth_usdt_log_return_6|eth_usdt_return_12|eth_usdt_log_return_12|eth_usdt_return_24|eth_usdt_log_return_24|eth_usdt_momentum_6|eth_usdt_momentum_12|eth_usdt_momentum_24|eth_usdt_sma_distance_20|eth_usdt_ema_distance_20|eth_usdt_sma_distance_50|eth_usdt_ema_distance_50|eth_usdt_rsi_14|eth_usdt_realized_vol_12|eth_usdt_range_12|eth_usdt_realized_vol_24|eth_usdt_range_24|eth_usdt_realized_vol_48|eth_usdt_range_48|eth_usdt_relative_volume_24|eth_usdt_range_position_20|eth_usdt_breakout_distance_20|eth_usdt_range_position_55|eth_usdt_breakout_distance_55,direction_raw_v1,14 days 00:00:00,14 days 00:00:00,2017-08-17T00:00:00Z,2021-12-31T23:59:59Z,2022-01-01T00:00:00Z,2022-12-31T23:59:59Z,9432,2190,False,0.45982922324823466,0.39480460113187665,0.4718479087452472,0.6997184225844177,0.25327226596024804,0.4894977168949772,-0.021605418777173518,2190.0,0.3995433789954338,0.4178082191780822,0.5821917808219178,-0.029945888061460105,0.015619905526097268,0.11598173515981736,0.22922374429223744,-0.030733476462060854,-0.003379064090687768,0.015525114155251141,0.0684931506849315,0.06548461566328205,0.0023682953666347146,0.0027397260273972603,0.008675799086757991,0.08074288453878287,0.02095458859053592,0.00045662100456621003,0.0,0.031144057076354814,,MIXED
4d3517b22a5198009db1,3.3.0,73026dd08db19c83059c57c75b65bcebf077280cee941bdcbc1155cb400f6517,ETH_USDT_4h_14d_crypto_core_v1_no_macro_1.0.0,crypto_core_v1,hist_gradient_boosting,wf_2022,validation,ETH/USDT,4h,14d,42,train_only_standard_scaler_v1,eth_usdt_return_1|eth_usdt_log_return_1|eth_usdt_return_3|eth_usdt_log_return_3|eth_usdt_return_6|eth_usdt_log_return_6|eth_usdt_return_12|eth_usdt_log_return_12|eth_usdt_return_24|eth_usdt_log_return_24|eth_usdt_momentum_6|eth_usdt_momentum_12|eth_usdt_momentum_24|eth_usdt_sma_distance_20|eth_usdt_ema_distance_20|eth_usdt_sma_distance_50|eth_usdt_ema_distance_50|eth_usdt_rsi_14|eth_usdt_realized_vol_12|eth_usdt_range_12|eth_usdt_realized_vol_24|eth_usdt_range_24|eth_usdt_realized_vol_48|eth_usdt_range_48|eth_usdt_relative_volume_24|eth_usdt_range_position_20|eth_usdt_breakout_distance_20|eth_usdt_range_position_55|eth_usdt_breakout_distance_55,direction_raw_v1,14 days 00:00:00,14 days 00:00:00,2017-08-17T00:00:00Z,2021-12-31T23:59:59Z,2022-01-01T00:00:00Z,2022-12-31T23:59:59Z,9432,2190,False,0.4856386746333514,0.40134508546039205,0.4844323737099403,0.7736269117883458,0.28655259753406404,0.45662100456621,-0.021605418777173518,2190.0,0.3995433789954338,0.6415525114155252,0.3584474885844749,-0.0293239182207134,0.007790779645742289,0.5319634703196348,0.27077625570776254,-0.03226249913694186,0.003633977217159656,0.4191780821917808,0.1954337899543379,-0.031158665635072837,0.012090007579898402,0.27808219178082194,0.12968036529680366,-0.030578818823546686,0.02164674720957223,0.15159817351598173,0.08082191780821918,-0.024960640894343872,0.030251288804703836,MIXED
a007f58505d4eded81ba,3.3.0,73026dd08db19c83059c57c75b65bcebf077280cee941bdcbc1155cb400f6517,ETH_USDT_4h_14d_crypto_core_v1_no_macro_1.0.0,crypto_core_v1,random_forest,wf_2022,validation,ETH/USDT,4h,14d,42,train_only_standard_scaler_v1,eth_usdt_return_1|eth_usdt_log_return_1|eth_usdt_return_3|eth_usdt_log_return_3|eth_usdt_return_6|eth_usdt_log_return_6|eth_usdt_return_12|eth_usdt_log_return_12|eth_usdt_return_24|eth_usdt_log_return_24|eth_usdt_momentum_6|eth_usdt_momentum_12|eth_usdt_momentum_24|eth_usdt_sma_distance_20|eth_usdt_ema_distance_20|eth_usdt_sma_distance_50|eth_usdt_ema_distance_50|eth_usdt_rsi_14|eth_usdt_realized_vol_12|eth_usdt_range_12|eth_usdt_realized_vol_24|eth_usdt_range_24|eth_usdt_realized_vol_48|eth_usdt_range_48|eth_usdt_relative_volume_24|eth_usdt_range_position_20|eth_usdt_breakout_distance_20|eth_usdt_range_position_55|eth_usdt_breakout_distance_55,direction_raw_v1,14 days 00:00:00,14 days 00:00:00,2017-08-17T00:00:00Z,2021-12-31T23:59:59Z,2022-01-01T00:00:00Z,2022-12-31T23:59:59Z,9432,2190,False,0.48152525801195006,0.39089381199589074,0.48778707224334605,0.7305542795338775,0.26770368723590915,0.4748858447488584,-0.021605418777173518,2190.0,0.3995433789954338,0.5666666666666667,0.43333333333333335,-0.036057923861223244,0.0027059890518777445,0.3812785388127854,0.27442922374429224,-0.03645785241339441,-0.0015591377460769309,0.20273972602739726,0.1771689497716895,-0.02613012874218269,0.0025656669827348864,0.09315068493150686,0.1045662100456621,-0.031118109240036374,0.023634811806140507,0.04429223744292238,0.06438356164383562,-0.022114566192342675,0.04815310010429746,MIXED
d9b69c0508ed81debd22,3.3.0,73026dd08db19c83059c57c75b65bcebf077280cee941bdcbc1155cb400f6517,ETH_USDT_4h_14d_crypto_core_v1_no_macro_1.0.0,crypto_core_v1,logistic_regression,wf_2023,validation,ETH/USDT,4h,14d,42,train_only_standard_scaler_v1,eth_usdt_return_1|eth_usdt_log_return_1|eth_usdt_return_3|eth_usdt_log_return_3|eth_usdt_return_6|eth_usdt_log_return_6|eth_usdt_return_12|eth_usdt_log_return_12|eth_usdt_return_24|eth_usdt_log_return_24|eth_usdt_momentum_6|eth_usdt_momentum_12|eth_usdt_momentum_24|eth_usdt_sma_distance_20|eth_usdt_ema_distance_20|eth_usdt_sma_distance_50|eth_usdt_ema_distance_50|eth_usdt_rsi_14|eth_usdt_realized_vol_12|eth_usdt_range_12|eth_usdt_realized_vol_24|eth_usdt_range_24|eth_usdt_realized_vol_48|eth_usdt_range_48|eth_usdt_relative_volume_24|eth_usdt_range_position_20|eth_usdt_breakout_distance_20|eth_usdt_range_position_55|eth_usdt_breakout_distance_55,direction_raw_v1,14 days 00:00:00,14 days 00:00:00,2017-08-17T00:00:00Z,2022-12-31T23:59:59Z,2023-01-01T00:00:00Z,2023-12-31T23:59:59Z,11622,2190,False,0.5229541446810838,0.6128989759291861,0.5182389206331848,0.7070787771696049,0.25687686681039446,0.4748858447488584,0.026436533426032572,2190.0,0.5771689497716895,0.2219178082191781,0.7780821917808219,0.02312442835265106,-0.027381183112454768,0.02968036529680365,0.40730593607305937,0.03760522986182364,-0.028262016625868476,0.0018264840182648401,0.07853881278538813,0.002573220886015526,-0.038624047761620074,0.0,0.0,,,0.0,0.0,,,MIXED
54ad121c7089e71eda64,3.3.0,73026dd08db19c83059c57c75b65bcebf077280cee941bdcbc1155cb400f6517,ETH_USDT_4h_14d_crypto_core_v1_no_macro_1.0.0,crypto_core_v1,hist_gradient_boosting,wf_2023,validation,ETH/USDT,4h,14d,42,train_only_standard_scaler_v1,eth_usdt_return_1|eth_usdt_log_return_1|eth_usdt_return_3|eth_usdt_log_return_3|eth_usdt_return_6|eth_usdt_log_return_6|eth_usdt_return_12|eth_usdt_log_return_12|eth_usdt_return_24|eth_usdt_log_return_24|eth_usdt_momentum_6|eth_usdt_momentum_12|eth_usdt_momentum_24|eth_usdt_sma_distance_20|eth_usdt_ema_distance_20|eth_usdt_sma_distance_50|eth_usdt_ema_distance_50|eth_usdt_rsi_14|eth_usdt_realized_vol_12|eth_usdt_range_12|eth_usdt_realized_vol_24|eth_usdt_range_24|eth_usdt_realized_vol_48|eth_usdt_range_48|eth_usdt_relative_volume_24|eth_usdt_range_position_20|eth_usdt_breakout_distance_20|eth_usdt_range_position_55|eth_usdt_breakout_distance_55,direction_raw_v1,14 days 00:00:00,14 days 00:00:00,2017-08-17T00:00:00Z,2022-12-31T23:59:59Z,2023-01-01T00:00:00Z,2023-12-31T23:59:59Z,11622,2190,False,0.3744946448587911,0.4842865376088071,0.4281618230035268,0.83544407374826,0.3100046769567411,0.4465753424657534,0.026436533426032572,2190.0,0.5771689497716895,0.6082191780821918,0.3917808219178082,0.021282894012225214,-0.03443728832019504,0.5041095890410959,0.2958904109589041,0.01887204244958868,-0.03277435446085854,0.39908675799086757,0.19908675799086759,0.01859557537779308,-0.029696025207833383,0.29954337899543376,0.12100456621004566,0.016745398468180257,-0.03249135529806035,0.21689497716894976,0.0730593607305936,0.013686423138212675,-0.031202557097486393,MIXED
1817aeb8061effd7dbfa,3.3.0,73026dd08db19c83059c57c75b65bcebf077280cee941bdcbc1155cb400f6517,ETH_USDT_4h_14d_crypto_core_v1_no_macro_1.0.0,crypto_core_v1,random_forest,wf_2023,validation,ETH/USDT,4h,14d,42,train_only_standard_scaler_v1,eth_usdt_return_1|eth_usdt_log_return_1|eth_usdt_return_3|eth_usdt_log_return_3|eth_usdt_return_6|eth_usdt_log_return_6|eth_usdt_return_12|eth_usdt_log_return_12|eth_usdt_return_24|eth_usdt_log_return_24|eth_usdt_momentum_6|eth_usdt_momentum_12|eth_usdt_momentum_24|eth_usdt_sma_distance_20|eth_usdt_ema_distance_20|eth_usdt_sma_distance_50|eth_usdt_ema_distance_50|eth_usdt_rsi_14|eth_usdt_realized_vol_12|eth_usdt_range_12|eth_usdt_realized_vol_24|eth_usdt_range_24|eth_usdt_realized_vol_48|eth_usdt_range_48|eth_usdt_relative_volume_24|eth_usdt_range_position_20|eth_usdt_breakout_distance_20|eth_usdt_range_position_55|eth_usdt_breakout_distance_55,direction_raw_v1,14 days 00:00:00,14 days 00:00:00,2017-08-17T00:00:00Z,2022-12-31T23:59:59Z,2023-01-01T00:00:00Z,2023-12-31T23:59:59Z,11622,2190,False,0.41482181425485964,0.5032375134920979,0.44652633485523685,0.7465670673106238,0.2742503664571265,0.4602739726027397,0.026436533426032572,2190.0,0.5771689497716895,0.5808219178082191,0.4191780821917808,0.024689949594173376,-0.0288566365133146,0.3904109589041096,0.2136986301369863,0.023546499250732256,-0.02590354205549642,0.26118721461187216,0.07077625570776255,0.02071395649572211,-0.022946774495956335,0.1589041095890411,0.01004566210045662,0.01435958058438324,-0.011965185301090314,0.09315068493150686,0.0009132420091324201,-0.0060499805381835645,-0.004330647325979653,MIXED
5311f6e66271d84d892e,3.3.0,73026dd08db19c83059c57c75b65bcebf077280cee941bdcbc1155cb400f6517,ETH_USDT_4h_14d_crypto_core_v1_no_macro_1.0.0,crypto_core_v1,logistic_regression,wf_2024,validation,ETH/USDT,4h,14d,42,train_only_standard_scaler_v1,eth_usdt_return_1|eth_usdt_log_return_1|eth_usdt_return_3|eth_usdt_log_return_3|eth_usdt_return_6|eth_usdt_log_return_6|eth_usdt_return_12|eth_usdt_log_return_12|eth_usdt_return_24|eth_usdt_log_return_24|eth_usdt_momentum_6|eth_usdt_momentum_12|eth_usdt_momentum_24|eth_usdt_sma_distance_20|eth_usdt_ema_distance_20|eth_usdt_sma_distance_50|eth_usdt_ema_distance_50|eth_usdt_rsi_14|eth_usdt_realized_vol_12|eth_usdt_range_12|eth_usdt_realized_vol_24|eth_usdt_range_24|eth_usdt_realized_vol_48|eth_usdt_range_48|eth_usdt_relative_volume_24|eth_usdt_range_position_20|eth_usdt_breakout_distance_20|eth_usdt_range_position_55|eth_usdt_breakout_distance_55,direction_raw_v1,14 days 00:00:00,14 days 00:00:00,2017-08-17T00:00:00Z,2023-12-31T23:59:59Z,2024-01-01T00:00:00Z,2024-12-31T23:59:59Z,13812,2196,False,0.4692026201344959,0.4991170162926981,0.48062022587652803,0.6973747907206203,0.2521060696900844,0.48633879781420764,0.022159331935696955,2196.0,0.48041894353369763,0.35473588342440804,0.645264116575592,0.012614934094709903,-0.02740639327523747,0.045081967213114756,0.16029143897996356,0.037753471128117756,-0.050670088177553724,0.006830601092896175,0.004553734061930784,0.01573189172711742,-0.07583529870511224,0.001366120218579235,0.0,0.015408095464571891,,0.0009107468123861566,0.0,0.0248749946752973,,MIXED
e219c7e9ba93ccfff369,3.3.0,73026dd08db19c83059c57c75b65bcebf077280cee941bdcbc1155cb400f6517,ETH_USDT_4h_14d_crypto_core_v1_no_macro_1.0.0,crypto_core_v1,hist_gradient_boosting,wf_2024,validation,ETH/USDT,4h,14d,42,train_only_standard_scaler_v1,eth_usdt_return_1|eth_usdt_log_return_1|eth_usdt_return_3|eth_usdt_log_return_3|eth_usdt_return_6|eth_usdt_log_return_6|eth_usdt_return_12|eth_usdt_log_return_12|eth_usdt_return_24|eth_usdt_log_return_24|eth_usdt_momentum_6|eth_usdt_momentum_12|eth_usdt_momentum_24|eth_usdt_sma_distance_20|eth_usdt_ema_distance_20|eth_usdt_sma_distance_50|eth_usdt_ema_distance_50|eth_usdt_rsi_14|eth_usdt_realized_vol_12|eth_usdt_range_12|eth_usdt_realized_vol_24|eth_usdt_range_24|eth_usdt_realized_vol_48|eth_usdt_range_48|eth_usdt_relative_volume_24|eth_usdt_range_position_20|eth_usdt_breakout_distance_20|eth_usdt_range_position_55|eth_usdt_breakout_distance_55,direction_raw_v1,14 days 00:00:00,14 days 00:00:00,2017-08-17T00:00:00Z,2023-12-31T23:59:59Z,2024-01-01T00:00:00Z,2024-12-31T23:59:59Z,13812,2196,False,0.5108805363217599,0.5055165644317696,0.5159289057989375,0.7153718507079336,0.26027058277165654,0.5109289617486339,0.022159331935696955,2196.0,0.48041894353369763,0.6270491803278688,0.3729508196721312,0.025074806979926294,-0.01725748927891575,0.4335154826958106,0.22950819672131148,0.02813110338533031,-0.022841351460541028,0.21584699453551912,0.12249544626593807,0.022374335413044476,-0.022683820853477803,0.075591985428051,0.06375227686703097,0.043349046333240895,-0.022760824651342472,0.025045537340619307,0.027777777777777776,0.0881497291443828,-0.03308754637397353,MIXED
4d18013d4f983f0ced83,3.3.0,73026dd08db19c83059c57c75b65bcebf077280cee941bdcbc1155cb400f6517,ETH_USDT_4h_14d_crypto_core_v1_no_macro_1.0.0,crypto_core_v1,random_forest,wf_2024,validation,ETH/USDT,4h,14d,42,train_only_standard_scaler_v1,eth_usdt_return_1|eth_usdt_log_return_1|eth_usdt_return_3|eth_usdt_log_return_3|eth_usdt_return_6|eth_usdt_log_return_6|eth_usdt_return_12|eth_usdt_log_return_12|eth_usdt_return_24|eth_usdt_log_return_24|eth_usdt_momentum_6|eth_usdt_momentum_12|eth_usdt_momentum_24|eth_usdt_sma_distance_20|eth_usdt_ema_distance_20|eth_usdt_sma_distance_50|eth_usdt_ema_distance_50|eth_usdt_rsi_14|eth_usdt_realized_vol_12|eth_usdt_range_12|eth_usdt_realized_vol_24|eth_usdt_range_24|eth_usdt_realized_vol_48|eth_usdt_range_48|eth_usdt_relative_volume_24|eth_usdt_range_position_20|eth_usdt_breakout_distance_20|eth_usdt_range_position_55|eth_usdt_breakout_distance_55,direction_raw_v1,14 days 00:00:00,14 days 00:00:00,2017-08-17T00:00:00Z,2023-12-31T23:59:59Z,2024-01-01T00:00:00Z,2024-12-31T23:59:59Z,13812,2196,False,0.5300007061237544,0.5216723623377493,0.532290623922642,0.6993216219573174,0.2527646943782258,0.5314207650273224,0.022159331935696955,2196.0,0.48041894353369763,0.5209471766848816,0.4790528233151184,0.026729249781380877,-0.017189763479934204,0.2122040072859745,0.18761384335154827,0.03135126964061043,-0.023633912149767275,0.06557377049180328,0.07194899817850638,0.034079593401650225,-0.019230354676910266,0.012295081967213115,0.039162112932604735,0.1070280443327164,-0.029416663211528853,0.0009107468123861566,0.01912568306010929,0.18148657450528982,-0.011304263676154648,MIXED
6af98b1c94ba3193ee51,3.3.0,73026dd08db19c83059c57c75b65bcebf077280cee941bdcbc1155cb400f6517,ETH_USDT_4h_14d_crypto_core_v1+crypto_context_proxy_v1_macro_proxy_1.0.0,crypto_core_v1+crypto_context_proxy_v1,logistic_regression,wf_2022,validation,ETH/USDT,4h,14d,42,train_only_standard_scaler_v1,eth_usdt_return_1|eth_usdt_log_return_1|eth_usdt_return_3|eth_usdt_log_return_3|eth_usdt_return_6|eth_usdt_log_return_6|eth_usdt_return_12|eth_usdt_log_return_12|eth_usdt_return_24|eth_usdt_log_return_24|eth_usdt_momentum_6|eth_usdt_momentum_12|eth_usdt_momentum_24|eth_usdt_sma_distance_20|eth_usdt_ema_distance_20|eth_usdt_sma_distance_50|eth_usdt_ema_distance_50|eth_usdt_rsi_14|eth_usdt_realized_vol_12|eth_usdt_range_12|eth_usdt_realized_vol_24|eth_usdt_range_24|eth_usdt_realized_vol_48|eth_usdt_range_48|eth_usdt_relative_volume_24|eth_usdt_range_position_20|eth_usdt_breakout_distance_20|eth_usdt_range_position_55|eth_usdt_breakout_distance_55|macro_es_f_proxy_value|macro_es_f_proxy_return_1|macro_nq_f_proxy_value|macro_nq_f_proxy_return_1|macro_vix_proxy_value|macro_vix_proxy_return_1|macro_urth_proxy_value|macro_urth_proxy_return_1,direction_raw_v1,14 days 00:00:00,14 days 00:00:00,2017-08-17T00:00:00Z,2021-12-31T23:59:59Z,2022-01-01T00:00:00Z,2022-12-31T23:59:59Z,5134,2190,False,0.4985177620858229,0.40834562100862604,0.5074372623574145,0.7675423978571774,0.2742180121206017,0.6045662100456621,-0.021605418777173518,2190.0,0.3995433789954338,0.015068493150684932,0.9849315068493151,0.09111435601052065,0.023329921590337133,0.007762557077625571,0.9789954337899544,0.12427999246939812,0.023126063209527595,0.00228310502283105,0.963013698630137,0.07069871510038155,0.024381061187241107,0.0,0.9333333333333333,,0.025332889448869293,0.0,0.8616438356164383,,0.027326266493389623,MIXED
e830627c773bb0cf1d6b,3.3.0,73026dd08db19c83059c57c75b65bcebf077280cee941bdcbc1155cb400f6517,ETH_USDT_4h_14d_crypto_core_v1+crypto_context_proxy_v1_macro_proxy_1.0.0,crypto_core_v1+crypto_context_proxy_v1,hist_gradient_boosting,wf_2022,validation,ETH/USDT,4h,14d,42,train_only_standard_scaler_v1,eth_usdt_return_1|eth_usdt_log_return_1|eth_usdt_return_3|eth_usdt_log_return_3|eth_usdt_return_6|eth_usdt_log_return_6|eth_usdt_return_12|eth_usdt_log_return_12|eth_usdt_return_24|eth_usdt_log_return_24|eth_usdt_momentum_6|eth_usdt_momentum_12|eth_usdt_momentum_24|eth_usdt_sma_distance_20|eth_usdt_ema_distance_20|eth_usdt_sma_distance_50|eth_usdt_ema_distance_50|eth_usdt_rsi_14|eth_usdt_realized_vol_12|eth_usdt_range_12|eth_usdt_realized_vol_24|eth_usdt_range_24|eth_usdt_realized_vol_48|eth_usdt_range_48|eth_usdt_relative_volume_24|eth_usdt_range_position_20|eth_usdt_breakout_distance_20|eth_usdt_range_position_55|eth_usdt_breakout_distance_55|macro_es_f_proxy_value|macro_es_f_proxy_return_1|macro_nq_f_proxy_value|macro_nq_f_proxy_return_1|macro_vix_proxy_value|macro_vix_proxy_return_1|macro_urth_proxy_value|macro_urth_proxy_return_1,direction_raw_v1,14 days 00:00:00,14 days 00:00:00,2017-08-17T00:00:00Z,2021-12-31T23:59:59Z,2022-01-01T00:00:00Z,2022-12-31T23:59:59Z,5134,2190,False,0.5537868549701249,0.45245327955643655,0.5019902227050516,1.2802076767811308,0.425608607105119,0.4232876712328767,-0.021605418777173518,2190.0,0.3995433789954338,0.891324200913242,0.108675799086758,-0.018297500413434042,0.04873590888649904,0.8735159817351598,0.09497716894977169,-0.0177171918747026,0.048245387060331296,0.845662100456621,0.0771689497716895,-0.016350027451093315,0.031439873967563516,0.8095890410958904,0.06803652968036529,-0.016288395760456348,0.029264140391598734,0.773972602739726,0.05799086757990868,-0.014566400261410112,0.0344869685937994,MIXED
1edb11431fe7f6804c57,3.3.0,73026dd08db19c83059c57c75b65bcebf077280cee941bdcbc1155cb400f6517,ETH_USDT_4h_14d_crypto_core_v1+crypto_context_proxy_v1_macro_proxy_1.0.0,crypto_core_v1+crypto_context_proxy_v1,random_forest,wf_2022,validation,ETH/USDT,4h,14d,42,train_only_standard_scaler_v1,eth_usdt_return_1|eth_usdt_log_return_1|eth_usdt_return_3|eth_usdt_log_return_3|eth_usdt_return_6|eth_usdt_log_return_6|eth_usdt_return_12|eth_usdt_log_return_12|eth_usdt_return_24|eth_usdt_log_return_24|eth_usdt_momentum_6|eth_usdt_momentum_12|eth_usdt_momentum_24|eth_usdt_sma_distance_20|eth_usdt_ema_distance_20|eth_usdt_sma_distance_50|eth_usdt_ema_distance_50|eth_usdt_rsi_14|eth_usdt_realized_vol_12|eth_usdt_range_12|eth_usdt_realized_vol_24|eth_usdt_range_24|eth_usdt_realized_vol_48|eth_usdt_range_48|eth_usdt_relative_volume_24|eth_usdt_range_position_20|eth_usdt_breakout_distance_20|eth_usdt_range_position_55|eth_usdt_breakout_distance_55|macro_es_f_proxy_value|macro_es_f_proxy_return_1|macro_nq_f_proxy_value|macro_nq_f_proxy_return_1|macro_vix_proxy_value|macro_vix_proxy_return_1|macro_urth_proxy_value|macro_urth_proxy_return_1,direction_raw_v1,14 days 00:00:00,14 days 00:00:00,2017-08-17T00:00:00Z,2021-12-31T23:59:59Z,2022-01-01T00:00:00Z,2022-12-31T23:59:59Z,5134,2190,False,0.5545490494296578,0.4347020080752323,0.5292471482889733,0.8373489990706674,0.3127049945189202,0.4410958904109589,-0.021605418777173518,2190.0,0.3995433789954338,0.9328767123287671,0.06712328767123288,-0.015737914372750163,0.10315175549987374,0.8986301369863013,0.04200913242009133,-0.015315609854165307,0.1573634493885483,0.8073059360730593,0.03424657534246575,-0.012526020426807324,0.19465833218950554,0.6255707762557078,0.031050228310502283,-0.010021992064979814,0.19875247746098873,0.4452054794520548,0.026484018264840183,0.0005695983554744089,0.20174557285000141,MIXED
0890edc3021b6e1ccf95,3.3.0,73026dd08db19c83059c57c75b65bcebf077280cee941bdcbc1155cb400f6517,ETH_USDT_4h_14d_crypto_core_v1+crypto_context_proxy_v1_macro_proxy_1.0.0,crypto_core_v1+crypto_context_proxy_v1,logistic_regression,wf_2023,validation,ETH/USDT,4h,14d,42,train_only_standard_scaler_v1,eth_usdt_return_1|eth_usdt_log_return_1|eth_usdt_return_3|eth_usdt_log_return_3|eth_usdt_return_6|eth_usdt_log_return_6|eth_usdt_return_12|eth_usdt_log_return_12|eth_usdt_return_24|eth_usdt_log_return_24|eth_usdt_momentum_6|eth_usdt_momentum_12|eth_usdt_momentum_24|eth_usdt_sma_distance_20|eth_usdt_ema_distance_20|eth_usdt_sma_distance_50|eth_usdt_ema_distance_50|eth_usdt_rsi_14|eth_usdt_realized_vol_12|eth_usdt_range_12|eth_usdt_realized_vol_24|eth_usdt_range_24|eth_usdt_realized_vol_48|eth_usdt_range_48|eth_usdt_relative_volume_24|eth_usdt_range_position_20|eth_usdt_breakout_distance_20|eth_usdt_range_position_55|eth_usdt_breakout_distance_55|macro_es_f_proxy_value|macro_es_f_proxy_return_1|macro_nq_f_proxy_value|macro_nq_f_proxy_return_1|macro_vix_proxy_value|macro_vix_proxy_return_1|macro_urth_proxy_value|macro_urth_proxy_return_1,direction_raw_v1,14 days 00:00:00,14 days 00:00:00,2017-08-17T00:00:00Z,2022-12-31T23:59:59Z,2023-01-01T00:00:00Z,2023-12-31T23:59:59Z,7324,2190,False,0.5489609248981601,0.6316285354753943,0.5114159854553408,0.7665698971193357,0.2834764027659605,0.4420091324200913,0.026436533426032572,2190.0,0.5771689497716895,0.052054794520547946,0.947945205479452,0.04603991989122975,-0.025360046886036193,0.012328767123287671,0.8031963470319635,0.09229330734063522,-0.02527293147749428,0.0009132420091324201,0.5684931506849316,0.008408669118482981,-0.020887793982246446,0.0,0.3242009132420091,,-0.031190305191558694,0.0,0.17031963470319636,,-0.054613297196362175,MIXED
c96eebb5bf093ffa3acf,3.3.0,73026dd08db19c83059c57c75b65bcebf077280cee941bdcbc1155cb400f6517,ETH_USDT_4h_14d_crypto_core_v1+crypto_context_proxy_v1_macro_proxy_1.0.0,crypto_core_v1+crypto_context_proxy_v1,hist_gradient_boosting,wf_2023,validation,ETH/USDT,4h,14d,42,train_only_standard_scaler_v1,eth_usdt_return_1|eth_usdt_log_return_1|eth_usdt_return_3|eth_usdt_log_return_3|eth_usdt_return_6|eth_usdt_log_return_6|eth_usdt_return_12|eth_usdt_log_return_12|eth_usdt_return_24|eth_usdt_log_return_24|eth_usdt_momentum_6|eth_usdt_momentum_12|eth_usdt_momentum_24|eth_usdt_sma_distance_20|eth_usdt_ema_distance_20|eth_usdt_sma_distance_50|eth_usdt_ema_distance_50|eth_usdt_rsi_14|eth_usdt_realized_vol_12|eth_usdt_range_12|eth_usdt_realized_vol_24|eth_usdt_range_24|eth_usdt_realized_vol_48|eth_usdt_range_48|eth_usdt_relative_volume_24|eth_usdt_range_position_20|eth_usdt_breakout_distance_20|eth_usdt_range_position_55|eth_usdt_breakout_distance_55|macro_es_f_proxy_value|macro_es_f_proxy_return_1|macro_nq_f_proxy_value|macro_nq_f_proxy_return_1|macro_vix_proxy_value|macro_vix_proxy_return_1|macro_urth_proxy_value|macro_urth_proxy_return_1,direction_raw_v1,14 days 00:00:00,14 days 00:00:00,2017-08-17T00:00:00Z,2022-12-31T23:59:59Z,2023-01-01T00:00:00Z,2023-12-31T23:59:59Z,7324,2190,False,0.5103027517292287,0.5973980087709984,0.5087768611422478,1.0808757383634562,0.3690504267541244,0.46529680365296805,0.026436533426032572,2190.0,0.5771689497716895,0.21963470319634704,0.780365296803653,0.040961574114205805,-0.022348444151011324,0.16484018264840183,0.7214611872146118,0.03270704907513144,-0.019991545392330973,0.1273972602739726,0.6931506849315069,0.042103129734157564,-0.018485554911495856,0.10228310502283106,0.6552511415525114,0.04632010357137872,-0.017645617867861084,0.0817351598173516,0.6,0.0408019412304872,-0.01801087670462909,MIXED
85f9ed0c7a9748fb125d,3.3.0,73026dd08db19c83059c57c75b65bcebf077280cee941bdcbc1155cb400f6517,ETH_USDT_4h_14d_crypto_core_v1+crypto_context_proxy_v1_macro_proxy_1.0.0,crypto_core_v1+crypto_context_proxy_v1,random_forest,wf_2023,validation,ETH/USDT,4h,14d,42,train_only_standard_scaler_v1,eth_usdt_return_1|eth_usdt_log_return_1|eth_usdt_return_3|eth_usdt_log_return_3|eth_usdt_return_6|eth_usdt_log_return_6|eth_usdt_return_12|eth_usdt_log_return_12|eth_usdt_return_24|eth_usdt_log_return_24|eth_usdt_momentum_6|eth_usdt_momentum_12|eth_usdt_momentum_24|eth_usdt_sma_distance_20|eth_usdt_ema_distance_20|eth_usdt_sma_distance_50|eth_usdt_ema_distance_50|eth_usdt_rsi_14|eth_usdt_realized_vol_12|eth_usdt_range_12|eth_usdt_realized_vol_24|eth_usdt_range_24|eth_usdt_realized_vol_48|eth_usdt_range_48|eth_usdt_relative_volume_24|eth_usdt_range_position_20|eth_usdt_breakout_distance_20|eth_usdt_range_position_55|eth_usdt_breakout_distance_55|macro_es_f_proxy_value|macro_es_f_proxy_return_1|macro_nq_f_proxy_value|macro_nq_f_proxy_return_1|macro_vix_proxy_value|macro_vix_proxy_return_1|macro_urth_proxy_value|macro_urth_proxy_return_1,direction_raw_v1,14 days 00:00:00,14 days 00:00:00,2017-08-17T00:00:00Z,2022-12-31T23:59:59Z,2023-01-01T00:00:00Z,2023-12-31T23:59:59Z,7324,2190,False,0.47947651529649776,0.5733843819538049,0.5052150258359078,0.8129943638054926,0.3003723633157633,0.4506849315068493,0.026436533426032572,2190.0,0.5771689497716895,0.14748858447488583,0.8525114155251141,0.020059320724917225,-0.027539821965111445,0.0817351598173516,0.7114155251141553,0.02365319103738967,-0.027036619842071064,0.038356164383561646,0.5273972602739726,0.006376680648679594,-0.0265802034478293,0.014155251141552512,0.36712328767123287,0.0217966001290608,-0.029488866356077188,0.0031963470319634705,0.25159817351598174,0.09708413788308216,-0.024940026168433507,MIXED
ed807a555b94cc760aaf,3.3.0,73026dd08db19c83059c57c75b65bcebf077280cee941bdcbc1155cb400f6517,ETH_USDT_4h_14d_crypto_core_v1+crypto_context_proxy_v1_macro_proxy_1.0.0,crypto_core_v1+crypto_context_proxy_v1,logistic_regression,wf_2024,validation,ETH/USDT,4h,14d,42,train_only_standard_scaler_v1,eth_usdt_return_1|eth_usdt_log_return_1|eth_usdt_return_3|eth_usdt_log_return_3|eth_usdt_return_6|eth_usdt_log_return_6|eth_usdt_return_12|eth_usdt_log_return_12|eth_usdt_return_24|eth_usdt_log_return_24|eth_usdt_momentum_6|eth_usdt_momentum_12|eth_usdt_momentum_24|eth_usdt_sma_distance_20|eth_usdt_ema_distance_20|eth_usdt_sma_distance_50|eth_usdt_ema_distance_50|eth_usdt_rsi_14|eth_usdt_realized_vol_12|eth_usdt_range_12|eth_usdt_realized_vol_24|eth_usdt_range_24|eth_usdt_realized_vol_48|eth_usdt_range_48|eth_usdt_relative_volume_24|eth_usdt_range_position_20|eth_usdt_breakout_distance_20|eth_usdt_range_position_55|eth_usdt_breakout_distance_55|macro_es_f_proxy_value|macro_es_f_proxy_return_1|macro_nq_f_proxy_value|macro_nq_f_proxy_return_1|macro_vix_proxy_value|macro_vix_proxy_return_1|macro_urth_proxy_value|macro_urth_proxy_return_1,direction_raw_v1,14 days 00:00:00,14 days 00:00:00,2017-08-17T00:00:00Z,2023-12-31T23:59:59Z,2024-01-01T00:00:00Z,2024-12-31T23:59:59Z,9514,2196,False,0.4863124140709696,0.4925941563796544,0.4982471516213848,0.8159635404631409,0.29794030685085515,0.51775956284153,0.022159331935696955,2196.0,0.48041894353369763,0.0018214936247723133,0.9981785063752276,-0.0998715196756004,-0.02238201597148399,0.0,0.9813296903460837,,-0.02256329104434082,0.0,0.8970856102003643,,-0.01981427943301264,0.0,0.7518214936247724,,-0.007885553310317345,0.0,0.6297814207650273,,-0.004269716508675126,MIXED
33c32032346ccccfcc29,3.3.0,73026dd08db19c83059c57c75b65bcebf077280cee941bdcbc1155cb400f6517,ETH_USDT_4h_14d_crypto_core_v1+crypto_context_proxy_v1_macro_proxy_1.0.0,crypto_core_v1+crypto_context_proxy_v1,hist_gradient_boosting,wf_2024,validation,ETH/USDT,4h,14d,42,train_only_standard_scaler_v1,eth_usdt_return_1|eth_usdt_log_return_1|eth_usdt_return_3|eth_usdt_log_return_3|eth_usdt_return_6|eth_usdt_log_return_6|eth_usdt_return_12|eth_usdt_log_return_12|eth_usdt_return_24|eth_usdt_log_return_24|eth_usdt_momentum_6|eth_usdt_momentum_12|eth_usdt_momentum_24|eth_usdt_sma_distance_20|eth_usdt_ema_distance_20|eth_usdt_sma_distance_50|eth_usdt_ema_distance_50|eth_usdt_rsi_14|eth_usdt_realized_vol_12|eth_usdt_range_12|eth_usdt_realized_vol_24|eth_usdt_range_24|eth_usdt_realized_vol_48|eth_usdt_range_48|eth_usdt_relative_volume_24|eth_usdt_range_position_20|eth_usdt_breakout_distance_20|eth_usdt_range_position_55|eth_usdt_breakout_distance_55|macro_es_f_proxy_value|macro_es_f_proxy_return_1|macro_nq_f_proxy_value|macro_nq_f_proxy_return_1|macro_vix_proxy_value|macro_vix_proxy_return_1|macro_urth_proxy_value|macro_urth_proxy_return_1,direction_raw_v1,14 days 00:00:00,14 days 00:00:00,2017-08-17T00:00:00Z,2023-12-31T23:59:59Z,2024-01-01T00:00:00Z,2024-12-31T23:59:59Z,9514,2196,False,0.4424629596554116,0.4416226981710373,0.4851768009270989,1.1734204277469407,0.37976213105427736,0.5009107468123861,0.022159331935696955,2196.0,0.48041894353369763,0.09881602914389799,0.901183970856102,0.015703568395666855,-0.022867215052516824,0.07468123861566485,0.8793260473588342,0.02170511607207303,-0.022013314376088573,0.056010928961748634,0.8542805100182149,0.029118278796617835,-0.02211834396744873,0.03961748633879782,0.8037340619307832,0.04352917395380109,-0.024150537621124044,0.025956284153005466,0.7504553734061931,0.017082925065829972,-0.023484737161026337,MIXED
5315ae404f898ff46fc0,3.3.0,73026dd08db19c83059c57c75b65bcebf077280cee941bdcbc1155cb400f6517,ETH_USDT_4h_14d_crypto_core_v1+crypto_context_proxy_v1_macro_proxy_1.0.0,crypto_core_v1+crypto_context_proxy_v1,random_forest,wf_2024,validation,ETH/USDT,4h,14d,42,train_only_standard_scaler_v1,eth_usdt_return_1|eth_usdt_log_return_1|eth_usdt_return_3|eth_usdt_log_return_3|eth_usdt_return_6|eth_usdt_log_return_6|eth_usdt_return_12|eth_usdt_log_return_12|eth_usdt_return_24|eth_usdt_log_return_24|eth_usdt_momentum_6|eth_usdt_momentum_12|eth_usdt_momentum_24|eth_usdt_sma_distance_20|eth_usdt_ema_distance_20|eth_usdt_sma_distance_50|eth_usdt_ema_distance_50|eth_usdt_rsi_14|eth_usdt_realized_vol_12|eth_usdt_range_12|eth_usdt_realized_vol_24|eth_usdt_range_24|eth_usdt_realized_vol_48|eth_usdt_range_48|eth_usdt_relative_volume_24|eth_usdt_range_position_20|eth_usdt_breakout_distance_20|eth_usdt_range_position_55|eth_usdt_breakout_distance_55|macro_es_f_proxy_value|macro_es_f_proxy_return_1|macro_nq_f_proxy_value|macro_nq_f_proxy_return_1|macro_vix_proxy_value|macro_vix_proxy_return_1|macro_urth_proxy_value|macro_urth_proxy_return_1,direction_raw_v1,14 days 00:00:00,14 days 00:00:00,2017-08-17T00:00:00Z,2023-12-31T23:59:59Z,2024-01-01T00:00:00Z,2024-12-31T23:59:59Z,9514,2196,False,0.44644549763033176,0.45301897850956363,0.48591033889786545,0.8775927533295802,0.3190026714592232,0.5018214936247724,0.022159331935696955,2196.0,0.48041894353369763,0.0942622950819672,0.9057377049180327,0.020223353421046704,-0.022360813862561002,0.042805100182149364,0.8456284153005464,0.03717861200566427,-0.02361551468962174,0.017304189435336976,0.7750455373406193,0.06275908661282878,-0.02480807695905964,0.001366120218579235,0.6999089253187614,0.010590689448905474,-0.024760482475171257,0.0,0.6070127504553734,,-0.02634168332478083,MIXED
8915b281dd63392054b9,3.3.0,73026dd08db19c83059c57c75b65bcebf077280cee941bdcbc1155cb400f6517,ETH_USDT_4h_21d_crypto_core_v1_no_macro_1.0.0,crypto_core_v1,logistic_regression,wf_2022,validation,ETH/USDT,4h,21d,42,train_only_standard_scaler_v1,eth_usdt_return_1|eth_usdt_log_return_1|eth_usdt_return_3|eth_usdt_log_return_3|eth_usdt_return_6|eth_usdt_log_return_6|eth_usdt_return_12|eth_usdt_log_return_12|eth_usdt_return_24|eth_usdt_log_return_24|eth_usdt_momentum_6|eth_usdt_momentum_12|eth_usdt_momentum_24|eth_usdt_sma_distance_20|eth_usdt_ema_distance_20|eth_usdt_sma_distance_50|eth_usdt_ema_distance_50|eth_usdt_rsi_14|eth_usdt_realized_vol_12|eth_usdt_range_12|eth_usdt_realized_vol_24|eth_usdt_range_24|eth_usdt_realized_vol_48|eth_usdt_range_48|eth_usdt_relative_volume_24|eth_usdt_range_position_20|eth_usdt_breakout_distance_20|eth_usdt_range_position_55|eth_usdt_breakout_distance_55,direction_raw_v1,21 days 00:00:00,21 days 00:00:00,2017-08-17T00:00:00Z,2021-12-31T23:59:59Z,2022-01-01T00:00:00Z,2022-12-31T23:59:59Z,9390,2190,False,0.4489848601253198,0.37764459385073407,0.45158658556355147,0.6992119682239635,0.2530212132374455,0.4757990867579909,-0.027209600134803443,2190.0,0.38447488584474887,0.4063926940639269,0.593607305936073,-0.029469469648498735,0.025662458698504347,0.11643835616438356,0.20776255707762556,-0.0063678765947957905,0.02370302554893685,0.014611872146118721,0.039269406392694065,0.10426509977183973,0.018650106944407933,0.0018264840182648401,0.00410958904109589,0.2622593810425158,-0.06279346907099331,0.0,0.0,,,MIXED
98b5fe92a5e891c5c0e5,3.3.0,73026dd08db19c83059c57c75b65bcebf077280cee941bdcbc1155cb400f6517,ETH_USDT_4h_21d_crypto_core_v1_no_macro_1.0.0,crypto_core_v1,hist_gradient_boosting,wf_2022,validation,ETH/USDT,4h,21d,42,train_only_standard_scaler_v1,eth_usdt_return_1|eth_usdt_log_return_1|eth_usdt_return_3|eth_usdt_log_return_3|eth_usdt_return_6|eth_usdt_log_return_6|eth_usdt_return_12|eth_usdt_log_return_12|eth_usdt_return_24|eth_usdt_log_return_24|eth_usdt_momentum_6|eth_usdt_momentum_12|eth_usdt_momentum_24|eth_usdt_sma_distance_20|eth_usdt_ema_distance_20|eth_usdt_sma_distance_50|eth_usdt_ema_distance_50|eth_usdt_rsi_14|eth_usdt_realized_vol_12|eth_usdt_range_12|eth_usdt_realized_vol_24|eth_usdt_range_24|eth_usdt_realized_vol_48|eth_usdt_range_48|eth_usdt_relative_volume_24|eth_usdt_range_position_20|eth_usdt_breakout_distance_20|eth_usdt_range_position_55|eth_usdt_breakout_distance_55,direction_raw_v1,21 days 00:00:00,21 days 00:00:00,2017-08-17T00:00:00Z,2021-12-31T23:59:59Z,2022-01-01T00:00:00Z,2022-12-31T23:59:59Z,9390,2190,False,0.47399992599223273,0.3873041620462594,0.47733071604276944,0.8196210752546274,0.30093841441411173,0.44794520547945205,-0.027209600134803443,2190.0,0.38447488584474887,0.632420091324201,0.3675799086757991,-0.04550552579427891,-0.004268483142679201,0.5146118721461187,0.28264840182648404,-0.04857263076532797,-0.01861766689391008,0.40593607305936075,0.20639269406392693,-0.048503327280205503,-0.025940872007658485,0.28812785388127854,0.13926940639269406,-0.049190305803835,-0.03004485068415079,0.19726027397260273,0.0863013698630137,-0.06361199109547121,-0.05121671770402576,ROBUST CANDIDATE
7dfb155f4f7056200751,3.3.0,73026dd08db19c83059c57c75b65bcebf077280cee941bdcbc1155cb400f6517,ETH_USDT_4h_21d_crypto_core_v1_no_macro_1.0.0,crypto_core_v1,random_forest,wf_2022,validation,ETH/USDT,4h,21d,42,train_only_standard_scaler_v1,eth_usdt_return_1|eth_usdt_log_return_1|eth_usdt_return_3|eth_usdt_log_return_3|eth_usdt_return_6|eth_usdt_log_return_6|eth_usdt_return_12|eth_usdt_log_return_12|eth_usdt_return_24|eth_usdt_log_return_24|eth_usdt_momentum_6|eth_usdt_momentum_12|eth_usdt_momentum_24|eth_usdt_sma_distance_20|eth_usdt_ema_distance_20|eth_usdt_sma_distance_50|eth_usdt_ema_distance_50|eth_usdt_rsi_14|eth_usdt_realized_vol_12|eth_usdt_range_12|eth_usdt_realized_vol_24|eth_usdt_range_24|eth_usdt_realized_vol_48|eth_usdt_range_48|eth_usdt_relative_volume_24|eth_usdt_range_position_20|eth_usdt_breakout_distance_20|eth_usdt_range_position_55|eth_usdt_breakout_distance_55,direction_raw_v1,21 days 00:00:00,21 days 00:00:00,2017-08-17T00:00:00Z,2021-12-31T23:59:59Z,2022-01-01T00:00:00Z,2022-12-31T23:59:59Z,9390,2190,False,0.45006590215468323,0.3661406167240632,0.4620199186619396,0.7605875094674436,0.2796896492740916,0.45159817351598175,-0.027209600134803443,2190.0,0.38447488584474887,0.5538812785388127,0.4461187214611872,-0.05254269406388743,-0.004242849134366366,0.3721461187214612,0.29315068493150687,-0.053602418237910295,-0.028132940988408687,0.22557077625570776,0.17853881278538813,-0.06253008970098167,-0.02722933139435546,0.13424657534246576,0.108675799086758,-0.07755352700233467,-0.031235695648695324,0.057534246575342465,0.06986301369863014,-0.06582374390319112,-0.028545780613234255,ROBUST CANDIDATE
b83853e40cfad150648a,3.3.0,73026dd08db19c83059c57c75b65bcebf077280cee941bdcbc1155cb400f6517,ETH_USDT_4h_21d_crypto_core_v1_no_macro_1.0.0,crypto_core_v1,logistic_regression,wf_2023,validation,ETH/USDT,4h,21d,42,train_only_standard_scaler_v1,eth_usdt_return_1|eth_usdt_log_return_1|eth_usdt_return_3|eth_usdt_log_return_3|eth_usdt_return_6|eth_usdt_log_return_6|eth_usdt_return_12|eth_usdt_log_return_12|eth_usdt_return_24|eth_usdt_log_return_24|eth_usdt_momentum_6|eth_usdt_momentum_12|eth_usdt_momentum_24|eth_usdt_sma_distance_20|eth_usdt_ema_distance_20|eth_usdt_sma_distance_50|eth_usdt_ema_distance_50|eth_usdt_rsi_14|eth_usdt_realized_vol_12|eth_usdt_range_12|eth_usdt_realized_vol_24|eth_usdt_range_24|eth_usdt_realized_vol_48|eth_usdt_range_48|eth_usdt_relative_volume_24|eth_usdt_range_position_20|eth_usdt_breakout_distance_20|eth_usdt_range_position_55|eth_usdt_breakout_distance_55,direction_raw_v1,21 days 00:00:00,21 days 00:00:00,2017-08-17T00:00:00Z,2022-12-31T23:59:59Z,2023-01-01T00:00:00Z,2023-12-31T23:59:59Z,11580,2190,False,0.5716330364771806,0.6672351987743854,0.5448064830693702,0.7001808284480585,0.25347697251060314,0.491324200913242,0.03670359656360653,2190.0,0.5904109589041096,0.21232876712328766,0.7876712328767124,0.037731215324092265,-0.03642658628904081,0.039269406392694065,0.37488584474885844,0.0545030339866683,-0.03810842782656529,0.0013698630136986301,0.06621004566210045,0.09018975399407998,-0.036658943920606916,0.0,0.0009132420091324201,,0.0359150046896452,0.0,0.0,,,MIXED
71e416db209e93fcc808,3.3.0,73026dd08db19c83059c57c75b65bcebf077280cee941bdcbc1155cb400f6517,ETH_USDT_4h_21d_crypto_core_v1_no_macro_1.0.0,crypto_core_v1,hist_gradient_boosting,wf_2023,validation,ETH/USDT,4h,21d,42,train_only_standard_scaler_v1,eth_usdt_return_1|eth_usdt_log_return_1|eth_usdt_return_3|eth_usdt_log_return_3|eth_usdt_return_6|eth_usdt_log_return_6|eth_usdt_return_12|eth_usdt_log_return_12|eth_usdt_return_24|eth_usdt_log_return_24|eth_usdt_momentum_6|eth_usdt_momentum_12|eth_usdt_momentum_24|eth_usdt_sma_distance_20|eth_usdt_ema_distance_20|eth_usdt_sma_distance_50|eth_usdt_ema_distance_50|eth_usdt_rsi_14|eth_usdt_realized_vol_12|eth_usdt_range_12|eth_usdt_realized_vol_24|eth_usdt_range_24|eth_usdt_realized_vol_48|eth_usdt_range_48|eth_usdt_relative_volume_24|eth_usdt_range_position_20|eth_usdt_breakout_distance_20|eth_usdt_range_position_55|eth_usdt_breakout_distance_55,direction_raw_v1,21 days 00:00:00,21 days 00:00:00,2017-08-17T00:00:00Z,2022-12-31T23:59:59Z,2023-01-01T00:00:00Z,2023-12-31T23:59:59Z,11580,2190,False,0.6031771281947818,0.651146252968334,0.5838952734947893,0.7607138283129488,0.2689484280382957,0.5808219178082191,0.03670359656360653,2190.0,0.5904109589041096,0.49817351598173515,0.5018264840182648,0.04058308385021035,-0.03285234940283785,0.4168949771689498,0.4246575342465753,0.041352556847232845,-0.03237785329196134,0.32922374429223744,0.3639269406392694,0.03808218165995847,-0.03333679980810754,0.2497716894977169,0.3045662100456621,0.03534807508257746,-0.03111631490574827,0.1689497716894977,0.26575342465753427,0.03298658520060124,-0.029249890934639342,ROBUST CANDIDATE
5dd34c1ad26d7552f9f7,3.3.0,73026dd08db19c83059c57c75b65bcebf077280cee941bdcbc1155cb400f6517,ETH_USDT_4h_21d_crypto_core_v1_no_macro_1.0.0,crypto_core_v1,random_forest,wf_2023,validation,ETH/USDT,4h,21d,42,train_only_standard_scaler_v1,eth_usdt_return_1|eth_usdt_log_return_1|eth_usdt_return_3|eth_usdt_log_return_3|eth_usdt_return_6|eth_usdt_log_return_6|eth_usdt_return_12|eth_usdt_log_return_12|eth_usdt_return_24|eth_usdt_log_return_24|eth_usdt_momentum_6|eth_usdt_momentum_12|eth_usdt_momentum_24|eth_usdt_sma_distance_20|eth_usdt_ema_distance_20|eth_usdt_sma_distance_50|eth_usdt_ema_distance_50|eth_usdt_rsi_14|eth_usdt_realized_vol_12|eth_usdt_range_12|eth_usdt_realized_vol_24|eth_usdt_range_24|eth_usdt_realized_vol_48|eth_usdt_range_48|eth_usdt_relative_volume_24|eth_usdt_range_position_20|eth_usdt_breakout_distance_20|eth_usdt_range_position_55|eth_usdt_breakout_distance_55,direction_raw_v1,21 days 00:00:00,21 days 00:00:00,2017-08-17T00:00:00Z,2022-12-31T23:59:59Z,2023-01-01T00:00:00Z,2023-12-31T23:59:59Z,11580,2190,False,0.631564698345693,0.6798532684854675,0.5894137974739205,0.6925895455260341,0.24731896116324717,0.5831050228310503,0.03670359656360653,2190.0,0.5904109589041096,0.4812785388127854,0.5187214611872146,0.041303973436926426,-0.03243528914769177,0.25753424657534246,0.3598173515981735,0.043742216515438276,-0.031027734522429233,0.12146118721461187,0.26986301369863014,0.044099543618796574,-0.03144565618900208,0.052968036529680365,0.2182648401826484,0.039451120831622236,-0.026507783535440733,0.008675799086757991,0.17031963470319636,0.033893167930512474,-0.009880344279382542,ROBUST CANDIDATE
a8de2e37f64a3037ebf1,3.3.0,73026dd08db19c83059c57c75b65bcebf077280cee941bdcbc1155cb400f6517,ETH_USDT_4h_21d_crypto_core_v1_no_macro_1.0.0,crypto_core_v1,logistic_regression,wf_2024,validation,ETH/USDT,4h,21d,42,train_only_standard_scaler_v1,eth_usdt_return_1|eth_usdt_log_return_1|eth_usdt_return_3|eth_usdt_log_return_3|eth_usdt_return_6|eth_usdt_log_return_6|eth_usdt_return_12|eth_usdt_log_return_12|eth_usdt_return_24|eth_usdt_log_return_24|eth_usdt_momentum_6|eth_usdt_momentum_12|eth_usdt_momentum_24|eth_usdt_sma_distance_20|eth_usdt_ema_distance_20|eth_usdt_sma_distance_50|eth_usdt_ema_distance_50|eth_usdt_rsi_14|eth_usdt_realized_vol_12|eth_usdt_range_12|eth_usdt_realized_vol_24|eth_usdt_range_24|eth_usdt_realized_vol_48|eth_usdt_range_48|eth_usdt_relative_volume_24|eth_usdt_range_position_20|eth_usdt_breakout_distance_20|eth_usdt_range_position_55|eth_usdt_breakout_distance_55,direction_raw_v1,21 days 00:00:00,21 days 00:00:00,2017-08-17T00:00:00Z,2023-12-31T23:59:59Z,2024-01-01T00:00:00Z,2024-12-31T23:59:59Z,13770,2196,False,0.4187092826248944,0.4150568287672305,0.46474733893091,0.7068247906688757,0.2567744096028741,0.47540983606557374,0.03159970632906172,2196.0,0.46948998178506374,0.3274134790528233,0.6725865209471766,0.023528512980526793,-0.03552874357861935,0.07468123861566485,0.18123861566484517,0.017765912281686582,-0.04214015915022467,0.011384335154826957,0.007741347905282332,0.011088615716597193,-0.05296587990158338,0.0004553734061930783,0.0,-0.06132159527640724,,0.0,0.0,,,MIXED
3f2367742d6e3d39701e,3.3.0,73026dd08db19c83059c57c75b65bcebf077280cee941bdcbc1155cb400f6517,ETH_USDT_4h_21d_crypto_core_v1_no_macro_1.0.0,crypto_core_v1,hist_gradient_boosting,wf_2024,validation,ETH/USDT,4h,21d,42,train_only_standard_scaler_v1,eth_usdt_return_1|eth_usdt_log_return_1|eth_usdt_return_3|eth_usdt_log_return_3|eth_usdt_return_6|eth_usdt_log_return_6|eth_usdt_return_12|eth_usdt_log_return_12|eth_usdt_return_24|eth_usdt_log_return_24|eth_usdt_momentum_6|eth_usdt_momentum_12|eth_usdt_momentum_24|eth_usdt_sma_distance_20|eth_usdt_ema_distance_20|eth_usdt_sma_distance_50|eth_usdt_ema_distance_50|eth_usdt_rsi_14|eth_usdt_realized_vol_12|eth_usdt_range_12|eth_usdt_realized_vol_24|eth_usdt_range_24|eth_usdt_realized_vol_48|eth_usdt_range_48|eth_usdt_relative_volume_24|eth_usdt_range_position_20|eth_usdt_breakout_distance_20|eth_usdt_range_position_55|eth_usdt_breakout_distance_55,direction_raw_v1,21 days 00:00:00,21 days 00:00:00,2017-08-17T00:00:00Z,2023-12-31T23:59:59Z,2024-01-01T00:00:00Z,2024-12-31T23:59:59Z,13770,2196,False,0.5396061159838983,0.5465219197973961,0.503433892674723,0.7107825589747455,0.2585218981278087,0.49544626593806923,0.03159970632906172,2196.0,0.46948998178506374,0.6306921675774135,0.3693078324225865,0.03737901501824679,-0.021729986804374535,0.48360655737704916,0.22358834244080145,0.04027614883760247,-0.017845991696138038,0.32468123861566484,0.12887067395264118,0.0582626750019417,-0.011414470241249761,0.18761384335154827,0.0692167577413479,0.08790225413047748,-0.004273874693325156,0.08970856102003642,0.028233151183970857,0.12987027477441668,0.006567833837291078,ROBUST CANDIDATE
ba62454e722cb36d9de3,3.3.0,73026dd08db19c83059c57c75b65bcebf077280cee941bdcbc1155cb400f6517,ETH_USDT_4h_21d_crypto_core_v1_no_macro_1.0.0,crypto_core_v1,random_forest,wf_2024,validation,ETH/USDT,4h,21d,42,train_only_standard_scaler_v1,eth_usdt_return_1|eth_usdt_log_return_1|eth_usdt_return_3|eth_usdt_log_return_3|eth_usdt_return_6|eth_usdt_log_return_6|eth_usdt_return_12|eth_usdt_log_return_12|eth_usdt_return_24|eth_usdt_log_return_24|eth_usdt_momentum_6|eth_usdt_momentum_12|eth_usdt_momentum_24|eth_usdt_sma_distance_20|eth_usdt_ema_distance_20|eth_usdt_sma_distance_50|eth_usdt_ema_distance_50|eth_usdt_rsi_14|eth_usdt_realized_vol_12|eth_usdt_range_12|eth_usdt_realized_vol_24|eth_usdt_range_24|eth_usdt_realized_vol_48|eth_usdt_range_48|eth_usdt_relative_volume_24|eth_usdt_range_position_20|eth_usdt_breakout_distance_20|eth_usdt_range_position_55|eth_usdt_breakout_distance_55,direction_raw_v1,21 days 00:00:00,21 days 00:00:00,2017-08-17T00:00:00Z,2023-12-31T23:59:59Z,2024-01-01T00:00:00Z,2024-12-31T23:59:59Z,13770,2196,False,0.563757841672113,0.5585327633260629,0.5257560683198528,0.6885793389382836,0.24776775104568413,0.5204918032786885,0.03159970632906172,2196.0,0.46948998178506374,0.5846994535519126,0.41530054644808745,0.039633441558705185,-0.02028905278206368,0.3274134790528233,0.17122040072859745,0.061794839131806036,-0.015664485693906584,0.16939890710382513,0.0860655737704918,0.09300641327346892,-0.01293770531296012,0.046903460837887066,0.04052823315118397,0.10560245762302727,0.002439788042267043,0.00546448087431694,0.018214936247723135,0.09677767955764933,-0.009888794979138355,ROBUST CANDIDATE
1f53ee8acdc20ca442e0,3.3.0,73026dd08db19c83059c57c75b65bcebf077280cee941bdcbc1155cb400f6517,ETH_USDT_4h_21d_crypto_core_v1+crypto_context_proxy_v1_macro_proxy_1.0.0,crypto_core_v1+crypto_context_proxy_v1,logistic_regression,wf_2022,validation,ETH/USDT,4h,21d,42,train_only_standard_scaler_v1,eth_usdt_return_1|eth_usdt_log_return_1|eth_usdt_return_3|eth_usdt_log_return_3|eth_usdt_return_6|eth_usdt_log_return_6|eth_usdt_return_12|eth_usdt_log_return_12|eth_usdt_return_24|eth_usdt_log_return_24|eth_usdt_momentum_6|eth_usdt_momentum_12|eth_usdt_momentum_24|eth_usdt_sma_distance_20|eth_usdt_ema_distance_20|eth_usdt_sma_distance_50|eth_usdt_ema_distance_50|eth_usdt_rsi_14|eth_usdt_realized_vol_12|eth_usdt_range_12|eth_usdt_realized_vol_24|eth_usdt_range_24|eth_usdt_realized_vol_48|eth_usdt_range_48|eth_usdt_relative_volume_24|eth_usdt_range_position_20|eth_usdt_breakout_distance_20|eth_usdt_range_position_55|eth_usdt_breakout_distance_55|macro_es_f_proxy_value|macro_es_f_proxy_return_1|macro_nq_f_proxy_value|macro_nq_f_proxy_return_1|macro_vix_proxy_value|macro_vix_proxy_return_1|macro_urth_proxy_value|macro_urth_proxy_return_1,direction_raw_v1,21 days 00:00:00,21 days 00:00:00,2017-08-17T00:00:00Z,2021-12-31T23:59:59Z,2022-01-01T00:00:00Z,2022-12-31T23:59:59Z,5092,2190,False,0.5637444758487986,0.47240489047317075,0.5117302311156847,0.7186085318525389,0.25361045829803575,0.6228310502283105,-0.027209600134803443,2190.0,0.38447488584474887,0.01643835616438356,0.9835616438356164,0.08994434791106305,0.02916760483751987,0.0073059360730593605,0.9657534246575342,0.10776325176899373,0.031076888696231996,0.0027397260273972603,0.94337899543379,0.14686995491904764,0.033387725636142784,0.0009132420091324201,0.8904109589041096,0.1686703197274121,0.03461958538916766,0.0,0.7849315068493151,,0.03956675187719555,ROBUST CANDIDATE
40de2479010954148c87,3.3.0,73026dd08db19c83059c57c75b65bcebf077280cee941bdcbc1155cb400f6517,ETH_USDT_4h_21d_crypto_core_v1+crypto_context_proxy_v1_macro_proxy_1.0.0,crypto_core_v1+crypto_context_proxy_v1,hist_gradient_boosting,wf_2022,validation,ETH/USDT,4h,21d,42,train_only_standard_scaler_v1,eth_usdt_return_1|eth_usdt_log_return_1|eth_usdt_return_3|eth_usdt_log_return_3|eth_usdt_return_6|eth_usdt_log_return_6|eth_usdt_return_12|eth_usdt_log_return_12|eth_usdt_return_24|eth_usdt_log_return_24|eth_usdt_momentum_6|eth_usdt_momentum_12|eth_usdt_momentum_24|eth_usdt_sma_distance_20|eth_usdt_ema_distance_20|eth_usdt_sma_distance_50|eth_usdt_ema_distance_50|eth_usdt_rsi_14|eth_usdt_realized_vol_12|eth_usdt_range_12|eth_usdt_realized_vol_24|eth_usdt_range_24|eth_usdt_realized_vol_48|eth_usdt_range_48|eth_usdt_relative_volume_24|eth_usdt_range_position_20|eth_usdt_breakout_distance_20|eth_usdt_range_position_55|eth_usdt_breakout_distance_55|macro_es_f_proxy_value|macro_es_f_proxy_return_1|macro_nq_f_proxy_value|macro_nq_f_proxy_return_1|macro_vix_proxy_value|macro_vix_proxy_return_1|macro_urth_proxy_value|macro_urth_proxy_return_1,direction_raw_v1,21 days 00:00:00,21 days 00:00:00,2017-08-17T00:00:00Z,2021-12-31T23:59:59Z,2022-01-01T00:00:00Z,2022-12-31T23:59:59Z,5092,2190,False,0.5750421139437683,0.45305149393402006,0.4991497917209977,1.5201458338681126,0.4600431881915236,0.4100456621004566,-0.027209600134803443,2190.0,0.38447488584474887,0.8858447488584474,0.1141552511415525,-0.026549198155353854,0.03233431949533221,0.8735159817351598,0.1050228310502283,-0.025252888643059444,0.022879881451154004,0.8465753424657534,0.09452054794520548,-0.02264261443136093,0.04424513489061944,0.8132420091324201,0.08767123287671233,-0.017673945861801276,0.053491588896243676,0.7899543378995434,0.07625570776255708,-0.012694232827323765,0.07320809780312063,MIXED
f0065d171d738f823968,3.3.0,73026dd08db19c83059c57c75b65bcebf077280cee941bdcbc1155cb400f6517,ETH_USDT_4h_21d_crypto_core_v1+crypto_context_proxy_v1_macro_proxy_1.0.0,crypto_core_v1+crypto_context_proxy_v1,random_forest,wf_2022,validation,ETH/USDT,4h,21d,42,train_only_standard_scaler_v1,eth_usdt_return_1|eth_usdt_log_return_1|eth_usdt_return_3|eth_usdt_log_return_3|eth_usdt_return_6|eth_usdt_log_return_6|eth_usdt_return_12|eth_usdt_log_return_12|eth_usdt_return_24|eth_usdt_log_return_24|eth_usdt_momentum_6|eth_usdt_momentum_12|eth_usdt_momentum_24|eth_usdt_sma_distance_20|eth_usdt_ema_distance_20|eth_usdt_sma_distance_50|eth_usdt_ema_distance_50|eth_usdt_rsi_14|eth_usdt_realized_vol_12|eth_usdt_range_12|eth_usdt_realized_vol_24|eth_usdt_range_24|eth_usdt_realized_vol_48|eth_usdt_range_48|eth_usdt_relative_volume_24|eth_usdt_range_position_20|eth_usdt_breakout_distance_20|eth_usdt_range_position_55|eth_usdt_breakout_distance_55|macro_es_f_proxy_value|macro_es_f_proxy_return_1|macro_nq_f_proxy_value|macro_nq_f_proxy_return_1|macro_vix_proxy_value|macro_vix_proxy_return_1|macro_urth_proxy_value|macro_urth_proxy_return_1,direction_raw_v1,21 days 00:00:00,21 days 00:00:00,2017-08-17T00:00:00Z,2021-12-31T23:59:59Z,2022-01-01T00:00:00Z,2022-12-31T23:59:59Z,5092,2190,False,0.4977374768285205,0.35865605650595833,0.5381994615053884,0.9239812286404617,0.34243787403271786,0.43561643835616437,-0.027209600134803443,2190.0,0.38447488584474887,0.9351598173515981,0.06484018264840183,-0.01720525013857592,0.1714976902212397,0.9041095890410958,0.0502283105022831,-0.016700430106486,0.2012371964145778,0.8214611872146119,0.045205479452054796,-0.017556743796682848,0.20327932236226604,0.7054794520547946,0.03881278538812785,-0.02488470556124796,0.22013327098502775,0.5534246575342465,0.032420091324200914,-0.03942298981796574,0.23215286661508067,MIXED
eec413cd33fec768cb7c,3.3.0,73026dd08db19c83059c57c75b65bcebf077280cee941bdcbc1155cb400f6517,ETH_USDT_4h_21d_crypto_core_v1+crypto_context_proxy_v1_macro_proxy_1.0.0,crypto_core_v1+crypto_context_proxy_v1,logistic_regression,wf_2023,validation,ETH/USDT,4h,21d,42,train_only_standard_scaler_v1,eth_usdt_return_1|eth_usdt_log_return_1|eth_usdt_return_3|eth_usdt_log_return_3|eth_usdt_return_6|eth_usdt_log_return_6|eth_usdt_return_12|eth_usdt_log_return_12|eth_usdt_return_24|eth_usdt_log_return_24|eth_usdt_momentum_6|eth_usdt_momentum_12|eth_usdt_momentum_24|eth_usdt_sma_distance_20|eth_usdt_ema_distance_20|eth_usdt_sma_distance_50|eth_usdt_ema_distance_50|eth_usdt_rsi_14|eth_usdt_realized_vol_12|eth_usdt_range_12|eth_usdt_realized_vol_24|eth_usdt_range_24|eth_usdt_realized_vol_48|eth_usdt_range_48|eth_usdt_relative_volume_24|eth_usdt_range_position_20|eth_usdt_breakout_distance_20|eth_usdt_range_position_55|eth_usdt_breakout_distance_55|macro_es_f_proxy_value|macro_es_f_proxy_return_1|macro_nq_f_proxy_value|macro_nq_f_proxy_return_1|macro_vix_proxy_value|macro_vix_proxy_return_1|macro_urth_proxy_value|macro_urth_proxy_return_1,direction_raw_v1,21 days 00:00:00,21 days 00:00:00,2017-08-17T00:00:00Z,2022-12-31T23:59:59Z,2023-01-01T00:00:00Z,2023-12-31T23:59:59Z,7282,2190,False,0.629966175815061,0.7157264508498536,0.5230867521798622,0.7802664229570019,0.2901159584002061,0.4392694063926941,0.03670359656360653,2190.0,0.5904109589041096,0.040639269406392696,0.9593607305936073,0.0676917967856849,-0.03539091221340901,0.007762557077625571,0.902283105022831,0.09589161210290907,-0.03315070085986955,0.0009132420091324201,0.7662100456621005,0.1210367741412317,-0.03086566558917901,0.00045662100456621003,0.5305936073059361,0.13462032025888515,-0.02460457643932554,0.0,0.2958904109589041,,-0.025671955063744457,ROBUST CANDIDATE
ce6dcb6999d5e0a30f3b,3.3.0,73026dd08db19c83059c57c75b65bcebf077280cee941bdcbc1155cb400f6517,ETH_USDT_4h_21d_crypto_core_v1+crypto_context_proxy_v1_macro_proxy_1.0.0,crypto_core_v1+crypto_context_proxy_v1,hist_gradient_boosting,wf_2023,validation,ETH/USDT,4h,21d,42,train_only_standard_scaler_v1,eth_usdt_return_1|eth_usdt_log_return_1|eth_usdt_return_3|eth_usdt_log_return_3|eth_usdt_return_6|eth_usdt_log_return_6|eth_usdt_return_12|eth_usdt_log_return_12|eth_usdt_return_24|eth_usdt_log_return_24|eth_usdt_momentum_6|eth_usdt_momentum_12|eth_usdt_momentum_24|eth_usdt_sma_distance_20|eth_usdt_ema_distance_20|eth_usdt_sma_distance_50|eth_usdt_ema_distance_50|eth_usdt_rsi_14|eth_usdt_realized_vol_12|eth_usdt_range_12|eth_usdt_realized_vol_24|eth_usdt_range_24|eth_usdt_realized_vol_48|eth_usdt_range_48|eth_usdt_relative_volume_24|eth_usdt_range_position_20|eth_usdt_breakout_distance_20|eth_usdt_range_position_55|eth_usdt_breakout_distance_55|macro_es_f_proxy_value|macro_es_f_proxy_return_1|macro_nq_f_proxy_value|macro_nq_f_proxy_return_1|macro_vix_proxy_value|macro_vix_proxy_return_1|macro_urth_proxy_value|macro_urth_proxy_return_1,direction_raw_v1,21 days 00:00:00,21 days 00:00:00,2017-08-17T00:00:00Z,2022-12-31T23:59:59Z,2023-01-01T00:00:00Z,2023-12-31T23:59:59Z,7282,2190,False,0.4825257518185996,0.5826309630112625,0.48469117217225766,1.0496623893171106,0.3645330145651041,0.47214611872146117,0.03670359656360653,2190.0,0.5904109589041096,0.4278538812785388,0.5721461187214611,0.03775936487303755,-0.03591408746070399,0.39863013698630134,0.5552511415525114,0.03793308877206626,-0.03648389889940465,0.3684931506849315,0.5292237442922374,0.040415329385427474,-0.03493081966067607,0.3470319634703196,0.4922374429223744,0.041909184441894724,-0.030162417527837205,0.3091324200913242,0.4589041095890411,0.04422882752731118,-0.02748976024162719,MIXED
6690ac8312582ef59156,3.3.0,73026dd08db19c83059c57c75b65bcebf077280cee941bdcbc1155cb400f6517,ETH_USDT_4h_21d_crypto_core_v1+crypto_context_proxy_v1_macro_proxy_1.0.0,crypto_core_v1+crypto_context_proxy_v1,random_forest,wf_2023,validation,ETH/USDT,4h,21d,42,train_only_standard_scaler_v1,eth_usdt_return_1|eth_usdt_log_return_1|eth_usdt_return_3|eth_usdt_log_return_3|eth_usdt_return_6|eth_usdt_log_return_6|eth_usdt_return_12|eth_usdt_log_return_12|eth_usdt_return_24|eth_usdt_log_return_24|eth_usdt_momentum_6|eth_usdt_momentum_12|eth_usdt_momentum_24|eth_usdt_sma_distance_20|eth_usdt_ema_distance_20|eth_usdt_sma_distance_50|eth_usdt_ema_distance_50|eth_usdt_rsi_14|eth_usdt_realized_vol_12|eth_usdt_range_12|eth_usdt_realized_vol_24|eth_usdt_range_24|eth_usdt_realized_vol_48|eth_usdt_range_48|eth_usdt_relative_volume_24|eth_usdt_range_position_20|eth_usdt_breakout_distance_20|eth_usdt_range_position_55|eth_usdt_breakout_distance_55|macro_es_f_proxy_value|macro_es_f_proxy_return_1|macro_nq_f_proxy_value|macro_nq_f_proxy_return_1|macro_vix_proxy_value|macro_vix_proxy_return_1|macro_urth_proxy_value|macro_urth_proxy_return_1,direction_raw_v1,21 days 00:00:00,21 days 00:00:00,2017-08-17T00:00:00Z,2022-12-31T23:59:59Z,2023-01-01T00:00:00Z,2023-12-31T23:59:59Z,7282,2190,False,0.5160046248515935,0.633409213612852,0.5194060117897503,0.7834641679529681,0.2874949370363532,0.46757990867579907,0.03670359656360653,2190.0,0.5904109589041096,0.21689497716894976,0.7831050228310502,0.0431621709761684,-0.03491477857762,0.10410958904109589,0.6470319634703197,0.0340856056669001,-0.026468251906547204,0.046118721461187215,0.46621004566210045,0.06319750898247863,-0.028169779882314738,0.015525114155251141,0.2867579908675799,0.06668392892293126,-0.028582919447729224,0.010958904109589041,0.1684931506849315,0.0686939666602409,-0.02567077277161476,MIXED
1f1578d59576d3efa59a,3.3.0,73026dd08db19c83059c57c75b65bcebf077280cee941bdcbc1155cb400f6517,ETH_USDT_4h_21d_crypto_core_v1+crypto_context_proxy_v1_macro_proxy_1.0.0,crypto_core_v1+crypto_context_proxy_v1,logistic_regression,wf_2024,validation,ETH/USDT,4h,21d,42,train_only_standard_scaler_v1,eth_usdt_return_1|eth_usdt_log_return_1|eth_usdt_return_3|eth_usdt_log_return_3|eth_usdt_return_6|eth_usdt_log_return_6|eth_usdt_return_12|eth_usdt_log_return_12|eth_usdt_return_24|eth_usdt_log_return_24|eth_usdt_momentum_6|eth_usdt_momentum_12|eth_usdt_momentum_24|eth_usdt_sma_distance_20|eth_usdt_ema_distance_20|eth_usdt_sma_distance_50|eth_usdt_ema_distance_50|eth_usdt_rsi_14|eth_usdt_realized_vol_12|eth_usdt_range_12|eth_usdt_realized_vol_24|eth_usdt_range_24|eth_usdt_realized_vol_48|eth_usdt_range_48|eth_usdt_relative_volume_24|eth_usdt_range_position_20|eth_usdt_breakout_distance_20|eth_usdt_range_position_55|eth_usdt_breakout_distance_55|macro_es_f_proxy_value|macro_es_f_proxy_return_1|macro_nq_f_proxy_value|macro_nq_f_proxy_return_1|macro_vix_proxy_value|macro_vix_proxy_return_1|macro_urth_proxy_value|macro_urth_proxy_return_1,direction_raw_v1,21 days 00:00:00,21 days 00:00:00,2017-08-17T00:00:00Z,2023-12-31T23:59:59Z,2024-01-01T00:00:00Z,2024-12-31T23:59:59Z,9472,2196,False,0.5265665652331375,0.5067534733112109,0.5004849660523764,0.8665417965480099,0.31098865602240205,0.5309653916211293,0.03159970632906172,2196.0,0.46948998178506374,0.0004553734061930783,0.9995446265938069,0.015971765807456517,-0.03160682611973215,0.0,0.988615664845173,,-0.031129276266995028,0.0,0.953551912568306,,-0.030944287270133163,0.0,0.8857012750455373,,-0.028180680409082108,0.0,0.7659380692167578,,-0.019182587362401065,ROBUST CANDIDATE
4f3fec619201d78be935,3.3.0,73026dd08db19c83059c57c75b65bcebf077280cee941bdcbc1155cb400f6517,ETH_USDT_4h_21d_crypto_core_v1+crypto_context_proxy_v1_macro_proxy_1.0.0,crypto_core_v1+crypto_context_proxy_v1,hist_gradient_boosting,wf_2024,validation,ETH/USDT,4h,21d,42,train_only_standard_scaler_v1,eth_usdt_return_1|eth_usdt_log_return_1|eth_usdt_return_3|eth_usdt_log_return_3|eth_usdt_return_6|eth_usdt_log_return_6|eth_usdt_return_12|eth_usdt_log_return_12|eth_usdt_return_24|eth_usdt_log_return_24|eth_usdt_momentum_6|eth_usdt_momentum_12|eth_usdt_momentum_24|eth_usdt_sma_distance_20|eth_usdt_ema_distance_20|eth_usdt_sma_distance_50|eth_usdt_ema_distance_50|eth_usdt_rsi_14|eth_usdt_realized_vol_12|eth_usdt_range_12|eth_usdt_realized_vol_24|eth_usdt_range_24|eth_usdt_realized_vol_48|eth_usdt_range_48|eth_usdt_relative_volume_24|eth_usdt_range_position_20|eth_usdt_breakout_distance_20|eth_usdt_range_position_55|eth_usdt_breakout_distance_55|macro_es_f_proxy_value|macro_es_f_proxy_return_1|macro_nq_f_proxy_value|macro_nq_f_proxy_return_1|macro_vix_proxy_value|macro_vix_proxy_return_1|macro_urth_proxy_value|macro_urth_proxy_return_1,direction_raw_v1,21 days 00:00:00,21 days 00:00:00,2017-08-17T00:00:00Z,2023-12-31T23:59:59Z,2024-01-01T00:00:00Z,2024-12-31T23:59:59Z,9472,2196,False,0.45614949442809394,0.46122445084361946,0.5119180927721326,1.401205475098984,0.4038922607832929,0.5414389799635702,0.03159970632906172,2196.0,0.46948998178506374,0.015482695810564663,0.9845173041894353,0.09689502962314232,-0.03057286035681438,0.009562841530054645,0.9840619307832422,0.10345143949263305,-0.030597061192060623,0.007741347905282332,0.9781420765027322,0.08093219742958058,-0.02978621097445181,0.0,0.9749544626593807,,-0.029370313062524304,0.0,0.9663023679417122,,-0.02958311822414312,MIXED
32e066c9379864a3c054,3.3.0,73026dd08db19c83059c57c75b65bcebf077280cee941bdcbc1155cb400f6517,ETH_USDT_4h_21d_crypto_core_v1+crypto_context_proxy_v1_macro_proxy_1.0.0,crypto_core_v1+crypto_context_proxy_v1,random_forest,wf_2024,validation,ETH/USDT,4h,21d,42,train_only_standard_scaler_v1,eth_usdt_return_1|eth_usdt_log_return_1|eth_usdt_return_3|eth_usdt_log_return_3|eth_usdt_return_6|eth_usdt_log_return_6|eth_usdt_return_12|eth_usdt_log_return_12|eth_usdt_return_24|eth_usdt_log_return_24|eth_usdt_momentum_6|eth_usdt_momentum_12|eth_usdt_momentum_24|eth_usdt_sma_distance_20|eth_usdt_ema_distance_20|eth_usdt_sma_distance_50|eth_usdt_ema_distance_50|eth_usdt_rsi_14|eth_usdt_realized_vol_12|eth_usdt_range_12|eth_usdt_realized_vol_24|eth_usdt_range_24|eth_usdt_realized_vol_48|eth_usdt_range_48|eth_usdt_relative_volume_24|eth_usdt_range_position_20|eth_usdt_breakout_distance_20|eth_usdt_range_position_55|eth_usdt_breakout_distance_55|macro_es_f_proxy_value|macro_es_f_proxy_return_1|macro_nq_f_proxy_value|macro_nq_f_proxy_return_1|macro_vix_proxy_value|macro_vix_proxy_return_1|macro_urth_proxy_value|macro_urth_proxy_return_1,direction_raw_v1,21 days 00:00:00,21 days 00:00:00,2017-08-17T00:00:00Z,2023-12-31T23:59:59Z,2024-01-01T00:00:00Z,2024-12-31T23:59:59Z,9472,2196,False,0.49869163235826713,0.4995899170135297,0.5,0.9953690381594797,0.34180410118258875,0.5305100182149363,0.03159970632906172,2196.0,0.46948998178506374,0.0,1.0,,-0.03159970632906172,0.0,0.9936247723132969,,-0.03139688068196401,0.0,0.9758652094717668,,-0.028178284412297427,0.0,0.9494535519125683,,-0.02791903479703163,0.0,0.8788706739526412,,-0.026600340022499502,MIXED
dec31f255b38886bf994,3.3.0,73026dd08db19c83059c57c75b65bcebf077280cee941bdcbc1155cb400f6517,ETH_USDT_4h_28d_crypto_core_v1_no_macro_1.0.0,crypto_core_v1,logistic_regression,wf_2022,validation,ETH/USDT,4h,28d,42,train_only_standard_scaler_v1,eth_usdt_return_1|eth_usdt_log_return_1|eth_usdt_return_3|eth_usdt_log_return_3|eth_usdt_return_6|eth_usdt_log_return_6|eth_usdt_return_12|eth_usdt_log_return_12|eth_usdt_return_24|eth_usdt_log_return_24|eth_usdt_momentum_6|eth_usdt_momentum_12|eth_usdt_momentum_24|eth_usdt_sma_distance_20|eth_usdt_ema_distance_20|eth_usdt_sma_distance_50|eth_usdt_ema_distance_50|eth_usdt_rsi_14|eth_usdt_realized_vol_12|eth_usdt_range_12|eth_usdt_realized_vol_24|eth_usdt_range_24|eth_usdt_realized_vol_48|eth_usdt_range_48|eth_usdt_relative_volume_24|eth_usdt_range_position_20|eth_usdt_breakout_distance_20|eth_usdt_range_position_55|eth_usdt_breakout_distance_55,direction_raw_v1,28 days 00:00:00,28 days 00:00:00,2017-08-17T00:00:00Z,2021-12-31T23:59:59Z,2022-01-01T00:00:00Z,2022-12-31T23:59:59Z,9348,2190,False,0.4586783588450105,0.38990723815331374,0.46749080124451714,0.702031723933931,0.25437101317068056,0.471689497716895,-0.028413543286113525,2190.0,0.40365296803652967,0.48447488584474885,0.5155251141552512,-0.04886484782131131,0.00919402680086565,0.12465753424657534,0.23013698630136986,-0.06173434995314425,-0.003972654808594925,0.01004566210045662,0.07123287671232877,0.03677528878134656,-0.034946006429474354,0.0,0.01598173515981735,,-0.060140926001377173,0.0,0.0036529680365296802,,-0.143942608512987,MIXED
7f4fafc4df7d4387bfca,3.3.0,73026dd08db19c83059c57c75b65bcebf077280cee941bdcbc1155cb400f6517,ETH_USDT_4h_28d_crypto_core_v1_no_macro_1.0.0,crypto_core_v1,hist_gradient_boosting,wf_2022,validation,ETH/USDT,4h,28d,42,train_only_standard_scaler_v1,eth_usdt_return_1|eth_usdt_log_return_1|eth_usdt_return_3|eth_usdt_log_return_3|eth_usdt_return_6|eth_usdt_log_return_6|eth_usdt_return_12|eth_usdt_log_return_12|eth_usdt_return_24|eth_usdt_log_return_24|eth_usdt_momentum_6|eth_usdt_momentum_12|eth_usdt_momentum_24|eth_usdt_sma_distance_20|eth_usdt_ema_distance_20|eth_usdt_sma_distance_50|eth_usdt_ema_distance_50|eth_usdt_rsi_14|eth_usdt_realized_vol_12|eth_usdt_range_12|eth_usdt_realized_vol_24|eth_usdt_range_24|eth_usdt_realized_vol_48|eth_usdt_range_48|eth_usdt_relative_volume_24|eth_usdt_range_position_20|eth_usdt_breakout_distance_20|eth_usdt_range_position_55|eth_usdt_breakout_distance_55,direction_raw_v1,28 days 00:00:00,28 days 00:00:00,2017-08-17T00:00:00Z,2021-12-31T23:59:59Z,2022-01-01T00:00:00Z,2022-12-31T23:59:59Z,9348,2190,False,0.48106286335950327,0.3996166445952044,0.48442188160456784,0.802530931576157,0.29727529588299356,0.4506849315068493,-0.028413543286113525,2190.0,0.40365296803652967,0.678082191780822,0.3219178082191781,-0.0385304974120421,0.007103363318732067,0.5652968036529681,0.23150684931506849,-0.03781612376493699,-0.005714085783801098,0.46301369863013697,0.1593607305936073,-0.04164094599828336,-0.0023936152307198416,0.3378995433789954,0.11232876712328767,-0.04494665494069464,-0.0006432166753709621,0.22009132420091324,0.07351598173515982,-0.04001897209341389,-0.023268579790859417,ROBUST CANDIDATE
806e308a73fc4f04d70b,3.3.0,73026dd08db19c83059c57c75b65bcebf077280cee941bdcbc1155cb400f6517,ETH_USDT_4h_28d_crypto_core_v1_no_macro_1.0.0,crypto_core_v1,random_forest,wf_2022,validation,ETH/USDT,4h,28d,42,train_only_standard_scaler_v1,eth_usdt_return_1|eth_usdt_log_return_1|eth_usdt_return_3|eth_usdt_log_return_3|eth_usdt_return_6|eth_usdt_log_return_6|eth_usdt_return_12|eth_usdt_log_return_12|eth_usdt_return_24|eth_usdt_log_return_24|eth_usdt_momentum_6|eth_usdt_momentum_12|eth_usdt_momentum_24|eth_usdt_sma_distance_20|eth_usdt_ema_distance_20|eth_usdt_sma_distance_50|eth_usdt_ema_distance_50|eth_usdt_rsi_14|eth_usdt_realized_vol_12|eth_usdt_range_12|eth_usdt_realized_vol_24|eth_usdt_range_24|eth_usdt_realized_vol_48|eth_usdt_range_48|eth_usdt_relative_volume_24|eth_usdt_range_position_20|eth_usdt_breakout_distance_20|eth_usdt_range_position_55|eth_usdt_breakout_distance_55,direction_raw_v1,28 days 00:00:00,28 days 00:00:00,2017-08-17T00:00:00Z,2021-12-31T23:59:59Z,2022-01-01T00:00:00Z,2022-12-31T23:59:59Z,9348,2190,False,0.4498563885443445,0.3613917894030978,0.4691391281450736,0.748641647502775,0.27579633027016526,0.45251141552511415,-0.028413543286113525,2190.0,0.40365296803652967,0.5922374429223745,0.4077625570776256,-0.048157273010571086,-0.00026240010987916255,0.3917808219178082,0.2447488584474886,-0.057322137399747904,-0.020082682501548342,0.21689497716894976,0.14794520547945206,-0.07637544574531957,-0.048991970170998544,0.1091324200913242,0.0954337899543379,-0.10348902130519692,-0.04351533912985409,0.03789954337899543,0.059817351598173515,-0.12306125861892268,-0.03633124920670127,ROBUST CANDIDATE
71a10a6d1482e41f2a65,3.3.0,73026dd08db19c83059c57c75b65bcebf077280cee941bdcbc1155cb400f6517,ETH_USDT_4h_28d_crypto_core_v1_no_macro_1.0.0,crypto_core_v1,logistic_regression,wf_2023,validation,ETH/USDT,4h,28d,42,train_only_standard_scaler_v1,eth_usdt_return_1|eth_usdt_log_return_1|eth_usdt_return_3|eth_usdt_log_return_3|eth_usdt_return_6|eth_usdt_log_return_6|eth_usdt_return_12|eth_usdt_log_return_12|eth_usdt_return_24|eth_usdt_log_return_24|eth_usdt_momentum_6|eth_usdt_momentum_12|eth_usdt_momentum_24|eth_usdt_sma_distance_20|eth_usdt_ema_distance_20|eth_usdt_sma_distance_50|eth_usdt_ema_distance_50|eth_usdt_rsi_14|eth_usdt_realized_vol_12|eth_usdt_range_12|eth_usdt_realized_vol_24|eth_usdt_range_24|eth_usdt_realized_vol_48|eth_usdt_range_48|eth_usdt_relative_volume_24|eth_usdt_range_position_20|eth_usdt_breakout_distance_20|eth_usdt_range_position_55|eth_usdt_breakout_distance_55,direction_raw_v1,28 days 00:00:00,28 days 00:00:00,2017-08-17T00:00:00Z,2022-12-31T23:59:59Z,2023-01-01T00:00:00Z,2023-12-31T23:59:59Z,11538,2190,False,0.5365293199167245,0.6440456093082201,0.5297883414295628,0.7065594007526188,0.25664140060292356,0.4776255707762557,0.04473759581975704,2190.0,0.5981735159817352,0.2401826484018265,0.7598173515981735,0.05456494935217876,-0.041631112671888154,0.03287671232876712,0.3721461187214612,0.07958335365196643,-0.045110830681059436,0.0,0.08264840182648402,,-0.0779104838895418,0.0,0.005936073059360731,,0.022879053130459407,0.0,0.0,,,MIXED
ebeb9a9e4ce36cc076a0,3.3.0,73026dd08db19c83059c57c75b65bcebf077280cee941bdcbc1155cb400f6517,ETH_USDT_4h_28d_crypto_core_v1_no_macro_1.0.0,crypto_core_v1,hist_gradient_boosting,wf_2023,validation,ETH/USDT,4h,28d,42,train_only_standard_scaler_v1,eth_usdt_return_1|eth_usdt_log_return_1|eth_usdt_return_3|eth_usdt_log_return_3|eth_usdt_return_6|eth_usdt_log_return_6|eth_usdt_return_12|eth_usdt_log_return_12|eth_usdt_return_24|eth_usdt_log_return_24|eth_usdt_momentum_6|eth_usdt_momentum_12|eth_usdt_momentum_24|eth_usdt_sma_distance_20|eth_usdt_ema_distance_20|eth_usdt_sma_distance_50|eth_usdt_ema_distance_50|eth_usdt_rsi_14|eth_usdt_realized_vol_12|eth_usdt_range_12|eth_usdt_realized_vol_24|eth_usdt_range_24|eth_usdt_realized_vol_48|eth_usdt_range_48|eth_usdt_relative_volume_24|eth_usdt_range_position_20|eth_usdt_breakout_distance_20|eth_usdt_range_position_55|eth_usdt_breakout_distance_55,direction_raw_v1,28 days 00:00:00,28 days 00:00:00,2017-08-17T00:00:00Z,2022-12-31T23:59:59Z,2023-01-01T00:00:00Z,2023-12-31T23:59:59Z,11538,2190,False,0.5762348195697432,0.6643773832789777,0.5361034004163775,0.7707304376876264,0.2721599189028752,0.5351598173515981,0.04473759581975704,2190.0,0.5981735159817352,0.502283105022831,0.4977168949771689,0.04680796264261199,-0.04264823480586672,0.38310502283105025,0.38538812785388127,0.047579537017345436,-0.04272818733714781,0.28264840182648404,0.30776255707762556,0.05241591036599299,-0.043861747350048455,0.18767123287671234,0.2452054794520548,0.057396905101535535,-0.042585730425360555,0.10776255707762557,0.2182648401826484,0.05657030189008386,-0.044083317149149946,ROBUST CANDIDATE
baa2bf127aa8f8810785,3.3.0,73026dd08db19c83059c57c75b65bcebf077280cee941bdcbc1155cb400f6517,ETH_USDT_4h_28d_crypto_core_v1_no_macro_1.0.0,crypto_core_v1,random_forest,wf_2023,validation,ETH/USDT,4h,28d,42,train_only_standard_scaler_v1,eth_usdt_return_1|eth_usdt_log_return_1|eth_usdt_return_3|eth_usdt_log_return_3|eth_usdt_return_6|eth_usdt_log_return_6|eth_usdt_return_12|eth_usdt_log_return_12|eth_usdt_return_24|eth_usdt_log_return_24|eth_usdt_momentum_6|eth_usdt_momentum_12|eth_usdt_momentum_24|eth_usdt_sma_distance_20|eth_usdt_ema_distance_20|eth_usdt_sma_distance_50|eth_usdt_ema_distance_50|eth_usdt_rsi_14|eth_usdt_realized_vol_12|eth_usdt_range_12|eth_usdt_realized_vol_24|eth_usdt_range_24|eth_usdt_realized_vol_48|eth_usdt_range_48|eth_usdt_relative_volume_24|eth_usdt_range_position_20|eth_usdt_breakout_distance_20|eth_usdt_range_position_55|eth_usdt_breakout_distance_55,direction_raw_v1,28 days 00:00:00,28 days 00:00:00,2017-08-17T00:00:00Z,2022-12-31T23:59:59Z,2023-01-01T00:00:00Z,2023-12-31T23:59:59Z,11538,2190,False,0.6213324080499654,0.6963832712171578,0.5793763011797364,0.7022753806585221,0.2512342944962037,0.5648401826484019,0.04473759581975704,2190.0,0.5981735159817352,0.4415525114155251,0.5584474885844749,0.05307874362939422,-0.03814242825481906,0.23333333333333334,0.35205479452054794,0.060821519946621175,-0.0385333833698875,0.09497716894977169,0.22922374429223744,0.07178703883921458,-0.04156161731835773,0.015525114155251141,0.1776255707762557,0.07354758197561302,-0.03072604848871022,0.00045662100456621003,0.1593607305936073,0.11207484994704009,-0.01848468740776271,ROBUST CANDIDATE
ee811d941bfe5e26948a,3.3.0,73026dd08db19c83059c57c75b65bcebf077280cee941bdcbc1155cb400f6517,ETH_USDT_4h_28d_crypto_core_v1_no_macro_1.0.0,crypto_core_v1,logistic_regression,wf_2024,validation,ETH/USDT,4h,28d,42,train_only_standard_scaler_v1,eth_usdt_return_1|eth_usdt_log_return_1|eth_usdt_return_3|eth_usdt_log_return_3|eth_usdt_return_6|eth_usdt_log_return_6|eth_usdt_return_12|eth_usdt_log_return_12|eth_usdt_return_24|eth_usdt_log_return_24|eth_usdt_momentum_6|eth_usdt_momentum_12|eth_usdt_momentum_24|eth_usdt_sma_distance_20|eth_usdt_ema_distance_20|eth_usdt_sma_distance_50|eth_usdt_ema_distance_50|eth_usdt_rsi_14|eth_usdt_realized_vol_12|eth_usdt_range_12|eth_usdt_realized_vol_24|eth_usdt_range_24|eth_usdt_realized_vol_48|eth_usdt_range_48|eth_usdt_relative_volume_24|eth_usdt_range_position_20|eth_usdt_breakout_distance_20|eth_usdt_range_position_55|eth_usdt_breakout_distance_55,direction_raw_v1,28 days 00:00:00,28 days 00:00:00,2017-08-17T00:00:00Z,2023-12-31T23:59:59Z,2024-01-01T00:00:00Z,2024-12-31T23:59:59Z,13728,2196,False,0.4194183905448164,0.41065268716349296,0.4337891196256215,0.7066580870293051,0.2567048439851285,0.43897996357012753,0.04254333476527246,2196.0,0.4790528233151184,0.3788706739526412,0.6211293260473588,0.003508627546820427,-0.06635336145570653,0.05692167577413479,0.16484517304189436,-0.010050433614315029,-0.05456510605307273,0.0036429872495446266,0.015027322404371584,-0.11976539248131833,0.015388852219900018,0.0,0.0031876138433515485,,0.006300985165016791,0.0,0.0,,,MIXED
2fff2ce1a9b8c4f64957,3.3.0,73026dd08db19c83059c57c75b65bcebf077280cee941bdcbc1155cb400f6517,ETH_USDT_4h_28d_crypto_core_v1_no_macro_1.0.0,crypto_core_v1,hist_gradient_boosting,wf_2024,validation,ETH/USDT,4h,28d,42,train_only_standard_scaler_v1,eth_usdt_return_1|eth_usdt_log_return_1|eth_usdt_return_3|eth_usdt_log_return_3|eth_usdt_return_6|eth_usdt_log_return_6|eth_usdt_return_12|eth_usdt_log_return_12|eth_usdt_return_24|eth_usdt_log_return_24|eth_usdt_momentum_6|eth_usdt_momentum_12|eth_usdt_momentum_24|eth_usdt_sma_distance_20|eth_usdt_ema_distance_20|eth_usdt_sma_distance_50|eth_usdt_ema_distance_50|eth_usdt_rsi_14|eth_usdt_realized_vol_12|eth_usdt_range_12|eth_usdt_realized_vol_24|eth_usdt_range_24|eth_usdt_realized_vol_48|eth_usdt_range_48|eth_usdt_relative_volume_24|eth_usdt_range_position_20|eth_usdt_breakout_distance_20|eth_usdt_range_position_55|eth_usdt_breakout_distance_55,direction_raw_v1,28 days 00:00:00,28 days 00:00:00,2017-08-17T00:00:00Z,2023-12-31T23:59:59Z,2024-01-01T00:00:00Z,2024-12-31T23:59:59Z,13728,2196,False,0.5335695079635194,0.495454100263358,0.5293945598128107,0.717137863729573,0.26059584315607537,0.5241347905282332,0.04254333476527246,2196.0,0.4790528233151184,0.6243169398907104,0.3756830601092896,0.055322143747053965,-0.02130727765736644,0.48178506375227687,0.2540983606557377,0.05940373119552612,-0.016578191126236732,0.32877959927140255,0.14571948998178508,0.06518915646965254,-0.009550195782562129,0.1826047358834244,0.06648451730418943,0.08223094271182035,-0.001510129327039547,0.08469945355191257,0.025956284153005466,0.09549635578666167,0.017884323016784213,ROBUST CANDIDATE
c85b0dc4b249b9f67903,3.3.0,73026dd08db19c83059c57c75b65bcebf077280cee941bdcbc1155cb400f6517,ETH_USDT_4h_28d_crypto_core_v1_no_macro_1.0.0,crypto_core_v1,random_forest,wf_2024,validation,ETH/USDT,4h,28d,42,train_only_standard_scaler_v1,eth_usdt_return_1|eth_usdt_log_return_1|eth_usdt_return_3|eth_usdt_log_return_3|eth_usdt_return_6|eth_usdt_log_return_6|eth_usdt_return_12|eth_usdt_log_return_12|eth_usdt_return_24|eth_usdt_log_return_24|eth_usdt_momentum_6|eth_usdt_momentum_12|eth_usdt_momentum_24|eth_usdt_sma_distance_20|eth_usdt_ema_distance_20|eth_usdt_sma_distance_50|eth_usdt_ema_distance_50|eth_usdt_rsi_14|eth_usdt_realized_vol_12|eth_usdt_range_12|eth_usdt_realized_vol_24|eth_usdt_range_24|eth_usdt_realized_vol_48|eth_usdt_range_48|eth_usdt_relative_volume_24|eth_usdt_range_position_20|eth_usdt_breakout_distance_20|eth_usdt_range_position_55|eth_usdt_breakout_distance_55,direction_raw_v1,28 days 00:00:00,28 days 00:00:00,2017-08-17T00:00:00Z,2023-12-31T23:59:59Z,2024-01-01T00:00:00Z,2024-12-31T23:59:59Z,13728,2196,False,0.5284190619266664,0.5152613887116738,0.5115314818261586,0.6946702665704424,0.25076572726865665,0.5091074681238615,0.04254333476527246,2196.0,0.4790528233151184,0.5573770491803278,0.4426229508196721,0.05289841478690249,-0.02950360436766425,0.25956284153005466,0.174408014571949,0.07615430103457368,-0.03328785050093605,0.1029143897996357,0.07969034608378871,0.10954921685225143,0.00025244593149057945,0.030054644808743168,0.033242258652094715,0.1913323497046742,0.0019512296409297085,0.004098360655737705,0.013205828779599272,0.12153869765129542,0.006672105604005961,ROBUST CANDIDATE
0358f7e1326b0fc039d0,3.3.0,73026dd08db19c83059c57c75b65bcebf077280cee941bdcbc1155cb400f6517,ETH_USDT_4h_28d_crypto_core_v1+crypto_context_proxy_v1_macro_proxy_1.0.0,crypto_core_v1+crypto_context_proxy_v1,logistic_regression,wf_2022,validation,ETH/USDT,4h,28d,42,train_only_standard_scaler_v1,eth_usdt_return_1|eth_usdt_log_return_1|eth_usdt_return_3|eth_usdt_log_return_3|eth_usdt_return_6|eth_usdt_log_return_6|eth_usdt_return_12|eth_usdt_log_return_12|eth_usdt_return_24|eth_usdt_log_return_24|eth_usdt_momentum_6|eth_usdt_momentum_12|eth_usdt_momentum_24|eth_usdt_sma_distance_20|eth_usdt_ema_distance_20|eth_usdt_sma_distance_50|eth_usdt_ema_distance_50|eth_usdt_rsi_14|eth_usdt_realized_vol_12|eth_usdt_range_12|eth_usdt_realized_vol_24|eth_usdt_range_24|eth_usdt_realized_vol_48|eth_usdt_range_48|eth_usdt_relative_volume_24|eth_usdt_range_position_20|eth_usdt_breakout_distance_20|eth_usdt_range_position_55|eth_usdt_breakout_distance_55|macro_es_f_proxy_value|macro_es_f_proxy_return_1|macro_nq_f_proxy_value|macro_nq_f_proxy_return_1|macro_vix_proxy_value|macro_vix_proxy_return_1|macro_urth_proxy_value|macro_urth_proxy_return_1,direction_raw_v1,28 days 00:00:00,28 days 00:00:00,2017-08-17T00:00:00Z,2021-12-31T23:59:59Z,2022-01-01T00:00:00Z,2022-12-31T23:59:59Z,5050,2190,False,0.6565035720967618,0.5455425915294828,0.5,0.7515280946533575,0.26826084058699434,0.5963470319634703,-0.028413543286113525,2190.0,0.40365296803652967,0.0,1.0,,0.028413543286113525,0.0,1.0,,0.028413543286113525,0.0,0.9986301369863013,,0.028166968433810596,0.0,0.9739726027397261,,0.030027130402403256,0.0,0.897716894977169,,0.03414678182788772,ROBUST CANDIDATE
3204e2f08a6b00c7beac,3.3.0,73026dd08db19c83059c57c75b65bcebf077280cee941bdcbc1155cb400f6517,ETH_USDT_4h_28d_crypto_core_v1+crypto_context_proxy_v1_macro_proxy_1.0.0,crypto_core_v1+crypto_context_proxy_v1,hist_gradient_boosting,wf_2022,validation,ETH/USDT,4h,28d,42,train_only_standard_scaler_v1,eth_usdt_return_1|eth_usdt_log_return_1|eth_usdt_return_3|eth_usdt_log_return_3|eth_usdt_return_6|eth_usdt_log_return_6|eth_usdt_return_12|eth_usdt_log_return_12|eth_usdt_return_24|eth_usdt_log_return_24|eth_usdt_momentum_6|eth_usdt_momentum_12|eth_usdt_momentum_24|eth_usdt_sma_distance_20|eth_usdt_ema_distance_20|eth_usdt_sma_distance_50|eth_usdt_ema_distance_50|eth_usdt_rsi_14|eth_usdt_realized_vol_12|eth_usdt_range_12|eth_usdt_realized_vol_24|eth_usdt_range_24|eth_usdt_realized_vol_48|eth_usdt_range_48|eth_usdt_relative_volume_24|eth_usdt_range_position_20|eth_usdt_breakout_distance_20|eth_usdt_range_position_55|eth_usdt_breakout_distance_55|macro_es_f_proxy_value|macro_es_f_proxy_return_1|macro_nq_f_proxy_value|macro_nq_f_proxy_return_1|macro_vix_proxy_value|macro_vix_proxy_return_1|macro_urth_proxy_value|macro_urth_proxy_return_1,direction_raw_v1,28 days 00:00:00,28 days 00:00:00,2017-08-17T00:00:00Z,2021-12-31T23:59:59Z,2022-01-01T00:00:00Z,2022-12-31T23:59:59Z,5050,2190,False,0.5747576448414211,0.46484469488564584,0.5142641342082834,1.3746730918317014,0.42285623410465284,0.4520547945205479,-0.028413543286113525,2190.0,0.40365296803652967,0.8200913242009132,0.17990867579908676,-0.019406913732025233,0.06946914399459721,0.7936073059360731,0.14977168949771688,-0.018663074630588375,0.07337064321281841,0.7684931506849315,0.1232876712328767,-0.016847436300660146,0.0757765431881309,0.7479452054794521,0.1045662100456621,-0.015669921969817032,0.08067754364898133,0.726027397260274,0.08493150684931507,-0.015083053059517137,0.08521129958398979,ROBUST CANDIDATE
4a8cb83b796e05954efe,3.3.0,73026dd08db19c83059c57c75b65bcebf077280cee941bdcbc1155cb400f6517,ETH_USDT_4h_28d_crypto_core_v1+crypto_context_proxy_v1_macro_proxy_1.0.0,crypto_core_v1+crypto_context_proxy_v1,random_forest,wf_2022,validation,ETH/USDT,4h,28d,42,train_only_standard_scaler_v1,eth_usdt_return_1|eth_usdt_log_return_1|eth_usdt_return_3|eth_usdt_log_return_3|eth_usdt_return_6|eth_usdt_log_return_6|eth_usdt_return_12|eth_usdt_log_return_12|eth_usdt_return_24|eth_usdt_log_return_24|eth_usdt_momentum_6|eth_usdt_momentum_12|eth_usdt_momentum_24|eth_usdt_sma_distance_20|eth_usdt_ema_distance_20|eth_usdt_sma_distance_50|eth_usdt_ema_distance_50|eth_usdt_rsi_14|eth_usdt_realized_vol_12|eth_usdt_range_12|eth_usdt_realized_vol_24|eth_usdt_range_24|eth_usdt_realized_vol_48|eth_usdt_range_48|eth_usdt_relative_volume_24|eth_usdt_range_position_20|eth_usdt_breakout_distance_20|eth_usdt_range_position_55|eth_usdt_breakout_distance_55|macro_es_f_proxy_value|macro_es_f_proxy_return_1|macro_nq_f_proxy_value|macro_nq_f_proxy_return_1|macro_vix_proxy_value|macro_vix_proxy_return_1|macro_urth_proxy_value|macro_urth_proxy_return_1,direction_raw_v1,28 days 00:00:00,28 days 00:00:00,2017-08-17T00:00:00Z,2021-12-31T23:59:59Z,2022-01-01T00:00:00Z,2022-12-31T23:59:59Z,5050,2190,False,0.5519417862562623,0.44302289929856264,0.5558421625217409,0.8167981402737234,0.30264378227222694,0.4785388127853881,-0.028413543286113525,2190.0,0.40365296803652967,0.8904109589041096,0.1095890410958904,-0.02098171593699613,0.08879714049769234,0.8214611872146119,0.07853881278538813,-0.01792176900574593,0.11212099683818884,0.7378995433789954,0.058447488584474884,-0.01791351916049524,0.1272049621483587,0.6132420091324201,0.048401826484018265,-0.020817983106012353,0.14508161754482954,0.4392694063926941,0.038356164383561646,-0.03089645103411787,0.16516708705890817,MIXED
f65c95f4df5845d5621a,3.3.0,73026dd08db19c83059c57c75b65bcebf077280cee941bdcbc1155cb400f6517,ETH_USDT_4h_28d_crypto_core_v1+crypto_context_proxy_v1_macro_proxy_1.0.0,crypto_core_v1+crypto_context_proxy_v1,logistic_regression,wf_2023,validation,ETH/USDT,4h,28d,42,train_only_standard_scaler_v1,eth_usdt_return_1|eth_usdt_log_return_1|eth_usdt_return_3|eth_usdt_log_return_3|eth_usdt_return_6|eth_usdt_log_return_6|eth_usdt_return_12|eth_usdt_log_return_12|eth_usdt_return_24|eth_usdt_log_return_24|eth_usdt_momentum_6|eth_usdt_momentum_12|eth_usdt_momentum_24|eth_usdt_sma_distance_20|eth_usdt_ema_distance_20|eth_usdt_sma_distance_50|eth_usdt_ema_distance_50|eth_usdt_rsi_14|eth_usdt_realized_vol_12|eth_usdt_range_12|eth_usdt_realized_vol_24|eth_usdt_range_24|eth_usdt_realized_vol_48|eth_usdt_range_48|eth_usdt_relative_volume_24|eth_usdt_range_position_20|eth_usdt_breakout_distance_20|eth_usdt_range_position_55|eth_usdt_breakout_distance_55|macro_es_f_proxy_value|macro_es_f_proxy_return_1|macro_nq_f_proxy_value|macro_nq_f_proxy_return_1|macro_vix_proxy_value|macro_vix_proxy_return_1|macro_urth_proxy_value|macro_urth_proxy_return_1,direction_raw_v1,28 days 00:00:00,28 days 00:00:00,2017-08-17T00:00:00Z,2022-12-31T23:59:59Z,2023-01-01T00:00:00Z,2023-12-31T23:59:59Z,7240,2190,False,0.6480022553782095,0.7107373209310778,0.5143693615544761,0.8253744170995724,0.3101231324352379,0.42191780821917807,0.04473759581975704,2190.0,0.5981735159817352,0.0319634703196347,0.9680365296803652,0.10604470408639205,-0.04271330450906626,0.007762557077625571,0.9342465753424658,0.13765697105367145,-0.04209320935670357,0.0009132420091324201,0.8465753424657534,0.19916789759430786,-0.04149333197548738,0.0,0.7105022831050228,,-0.04011630386481011,0.0,0.4986301369863014,,-0.031182075026930604,ROBUST CANDIDATE
ca1411ebe08ebd1a10ce,3.3.0,73026dd08db19c83059c57c75b65bcebf077280cee941bdcbc1155cb400f6517,ETH_USDT_4h_28d_crypto_core_v1+crypto_context_proxy_v1_macro_proxy_1.0.0,crypto_core_v1+crypto_context_proxy_v1,hist_gradient_boosting,wf_2023,validation,ETH/USDT,4h,28d,42,train_only_standard_scaler_v1,eth_usdt_return_1|eth_usdt_log_return_1|eth_usdt_return_3|eth_usdt_log_return_3|eth_usdt_return_6|eth_usdt_log_return_6|eth_usdt_return_12|eth_usdt_log_return_12|eth_usdt_return_24|eth_usdt_log_return_24|eth_usdt_momentum_6|eth_usdt_momentum_12|eth_usdt_momentum_24|eth_usdt_sma_distance_20|eth_usdt_ema_distance_20|eth_usdt_sma_distance_50|eth_usdt_ema_distance_50|eth_usdt_rsi_14|eth_usdt_realized_vol_12|eth_usdt_range_12|eth_usdt_realized_vol_24|eth_usdt_range_24|eth_usdt_realized_vol_48|eth_usdt_range_48|eth_usdt_relative_volume_24|eth_usdt_range_position_20|eth_usdt_breakout_distance_20|eth_usdt_range_position_55|eth_usdt_breakout_distance_55|macro_es_f_proxy_value|macro_es_f_proxy_return_1|macro_nq_f_proxy_value|macro_nq_f_proxy_return_1|macro_vix_proxy_value|macro_vix_proxy_return_1|macro_urth_proxy_value|macro_urth_proxy_return_1,direction_raw_v1,28 days 00:00:00,28 days 00:00:00,2017-08-17T00:00:00Z,2022-12-31T23:59:59Z,2023-01-01T00:00:00Z,2023-12-31T23:59:59Z,7240,2190,False,0.6105638445523942,0.6837032598243098,0.5880378209576682,0.841740377701107,0.2903649874183073,0.5789954337899543,0.04473759581975704,2190.0,0.5981735159817352,0.4712328767123288,0.5287671232876713,0.06599702316591552,-0.025791370412817885,0.4018264840182648,0.473972602739726,0.07782969909935672,-0.02737626149060995,0.35342465753424657,0.4178082191780822,0.08638885109710215,-0.03505942446519657,0.3228310502283105,0.37990867579908677,0.08822957764985517,-0.03321193364728221,0.3036529680365297,0.3470319634703196,0.09074294815300607,-0.02695942527003255,ROBUST CANDIDATE
c1de730d24a87891299c,3.3.0,73026dd08db19c83059c57c75b65bcebf077280cee941bdcbc1155cb400f6517,ETH_USDT_4h_28d_crypto_core_v1+crypto_context_proxy_v1_macro_proxy_1.0.0,crypto_core_v1+crypto_context_proxy_v1,random_forest,wf_2023,validation,ETH/USDT,4h,28d,42,train_only_standard_scaler_v1,eth_usdt_return_1|eth_usdt_log_return_1|eth_usdt_return_3|eth_usdt_log_return_3|eth_usdt_return_6|eth_usdt_log_return_6|eth_usdt_return_12|eth_usdt_log_return_12|eth_usdt_return_24|eth_usdt_log_return_24|eth_usdt_momentum_6|eth_usdt_momentum_12|eth_usdt_momentum_24|eth_usdt_sma_distance_20|eth_usdt_ema_distance_20|eth_usdt_sma_distance_50|eth_usdt_ema_distance_50|eth_usdt_rsi_14|eth_usdt_realized_vol_12|eth_usdt_range_12|eth_usdt_realized_vol_24|eth_usdt_range_24|eth_usdt_realized_vol_48|eth_usdt_range_48|eth_usdt_relative_volume_24|eth_usdt_range_position_20|eth_usdt_breakout_distance_20|eth_usdt_range_position_55|eth_usdt_breakout_distance_55|macro_es_f_proxy_value|macro_es_f_proxy_return_1|macro_nq_f_proxy_value|macro_nq_f_proxy_return_1|macro_vix_proxy_value|macro_vix_proxy_return_1|macro_urth_proxy_value|macro_urth_proxy_return_1,direction_raw_v1,28 days 00:00:00,28 days 00:00:00,2017-08-17T00:00:00Z,2022-12-31T23:59:59Z,2023-01-01T00:00:00Z,2023-12-31T23:59:59Z,7240,2190,False,0.5891212699514226,0.6634410253510092,0.5164469118667592,0.7681111905581892,0.28004625204705524,0.4625570776255708,0.04473759581975704,2190.0,0.5981735159817352,0.22876712328767124,0.7712328767123288,0.053804270173005514,-0.042048191526697545,0.09726027397260274,0.6132420091324201,0.050027422139968,-0.03039897869650213,0.039269406392694065,0.473972602739726,0.09240497782800394,-0.021116571339570966,0.01872146118721461,0.3589041095890411,0.11395142104389963,-0.009419511516496375,0.0009132420091324201,0.22511415525114156,0.15187502616630633,-0.020408060603394517,MIXED
53b2abc2228945f12f68,3.3.0,73026dd08db19c83059c57c75b65bcebf077280cee941bdcbc1155cb400f6517,ETH_USDT_4h_28d_crypto_core_v1+crypto_context_proxy_v1_macro_proxy_1.0.0,crypto_core_v1+crypto_context_proxy_v1,logistic_regression,wf_2024,validation,ETH/USDT,4h,28d,42,train_only_standard_scaler_v1,eth_usdt_return_1|eth_usdt_log_return_1|eth_usdt_return_3|eth_usdt_log_return_3|eth_usdt_return_6|eth_usdt_log_return_6|eth_usdt_return_12|eth_usdt_log_return_12|eth_usdt_return_24|eth_usdt_log_return_24|eth_usdt_momentum_6|eth_usdt_momentum_12|eth_usdt_momentum_24|eth_usdt_sma_distance_20|eth_usdt_ema_distance_20|eth_usdt_sma_distance_50|eth_usdt_ema_distance_50|eth_usdt_rsi_14|eth_usdt_realized_vol_12|eth_usdt_range_12|eth_usdt_realized_vol_24|eth_usdt_range_24|eth_usdt_realized_vol_48|eth_usdt_range_48|eth_usdt_relative_volume_24|eth_usdt_range_position_20|eth_usdt_breakout_distance_20|eth_usdt_range_position_55|eth_usdt_breakout_distance_55|macro_es_f_proxy_value|macro_es_f_proxy_return_1|macro_nq_f_proxy_value|macro_nq_f_proxy_return_1|macro_vix_proxy_value|macro_vix_proxy_return_1|macro_urth_proxy_value|macro_urth_proxy_return_1,direction_raw_v1,28 days 00:00:00,28 days 00:00:00,2017-08-17T00:00:00Z,2023-12-31T23:59:59Z,2024-01-01T00:00:00Z,2024-12-31T23:59:59Z,9430,2196,False,0.603040495626047,0.592206843430142,0.5,0.9355717462138711,0.3302711580311441,0.5209471766848816,0.04254333476527246,2196.0,0.4790528233151184,0.0,1.0,,-0.04254333476527246,0.0,1.0,,-0.04254333476527246,0.0,0.9977231329690346,,-0.04241048751672481,0.0,0.9836065573770492,,-0.04142505984914752,0.0,0.9162112932604736,,-0.03686664221133227,ROBUST CANDIDATE
728f7957529985827e19,3.3.0,73026dd08db19c83059c57c75b65bcebf077280cee941bdcbc1155cb400f6517,ETH_USDT_4h_28d_crypto_core_v1+crypto_context_proxy_v1_macro_proxy_1.0.0,crypto_core_v1+crypto_context_proxy_v1,hist_gradient_boosting,wf_2024,validation,ETH/USDT,4h,28d,42,train_only_standard_scaler_v1,eth_usdt_return_1|eth_usdt_log_return_1|eth_usdt_return_3|eth_usdt_log_return_3|eth_usdt_return_6|eth_usdt_log_return_6|eth_usdt_return_12|eth_usdt_log_return_12|eth_usdt_return_24|eth_usdt_log_return_24|eth_usdt_momentum_6|eth_usdt_momentum_12|eth_usdt_momentum_24|eth_usdt_sma_distance_20|eth_usdt_ema_distance_20|eth_usdt_sma_distance_50|eth_usdt_ema_distance_50|eth_usdt_rsi_14|eth_usdt_realized_vol_12|eth_usdt_range_12|eth_usdt_realized_vol_24|eth_usdt_range_24|eth_usdt_realized_vol_48|eth_usdt_range_48|eth_usdt_relative_volume_24|eth_usdt_range_position_20|eth_usdt_breakout_distance_20|eth_usdt_range_position_55|eth_usdt_breakout_distance_55|macro_es_f_proxy_value|macro_es_f_proxy_return_1|macro_nq_f_proxy_value|macro_nq_f_proxy_return_1|macro_vix_proxy_value|macro_vix_proxy_return_1|macro_urth_proxy_value|macro_urth_proxy_return_1,direction_raw_v1,28 days 00:00:00,28 days 00:00:00,2017-08-17T00:00:00Z,2023-12-31T23:59:59Z,2024-01-01T00:00:00Z,2024-12-31T23:59:59Z,9430,2196,False,0.3846311720598793,0.40441699339043,0.5,1.5184559716252641,0.4299729879237809,0.5209471766848816,0.04254333476527246,2196.0,0.4790528233151184,0.0,1.0,,-0.04254333476527246,0.0,1.0,,-0.04254333476527246,0.0,0.9986338797814208,,-0.04255684474815732,0.0,0.9959016393442623,,-0.04273479226608558,0.0,0.9858834244080146,,-0.04187420065422143,ROBUST CANDIDATE
cdcb70fd93b44ef62995,3.3.0,73026dd08db19c83059c57c75b65bcebf077280cee941bdcbc1155cb400f6517,ETH_USDT_4h_28d_crypto_core_v1+crypto_context_proxy_v1_macro_proxy_1.0.0,crypto_core_v1+crypto_context_proxy_v1,random_forest,wf_2024,validation,ETH/USDT,4h,28d,42,train_only_standard_scaler_v1,eth_usdt_return_1|eth_usdt_log_return_1|eth_usdt_return_3|eth_usdt_log_return_3|eth_usdt_return_6|eth_usdt_log_return_6|eth_usdt_return_12|eth_usdt_log_return_12|eth_usdt_return_24|eth_usdt_log_return_24|eth_usdt_momentum_6|eth_usdt_momentum_12|eth_usdt_momentum_24|eth_usdt_sma_distance_20|eth_usdt_ema_distance_20|eth_usdt_sma_distance_50|eth_usdt_ema_distance_50|eth_usdt_rsi_14|eth_usdt_realized_vol_12|eth_usdt_range_12|eth_usdt_realized_vol_24|eth_usdt_range_24|eth_usdt_realized_vol_48|eth_usdt_range_48|eth_usdt_relative_volume_24|eth_usdt_range_position_20|eth_usdt_breakout_distance_20|eth_usdt_range_position_55|eth_usdt_breakout_distance_55|macro_es_f_proxy_value|macro_es_f_proxy_return_1|macro_nq_f_proxy_value|macro_nq_f_proxy_return_1|macro_vix_proxy_value|macro_vix_proxy_return_1|macro_urth_proxy_value|macro_urth_proxy_return_1,direction_raw_v1,28 days 00:00:00,28 days 00:00:00,2017-08-17T00:00:00Z,2023-12-31T23:59:59Z,2024-01-01T00:00:00Z,2024-12-31T23:59:59Z,9430,2196,False,0.35708955967986383,0.39906127018526566,0.5,1.161640056906067,0.3858741755488793,0.5209471766848816,0.04254333476527246,2196.0,0.4790528233151184,0.0,1.0,,-0.04254333476527246,0.0,1.0,,-0.04254333476527246,0.0,1.0,,-0.04254333476527246,0.0,1.0,,-0.04254333476527246,0.0,0.9899817850637522,,-0.0413423211540485,MIXED
2bc8ad099a74dc19f253,3.3.0,73026dd08db19c83059c57c75b65bcebf077280cee941bdcbc1155cb400f6517,BTC_USDT_1h_1h_crypto_core_v1_no_macro_1.0.0,crypto_core_v1,logistic_regression,final_holdout,holdout,BTC/USDT,1h,1h,42,train_only_standard_scaler_v1,btc_usdt_return_1|btc_usdt_log_return_1|btc_usdt_return_3|btc_usdt_log_return_3|btc_usdt_return_6|btc_usdt_log_return_6|btc_usdt_return_12|btc_usdt_log_return_12|btc_usdt_return_24|btc_usdt_log_return_24|btc_usdt_momentum_6|btc_usdt_momentum_12|btc_usdt_momentum_24|btc_usdt_sma_distance_20|btc_usdt_ema_distance_20|btc_usdt_sma_distance_50|btc_usdt_ema_distance_50|btc_usdt_rsi_14|btc_usdt_realized_vol_12|btc_usdt_range_12|btc_usdt_realized_vol_24|btc_usdt_range_24|btc_usdt_realized_vol_48|btc_usdt_range_48|btc_usdt_relative_volume_24|btc_usdt_range_position_20|btc_usdt_breakout_distance_20|btc_usdt_range_position_55|btc_usdt_breakout_distance_55,direction_raw_v1,0 days 01:00:00,0 days 01:00:00,2017-08-17T00:00:00Z,2024-12-31T23:59:59Z,2025-01-01T00:00:00Z,2026-09-22T23:59:59Z,64468,15093,False,0.5317918070290666,0.5259479301565853,0.5235926305446703,0.692579513776464,0.24970748084590766,0.5235539654144306,6.073548038943529e-06,15093.0,0.5016895249453389,0.4886371165440933,0.5113628834559067,9.500710388210903e-06,-2.798694148577256e-06,0.16351951235672166,0.16477837408069967,2.3589392426120168e-05,8.368922413243549e-05,0.016696481812760882,0.008944543828264758,-0.0001582804663226776,-0.0005293723278650709,0.0005300470416749486,0.0004637911614655801,0.010222386888315019,-6.53601208659506e-05,6.625588020936858e-05,0.0,0.02026636738235621,,ROBUST CANDIDATE
1bca978ee23cc14923d3,3.3.0,73026dd08db19c83059c57c75b65bcebf077280cee941bdcbc1155cb400f6517,BTC_USDT_1h_1h_crypto_core_v1_no_macro_1.0.0,crypto_core_v1,hist_gradient_boosting,final_holdout,holdout,BTC/USDT,1h,1h,42,train_only_standard_scaler_v1,btc_usdt_return_1|btc_usdt_log_return_1|btc_usdt_return_3|btc_usdt_log_return_3|btc_usdt_return_6|btc_usdt_log_return_6|btc_usdt_return_12|btc_usdt_log_return_12|btc_usdt_return_24|btc_usdt_log_return_24|btc_usdt_momentum_6|btc_usdt_momentum_12|btc_usdt_momentum_24|btc_usdt_sma_distance_20|btc_usdt_ema_distance_20|btc_usdt_sma_distance_50|btc_usdt_ema_distance_50|btc_usdt_rsi_14|btc_usdt_realized_vol_12|btc_usdt_range_12|btc_usdt_realized_vol_24|btc_usdt_range_24|btc_usdt_realized_vol_48|btc_usdt_range_48|btc_usdt_relative_volume_24|btc_usdt_range_position_20|btc_usdt_breakout_distance_20|btc_usdt_range_position_55|btc_usdt_breakout_distance_55,direction_raw_v1,0 days 01:00:00,0 days 01:00:00,2017-08-17T00:00:00Z,2024-12-31T23:59:59Z,2025-01-01T00:00:00Z,2026-09-22T23:59:59Z,64468,15093,False,0.53699917568368,0.5306469013803672,0.5281517614388113,0.6933655502713061,0.25007446160384117,0.528324388789505,6.073548038943529e-06,15093.0,0.5016895249453389,0.5511826674617373,0.4488173325382628,5.6782140507843925e-05,5.620055599837304e-05,0.2857616113430067,0.2062545550917644,4.1842272195068826e-06,9.607142735545075e-05,0.09395083813688465,0.024050884516000796,-0.00010045511201214199,-0.00011300337142178034,0.005499238057377592,0.0002650235208374743,0.0003875323104717718,0.00015385149507185503,0.0,0.0,,,ROBUST CANDIDATE
d5d8571c0b455e1f5be8,3.3.0,73026dd08db19c83059c57c75b65bcebf077280cee941bdcbc1155cb400f6517,BTC_USDT_1h_1h_crypto_core_v1_no_macro_1.0.0,crypto_core_v1,random_forest,final_holdout,holdout,BTC/USDT,1h,1h,42,train_only_standard_scaler_v1,btc_usdt_return_1|btc_usdt_log_return_1|btc_usdt_return_3|btc_usdt_log_return_3|btc_usdt_return_6|btc_usdt_log_return_6|btc_usdt_return_12|btc_usdt_log_return_12|btc_usdt_return_24|btc_usdt_log_return_24|btc_usdt_momentum_6|btc_usdt_momentum_12|btc_usdt_momentum_24|btc_usdt_sma_distance_20|btc_usdt_ema_distance_20|btc_usdt_sma_distance_50|btc_usdt_ema_distance_50|btc_usdt_rsi_14|btc_usdt_realized_vol_12|btc_usdt_range_12|btc_usdt_realized_vol_24|btc_usdt_range_24|btc_usdt_realized_vol_48|btc_usdt_range_48|btc_usdt_relative_volume_24|btc_usdt_range_position_20|btc_usdt_breakout_distance_20|btc_usdt_range_position_55|btc_usdt_breakout_distance_55,direction_raw_v1,0 days 01:00:00,0 days 01:00:00,2017-08-17T00:00:00Z,2024-12-31T23:59:59Z,2025-01-01T00:00:00Z,2026-09-22T23:59:59Z,64468,15093,False,0.538647448352572,0.5344545311067241,0.5301797860865436,0.6935870871732043,0.25017539896752183,0.5301795534353674,6.073548038943529e-06,15093.0,0.5016895249453389,0.5000331279401047,0.4999668720598953,6.874610522907572e-05,5.660731455235354e-05,0.2764195322334857,0.26933015305108327,1.2410075026213788e-05,7.008724134776528e-05,0.07778440336579871,0.06440071556350627,8.266619009354958e-05,7.910018801031466e-05,0.015106340687736036,0.004704167494865169,0.00022404058230143553,-0.001010607818524794,0.0008613264427217916,6.625588020936858e-05,0.002903450928583052,-0.0020474697518158003,ROBUST CANDIDATE
865a2f42e7c89c25a949,3.3.0,73026dd08db19c83059c57c75b65bcebf077280cee941bdcbc1155cb400f6517,BTC_USDT_1h_1h_crypto_core_v1+crypto_context_proxy_v1_macro_proxy_1.0.0,crypto_core_v1+crypto_context_proxy_v1,logistic_regression,final_holdout,holdout,BTC/USDT,1h,1h,42,train_only_standard_scaler_v1,btc_usdt_return_1|btc_usdt_log_return_1|btc_usdt_return_3|btc_usdt_log_return_3|btc_usdt_return_6|btc_usdt_log_return_6|btc_usdt_return_12|btc_usdt_log_return_12|btc_usdt_return_24|btc_usdt_log_return_24|btc_usdt_momentum_6|btc_usdt_momentum_12|btc_usdt_momentum_24|btc_usdt_sma_distance_20|btc_usdt_ema_distance_20|btc_usdt_sma_distance_50|btc_usdt_ema_distance_50|btc_usdt_rsi_14|btc_usdt_realized_vol_12|btc_usdt_range_12|btc_usdt_realized_vol_24|btc_usdt_range_24|btc_usdt_realized_vol_48|btc_usdt_range_48|btc_usdt_relative_volume_24|btc_usdt_range_position_20|btc_usdt_breakout_distance_20|btc_usdt_range_position_55|btc_usdt_breakout_distance_55|macro_es_f_proxy_value|macro_es_f_proxy_return_1|macro_nq_f_proxy_value|macro_nq_f_proxy_return_1|macro_vix_proxy_value|macro_vix_proxy_return_1|macro_urth_proxy_value|macro_urth_proxy_return_1,direction_raw_v1,0 days 01:00:00,0 days 01:00:00,2017-08-17T00:00:00Z,2024-12-31T23:59:59Z,2025-01-01T00:00:00Z,2026-09-22T23:59:59Z,47139,15093,False,0.5308838193716161,0.5254338231904243,0.5235149031207074,0.6930604767278182,0.2499430567341784,0.5237527330550587,6.073548038943529e-06,15093.0,0.5016895249453389,0.5704631286026635,0.42953687139733654,1.6460144632476065e-05,7.720775063064053e-06,0.24667064201947922,0.1164115815278606,3.285049257583333e-05,6.153029281571314e-05,0.03736831643808388,0.004704167494865169,1.1916304776694343e-05,-0.00019122932830727116,0.0009275823229311601,0.0002650235208374743,0.0034899360800846164,-0.008613650651126653,6.625588020936858e-05,0.0,0.02026636738235621,,ROBUST CANDIDATE
57fe02975114bf18d214,3.3.0,73026dd08db19c83059c57c75b65bcebf077280cee941bdcbc1155cb400f6517,BTC_USDT_1h_1h_crypto_core_v1+crypto_context_proxy_v1_macro_proxy_1.0.0,crypto_core_v1+crypto_context_proxy_v1,hist_gradient_boosting,final_holdout,holdout,BTC/USDT,1h,1h,42,train_only_standard_scaler_v1,btc_usdt_return_1|btc_usdt_log_return_1|btc_usdt_return_3|btc_usdt_log_return_3|btc_usdt_return_6|btc_usdt_log_return_6|btc_usdt_return_12|btc_usdt_log_return_12|btc_usdt_return_24|btc_usdt_log_return_24|btc_usdt_momentum_6|btc_usdt_momentum_12|btc_usdt_momentum_24|btc_usdt_sma_distance_20|btc_usdt_ema_distance_20|btc_usdt_sma_distance_50|btc_usdt_ema_distance_50|btc_usdt_rsi_14|btc_usdt_realized_vol_12|btc_usdt_range_12|btc_usdt_realized_vol_24|btc_usdt_range_24|btc_usdt_realized_vol_48|btc_usdt_range_48|btc_usdt_relative_volume_24|btc_usdt_range_position_20|btc_usdt_breakout_distance_20|btc_usdt_range_position_55|btc_usdt_breakout_distance_55|macro_es_f_proxy_value|macro_es_f_proxy_return_1|macro_nq_f_proxy_value|macro_nq_f_proxy_return_1|macro_vix_proxy_value|macro_vix_proxy_return_1|macro_urth_proxy_value|macro_urth_proxy_return_1,direction_raw_v1,0 days 01:00:00,0 days 01:00:00,2017-08-17T00:00:00Z,2024-12-31T23:59:59Z,2025-01-01T00:00:00Z,2026-09-22T23:59:59Z,47139,15093,False,0.5377763445659075,0.533173464814347,0.5263334770408308,0.6927175263613445,0.24976369632625098,0.5266679917842708,6.073548038943529e-06,15093.0,0.5016895249453389,0.5990856688531108,0.4009143311468893,3.333572461217561e-05,3.466428051421538e-05,0.2955012257337839,0.13536076326774002,6.305288743954974e-05,0.00017212075594941109,0.0775856357251706,0.010534684953289604,0.00013572560791510666,3.527068676641966e-05,0.004969191015702644,0.0002650235208374743,0.0006264280225120207,0.00037133496835756175,0.0,0.0,,,ROBUST CANDIDATE
2784a2629e7e7e3fb07e,3.3.0,73026dd08db19c83059c57c75b65bcebf077280cee941bdcbc1155cb400f6517,BTC_USDT_1h_1h_crypto_core_v1+crypto_context_proxy_v1_macro_proxy_1.0.0,crypto_core_v1+crypto_context_proxy_v1,random_forest,final_holdout,holdout,BTC/USDT,1h,1h,42,train_only_standard_scaler_v1,btc_usdt_return_1|btc_usdt_log_return_1|btc_usdt_return_3|btc_usdt_log_return_3|btc_usdt_return_6|btc_usdt_log_return_6|btc_usdt_return_12|btc_usdt_log_return_12|btc_usdt_return_24|btc_usdt_log_return_24|btc_usdt_momentum_6|btc_usdt_momentum_12|btc_usdt_momentum_24|btc_usdt_sma_distance_20|btc_usdt_ema_distance_20|btc_usdt_sma_distance_50|btc_usdt_ema_distance_50|btc_usdt_rsi_14|btc_usdt_realized_vol_12|btc_usdt_range_12|btc_usdt_realized_vol_24|btc_usdt_range_24|btc_usdt_realized_vol_48|btc_usdt_range_48|btc_usdt_relative_volume_24|btc_usdt_range_position_20|btc_usdt_breakout_distance_20|btc_usdt_range_position_55|btc_usdt_breakout_distance_55|macro_es_f_proxy_value|macro_es_f_proxy_return_1|macro_nq_f_proxy_value|macro_nq_f_proxy_return_1|macro_vix_proxy_value|macro_vix_proxy_return_1|macro_urth_proxy_value|macro_urth_proxy_return_1,direction_raw_v1,0 days 01:00:00,0 days 01:00:00,2017-08-17T00:00:00Z,2024-12-31T23:59:59Z,2025-01-01T00:00:00Z,2026-09-22T23:59:59Z,47139,15093,False,0.5388543351726629,0.5340222686240107,0.5267874620897726,0.6925283919670102,0.24966097165995574,0.5269330153051083,6.073548038943529e-06,15093.0,0.5016895249453389,0.5431657059564037,0.4568342940435964,2.622673655290916e-05,1.788814005931467e-05,0.2660836149208242,0.17829457364341086,0.00010320002992544733,0.00011133205203352371,0.06903862717816206,0.012323593718942556,0.00010670422736135996,0.0003387393893327561,0.01444378188564235,0.0,3.072813957725368e-06,,0.0014576293646061088,0.0,0.00022070651804153373,,ROBUST CANDIDATE
d777c021c41f7f0fd5a4,3.3.0,73026dd08db19c83059c57c75b65bcebf077280cee941bdcbc1155cb400f6517,BTC_USDT_1h_2h_crypto_core_v1_no_macro_1.0.0,crypto_core_v1,logistic_regression,final_holdout,holdout,BTC/USDT,1h,2h,42,train_only_standard_scaler_v1,btc_usdt_return_1|btc_usdt_log_return_1|btc_usdt_return_3|btc_usdt_log_return_3|btc_usdt_return_6|btc_usdt_log_return_6|btc_usdt_return_12|btc_usdt_log_return_12|btc_usdt_return_24|btc_usdt_log_return_24|btc_usdt_momentum_6|btc_usdt_momentum_12|btc_usdt_momentum_24|btc_usdt_sma_distance_20|btc_usdt_ema_distance_20|btc_usdt_sma_distance_50|btc_usdt_ema_distance_50|btc_usdt_rsi_14|btc_usdt_realized_vol_12|btc_usdt_range_12|btc_usdt_realized_vol_24|btc_usdt_range_24|btc_usdt_realized_vol_48|btc_usdt_range_48|btc_usdt_relative_volume_24|btc_usdt_range_position_20|btc_usdt_breakout_distance_20|btc_usdt_range_position_55|btc_usdt_breakout_distance_55,direction_raw_v1,0 days 02:00:00,0 days 02:00:00,2017-08-17T00:00:00Z,2024-12-31T23:59:59Z,2025-01-01T00:00:00Z,2026-09-22T23:59:59Z,64467,15092,False,0.5323634372005048,0.5311864556233317,0.5216326547819463,0.692612316789636,0.2497244143196778,0.521203286509409,1.1588748120009079e-05,15092.0,0.507553670818977,0.47190564537503316,0.5280943546249669,1.4312310607625183e-05,-9.154969947261038e-06,0.16757222369467267,0.18168566127749802,-0.00019361505419971151,0.000326850703884001,0.017558971640604295,0.007686191359660748,-0.0004960823271809027,0.0010853729557137458,0.0007951232441028359,0.00013252054068380598,0.007535981487308728,0.007890438597913607,6.626027034190299e-05,0.0,0.02175015101174016,,ROBUST CANDIDATE
75c515cfd8111e28ff0e,3.3.0,73026dd08db19c83059c57c75b65bcebf077280cee941bdcbc1155cb400f6517,BTC_USDT_1h_2h_crypto_core_v1_no_macro_1.0.0,crypto_core_v1,hist_gradient_boosting,final_holdout,holdout,BTC/USDT,1h,2h,42,train_only_standard_scaler_v1,btc_usdt_return_1|btc_usdt_log_return_1|btc_usdt_return_3|btc_usdt_log_return_3|btc_usdt_return_6|btc_usdt_log_return_6|btc_usdt_return_12|btc_usdt_log_return_12|btc_usdt_return_24|btc_usdt_log_return_24|btc_usdt_momentum_6|btc_usdt_momentum_12|btc_usdt_momentum_24|btc_usdt_sma_distance_20|btc_usdt_ema_distance_20|btc_usdt_sma_distance_50|btc_usdt_ema_distance_50|btc_usdt_rsi_14|btc_usdt_realized_vol_12|btc_usdt_range_12|btc_usdt_realized_vol_24|btc_usdt_range_24|btc_usdt_realized_vol_48|btc_usdt_range_48|btc_usdt_relative_volume_24|btc_usdt_range_position_20|btc_usdt_breakout_distance_20|btc_usdt_range_position_55|btc_usdt_breakout_distance_55,direction_raw_v1,0 days 02:00:00,0 days 02:00:00,2017-08-17T00:00:00Z,2024-12-31T23:59:59Z,2025-01-01T00:00:00Z,2026-09-22T23:59:59Z,64467,15092,False,0.535891675472939,0.5381454422638197,0.5281226901100878,0.6944637483259098,0.2505944163018177,0.5290882586800955,1.1588748120009079e-05,15092.0,0.507553670818977,0.5643387225019878,0.4356612774980122,0.00010084933917142453,0.00010403595971039478,0.3118208322289955,0.20653326265571165,5.766265445437813e-05,8.284229720239829e-06,0.11323880201431222,0.04724357275377684,-4.309680479681672e-05,-4.2100549054331724e-05,0.020474423535648024,0.007089848926583621,0.00032304065883168617,0.00047296120289413936,0.00033130135170951496,0.0012589451364961569,0.011519559954428705,0.0005581572749940749,ROBUST CANDIDATE
f5c2d18c97f50959d14d,3.3.0,73026dd08db19c83059c57c75b65bcebf077280cee941bdcbc1155cb400f6517,BTC_USDT_1h_2h_crypto_core_v1_no_macro_1.0.0,crypto_core_v1,random_forest,final_holdout,holdout,BTC/USDT,1h,2h,42,train_only_standard_scaler_v1,btc_usdt_return_1|btc_usdt_log_return_1|btc_usdt_return_3|btc_usdt_log_return_3|btc_usdt_return_6|btc_usdt_log_return_6|btc_usdt_return_12|btc_usdt_log_return_12|btc_usdt_return_24|btc_usdt_log_return_24|btc_usdt_momentum_6|btc_usdt_momentum_12|btc_usdt_momentum_24|btc_usdt_sma_distance_20|btc_usdt_ema_distance_20|btc_usdt_sma_distance_50|btc_usdt_ema_distance_50|btc_usdt_rsi_14|btc_usdt_realized_vol_12|btc_usdt_range_12|btc_usdt_realized_vol_24|btc_usdt_range_24|btc_usdt_realized_vol_48|btc_usdt_range_48|btc_usdt_relative_volume_24|btc_usdt_range_position_20|btc_usdt_breakout_distance_20|btc_usdt_range_position_55|btc_usdt_breakout_distance_55,direction_raw_v1,0 days 02:00:00,0 days 02:00:00,2017-08-17T00:00:00Z,2024-12-31T23:59:59Z,2025-01-01T00:00:00Z,2026-09-22T23:59:59Z,64467,15092,False,0.5355708115635723,0.5363089125310627,0.5254898020556088,0.6944011042731453,0.25057773892214047,0.5254439438112908,1.1588748120009079e-05,15092.0,0.507553670818977,0.4973495891863239,0.5026504108136761,4.817471268148555e-05,2.4611390292651403e-05,0.26828783461436523,0.2814736284124039,5.2587086631294264e-05,0.00013913605275304677,0.07388020143122184,0.07228995494301617,-0.00013765163353674287,-0.0001799561183772094,0.012191889742910151,0.005698383249403658,4.3618472303032535e-05,-0.000148712070667706,0.0011264245958123508,0.0,0.0010326123211926654,,ROBUST CANDIDATE
35d78a1eba7bf63f6d68,3.3.0,73026dd08db19c83059c57c75b65bcebf077280cee941bdcbc1155cb400f6517,BTC_USDT_1h_2h_crypto_core_v1+crypto_context_proxy_v1_macro_proxy_1.0.0,crypto_core_v1+crypto_context_proxy_v1,logistic_regression,final_holdout,holdout,BTC/USDT,1h,2h,42,train_only_standard_scaler_v1,btc_usdt_return_1|btc_usdt_log_return_1|btc_usdt_return_3|btc_usdt_log_return_3|btc_usdt_return_6|btc_usdt_log_return_6|btc_usdt_return_12|btc_usdt_log_return_12|btc_usdt_return_24|btc_usdt_log_return_24|btc_usdt_momentum_6|btc_usdt_momentum_12|btc_usdt_momentum_24|btc_usdt_sma_distance_20|btc_usdt_ema_distance_20|btc_usdt_sma_distance_50|btc_usdt_ema_distance_50|btc_usdt_rsi_14|btc_usdt_realized_vol_12|btc_usdt_range_12|btc_usdt_realized_vol_24|btc_usdt_range_24|btc_usdt_realized_vol_48|btc_usdt_range_48|btc_usdt_relative_volume_24|btc_usdt_range_position_20|btc_usdt_breakout_distance_20|btc_usdt_range_position_55|btc_usdt_breakout_distance_55|macro_es_f_proxy_value|macro_es_f_proxy_return_1|macro_nq_f_proxy_value|macro_nq_f_proxy_return_1|macro_vix_proxy_value|macro_vix_proxy_return_1|macro_urth_proxy_value|macro_urth_proxy_return_1,direction_raw_v1,0 days 02:00:00,0 days 02:00:00,2017-08-17T00:00:00Z,2024-12-31T23:59:59Z,2025-01-01T00:00:00Z,2026-09-22T23:59:59Z,47138,15092,False,0.5301927203512016,0.5291855093371015,0.5207674736584722,0.6934758901502884,0.25014032160087024,0.5221971905645375,1.1588748120009079e-05,15092.0,0.507553670818977,0.594950967399947,0.405049032600053,3.349880396419148e-06,-2.369030108747415e-05,0.3004903260005301,0.10217333686721441,-6.68354547074112e-05,0.00039692554313067727,0.07275377683540948,0.0019878081102570897,-9.783367121186691e-05,0.005800525241175665,0.003909355950172277,0.0,0.002451138048954659,,0.00013252054068380598,0.0,0.012771517096495266,,ROBUST CANDIDATE
121b21dacde226d754c5,3.3.0,73026dd08db19c83059c57c75b65bcebf077280cee941bdcbc1155cb400f6517,BTC_USDT_1h_2h_crypto_core_v1+crypto_context_proxy_v1_macro_proxy_1.0.0,crypto_core_v1+crypto_context_proxy_v1,hist_gradient_boosting,final_holdout,holdout,BTC/USDT,1h,2h,42,train_only_standard_scaler_v1,btc_usdt_return_1|btc_usdt_log_return_1|btc_usdt_return_3|btc_usdt_log_return_3|btc_usdt_return_6|btc_usdt_log_return_6|btc_usdt_return_12|btc_usdt_log_return_12|btc_usdt_return_24|btc_usdt_log_return_24|btc_usdt_momentum_6|btc_usdt_momentum_12|btc_usdt_momentum_24|btc_usdt_sma_distance_20|btc_usdt_ema_distance_20|btc_usdt_sma_distance_50|btc_usdt_ema_distance_50|btc_usdt_rsi_14|btc_usdt_realized_vol_12|btc_usdt_range_12|btc_usdt_realized_vol_24|btc_usdt_range_24|btc_usdt_realized_vol_48|btc_usdt_range_48|btc_usdt_relative_volume_24|btc_usdt_range_position_20|btc_usdt_breakout_distance_20|btc_usdt_range_position_55|btc_usdt_breakout_distance_55|macro_es_f_proxy_value|macro_es_f_proxy_return_1|macro_nq_f_proxy_value|macro_nq_f_proxy_return_1|macro_vix_proxy_value|macro_vix_proxy_return_1|macro_urth_proxy_value|macro_urth_proxy_return_1,direction_raw_v1,0 days 02:00:00,0 days 02:00:00,2017-08-17T00:00:00Z,2024-12-31T23:59:59Z,2025-01-01T00:00:00Z,2026-09-22T23:59:59Z,47138,15092,False,0.5395825282386237,0.5383218374550284,0.5267021868597301,0.6935977285862696,0.25016841931799044,0.5284919162470183,1.1588748120009079e-05,15092.0,0.507553670818977,0.6188709249933739,0.381129075006626,2.335199064331509e-05,7.512205490505201e-06,0.3519082957858468,0.16578319639544128,7.592624520483417e-05,6.985205687316629e-05,0.12894248608534323,0.03591306652531143,-0.00012598965875549274,-4.445653182680258e-06,0.01789027299231381,0.0018552875695732839,-0.00010449635007055322,-0.0025277885818527873,0.0006626027034190299,0.0,-0.002681120304997031,,ROBUST CANDIDATE
9d9d22d08d4aff6bcba1,3.3.0,73026dd08db19c83059c57c75b65bcebf077280cee941bdcbc1155cb400f6517,BTC_USDT_1h_2h_crypto_core_v1+crypto_context_proxy_v1_macro_proxy_1.0.0,crypto_core_v1+crypto_context_proxy_v1,random_forest,final_holdout,holdout,BTC/USDT,1h,2h,42,train_only_standard_scaler_v1,btc_usdt_return_1|btc_usdt_log_return_1|btc_usdt_return_3|btc_usdt_log_return_3|btc_usdt_return_6|btc_usdt_log_return_6|btc_usdt_return_12|btc_usdt_log_return_12|btc_usdt_return_24|btc_usdt_log_return_24|btc_usdt_momentum_6|btc_usdt_momentum_12|btc_usdt_momentum_24|btc_usdt_sma_distance_20|btc_usdt_ema_distance_20|btc_usdt_sma_distance_50|btc_usdt_ema_distance_50|btc_usdt_rsi_14|btc_usdt_realized_vol_12|btc_usdt_range_12|btc_usdt_realized_vol_24|btc_usdt_range_24|btc_usdt_realized_vol_48|btc_usdt_range_48|btc_usdt_relative_volume_24|btc_usdt_range_position_20|btc_usdt_breakout_distance_20|btc_usdt_range_position_55|btc_usdt_breakout_distance_55|macro_es_f_proxy_value|macro_es_f_proxy_return_1|macro_nq_f_proxy_value|macro_nq_f_proxy_return_1|macro_vix_proxy_value|macro_vix_proxy_return_1|macro_urth_proxy_value|macro_urth_proxy_return_1,direction_raw_v1,0 days 02:00:00,0 days 02:00:00,2017-08-17T00:00:00Z,2024-12-31T23:59:59Z,2025-01-01T00:00:00Z,2026-09-22T23:59:59Z,47138,15092,False,0.5389806833479949,0.5391386517551551,0.5298739204119087,0.6924567803578733,0.24962903261530264,0.5304797243572754,1.1588748120009079e-05,15092.0,0.507553670818977,0.5405512854492446,0.45944871455075537,7.132378363127178e-05,5.8690804764456025e-05,0.2747813411078717,0.19632918102305857,3.095491424373402e-05,0.00012768152306796718,0.07659687251523986,0.021070765968725154,4.699743309202417e-05,-0.0010602778755692186,0.008878876225815001,0.00033130135170951496,-0.0008710962536843421,-0.0009652810847443405,0.00013252054068380598,0.0,-0.0031470594024449183,,ROBUST CANDIDATE
0c38ac2fe96c88264e6a,3.3.0,73026dd08db19c83059c57c75b65bcebf077280cee941bdcbc1155cb400f6517,BTC_USDT_1h_4h_crypto_core_v1_no_macro_1.0.0,crypto_core_v1,logistic_regression,final_holdout,holdout,BTC/USDT,1h,4h,42,train_only_standard_scaler_v1,btc_usdt_return_1|btc_usdt_log_return_1|btc_usdt_return_3|btc_usdt_log_return_3|btc_usdt_return_6|btc_usdt_log_return_6|btc_usdt_return_12|btc_usdt_log_return_12|btc_usdt_return_24|btc_usdt_log_return_24|btc_usdt_momentum_6|btc_usdt_momentum_12|btc_usdt_momentum_24|btc_usdt_sma_distance_20|btc_usdt_ema_distance_20|btc_usdt_sma_distance_50|btc_usdt_ema_distance_50|btc_usdt_rsi_14|btc_usdt_realized_vol_12|btc_usdt_range_12|btc_usdt_realized_vol_24|btc_usdt_range_24|btc_usdt_realized_vol_48|btc_usdt_range_48|btc_usdt_relative_volume_24|btc_usdt_range_position_20|btc_usdt_breakout_distance_20|btc_usdt_range_position_55|btc_usdt_breakout_distance_55,direction_raw_v1,0 days 04:00:00,0 days 04:00:00,2017-08-17T00:00:00Z,2024-12-31T23:59:59Z,2025-01-01T00:00:00Z,2026-09-22T23:59:59Z,64465,15090,False,0.5298004422709096,0.5232028285750684,0.5181117184223183,0.6926759485334189,0.249758558899276,0.5179589131875414,2.2535562542237453e-05,15090.0,0.5046388336646785,0.48369781312127236,0.5163021868787276,3.2403239186256726e-05,-1.3291027588483547e-05,0.1544731610337972,0.1540755467196819,6.339254316538435e-05,0.0005789169900937072,0.009145129224652087,0.005036447978793903,0.0018042926517104904,0.004064231531093935,0.0003313452617627568,0.0,0.012082239629462598,,0.0,0.0,,,ROBUST CANDIDATE
63a585b69d32f95fd104,3.3.0,73026dd08db19c83059c57c75b65bcebf077280cee941bdcbc1155cb400f6517,BTC_USDT_1h_4h_crypto_core_v1_no_macro_1.0.0,crypto_core_v1,hist_gradient_boosting,final_holdout,holdout,BTC/USDT,1h,4h,42,train_only_standard_scaler_v1,btc_usdt_return_1|btc_usdt_log_return_1|btc_usdt_return_3|btc_usdt_log_return_3|btc_usdt_return_6|btc_usdt_log_return_6|btc_usdt_return_12|btc_usdt_log_return_12|btc_usdt_return_24|btc_usdt_log_return_24|btc_usdt_momentum_6|btc_usdt_momentum_12|btc_usdt_momentum_24|btc_usdt_sma_distance_20|btc_usdt_ema_distance_20|btc_usdt_sma_distance_50|btc_usdt_ema_distance_50|btc_usdt_rsi_14|btc_usdt_realized_vol_12|btc_usdt_range_12|btc_usdt_realized_vol_24|btc_usdt_range_24|btc_usdt_realized_vol_48|btc_usdt_range_48|btc_usdt_relative_volume_24|btc_usdt_range_position_20|btc_usdt_breakout_distance_20|btc_usdt_range_position_55|btc_usdt_breakout_distance_55,direction_raw_v1,0 days 04:00:00,0 days 04:00:00,2017-08-17T00:00:00Z,2024-12-31T23:59:59Z,2025-01-01T00:00:00Z,2026-09-22T23:59:59Z,64465,15090,False,0.5341629287381664,0.5273392959011202,0.5263508257992828,0.6944497728927445,0.25058802395052343,0.5270377733598409,2.2535562542237453e-05,15090.0,0.5046388336646785,0.5742876076872101,0.4257123923127899,2.1791766528193148e-05,-2.3538946143997737e-05,0.31901921802518224,0.1834990059642147,-8.431173978592706e-06,-4.7034874000190875e-05,0.1,0.031146454605699137,-0.00035436073601593067,-0.00029839299319468185,0.017627567925778662,0.0024519549370444,0.0001912853999496583,-0.00034761796279241615,0.0015241882041086812,0.00019880715705765408,0.0009676076591345786,-0.0010995829595505195,ROBUST CANDIDATE
d01de5952f1c7bac67b3,3.3.0,73026dd08db19c83059c57c75b65bcebf077280cee941bdcbc1155cb400f6517,BTC_USDT_1h_4h_crypto_core_v1_no_macro_1.0.0,crypto_core_v1,random_forest,final_holdout,holdout,BTC/USDT,1h,4h,42,train_only_standard_scaler_v1,btc_usdt_return_1|btc_usdt_log_return_1|btc_usdt_return_3|btc_usdt_log_return_3|btc_usdt_return_6|btc_usdt_log_return_6|btc_usdt_return_12|btc_usdt_log_return_12|btc_usdt_return_24|btc_usdt_log_return_24|btc_usdt_momentum_6|btc_usdt_momentum_12|btc_usdt_momentum_24|btc_usdt_sma_distance_20|btc_usdt_ema_distance_20|btc_usdt_sma_distance_50|btc_usdt_ema_distance_50|btc_usdt_rsi_14|btc_usdt_realized_vol_12|btc_usdt_range_12|btc_usdt_realized_vol_24|btc_usdt_range_24|btc_usdt_realized_vol_48|btc_usdt_range_48|btc_usdt_relative_volume_24|btc_usdt_range_position_20|btc_usdt_breakout_distance_20|btc_usdt_range_position_55|btc_usdt_breakout_distance_55,direction_raw_v1,0 days 04:00:00,0 days 04:00:00,2017-08-17T00:00:00Z,2024-12-31T23:59:59Z,2025-01-01T00:00:00Z,2026-09-22T23:59:59Z,64465,15090,False,0.5331711351254016,0.5261950914187128,0.5244069419404143,0.6943903048435789,0.2505815403768669,0.524387011265739,2.2535562542237453e-05,15090.0,0.5046388336646785,0.498078197481776,0.5019218025182239,-2.9645524940423176e-05,-7.431705891399312e-05,0.2579191517561299,0.2642809807819748,-0.00011088848487737156,-0.00013018507022818611,0.06461232604373758,0.05778661365142478,-0.0005723808885908326,-0.0002252177513874034,0.005036447978793903,0.003976143141153081,-0.0023664899794719357,0.0003001772974970063,6.626905235255136e-05,0.00039761431411530816,-0.0018169618111270047,0.002993981908774257,ROBUST CANDIDATE
ac48ed2215832cde9648,3.3.0,73026dd08db19c83059c57c75b65bcebf077280cee941bdcbc1155cb400f6517,BTC_USDT_1h_4h_crypto_core_v1+crypto_context_proxy_v1_macro_proxy_1.0.0,crypto_core_v1+crypto_context_proxy_v1,logistic_regression,final_holdout,holdout,BTC/USDT,1h,4h,42,train_only_standard_scaler_v1,btc_usdt_return_1|btc_usdt_log_return_1|btc_usdt_return_3|btc_usdt_log_return_3|btc_usdt_return_6|btc_usdt_log_return_6|btc_usdt_return_12|btc_usdt_log_return_12|btc_usdt_return_24|btc_usdt_log_return_24|btc_usdt_momentum_6|btc_usdt_momentum_12|btc_usdt_momentum_24|btc_usdt_sma_distance_20|btc_usdt_ema_distance_20|btc_usdt_sma_distance_50|btc_usdt_ema_distance_50|btc_usdt_rsi_14|btc_usdt_realized_vol_12|btc_usdt_range_12|btc_usdt_realized_vol_24|btc_usdt_range_24|btc_usdt_realized_vol_48|btc_usdt_range_48|btc_usdt_relative_volume_24|btc_usdt_range_position_20|btc_usdt_breakout_distance_20|btc_usdt_range_position_55|btc_usdt_breakout_distance_55|macro_es_f_proxy_value|macro_es_f_proxy_return_1|macro_nq_f_proxy_value|macro_nq_f_proxy_return_1|macro_vix_proxy_value|macro_vix_proxy_return_1|macro_urth_proxy_value|macro_urth_proxy_return_1,direction_raw_v1,0 days 04:00:00,0 days 04:00:00,2017-08-17T00:00:00Z,2024-12-31T23:59:59Z,2025-01-01T00:00:00Z,2026-09-22T23:59:59Z,47136,15090,False,0.529384259635423,0.5235269429040936,0.522345353410471,0.6933653322220809,0.2500915210878719,0.5227965540092777,2.2535562542237453e-05,15090.0,0.5046388336646785,0.5488402915838303,0.45115970841616965,5.8317817367435465e-05,2.099390785469113e-05,0.2468522200132538,0.13141153081510934,-5.919530280868813e-05,0.0003325184795277121,0.046520874751491054,0.0065606361829025845,-0.00031117009319148387,0.005056515345494787,0.002783300198807157,0.00019880715705765408,0.005249921150799063,0.03172368657958857,0.0001325381047051027,0.0,0.027828019243604007,,ROBUST CANDIDATE
fe6db58cfdf40e63ea61,3.3.0,73026dd08db19c83059c57c75b65bcebf077280cee941bdcbc1155cb400f6517,BTC_USDT_1h_4h_crypto_core_v1+crypto_context_proxy_v1_macro_proxy_1.0.0,crypto_core_v1+crypto_context_proxy_v1,hist_gradient_boosting,final_holdout,holdout,BTC/USDT,1h,4h,42,train_only_standard_scaler_v1,btc_usdt_return_1|btc_usdt_log_return_1|btc_usdt_return_3|btc_usdt_log_return_3|btc_usdt_return_6|btc_usdt_log_return_6|btc_usdt_return_12|btc_usdt_log_return_12|btc_usdt_return_24|btc_usdt_log_return_24|btc_usdt_momentum_6|btc_usdt_momentum_12|btc_usdt_momentum_24|btc_usdt_sma_distance_20|btc_usdt_ema_distance_20|btc_usdt_sma_distance_50|btc_usdt_ema_distance_50|btc_usdt_rsi_14|btc_usdt_realized_vol_12|btc_usdt_range_12|btc_usdt_realized_vol_24|btc_usdt_range_24|btc_usdt_realized_vol_48|btc_usdt_range_48|btc_usdt_relative_volume_24|btc_usdt_range_position_20|btc_usdt_breakout_distance_20|btc_usdt_range_position_55|btc_usdt_breakout_distance_55|macro_es_f_proxy_value|macro_es_f_proxy_return_1|macro_nq_f_proxy_value|macro_nq_f_proxy_return_1|macro_vix_proxy_value|macro_vix_proxy_return_1|macro_urth_proxy_value|macro_urth_proxy_return_1,direction_raw_v1,0 days 04:00:00,0 days 04:00:00,2017-08-17T00:00:00Z,2024-12-31T23:59:59Z,2025-01-01T00:00:00Z,2026-09-22T23:59:59Z,47136,15090,False,0.5246773903820352,0.5216274022005932,0.5156370655522786,0.7002549643937617,0.25336050021376627,0.5172299536116634,2.2535562542237453e-05,15090.0,0.5046388336646785,0.6718356527501657,0.32816434724983434,-3.3940036617593754e-05,-0.00013815543820507446,0.4284956925115971,0.13949635520212061,3.085144042678545e-05,-0.00023196896136514023,0.20497017892644134,0.047117296222664015,-0.00021373900620992093,9.131336687919467e-05,0.06269052352551359,0.011464546056991385,-0.0003394370618138384,0.0010111685940807752,0.009145129224652087,0.0008614976805831676,-0.0013410800076027977,-0.0008248219296913209,ROBUST CANDIDATE
6861ade6ff9e73a761ac,3.3.0,73026dd08db19c83059c57c75b65bcebf077280cee941bdcbc1155cb400f6517,BTC_USDT_1h_4h_crypto_core_v1+crypto_context_proxy_v1_macro_proxy_1.0.0,crypto_core_v1+crypto_context_proxy_v1,random_forest,final_holdout,holdout,BTC/USDT,1h,4h,42,train_only_standard_scaler_v1,btc_usdt_return_1|btc_usdt_log_return_1|btc_usdt_return_3|btc_usdt_log_return_3|btc_usdt_return_6|btc_usdt_log_return_6|btc_usdt_return_12|btc_usdt_log_return_12|btc_usdt_return_24|btc_usdt_log_return_24|btc_usdt_momentum_6|btc_usdt_momentum_12|btc_usdt_momentum_24|btc_usdt_sma_distance_20|btc_usdt_ema_distance_20|btc_usdt_sma_distance_50|btc_usdt_ema_distance_50|btc_usdt_rsi_14|btc_usdt_realized_vol_12|btc_usdt_range_12|btc_usdt_realized_vol_24|btc_usdt_range_24|btc_usdt_realized_vol_48|btc_usdt_range_48|btc_usdt_relative_volume_24|btc_usdt_range_position_20|btc_usdt_breakout_distance_20|btc_usdt_range_position_55|btc_usdt_breakout_distance_55|macro_es_f_proxy_value|macro_es_f_proxy_return_1|macro_nq_f_proxy_value|macro_nq_f_proxy_return_1|macro_vix_proxy_value|macro_vix_proxy_return_1|macro_urth_proxy_value|macro_urth_proxy_return_1,direction_raw_v1,0 days 04:00:00,0 days 04:00:00,2017-08-17T00:00:00Z,2024-12-31T23:59:59Z,2025-01-01T00:00:00Z,2026-09-22T23:59:59Z,47136,15090,False,0.53601893815454,0.5328729129193244,0.5279471295212539,0.6929552136782416,0.24987023158934443,0.5282306163021869,2.2535562542237453e-05,15090.0,0.5046388336646785,0.5308151093439364,0.4691848906560636,6.278832159686352e-05,2.3004635201767435e-05,0.24638833664678594,0.14923790589794567,0.00017628408905226583,-0.00018018223728604853,0.07475149105367793,0.022332670642809808,3.590988443436562e-06,-0.0004456749470378635,0.00927766732935719,0.0006626905235255136,-0.0010218578659376507,-0.00484840985883137,0.00039761431411530816,0.0,-0.0024305745750021015,,ROBUST CANDIDATE
7ad518d59869bb3d6152,3.3.0,73026dd08db19c83059c57c75b65bcebf077280cee941bdcbc1155cb400f6517,BTC_USDT_1h_8h_crypto_core_v1_no_macro_1.0.0,crypto_core_v1,logistic_regression,final_holdout,holdout,BTC/USDT,1h,8h,42,train_only_standard_scaler_v1,btc_usdt_return_1|btc_usdt_log_return_1|btc_usdt_return_3|btc_usdt_log_return_3|btc_usdt_return_6|btc_usdt_log_return_6|btc_usdt_return_12|btc_usdt_log_return_12|btc_usdt_return_24|btc_usdt_log_return_24|btc_usdt_momentum_6|btc_usdt_momentum_12|btc_usdt_momentum_24|btc_usdt_sma_distance_20|btc_usdt_ema_distance_20|btc_usdt_sma_distance_50|btc_usdt_ema_distance_50|btc_usdt_rsi_14|btc_usdt_realized_vol_12|btc_usdt_range_12|btc_usdt_realized_vol_24|btc_usdt_range_24|btc_usdt_realized_vol_48|btc_usdt_range_48|btc_usdt_relative_volume_24|btc_usdt_range_position_20|btc_usdt_breakout_distance_20|btc_usdt_range_position_55|btc_usdt_breakout_distance_55,direction_raw_v1,0 days 08:00:00,0 days 08:00:00,2017-08-17T00:00:00Z,2024-12-31T23:59:59Z,2025-01-01T00:00:00Z,2026-09-22T23:59:59Z,64461,15086,False,0.5189274642082491,0.5210500357831056,0.5126105261084963,0.6944036452740758,0.25061721449339713,0.5117327323346149,4.242877767187773e-05,15086.0,0.5101418533739891,0.45697998143974544,0.5430200185602545,0.00015264840467598312,5.0326850815219715e-05,0.11560387113880419,0.15199522736311813,0.00033815286065930303,0.0007523450658892106,0.008550974413363383,0.007225241946175262,0.002568273856229505,0.0029030900139647917,0.0007954394803128729,0.0005965796102346547,0.015763638288583976,0.03849419625495573,6.628662335940607e-05,0.0,0.05692345780397079,,ROBUST CANDIDATE
f240562e659683e25362,3.3.0,73026dd08db19c83059c57c75b65bcebf077280cee941bdcbc1155cb400f6517,BTC_USDT_1h_8h_crypto_core_v1_no_macro_1.0.0,crypto_core_v1,hist_gradient_boosting,final_holdout,holdout,BTC/USDT,1h,8h,42,train_only_standard_scaler_v1,btc_usdt_return_1|btc_usdt_log_return_1|btc_usdt_return_3|btc_usdt_log_return_3|btc_usdt_return_6|btc_usdt_log_return_6|btc_usdt_return_12|btc_usdt_log_return_12|btc_usdt_return_24|btc_usdt_log_return_24|btc_usdt_momentum_6|btc_usdt_momentum_12|btc_usdt_momentum_24|btc_usdt_sma_distance_20|btc_usdt_ema_distance_20|btc_usdt_sma_distance_50|btc_usdt_ema_distance_50|btc_usdt_rsi_14|btc_usdt_realized_vol_12|btc_usdt_range_12|btc_usdt_realized_vol_24|btc_usdt_range_24|btc_usdt_realized_vol_48|btc_usdt_range_48|btc_usdt_relative_volume_24|btc_usdt_range_position_20|btc_usdt_breakout_distance_20|btc_usdt_range_position_55|btc_usdt_breakout_distance_55,direction_raw_v1,0 days 08:00:00,0 days 08:00:00,2017-08-17T00:00:00Z,2024-12-31T23:59:59Z,2025-01-01T00:00:00Z,2026-09-22T23:59:59Z,64461,15086,False,0.515240092739247,0.5211635090033832,0.5135074825788628,0.6982809700335303,0.2524626883057354,0.5154447832427416,4.242877767187773e-05,15086.0,0.5101418533739891,0.5957841707543418,0.40421582924565824,2.0595182766413513e-05,-7.46098781983311e-05,0.3014052764152194,0.14357682619647355,-7.624920888096341e-05,-0.00012708911244297316,0.0982367758186398,0.023863184409386187,-0.000747083384497342,-0.0005349361984216012,0.020482566618056475,0.0051040699986742676,-0.0006346519763314842,-0.0005370490246601492,0.0043086305183613945,0.0005302929868752485,0.0002970376050682818,0.003777101281005585,ROBUST CANDIDATE
9e0556ca3f68345eb12f,3.3.0,73026dd08db19c83059c57c75b65bcebf077280cee941bdcbc1155cb400f6517,BTC_USDT_1h_8h_crypto_core_v1_no_macro_1.0.0,crypto_core_v1,random_forest,final_holdout,holdout,BTC/USDT,1h,8h,42,train_only_standard_scaler_v1,btc_usdt_return_1|btc_usdt_log_return_1|btc_usdt_return_3|btc_usdt_log_return_3|btc_usdt_return_6|btc_usdt_log_return_6|btc_usdt_return_12|btc_usdt_log_return_12|btc_usdt_return_24|btc_usdt_log_return_24|btc_usdt_momentum_6|btc_usdt_momentum_12|btc_usdt_momentum_24|btc_usdt_sma_distance_20|btc_usdt_ema_distance_20|btc_usdt_sma_distance_50|btc_usdt_ema_distance_50|btc_usdt_rsi_14|btc_usdt_realized_vol_12|btc_usdt_range_12|btc_usdt_realized_vol_24|btc_usdt_range_24|btc_usdt_realized_vol_48|btc_usdt_range_48|btc_usdt_relative_volume_24|btc_usdt_range_position_20|btc_usdt_breakout_distance_20|btc_usdt_range_position_55|btc_usdt_breakout_distance_55,direction_raw_v1,0 days 08:00:00,0 days 08:00:00,2017-08-17T00:00:00Z,2024-12-31T23:59:59Z,2025-01-01T00:00:00Z,2026-09-22T23:59:59Z,64461,15086,False,0.5147862341367078,0.5232110403327922,0.5099173533375156,0.6976703616935446,0.25219085133451974,0.5094789871403951,4.242877767187773e-05,15086.0,0.5101418533739891,0.47858942065491183,0.5214105793450882,-0.00017593175048826728,-0.00024285631559664854,0.20369879358345486,0.22776083786291926,-1.6888868689972923e-05,-0.0005478472129741946,0.04341773830041098,0.032016439082593134,-0.0006066430778769202,-0.0006697691947157754,0.006496089089221795,0.005302929868752485,0.00020623325286983968,-0.0019939901997404127,0.0016571655839851518,0.000928012727031685,0.002694901500841249,-0.0002923343167256113,ROBUST CANDIDATE
8b1fe31c5002cceb02b0,3.3.0,73026dd08db19c83059c57c75b65bcebf077280cee941bdcbc1155cb400f6517,BTC_USDT_1h_8h_crypto_core_v1+crypto_context_proxy_v1_macro_proxy_1.0.0,crypto_core_v1+crypto_context_proxy_v1,logistic_regression,final_holdout,holdout,BTC/USDT,1h,8h,42,train_only_standard_scaler_v1,btc_usdt_return_1|btc_usdt_log_return_1|btc_usdt_return_3|btc_usdt_log_return_3|btc_usdt_return_6|btc_usdt_log_return_6|btc_usdt_return_12|btc_usdt_log_return_12|btc_usdt_return_24|btc_usdt_log_return_24|btc_usdt_momentum_6|btc_usdt_momentum_12|btc_usdt_momentum_24|btc_usdt_sma_distance_20|btc_usdt_ema_distance_20|btc_usdt_sma_distance_50|btc_usdt_ema_distance_50|btc_usdt_rsi_14|btc_usdt_realized_vol_12|btc_usdt_range_12|btc_usdt_realized_vol_24|btc_usdt_range_24|btc_usdt_realized_vol_48|btc_usdt_range_48|btc_usdt_relative_volume_24|btc_usdt_range_position_20|btc_usdt_breakout_distance_20|btc_usdt_range_position_55|btc_usdt_breakout_distance_55|macro_es_f_proxy_value|macro_es_f_proxy_return_1|macro_nq_f_proxy_value|macro_nq_f_proxy_return_1|macro_vix_proxy_value|macro_vix_proxy_return_1|macro_urth_proxy_value|macro_urth_proxy_return_1,direction_raw_v1,0 days 08:00:00,0 days 08:00:00,2017-08-17T00:00:00Z,2024-12-31T23:59:59Z,2025-01-01T00:00:00Z,2026-09-22T23:59:59Z,47132,15086,False,0.5252676996503113,0.5246867731635142,0.5219868008687358,0.6949049499513766,0.25082494733918,0.5251226302532149,4.242877767187773e-05,15086.0,0.5101418533739891,0.6550444120376508,0.3449555879623492,0.00013819714349359784,0.00013942806149995878,0.3210261169296036,0.07172212647487737,8.335558043710439e-05,0.0010777151945575783,0.08995094789871404,0.003977197401564364,-0.0005963054377920959,0.00871021648374837,0.013986477528834682,0.00039771974015643646,-0.0012544090516596797,0.05782668872702309,0.0005302929868752485,0.0,0.022772047624362232,,ROBUST CANDIDATE
216d2addf22bfb60ef54,3.3.0,73026dd08db19c83059c57c75b65bcebf077280cee941bdcbc1155cb400f6517,BTC_USDT_1h_8h_crypto_core_v1+crypto_context_proxy_v1_macro_proxy_1.0.0,crypto_core_v1+crypto_context_proxy_v1,hist_gradient_boosting,final_holdout,holdout,BTC/USDT,1h,8h,42,train_only_standard_scaler_v1,btc_usdt_return_1|btc_usdt_log_return_1|btc_usdt_return_3|btc_usdt_log_return_3|btc_usdt_return_6|btc_usdt_log_return_6|btc_usdt_return_12|btc_usdt_log_return_12|btc_usdt_return_24|btc_usdt_log_return_24|btc_usdt_momentum_6|btc_usdt_momentum_12|btc_usdt_momentum_24|btc_usdt_sma_distance_20|btc_usdt_ema_distance_20|btc_usdt_sma_distance_50|btc_usdt_ema_distance_50|btc_usdt_rsi_14|btc_usdt_realized_vol_12|btc_usdt_range_12|btc_usdt_realized_vol_24|btc_usdt_range_24|btc_usdt_realized_vol_48|btc_usdt_range_48|btc_usdt_relative_volume_24|btc_usdt_range_position_20|btc_usdt_breakout_distance_20|btc_usdt_range_position_55|btc_usdt_breakout_distance_55|macro_es_f_proxy_value|macro_es_f_proxy_return_1|macro_nq_f_proxy_value|macro_nq_f_proxy_return_1|macro_vix_proxy_value|macro_vix_proxy_return_1|macro_urth_proxy_value|macro_urth_proxy_return_1,direction_raw_v1,0 days 08:00:00,0 days 08:00:00,2017-08-17T00:00:00Z,2024-12-31T23:59:59Z,2025-01-01T00:00:00Z,2026-09-22T23:59:59Z,47132,15086,False,0.5153362096613111,0.5236707499067774,0.505408886819577,0.7016781508864426,0.25406668289683193,0.5104069998674268,4.242877767187773e-05,15086.0,0.5101418533739891,0.7465199522736312,0.25348004772636884,-9.383876473130997e-05,-0.00044374809319088924,0.47872199390163067,0.08444915815988334,5.897905599744263e-05,-0.0010238697421532054,0.2000530292986875,0.021476865968447566,-0.00012275904270714458,-0.002735233792987547,0.05150470635025852,0.004176057271642583,-2.178214971564329e-05,-0.006405657092662863,0.011003579477661408,0.0005965796102346547,0.002358764890537091,-0.008284504040547504,ROBUST CANDIDATE
72fb64975f8f060e6723,3.3.0,73026dd08db19c83059c57c75b65bcebf077280cee941bdcbc1155cb400f6517,BTC_USDT_1h_8h_crypto_core_v1+crypto_context_proxy_v1_macro_proxy_1.0.0,crypto_core_v1+crypto_context_proxy_v1,random_forest,final_holdout,holdout,BTC/USDT,1h,8h,42,train_only_standard_scaler_v1,btc_usdt_return_1|btc_usdt_log_return_1|btc_usdt_return_3|btc_usdt_log_return_3|btc_usdt_return_6|btc_usdt_log_return_6|btc_usdt_return_12|btc_usdt_log_return_12|btc_usdt_return_24|btc_usdt_log_return_24|btc_usdt_momentum_6|btc_usdt_momentum_12|btc_usdt_momentum_24|btc_usdt_sma_distance_20|btc_usdt_ema_distance_20|btc_usdt_sma_distance_50|btc_usdt_ema_distance_50|btc_usdt_rsi_14|btc_usdt_realized_vol_12|btc_usdt_range_12|btc_usdt_realized_vol_24|btc_usdt_range_24|btc_usdt_realized_vol_48|btc_usdt_range_48|btc_usdt_relative_volume_24|btc_usdt_range_position_20|btc_usdt_breakout_distance_20|btc_usdt_range_position_55|btc_usdt_breakout_distance_55|macro_es_f_proxy_value|macro_es_f_proxy_return_1|macro_nq_f_proxy_value|macro_nq_f_proxy_return_1|macro_vix_proxy_value|macro_vix_proxy_return_1|macro_urth_proxy_value|macro_urth_proxy_return_1,direction_raw_v1,0 days 08:00:00,0 days 08:00:00,2017-08-17T00:00:00Z,2024-12-31T23:59:59Z,2025-01-01T00:00:00Z,2026-09-22T23:59:59Z,47132,15086,False,0.5163698731780599,0.5243934225679804,0.5083243777763399,0.6964209302655373,0.25158963286804586,0.5107384329842238,4.242877767187773e-05,15086.0,0.5101418533739891,0.6191833488002121,0.38081665119978786,-7.6279693195588984e-06,-0.00012381782443375924,0.2937160281055283,0.11480843165849132,3.261183942419994e-06,-0.0001872788588532705,0.07987538114808432,0.01570992973617924,-0.0003545940985174289,-0.00018691995027022407,0.007490388439612886,0.0008617261036722789,-0.0010886865759031869,-0.0052606125398000445,0.00013257324671881213,0.0,0.02577194224958257,,ROBUST CANDIDATE
331e2571668ed56c51b0,3.3.0,73026dd08db19c83059c57c75b65bcebf077280cee941bdcbc1155cb400f6517,BTC_USDT_1h_12h_crypto_core_v1_no_macro_1.0.0,crypto_core_v1,logistic_regression,final_holdout,holdout,BTC/USDT,1h,12h,42,train_only_standard_scaler_v1,btc_usdt_return_1|btc_usdt_log_return_1|btc_usdt_return_3|btc_usdt_log_return_3|btc_usdt_return_6|btc_usdt_log_return_6|btc_usdt_return_12|btc_usdt_log_return_12|btc_usdt_return_24|btc_usdt_log_return_24|btc_usdt_momentum_6|btc_usdt_momentum_12|btc_usdt_momentum_24|btc_usdt_sma_distance_20|btc_usdt_ema_distance_20|btc_usdt_sma_distance_50|btc_usdt_ema_distance_50|btc_usdt_rsi_14|btc_usdt_realized_vol_12|btc_usdt_range_12|btc_usdt_realized_vol_24|btc_usdt_range_24|btc_usdt_realized_vol_48|btc_usdt_range_48|btc_usdt_relative_volume_24|btc_usdt_range_position_20|btc_usdt_breakout_distance_20|btc_usdt_range_position_55|btc_usdt_breakout_distance_55,direction_raw_v1,0 days 12:00:00,0 days 12:00:00,2017-08-17T00:00:00Z,2024-12-31T23:59:59Z,2025-01-01T00:00:00Z,2026-09-22T23:59:59Z,64457,15082,False,0.5106290493434829,0.5228997547288545,0.5058457299112091,0.6949454760100994,0.2508917341812337,0.504773902665429,6.007763805394336e-05,15082.0,0.5126641029041241,0.45783052645537725,0.5421694735446227,-5.2475557203141904e-05,-0.00015512225261309374,0.09972152234451664,0.11517040180347433,0.0003599386919466375,0.0007683181353496004,0.011603235645139902,0.006431507757591832,0.002281273924926213,0.006152489256004796,0.0006630420368651372,0.0007956504442381647,0.03546258029474185,0.016867732748586477,0.00013260840737302744,0.0,0.04734642985668447,,ROBUST CANDIDATE
988f5ab5e27f08e96c39,3.3.0,73026dd08db19c83059c57c75b65bcebf077280cee941bdcbc1155cb400f6517,BTC_USDT_1h_12h_crypto_core_v1_no_macro_1.0.0,crypto_core_v1,hist_gradient_boosting,final_holdout,holdout,BTC/USDT,1h,12h,42,train_only_standard_scaler_v1,btc_usdt_return_1|btc_usdt_log_return_1|btc_usdt_return_3|btc_usdt_log_return_3|btc_usdt_return_6|btc_usdt_log_return_6|btc_usdt_return_12|btc_usdt_log_return_12|btc_usdt_return_24|btc_usdt_log_return_24|btc_usdt_momentum_6|btc_usdt_momentum_12|btc_usdt_momentum_24|btc_usdt_sma_distance_20|btc_usdt_ema_distance_20|btc_usdt_sma_distance_50|btc_usdt_ema_distance_50|btc_usdt_rsi_14|btc_usdt_realized_vol_12|btc_usdt_range_12|btc_usdt_realized_vol_24|btc_usdt_range_24|btc_usdt_realized_vol_48|btc_usdt_range_48|btc_usdt_relative_volume_24|btc_usdt_range_position_20|btc_usdt_breakout_distance_20|btc_usdt_range_position_55|btc_usdt_breakout_distance_55,direction_raw_v1,0 days 12:00:00,0 days 12:00:00,2017-08-17T00:00:00Z,2024-12-31T23:59:59Z,2025-01-01T00:00:00Z,2026-09-22T23:59:59Z,64457,15082,False,0.5039373519713111,0.5169407514711443,0.5012164131043002,0.7001062805985171,0.2533455479475372,0.5041108606285638,6.007763805394336e-05,15082.0,0.5126641029041241,0.6143084471555497,0.38569155284445034,-1.456658792225746e-05,-0.00017896688571932074,0.28610263890730675,0.11742474472881581,-3.2147037632014546e-06,-0.00029134353767806424,0.07472483755470097,0.02665428988197852,-0.00025610965165541796,-0.0004747432543110934,0.01902930645802944,0.006961941387083941,-0.00014315277861883807,-0.002366262754494829,0.006564116164964859,0.001193475666357247,0.0009056734870438958,-0.002873649265121144,ROBUST CANDIDATE
082d7cbb3f206ab364d3,3.3.0,73026dd08db19c83059c57c75b65bcebf077280cee941bdcbc1155cb400f6517,BTC_USDT_1h_12h_crypto_core_v1_no_macro_1.0.0,crypto_core_v1,random_forest,final_holdout,holdout,BTC/USDT,1h,12h,42,train_only_standard_scaler_v1,btc_usdt_return_1|btc_usdt_log_return_1|btc_usdt_return_3|btc_usdt_log_return_3|btc_usdt_return_6|btc_usdt_log_return_6|btc_usdt_return_12|btc_usdt_log_return_12|btc_usdt_return_24|btc_usdt_log_return_24|btc_usdt_momentum_6|btc_usdt_momentum_12|btc_usdt_momentum_24|btc_usdt_sma_distance_20|btc_usdt_ema_distance_20|btc_usdt_sma_distance_50|btc_usdt_ema_distance_50|btc_usdt_rsi_14|btc_usdt_realized_vol_12|btc_usdt_range_12|btc_usdt_realized_vol_24|btc_usdt_range_24|btc_usdt_realized_vol_48|btc_usdt_range_48|btc_usdt_relative_volume_24|btc_usdt_range_position_20|btc_usdt_breakout_distance_20|btc_usdt_range_position_55|btc_usdt_breakout_distance_55,direction_raw_v1,0 days 12:00:00,0 days 12:00:00,2017-08-17T00:00:00Z,2024-12-31T23:59:59Z,2025-01-01T00:00:00Z,2026-09-22T23:59:59Z,64457,15082,False,0.5011805518896643,0.5146008149778434,0.5017327934795233,0.7002255116526884,0.2534234162492471,0.5012597798700438,6.007763805394336e-05,15082.0,0.5126641029041241,0.48136851876408965,0.5186314812359104,-0.0001584998103229613,-0.0002629505957650566,0.18034743402731734,0.20123325818856916,-1.6591449117197958e-05,-0.00044486808714178187,0.033947752287495025,0.029107545418379524,-0.0002566114118240344,-0.0012057366440454314,0.010011934756663572,0.005238032091234584,-0.0004880716171650076,-0.0007555088745792322,0.003978252221190823,0.0009282588516111921,0.001039053856456392,0.001545106897687974,ROBUST CANDIDATE
7ec263da494968dc76e4,3.3.0,73026dd08db19c83059c57c75b65bcebf077280cee941bdcbc1155cb400f6517,BTC_USDT_1h_12h_crypto_core_v1+crypto_context_proxy_v1_macro_proxy_1.0.0,crypto_core_v1+crypto_context_proxy_v1,logistic_regression,final_holdout,holdout,BTC/USDT,1h,12h,42,train_only_standard_scaler_v1,btc_usdt_return_1|btc_usdt_log_return_1|btc_usdt_return_3|btc_usdt_log_return_3|btc_usdt_return_6|btc_usdt_log_return_6|btc_usdt_return_12|btc_usdt_log_return_12|btc_usdt_return_24|btc_usdt_log_return_24|btc_usdt_momentum_6|btc_usdt_momentum_12|btc_usdt_momentum_24|btc_usdt_sma_distance_20|btc_usdt_ema_distance_20|btc_usdt_sma_distance_50|btc_usdt_ema_distance_50|btc_usdt_rsi_14|btc_usdt_realized_vol_12|btc_usdt_range_12|btc_usdt_realized_vol_24|btc_usdt_range_24|btc_usdt_realized_vol_48|btc_usdt_range_48|btc_usdt_relative_volume_24|btc_usdt_range_position_20|btc_usdt_breakout_distance_20|btc_usdt_range_position_55|btc_usdt_breakout_distance_55|macro_es_f_proxy_value|macro_es_f_proxy_return_1|macro_nq_f_proxy_value|macro_nq_f_proxy_return_1|macro_vix_proxy_value|macro_vix_proxy_return_1|macro_urth_proxy_value|macro_urth_proxy_return_1,direction_raw_v1,0 days 12:00:00,0 days 12:00:00,2017-08-17T00:00:00Z,2024-12-31T23:59:59Z,2025-01-01T00:00:00Z,2026-09-22T23:59:59Z,47128,15082,False,0.5189433611002601,0.5198748220510899,0.5135798923811635,0.6974519313373163,0.25202603766512827,0.5194271316801485,6.007763805394336e-05,15082.0,0.5126641029041241,0.7312027582548734,0.26879724174512665,5.166310609278146e-05,-8.296748967399571e-05,0.3998806524333643,0.048667285505901076,0.0001340155716284796,0.0016556743544576741,0.13976926137117093,0.002121734517968439,-0.0005169679513467429,0.013405187614867416,0.03195862617689962,0.00013260840737302744,-0.0027120506449492114,0.06700183667529669,0.0029836891658931177,0.0,-0.003980508642819459,,ROBUST CANDIDATE
4097df615fbd25345bf6,3.3.0,73026dd08db19c83059c57c75b65bcebf077280cee941bdcbc1155cb400f6517,BTC_USDT_1h_12h_crypto_core_v1+crypto_context_proxy_v1_macro_proxy_1.0.0,crypto_core_v1+crypto_context_proxy_v1,hist_gradient_boosting,final_holdout,holdout,BTC/USDT,1h,12h,42,train_only_standard_scaler_v1,btc_usdt_return_1|btc_usdt_log_return_1|btc_usdt_return_3|btc_usdt_log_return_3|btc_usdt_return_6|btc_usdt_log_return_6|btc_usdt_return_12|btc_usdt_log_return_12|btc_usdt_return_24|btc_usdt_log_return_24|btc_usdt_momentum_6|btc_usdt_momentum_12|btc_usdt_momentum_24|btc_usdt_sma_distance_20|btc_usdt_ema_distance_20|btc_usdt_sma_distance_50|btc_usdt_ema_distance_50|btc_usdt_rsi_14|btc_usdt_realized_vol_12|btc_usdt_range_12|btc_usdt_realized_vol_24|btc_usdt_range_24|btc_usdt_realized_vol_48|btc_usdt_range_48|btc_usdt_relative_volume_24|btc_usdt_range_position_20|btc_usdt_breakout_distance_20|btc_usdt_range_position_55|btc_usdt_breakout_distance_55|macro_es_f_proxy_value|macro_es_f_proxy_return_1|macro_nq_f_proxy_value|macro_nq_f_proxy_return_1|macro_vix_proxy_value|macro_vix_proxy_return_1|macro_urth_proxy_value|macro_urth_proxy_return_1,direction_raw_v1,0 days 12:00:00,0 days 12:00:00,2017-08-17T00:00:00Z,2024-12-31T23:59:59Z,2025-01-01T00:00:00Z,2026-09-22T23:59:59Z,47128,15082,False,0.5229415873954342,0.5346973834222342,0.5174584815819758,0.6983112547468691,0.2524357152402393,0.5191619148654024,6.007763805394336e-05,15082.0,0.5126641029041241,0.5676965919639305,0.4323034080360695,0.00037742475788131815,0.0003566594846396123,0.3139504044556425,0.19287892852406843,0.00038604504819482233,0.0009305621260522629,0.11510409759978783,0.06623789948282721,0.0017677437287835999,-8.120820534307661e-05,0.034478185916987134,0.018896698050656413,0.002235775607699449,-0.0024631982584738515,0.007558679220262565,0.0023206471290279805,0.00020481565085382552,-0.006828183775574145,ROBUST CANDIDATE
2c12b1ebd7d50874f4ec,3.3.0,73026dd08db19c83059c57c75b65bcebf077280cee941bdcbc1155cb400f6517,BTC_USDT_1h_12h_crypto_core_v1+crypto_context_proxy_v1_macro_proxy_1.0.0,crypto_core_v1+crypto_context_proxy_v1,random_forest,final_holdout,holdout,BTC/USDT,1h,12h,42,train_only_standard_scaler_v1,btc_usdt_return_1|btc_usdt_log_return_1|btc_usdt_return_3|btc_usdt_log_return_3|btc_usdt_return_6|btc_usdt_log_return_6|btc_usdt_return_12|btc_usdt_log_return_12|btc_usdt_return_24|btc_usdt_log_return_24|btc_usdt_momentum_6|btc_usdt_momentum_12|btc_usdt_momentum_24|btc_usdt_sma_distance_20|btc_usdt_ema_distance_20|btc_usdt_sma_distance_50|btc_usdt_ema_distance_50|btc_usdt_rsi_14|btc_usdt_realized_vol_12|btc_usdt_range_12|btc_usdt_realized_vol_24|btc_usdt_range_24|btc_usdt_realized_vol_48|btc_usdt_range_48|btc_usdt_relative_volume_24|btc_usdt_range_position_20|btc_usdt_breakout_distance_20|btc_usdt_range_position_55|btc_usdt_breakout_distance_55|macro_es_f_proxy_value|macro_es_f_proxy_return_1|macro_nq_f_proxy_value|macro_nq_f_proxy_return_1|macro_vix_proxy_value|macro_vix_proxy_return_1|macro_urth_proxy_value|macro_urth_proxy_return_1,direction_raw_v1,0 days 12:00:00,0 days 12:00:00,2017-08-17T00:00:00Z,2024-12-31T23:59:59Z,2025-01-01T00:00:00Z,2026-09-22T23:59:59Z,47128,15082,False,0.5034854355606702,0.5195891065673898,0.5026468497383434,0.6975119098212451,0.25214427969315434,0.5051054236838616,6.007763805394336e-05,15082.0,0.5126641029041241,0.5971356584007426,0.4028643415992574,3.3758857171541155e-05,-9.908799694579902e-05,0.20998541307518898,0.1353268797241745,0.0004359032784204536,-0.0003322873656783946,0.03500861954647925,0.026853202493038058,0.002795654306272285,0.0018996158533081502,0.010476064182469168,0.0025195597400875214,0.002808696890976752,0.007104905224122476,0.0013260840737302744,0.0,0.0196314983401071,,ROBUST CANDIDATE
ce25e3bafea657dcee91,3.3.0,73026dd08db19c83059c57c75b65bcebf077280cee941bdcbc1155cb400f6517,BTC_USDT_1h_24h_crypto_core_v1_no_macro_1.0.0,crypto_core_v1,logistic_regression,final_holdout,holdout,BTC/USDT,1h,24h,42,train_only_standard_scaler_v1,btc_usdt_return_1|btc_usdt_log_return_1|btc_usdt_return_3|btc_usdt_log_return_3|btc_usdt_return_6|btc_usdt_log_return_6|btc_usdt_return_12|btc_usdt_log_return_12|btc_usdt_return_24|btc_usdt_log_return_24|btc_usdt_momentum_6|btc_usdt_momentum_12|btc_usdt_momentum_24|btc_usdt_sma_distance_20|btc_usdt_ema_distance_20|btc_usdt_sma_distance_50|btc_usdt_ema_distance_50|btc_usdt_rsi_14|btc_usdt_realized_vol_12|btc_usdt_range_12|btc_usdt_realized_vol_24|btc_usdt_range_24|btc_usdt_realized_vol_48|btc_usdt_range_48|btc_usdt_relative_volume_24|btc_usdt_range_position_20|btc_usdt_breakout_distance_20|btc_usdt_range_position_55|btc_usdt_breakout_distance_55,direction_raw_v1,1 days 00:00:00,1 days 00:00:00,2017-08-17T00:00:00Z,2024-12-31T23:59:59Z,2025-01-01T00:00:00Z,2026-09-22T23:59:59Z,64445,15070,False,0.5095865267687495,0.5245483475689068,0.5054580925128478,0.6940412728695936,0.25044738129346233,0.5042468480424684,7.211335610647748e-05,15070.0,0.5112143331121434,0.44611811546118113,0.5538818845388188,8.68418700863252e-06,-0.000123201687704035,0.03543463835434638,0.06197743861977439,0.0055077610438373035,6.615481791951351e-05,0.0013934970139349702,6.635700066357e-05,0.04133818171891399,0.022549828623347423,6.635700066357e-05,0.0,0.08055069803391146,,0.0,0.0,,,ROBUST CANDIDATE
5499d3392f3aa077c42f,3.3.0,73026dd08db19c83059c57c75b65bcebf077280cee941bdcbc1155cb400f6517,BTC_USDT_1h_24h_crypto_core_v1_no_macro_1.0.0,crypto_core_v1,hist_gradient_boosting,final_holdout,holdout,BTC/USDT,1h,24h,42,train_only_standard_scaler_v1,btc_usdt_return_1|btc_usdt_log_return_1|btc_usdt_return_3|btc_usdt_log_return_3|btc_usdt_return_6|btc_usdt_log_return_6|btc_usdt_return_12|btc_usdt_log_return_12|btc_usdt_return_24|btc_usdt_log_return_24|btc_usdt_momentum_6|btc_usdt_momentum_12|btc_usdt_momentum_24|btc_usdt_sma_distance_20|btc_usdt_ema_distance_20|btc_usdt_sma_distance_50|btc_usdt_ema_distance_50|btc_usdt_rsi_14|btc_usdt_realized_vol_12|btc_usdt_range_12|btc_usdt_realized_vol_24|btc_usdt_range_24|btc_usdt_realized_vol_48|btc_usdt_range_48|btc_usdt_relative_volume_24|btc_usdt_range_position_20|btc_usdt_breakout_distance_20|btc_usdt_range_position_55|btc_usdt_breakout_distance_55,direction_raw_v1,1 days 00:00:00,1 days 00:00:00,2017-08-17T00:00:00Z,2024-12-31T23:59:59Z,2025-01-01T00:00:00Z,2026-09-22T23:59:59Z,64445,15070,False,0.5125106295124324,0.5172863024064019,0.509352138265991,0.6997318801586091,0.2531108304101308,0.5120769741207697,7.211335610647748e-05,15070.0,0.5112143331121434,0.6216987392169874,0.3783012607830126,0.00010614522651601597,-1.6185519960719732e-05,0.33112143331121435,0.11731917717319178,5.008568261439102e-05,0.00035135670662165663,0.10849369608493696,0.030126078301260784,-0.0005872153874887669,-0.0008277813235736464,0.022760451227604513,0.005573988055739881,0.0016137575664638187,-0.0021629525253315427,0.006171201061712011,0.0011280690112806901,-0.005505439951203117,-0.0023671822028713085,ROBUST CANDIDATE
8eb3d3e64ee0adf06e73,3.3.0,73026dd08db19c83059c57c75b65bcebf077280cee941bdcbc1155cb400f6517,BTC_USDT_1h_24h_crypto_core_v1_no_macro_1.0.0,crypto_core_v1,random_forest,final_holdout,holdout,BTC/USDT,1h,24h,42,train_only_standard_scaler_v1,btc_usdt_return_1|btc_usdt_log_return_1|btc_usdt_return_3|btc_usdt_log_return_3|btc_usdt_return_6|btc_usdt_log_return_6|btc_usdt_return_12|btc_usdt_log_return_12|btc_usdt_return_24|btc_usdt_log_return_24|btc_usdt_momentum_6|btc_usdt_momentum_12|btc_usdt_momentum_24|btc_usdt_sma_distance_20|btc_usdt_ema_distance_20|btc_usdt_sma_distance_50|btc_usdt_ema_distance_50|btc_usdt_rsi_14|btc_usdt_realized_vol_12|btc_usdt_range_12|btc_usdt_realized_vol_24|btc_usdt_range_24|btc_usdt_realized_vol_48|btc_usdt_range_48|btc_usdt_relative_volume_24|btc_usdt_range_position_20|btc_usdt_breakout_distance_20|btc_usdt_range_position_55|btc_usdt_breakout_distance_55,direction_raw_v1,1 days 00:00:00,1 days 00:00:00,2017-08-17T00:00:00Z,2024-12-31T23:59:59Z,2025-01-01T00:00:00Z,2026-09-22T23:59:59Z,64445,15070,False,0.5122308999362511,0.5204453968855143,0.5153516451355601,0.6971433533927865,0.2519545741664306,0.5144658261446583,7.211335610647748e-05,15070.0,0.5112143331121434,0.4608493696084937,0.5391506303915063,0.00013295528505414772,-2.010754730136138e-05,0.1922362309223623,0.18878566688785667,-0.00040662807300337155,-0.00046011712486987514,0.030325149303251493,0.027140013271400133,-0.0003385887854617392,-0.0004702595434955279,0.0041141340411413405,0.0067020570670205705,-0.002133703892137397,0.0002812511250928722,6.635700066357e-05,0.00106171201061712,0.0002984942500199317,0.005759942004601164,ROBUST CANDIDATE
7db5c13a956e689ab868,3.3.0,73026dd08db19c83059c57c75b65bcebf077280cee941bdcbc1155cb400f6517,BTC_USDT_1h_24h_crypto_core_v1+crypto_context_proxy_v1_macro_proxy_1.0.0,crypto_core_v1+crypto_context_proxy_v1,logistic_regression,final_holdout,holdout,BTC/USDT,1h,24h,42,train_only_standard_scaler_v1,btc_usdt_return_1|btc_usdt_log_return_1|btc_usdt_return_3|btc_usdt_log_return_3|btc_usdt_return_6|btc_usdt_log_return_6|btc_usdt_return_12|btc_usdt_log_return_12|btc_usdt_return_24|btc_usdt_log_return_24|btc_usdt_momentum_6|btc_usdt_momentum_12|btc_usdt_momentum_24|btc_usdt_sma_distance_20|btc_usdt_ema_distance_20|btc_usdt_sma_distance_50|btc_usdt_ema_distance_50|btc_usdt_rsi_14|btc_usdt_realized_vol_12|btc_usdt_range_12|btc_usdt_realized_vol_24|btc_usdt_range_24|btc_usdt_realized_vol_48|btc_usdt_range_48|btc_usdt_relative_volume_24|btc_usdt_range_position_20|btc_usdt_breakout_distance_20|btc_usdt_range_position_55|btc_usdt_breakout_distance_55|macro_es_f_proxy_value|macro_es_f_proxy_return_1|macro_nq_f_proxy_value|macro_nq_f_proxy_return_1|macro_vix_proxy_value|macro_vix_proxy_return_1|macro_urth_proxy_value|macro_urth_proxy_return_1,direction_raw_v1,1 days 00:00:00,1 days 00:00:00,2017-08-17T00:00:00Z,2024-12-31T23:59:59Z,2025-01-01T00:00:00Z,2026-09-22T23:59:59Z,47116,15070,False,0.5186734911237932,0.517575071110343,0.5194095742866174,0.697021538587784,0.25181863078245376,0.5238885202388852,7.211335610647748e-05,15070.0,0.5112143331121434,0.7001327140013271,0.29986728599867285,0.0002817648607060339,0.00041738277689416813,0.3584605175846052,0.04817518248175182,0.00022211606867580955,0.0021918421240851417,0.11035169210351692,0.0022561380225613803,-0.0014160221103693602,0.011605618203253192,0.026675514266755143,0.0,-0.0062143396395871586,,0.0039150630391506305,0.0,-0.003233964021117609,,ROBUST CANDIDATE
a7bed8c147e220ea4711,3.3.0,73026dd08db19c83059c57c75b65bcebf077280cee941bdcbc1155cb400f6517,BTC_USDT_1h_24h_crypto_core_v1+crypto_context_proxy_v1_macro_proxy_1.0.0,crypto_core_v1+crypto_context_proxy_v1,hist_gradient_boosting,final_holdout,holdout,BTC/USDT,1h,24h,42,train_only_standard_scaler_v1,btc_usdt_return_1|btc_usdt_log_return_1|btc_usdt_return_3|btc_usdt_log_return_3|btc_usdt_return_6|btc_usdt_log_return_6|btc_usdt_return_12|btc_usdt_log_return_12|btc_usdt_return_24|btc_usdt_log_return_24|btc_usdt_momentum_6|btc_usdt_momentum_12|btc_usdt_momentum_24|btc_usdt_sma_distance_20|btc_usdt_ema_distance_20|btc_usdt_sma_distance_50|btc_usdt_ema_distance_50|btc_usdt_rsi_14|btc_usdt_realized_vol_12|btc_usdt_range_12|btc_usdt_realized_vol_24|btc_usdt_range_24|btc_usdt_realized_vol_48|btc_usdt_range_48|btc_usdt_relative_volume_24|btc_usdt_range_position_20|btc_usdt_breakout_distance_20|btc_usdt_range_position_55|btc_usdt_breakout_distance_55|macro_es_f_proxy_value|macro_es_f_proxy_return_1|macro_nq_f_proxy_value|macro_nq_f_proxy_return_1|macro_vix_proxy_value|macro_vix_proxy_return_1|macro_urth_proxy_value|macro_urth_proxy_return_1,direction_raw_v1,1 days 00:00:00,1 days 00:00:00,2017-08-17T00:00:00Z,2024-12-31T23:59:59Z,2025-01-01T00:00:00Z,2026-09-22T23:59:59Z,47116,15070,False,0.5290250537889982,0.5367332610467328,0.5152231288322282,0.7365313806756861,0.2691752900711446,0.5084273390842734,7.211335610647748e-05,15070.0,0.5112143331121434,0.1973457199734572,0.8026542800265428,0.00121301239424781,0.00020839538557939575,0.11824817518248175,0.6893165228931653,0.002172812948244579,0.0007157149896088116,0.06396814863968149,0.5420703384207034,0.0051577262893985325,0.0010786699924795755,0.03151957531519575,0.36330457863304577,0.003948501832657339,0.00041241781439317377,0.010152621101526212,0.1794293297942933,0.009261667651936768,-0.00022346934601688424,ROBUST CANDIDATE
1ed31793b29cbad3fb59,3.3.0,73026dd08db19c83059c57c75b65bcebf077280cee941bdcbc1155cb400f6517,BTC_USDT_1h_24h_crypto_core_v1+crypto_context_proxy_v1_macro_proxy_1.0.0,crypto_core_v1+crypto_context_proxy_v1,random_forest,final_holdout,holdout,BTC/USDT,1h,24h,42,train_only_standard_scaler_v1,btc_usdt_return_1|btc_usdt_log_return_1|btc_usdt_return_3|btc_usdt_log_return_3|btc_usdt_return_6|btc_usdt_log_return_6|btc_usdt_return_12|btc_usdt_log_return_12|btc_usdt_return_24|btc_usdt_log_return_24|btc_usdt_momentum_6|btc_usdt_momentum_12|btc_usdt_momentum_24|btc_usdt_sma_distance_20|btc_usdt_ema_distance_20|btc_usdt_sma_distance_50|btc_usdt_ema_distance_50|btc_usdt_rsi_14|btc_usdt_realized_vol_12|btc_usdt_range_12|btc_usdt_realized_vol_24|btc_usdt_range_24|btc_usdt_realized_vol_48|btc_usdt_range_48|btc_usdt_relative_volume_24|btc_usdt_range_position_20|btc_usdt_breakout_distance_20|btc_usdt_range_position_55|btc_usdt_breakout_distance_55|macro_es_f_proxy_value|macro_es_f_proxy_return_1|macro_nq_f_proxy_value|macro_nq_f_proxy_return_1|macro_vix_proxy_value|macro_vix_proxy_return_1|macro_urth_proxy_value|macro_urth_proxy_return_1,direction_raw_v1,1 days 00:00:00,1 days 00:00:00,2017-08-17T00:00:00Z,2024-12-31T23:59:59Z,2025-01-01T00:00:00Z,2026-09-22T23:59:59Z,47116,15070,False,0.5162807054048956,0.5271604603623407,0.5127692833312046,0.7014222864061553,0.2539424856085111,0.5080955540809555,7.211335610647748e-05,15070.0,0.5112143331121434,0.29190444591904446,0.7080955540809556,0.0011431175180427842,0.0003693960908392457,0.09641672196416722,0.3532846715328467,0.0005772581329594954,0.0010505844410069814,0.026011944260119442,0.10391506303915063,0.007991212759834063,0.0009817423447120216,0.009024552090245521,0.034439283344392835,0.022196138497477154,0.001428325897898179,0.0023888520238885204,0.0112806901128069,0.05361527592237016,-0.004064413101505762,ROBUST CANDIDATE
63edc67f7fda94db8c42,3.3.0,73026dd08db19c83059c57c75b65bcebf077280cee941bdcbc1155cb400f6517,BTC_USDT_1h_3d_crypto_core_v1_no_macro_1.0.0,crypto_core_v1,logistic_regression,final_holdout,holdout,BTC/USDT,1h,3d,42,train_only_standard_scaler_v1,btc_usdt_return_1|btc_usdt_log_return_1|btc_usdt_return_3|btc_usdt_log_return_3|btc_usdt_return_6|btc_usdt_log_return_6|btc_usdt_return_12|btc_usdt_log_return_12|btc_usdt_return_24|btc_usdt_log_return_24|btc_usdt_momentum_6|btc_usdt_momentum_12|btc_usdt_momentum_24|btc_usdt_sma_distance_20|btc_usdt_ema_distance_20|btc_usdt_sma_distance_50|btc_usdt_ema_distance_50|btc_usdt_rsi_14|btc_usdt_realized_vol_12|btc_usdt_range_12|btc_usdt_realized_vol_24|btc_usdt_range_24|btc_usdt_realized_vol_48|btc_usdt_range_48|btc_usdt_relative_volume_24|btc_usdt_range_position_20|btc_usdt_breakout_distance_20|btc_usdt_range_position_55|btc_usdt_breakout_distance_55,direction_raw_v1,3 days 00:00:00,3 days 00:00:00,2017-08-17T00:00:00Z,2024-12-31T23:59:59Z,2025-01-01T00:00:00Z,2026-09-22T23:59:59Z,64397,15022,False,0.5350390999434209,0.5413241840764508,0.5182333573359816,0.6918425824206503,0.2493497333508027,0.5145786180268939,-2.8478609039186096e-05,15022.0,0.5079882838503528,0.2715350818799095,0.7284649181200905,0.0020506055776425046,0.0008034566221502716,0.005858074823592065,0.01038476900545866,0.02915757969218067,0.02172609926004114,0.00046598322460391424,6.656903208627346e-05,-3.1814338120399786e-05,0.006266057960115146,0.0,0.0,,,0.0,0.0,,,MIXED
1b1a4bae0af9079324e4,3.3.0,73026dd08db19c83059c57c75b65bcebf077280cee941bdcbc1155cb400f6517,BTC_USDT_1h_3d_crypto_core_v1_no_macro_1.0.0,crypto_core_v1,hist_gradient_boosting,final_holdout,holdout,BTC/USDT,1h,3d,42,train_only_standard_scaler_v1,btc_usdt_return_1|btc_usdt_log_return_1|btc_usdt_return_3|btc_usdt_log_return_3|btc_usdt_return_6|btc_usdt_log_return_6|btc_usdt_return_12|btc_usdt_log_return_12|btc_usdt_return_24|btc_usdt_log_return_24|btc_usdt_momentum_6|btc_usdt_momentum_12|btc_usdt_momentum_24|btc_usdt_sma_distance_20|btc_usdt_ema_distance_20|btc_usdt_sma_distance_50|btc_usdt_ema_distance_50|btc_usdt_rsi_14|btc_usdt_realized_vol_12|btc_usdt_range_12|btc_usdt_realized_vol_24|btc_usdt_range_24|btc_usdt_realized_vol_48|btc_usdt_range_48|btc_usdt_relative_volume_24|btc_usdt_range_position_20|btc_usdt_breakout_distance_20|btc_usdt_range_position_55|btc_usdt_breakout_distance_55,direction_raw_v1,3 days 00:00:00,3 days 00:00:00,2017-08-17T00:00:00Z,2024-12-31T23:59:59Z,2025-01-01T00:00:00Z,2026-09-22T23:59:59Z,64397,15022,False,0.5234563313472534,0.5243417914830781,0.5148316543683901,0.6982829307077666,0.2523280766383303,0.5181067767274664,-2.8478609039186096e-05,15022.0,0.5079882838503528,0.705232325921981,0.2947676740780189,0.00033964485268945415,0.0009092148225787542,0.3484223139395553,0.11802689388896286,0.00046017491799174386,0.001774437793814335,0.10011982425775529,0.029689788310477964,-0.0003977719929708795,0.0039002345630749203,0.04067367860471309,0.00785514578618027,-0.0001251740048172014,0.008945632691258795,0.015776860604446812,0.002596192251364665,-0.002795871620739238,0.0039052067823768274,MIXED
f256d922eaad27e3d89c,3.3.0,73026dd08db19c83059c57c75b65bcebf077280cee941bdcbc1155cb400f6517,BTC_USDT_1h_3d_crypto_core_v1_no_macro_1.0.0,crypto_core_v1,random_forest,final_holdout,holdout,BTC/USDT,1h,3d,42,train_only_standard_scaler_v1,btc_usdt_return_1|btc_usdt_log_return_1|btc_usdt_return_3|btc_usdt_log_return_3|btc_usdt_return_6|btc_usdt_log_return_6|btc_usdt_return_12|btc_usdt_log_return_12|btc_usdt_return_24|btc_usdt_log_return_24|btc_usdt_momentum_6|btc_usdt_momentum_12|btc_usdt_momentum_24|btc_usdt_sma_distance_20|btc_usdt_ema_distance_20|btc_usdt_sma_distance_50|btc_usdt_ema_distance_50|btc_usdt_rsi_14|btc_usdt_realized_vol_12|btc_usdt_range_12|btc_usdt_realized_vol_24|btc_usdt_range_24|btc_usdt_realized_vol_48|btc_usdt_range_48|btc_usdt_relative_volume_24|btc_usdt_range_position_20|btc_usdt_breakout_distance_20|btc_usdt_range_position_55|btc_usdt_breakout_distance_55,direction_raw_v1,3 days 00:00:00,3 days 00:00:00,2017-08-17T00:00:00Z,2024-12-31T23:59:59Z,2025-01-01T00:00:00Z,2026-09-22T23:59:59Z,64397,15022,False,0.5303210751507946,0.5330214377145364,0.5180313120465251,0.6943923391666449,0.25051837128755106,0.5171748102782585,-2.8478609039186096e-05,15022.0,0.5079882838503528,0.44667820529889496,0.5533217947011051,0.0001109687624952157,0.00014104981488565315,0.12275329516708827,0.19511383304486754,0.0012927246051035804,0.0018201384847425306,0.04007455731593663,0.03880974570629743,0.004582000237636089,0.0018527720161619287,0.01804020769538011,0.005658367727333245,-0.0005761986023984043,0.01552217022180133,0.008387698042870456,0.0017973638663293836,-0.00677704584583921,0.03292716103276045,MIXED
196498f41693b93c6286,3.3.0,73026dd08db19c83059c57c75b65bcebf077280cee941bdcbc1155cb400f6517,BTC_USDT_1h_3d_crypto_core_v1+crypto_context_proxy_v1_macro_proxy_1.0.0,crypto_core_v1+crypto_context_proxy_v1,logistic_regression,final_holdout,holdout,BTC/USDT,1h,3d,42,train_only_standard_scaler_v1,btc_usdt_return_1|btc_usdt_log_return_1|btc_usdt_return_3|btc_usdt_log_return_3|btc_usdt_return_6|btc_usdt_log_return_6|btc_usdt_return_12|btc_usdt_log_return_12|btc_usdt_return_24|btc_usdt_log_return_24|btc_usdt_momentum_6|btc_usdt_momentum_12|btc_usdt_momentum_24|btc_usdt_sma_distance_20|btc_usdt_ema_distance_20|btc_usdt_sma_distance_50|btc_usdt_ema_distance_50|btc_usdt_rsi_14|btc_usdt_realized_vol_12|btc_usdt_range_12|btc_usdt_realized_vol_24|btc_usdt_range_24|btc_usdt_realized_vol_48|btc_usdt_range_48|btc_usdt_relative_volume_24|btc_usdt_range_position_20|btc_usdt_breakout_distance_20|btc_usdt_range_position_55|btc_usdt_breakout_distance_55|macro_es_f_proxy_value|macro_es_f_proxy_return_1|macro_nq_f_proxy_value|macro_nq_f_proxy_return_1|macro_vix_proxy_value|macro_vix_proxy_return_1|macro_urth_proxy_value|macro_urth_proxy_return_1,direction_raw_v1,3 days 00:00:00,3 days 00:00:00,2017-08-17T00:00:00Z,2024-12-31T23:59:59Z,2025-01-01T00:00:00Z,2026-09-22T23:59:59Z,47068,15022,False,0.5123227768666291,0.5159790131224831,0.5162678416823785,0.6990943736535301,0.2528351538004754,0.5210358141392624,-2.8478609039186096e-05,15022.0,0.5079882838503528,0.798695246971109,0.20130475302889095,0.0009183254359038033,0.0037850113243916928,0.38144055385434694,0.021035814139262414,0.00028218974309175167,0.006151385793648068,0.14505392091598987,0.002329916123019571,-0.0009706267351035211,0.005329320971088853,0.052123552123552123,0.00013313806417254693,-0.004969269694364615,0.022755068957694746,0.005591798695246971,0.0,0.018640167970550885,,ROBUST CANDIDATE
e4ed1f73db3cc918b28d,3.3.0,73026dd08db19c83059c57c75b65bcebf077280cee941bdcbc1155cb400f6517,BTC_USDT_1h_3d_crypto_core_v1+crypto_context_proxy_v1_macro_proxy_1.0.0,crypto_core_v1+crypto_context_proxy_v1,hist_gradient_boosting,final_holdout,holdout,BTC/USDT,1h,3d,42,train_only_standard_scaler_v1,btc_usdt_return_1|btc_usdt_log_return_1|btc_usdt_return_3|btc_usdt_log_return_3|btc_usdt_return_6|btc_usdt_log_return_6|btc_usdt_return_12|btc_usdt_log_return_12|btc_usdt_return_24|btc_usdt_log_return_24|btc_usdt_momentum_6|btc_usdt_momentum_12|btc_usdt_momentum_24|btc_usdt_sma_distance_20|btc_usdt_ema_distance_20|btc_usdt_sma_distance_50|btc_usdt_ema_distance_50|btc_usdt_rsi_14|btc_usdt_realized_vol_12|btc_usdt_range_12|btc_usdt_realized_vol_24|btc_usdt_range_24|btc_usdt_realized_vol_48|btc_usdt_range_48|btc_usdt_relative_volume_24|btc_usdt_range_position_20|btc_usdt_breakout_distance_20|btc_usdt_range_position_55|btc_usdt_breakout_distance_55|macro_es_f_proxy_value|macro_es_f_proxy_return_1|macro_nq_f_proxy_value|macro_nq_f_proxy_return_1|macro_vix_proxy_value|macro_vix_proxy_return_1|macro_urth_proxy_value|macro_urth_proxy_return_1,direction_raw_v1,3 days 00:00:00,3 days 00:00:00,2017-08-17T00:00:00Z,2024-12-31T23:59:59Z,2025-01-01T00:00:00Z,2026-09-22T23:59:59Z,47068,15022,False,0.5390303875725276,0.5450678548143604,0.5148689322606355,0.8641685306676791,0.31625155444117853,0.5097856477166822,-2.8478609039186096e-05,15022.0,0.5079882838503528,0.18206630275595792,0.8179336972440421,0.005254003398657726,0.0012043220444628896,0.16569032086273466,0.7963653308480895,0.006172301380216336,0.0010604388499530523,0.14745040607109572,0.7765943283184662,0.00783960107227922,0.0010910711070459215,0.12355212355212356,0.754160564505392,0.00907801562340251,0.0015125443547135942,0.08713886300093196,0.6951804020769538,0.006593542023757212,0.002124581364684734,ROBUST CANDIDATE
c2ad385143972c6d0fc3,3.3.0,73026dd08db19c83059c57c75b65bcebf077280cee941bdcbc1155cb400f6517,BTC_USDT_1h_3d_crypto_core_v1+crypto_context_proxy_v1_macro_proxy_1.0.0,crypto_core_v1+crypto_context_proxy_v1,random_forest,final_holdout,holdout,BTC/USDT,1h,3d,42,train_only_standard_scaler_v1,btc_usdt_return_1|btc_usdt_log_return_1|btc_usdt_return_3|btc_usdt_log_return_3|btc_usdt_return_6|btc_usdt_log_return_6|btc_usdt_return_12|btc_usdt_log_return_12|btc_usdt_return_24|btc_usdt_log_return_24|btc_usdt_momentum_6|btc_usdt_momentum_12|btc_usdt_momentum_24|btc_usdt_sma_distance_20|btc_usdt_ema_distance_20|btc_usdt_sma_distance_50|btc_usdt_ema_distance_50|btc_usdt_rsi_14|btc_usdt_realized_vol_12|btc_usdt_range_12|btc_usdt_realized_vol_24|btc_usdt_range_24|btc_usdt_realized_vol_48|btc_usdt_range_48|btc_usdt_relative_volume_24|btc_usdt_range_position_20|btc_usdt_breakout_distance_20|btc_usdt_range_position_55|btc_usdt_breakout_distance_55|macro_es_f_proxy_value|macro_es_f_proxy_return_1|macro_nq_f_proxy_value|macro_nq_f_proxy_return_1|macro_vix_proxy_value|macro_vix_proxy_return_1|macro_urth_proxy_value|macro_urth_proxy_return_1,direction_raw_v1,3 days 00:00:00,3 days 00:00:00,2017-08-17T00:00:00Z,2024-12-31T23:59:59Z,2025-01-01T00:00:00Z,2026-09-22T23:59:59Z,47068,15022,False,0.5396224456066794,0.527043018721691,0.538203775799249,0.7018012809420748,0.2537734442219989,0.5366795366795367,-2.8478609039186096e-05,15022.0,0.5079882838503528,0.4052056983091466,0.5947943016908535,0.00399341202038347,0.0027684056668227,0.24603914259086673,0.37924377579549995,0.005551509043196524,0.0019371828227672744,0.12355212355212356,0.15856743442950338,0.006620157213666274,0.0017754721808310512,0.05904673146052456,0.02669418186659566,0.00339838485433183,0.008837784561865845,0.027093596059113302,0.0033284516043136734,-0.009264585986394736,0.0027357866491437653,ROBUST CANDIDATE
ce3382f568564bc6cadb,3.3.0,73026dd08db19c83059c57c75b65bcebf077280cee941bdcbc1155cb400f6517,BTC_USDT_1h_7d_crypto_core_v1_no_macro_1.0.0,crypto_core_v1,logistic_regression,final_holdout,holdout,BTC/USDT,1h,7d,42,train_only_standard_scaler_v1,btc_usdt_return_1|btc_usdt_log_return_1|btc_usdt_return_3|btc_usdt_log_return_3|btc_usdt_return_6|btc_usdt_log_return_6|btc_usdt_return_12|btc_usdt_log_return_12|btc_usdt_return_24|btc_usdt_log_return_24|btc_usdt_momentum_6|btc_usdt_momentum_12|btc_usdt_momentum_24|btc_usdt_sma_distance_20|btc_usdt_ema_distance_20|btc_usdt_sma_distance_50|btc_usdt_ema_distance_50|btc_usdt_rsi_14|btc_usdt_realized_vol_12|btc_usdt_range_12|btc_usdt_realized_vol_24|btc_usdt_range_24|btc_usdt_realized_vol_48|btc_usdt_range_48|btc_usdt_relative_volume_24|btc_usdt_range_position_20|btc_usdt_breakout_distance_20|btc_usdt_range_position_55|btc_usdt_breakout_distance_55,direction_raw_v1,7 days 00:00:00,7 days 00:00:00,2017-08-17T00:00:00Z,2024-12-31T23:59:59Z,2025-01-01T00:00:00Z,2026-09-22T23:59:59Z,64301,14926,False,0.5150839260844239,0.5155865705081427,0.5095383365044889,0.6932263504275057,0.2500401591954264,0.5074366876591183,-0.0007405768202503033,14926.0,0.5055607664478092,0.311134932332842,0.6888650676671579,-0.0023030804227084103,3.4851598521509354e-05,0.00683371298405467,0.005158783331100094,0.004123904344076537,0.012903481851710152,0.0005359774889454643,0.0,0.0288667817458734,,0.0,0.0,,,0.0,0.0,,,ROBUST CANDIDATE
cdc3886f87831a73b64d,3.3.0,73026dd08db19c83059c57c75b65bcebf077280cee941bdcbc1155cb400f6517,BTC_USDT_1h_7d_crypto_core_v1_no_macro_1.0.0,crypto_core_v1,hist_gradient_boosting,final_holdout,holdout,BTC/USDT,1h,7d,42,train_only_standard_scaler_v1,btc_usdt_return_1|btc_usdt_log_return_1|btc_usdt_return_3|btc_usdt_log_return_3|btc_usdt_return_6|btc_usdt_log_return_6|btc_usdt_return_12|btc_usdt_log_return_12|btc_usdt_return_24|btc_usdt_log_return_24|btc_usdt_momentum_6|btc_usdt_momentum_12|btc_usdt_momentum_24|btc_usdt_sma_distance_20|btc_usdt_ema_distance_20|btc_usdt_sma_distance_50|btc_usdt_ema_distance_50|btc_usdt_rsi_14|btc_usdt_realized_vol_12|btc_usdt_range_12|btc_usdt_realized_vol_24|btc_usdt_range_24|btc_usdt_realized_vol_48|btc_usdt_range_48|btc_usdt_relative_volume_24|btc_usdt_range_position_20|btc_usdt_breakout_distance_20|btc_usdt_range_position_55|btc_usdt_breakout_distance_55,direction_raw_v1,7 days 00:00:00,7 days 00:00:00,2017-08-17T00:00:00Z,2024-12-31T23:59:59Z,2025-01-01T00:00:00Z,2026-09-22T23:59:59Z,64301,14926,False,0.48329302051303047,0.4856444200838542,0.48985506777940824,0.7082471053689908,0.25711598609627007,0.4925633123408817,-0.0007405768202503033,14926.0,0.5055607664478092,0.743400777167359,0.256599222832641,-0.0017369917731607138,-0.002146164777006596,0.35193621867881547,0.07356291035776498,-0.00034190657246968884,-0.0017952931617503832,0.13459734691142972,0.028138818169636877,-0.0008464549625830786,-0.0015399476744898367,0.04388315690740989,0.010116575103845638,-0.006247267160285895,0.012513367574221002,0.015409352807182098,0.004086828353209165,-0.018599491425453266,0.018696894124924125,ROBUST CANDIDATE
4a065029269845889add,3.3.0,73026dd08db19c83059c57c75b65bcebf077280cee941bdcbc1155cb400f6517,BTC_USDT_1h_7d_crypto_core_v1_no_macro_1.0.0,crypto_core_v1,random_forest,final_holdout,holdout,BTC/USDT,1h,7d,42,train_only_standard_scaler_v1,btc_usdt_return_1|btc_usdt_log_return_1|btc_usdt_return_3|btc_usdt_log_return_3|btc_usdt_return_6|btc_usdt_log_return_6|btc_usdt_return_12|btc_usdt_log_return_12|btc_usdt_return_24|btc_usdt_log_return_24|btc_usdt_momentum_6|btc_usdt_momentum_12|btc_usdt_momentum_24|btc_usdt_sma_distance_20|btc_usdt_ema_distance_20|btc_usdt_sma_distance_50|btc_usdt_ema_distance_50|btc_usdt_rsi_14|btc_usdt_realized_vol_12|btc_usdt_range_12|btc_usdt_realized_vol_24|btc_usdt_range_24|btc_usdt_realized_vol_48|btc_usdt_range_48|btc_usdt_relative_volume_24|btc_usdt_range_position_20|btc_usdt_breakout_distance_20|btc_usdt_range_position_55|btc_usdt_breakout_distance_55,direction_raw_v1,7 days 00:00:00,7 days 00:00:00,2017-08-17T00:00:00Z,2024-12-31T23:59:59Z,2025-01-01T00:00:00Z,2026-09-22T23:59:59Z,64301,14926,False,0.4854954652117419,0.4837931778955651,0.4886938430741318,0.7007597127706341,0.25372676742575495,0.48800750368484525,-0.0007405768202503033,14926.0,0.5055607664478092,0.43816159721291703,0.561838402787083,-4.3090465521977977e-05,0.0012845263504104804,0.11208629237572022,0.11101433739782929,-0.0011078186380728873,0.003701915364507013,0.025860913841618653,0.010920541337263836,-0.008503005981686828,0.0038123968579378783,0.0056947608200455585,0.003684845236500067,-0.03234157742535183,0.011882775372008079,0.0010049577917727456,0.0014069409084818438,-0.027145892165756372,0.021978487173541235,ROBUST CANDIDATE
cf2c5527b8f5c7f59872,3.3.0,73026dd08db19c83059c57c75b65bcebf077280cee941bdcbc1155cb400f6517,BTC_USDT_1h_7d_crypto_core_v1+crypto_context_proxy_v1_macro_proxy_1.0.0,crypto_core_v1+crypto_context_proxy_v1,logistic_regression,final_holdout,holdout,BTC/USDT,1h,7d,42,train_only_standard_scaler_v1,btc_usdt_return_1|btc_usdt_log_return_1|btc_usdt_return_3|btc_usdt_log_return_3|btc_usdt_return_6|btc_usdt_log_return_6|btc_usdt_return_12|btc_usdt_log_return_12|btc_usdt_return_24|btc_usdt_log_return_24|btc_usdt_momentum_6|btc_usdt_momentum_12|btc_usdt_momentum_24|btc_usdt_sma_distance_20|btc_usdt_ema_distance_20|btc_usdt_sma_distance_50|btc_usdt_ema_distance_50|btc_usdt_rsi_14|btc_usdt_realized_vol_12|btc_usdt_range_12|btc_usdt_realized_vol_24|btc_usdt_range_24|btc_usdt_realized_vol_48|btc_usdt_range_48|btc_usdt_relative_volume_24|btc_usdt_range_position_20|btc_usdt_breakout_distance_20|btc_usdt_range_position_55|btc_usdt_breakout_distance_55|macro_es_f_proxy_value|macro_es_f_proxy_return_1|macro_nq_f_proxy_value|macro_nq_f_proxy_return_1|macro_vix_proxy_value|macro_vix_proxy_return_1|macro_urth_proxy_value|macro_urth_proxy_return_1,direction_raw_v1,7 days 00:00:00,7 days 00:00:00,2017-08-17T00:00:00Z,2024-12-31T23:59:59Z,2025-01-01T00:00:00Z,2026-09-22T23:59:59Z,46972,14926,False,0.513950803634726,0.5008804934461987,0.5256192013285095,0.7184229698445594,0.2612939806929023,0.5303497253115369,-0.0007405768202503033,14926.0,0.5055607664478092,0.9256331234088169,0.07436687659118317,0.00047882764720173397,0.015918317470986654,0.6992496315154764,0.004756800214390996,0.0002266584014875187,0.03219716839454643,0.4016481307785073,0.0,-0.0008154278048764553,,0.18685515208361247,0.0,-0.001574364837610965,,0.09560498459064719,0.0,-0.015451989707818947,,ROBUST CANDIDATE
6a81aff6c3ca405408d0,3.3.0,73026dd08db19c83059c57c75b65bcebf077280cee941bdcbc1155cb400f6517,BTC_USDT_1h_7d_crypto_core_v1+crypto_context_proxy_v1_macro_proxy_1.0.0,crypto_core_v1+crypto_context_proxy_v1,hist_gradient_boosting,final_holdout,holdout,BTC/USDT,1h,7d,42,train_only_standard_scaler_v1,btc_usdt_return_1|btc_usdt_log_return_1|btc_usdt_return_3|btc_usdt_log_return_3|btc_usdt_return_6|btc_usdt_log_return_6|btc_usdt_return_12|btc_usdt_log_return_12|btc_usdt_return_24|btc_usdt_log_return_24|btc_usdt_momentum_6|btc_usdt_momentum_12|btc_usdt_momentum_24|btc_usdt_sma_distance_20|btc_usdt_ema_distance_20|btc_usdt_sma_distance_50|btc_usdt_ema_distance_50|btc_usdt_rsi_14|btc_usdt_realized_vol_12|btc_usdt_range_12|btc_usdt_realized_vol_24|btc_usdt_range_24|btc_usdt_realized_vol_48|btc_usdt_range_48|btc_usdt_relative_volume_24|btc_usdt_range_position_20|btc_usdt_breakout_distance_20|btc_usdt_range_position_55|btc_usdt_breakout_distance_55|macro_es_f_proxy_value|macro_es_f_proxy_return_1|macro_nq_f_proxy_value|macro_nq_f_proxy_return_1|macro_vix_proxy_value|macro_vix_proxy_return_1|macro_urth_proxy_value|macro_urth_proxy_return_1,direction_raw_v1,7 days 00:00:00,7 days 00:00:00,2017-08-17T00:00:00Z,2024-12-31T23:59:59Z,2025-01-01T00:00:00Z,2026-09-22T23:59:59Z,46972,14926,False,0.5463103983014386,0.5374518371405882,0.5082036499532766,1.0000311907346449,0.3508733735302723,0.5042878199115637,-0.0007405768202503033,14926.0,0.5055607664478092,0.14799678413506634,0.8520032158649337,0.006510283833633422,0.002000083872576256,0.12561972397159318,0.832708026262897,0.006750342609735116,0.002269548503340136,0.11067935146723838,0.8160257269194694,0.00630638479544747,0.0025723257991051795,0.09593997052123811,0.7775693420876323,0.004332978271142353,0.0038548298791720365,0.07383089910223771,0.725445531287686,0.003052512249143517,0.005934804195450216,ROBUST CANDIDATE
d31d9e399be9be2d324f,3.3.0,73026dd08db19c83059c57c75b65bcebf077280cee941bdcbc1155cb400f6517,BTC_USDT_1h_7d_crypto_core_v1+crypto_context_proxy_v1_macro_proxy_1.0.0,crypto_core_v1+crypto_context_proxy_v1,random_forest,final_holdout,holdout,BTC/USDT,1h,7d,42,train_only_standard_scaler_v1,btc_usdt_return_1|btc_usdt_log_return_1|btc_usdt_return_3|btc_usdt_log_return_3|btc_usdt_return_6|btc_usdt_log_return_6|btc_usdt_return_12|btc_usdt_log_return_12|btc_usdt_return_24|btc_usdt_log_return_24|btc_usdt_momentum_6|btc_usdt_momentum_12|btc_usdt_momentum_24|btc_usdt_sma_distance_20|btc_usdt_ema_distance_20|btc_usdt_sma_distance_50|btc_usdt_ema_distance_50|btc_usdt_rsi_14|btc_usdt_realized_vol_12|btc_usdt_range_12|btc_usdt_realized_vol_24|btc_usdt_range_24|btc_usdt_realized_vol_48|btc_usdt_range_48|btc_usdt_relative_volume_24|btc_usdt_range_position_20|btc_usdt_breakout_distance_20|btc_usdt_range_position_55|btc_usdt_breakout_distance_55|macro_es_f_proxy_value|macro_es_f_proxy_return_1|macro_nq_f_proxy_value|macro_nq_f_proxy_return_1|macro_vix_proxy_value|macro_vix_proxy_return_1|macro_urth_proxy_value|macro_urth_proxy_return_1,direction_raw_v1,7 days 00:00:00,7 days 00:00:00,2017-08-17T00:00:00Z,2024-12-31T23:59:59Z,2025-01-01T00:00:00Z,2026-09-22T23:59:59Z,46972,14926,False,0.5487380112006792,0.5345175513967084,0.5253364190148659,0.7065583610328743,0.2560986889285446,0.5227790432801822,-0.0007405768202503033,14926.0,0.5055607664478092,0.27033364598686854,0.7296663540131314,0.008128680659745794,0.0040265426573437065,0.1863861717807852,0.5751708428246014,0.00913863932130508,0.00621551115549619,0.12682567332172048,0.33800080396623344,0.00686996811277863,0.006223758907334199,0.08602438697574702,0.13372638349189334,0.00882334871278093,0.0031372368145196525,0.0327616240117915,0.022645048907945865,-0.005466189872654182,-0.010394948257426364,MIXED
9f708a252a89c6a479e9,3.3.0,73026dd08db19c83059c57c75b65bcebf077280cee941bdcbc1155cb400f6517,BTC_USDT_4h_7d_crypto_core_v1_no_macro_1.0.0,crypto_core_v1,logistic_regression,final_holdout,holdout,BTC/USDT,4h,7d,42,train_only_standard_scaler_v1,btc_usdt_return_1|btc_usdt_log_return_1|btc_usdt_return_3|btc_usdt_log_return_3|btc_usdt_return_6|btc_usdt_log_return_6|btc_usdt_return_12|btc_usdt_log_return_12|btc_usdt_return_24|btc_usdt_log_return_24|btc_usdt_momentum_6|btc_usdt_momentum_12|btc_usdt_momentum_24|btc_usdt_sma_distance_20|btc_usdt_ema_distance_20|btc_usdt_sma_distance_50|btc_usdt_ema_distance_50|btc_usdt_rsi_14|btc_usdt_realized_vol_12|btc_usdt_range_12|btc_usdt_realized_vol_24|btc_usdt_range_24|btc_usdt_realized_vol_48|btc_usdt_range_48|btc_usdt_relative_volume_24|btc_usdt_range_position_20|btc_usdt_breakout_distance_20|btc_usdt_range_position_55|btc_usdt_breakout_distance_55,direction_raw_v1,7 days 00:00:00,7 days 00:00:00,2017-08-17T00:00:00Z,2024-12-31T23:59:59Z,2025-01-01T00:00:00Z,2026-09-22T23:59:59Z,16049,3738,False,0.5292985570316079,0.533969603116055,0.5070553710490151,0.691574099461687,0.24922322033419222,0.5050829320492242,-0.0005485055043029336,3738.0,0.5050829320492242,0.30604601391118247,0.6939539860888175,0.0030499080693041675,0.002135469701761115,0.015516318887105404,0.0671482075976458,0.017681806522279308,0.00179026349796086,0.001070090957731407,0.0034777956126270733,0.05845054384172943,0.019273577358660456,0.0,0.0,,,0.0,0.0,,,MIXED
93431b3d17f751fae859,3.3.0,73026dd08db19c83059c57c75b65bcebf077280cee941bdcbc1155cb400f6517,BTC_USDT_4h_7d_crypto_core_v1_no_macro_1.0.0,crypto_core_v1,hist_gradient_boosting,final_holdout,holdout,BTC/USDT,4h,7d,42,train_only_standard_scaler_v1,btc_usdt_return_1|btc_usdt_log_return_1|btc_usdt_return_3|btc_usdt_log_return_3|btc_usdt_return_6|btc_usdt_log_return_6|btc_usdt_return_12|btc_usdt_log_return_12|btc_usdt_return_24|btc_usdt_log_return_24|btc_usdt_momentum_6|btc_usdt_momentum_12|btc_usdt_momentum_24|btc_usdt_sma_distance_20|btc_usdt_ema_distance_20|btc_usdt_sma_distance_50|btc_usdt_ema_distance_50|btc_usdt_rsi_14|btc_usdt_realized_vol_12|btc_usdt_range_12|btc_usdt_realized_vol_24|btc_usdt_range_24|btc_usdt_realized_vol_48|btc_usdt_range_48|btc_usdt_relative_volume_24|btc_usdt_range_position_20|btc_usdt_breakout_distance_20|btc_usdt_range_position_55|btc_usdt_breakout_distance_55,direction_raw_v1,7 days 00:00:00,7 days 00:00:00,2017-08-17T00:00:00Z,2024-12-31T23:59:59Z,2025-01-01T00:00:00Z,2026-09-22T23:59:59Z,16049,3738,False,0.5523615723774622,0.5403578657894352,0.5291170407695831,0.7187553714554151,0.2585629710505019,0.5299625468164794,-0.0005485055043029336,3738.0,0.5050829320492242,0.5834670947030498,0.41653290529695025,0.0033078027649036477,0.00595030918775801,0.42937399678972715,0.23649010165864098,0.005500562347437993,0.007495119242381995,0.2998929909042269,0.10567148207597646,0.00895074847775625,0.002733434315849842,0.20411985018726592,0.03451043338683788,0.011317075885413115,-0.0013094790151744996,0.1492776886035313,0.0072231139646869984,0.014896029336170744,-0.03670361915821275,ROBUST CANDIDATE
76fd4ef0162cc1684d1c,3.3.0,73026dd08db19c83059c57c75b65bcebf077280cee941bdcbc1155cb400f6517,BTC_USDT_4h_7d_crypto_core_v1_no_macro_1.0.0,crypto_core_v1,random_forest,final_holdout,holdout,BTC/USDT,4h,7d,42,train_only_standard_scaler_v1,btc_usdt_return_1|btc_usdt_log_return_1|btc_usdt_return_3|btc_usdt_log_return_3|btc_usdt_return_6|btc_usdt_log_return_6|btc_usdt_return_12|btc_usdt_log_return_12|btc_usdt_return_24|btc_usdt_log_return_24|btc_usdt_momentum_6|btc_usdt_momentum_12|btc_usdt_momentum_24|btc_usdt_sma_distance_20|btc_usdt_ema_distance_20|btc_usdt_sma_distance_50|btc_usdt_ema_distance_50|btc_usdt_rsi_14|btc_usdt_realized_vol_12|btc_usdt_range_12|btc_usdt_realized_vol_24|btc_usdt_range_24|btc_usdt_realized_vol_48|btc_usdt_range_48|btc_usdt_relative_volume_24|btc_usdt_range_position_20|btc_usdt_breakout_distance_20|btc_usdt_range_position_55|btc_usdt_breakout_distance_55,direction_raw_v1,7 days 00:00:00,7 days 00:00:00,2017-08-17T00:00:00Z,2024-12-31T23:59:59Z,2025-01-01T00:00:00Z,2026-09-22T23:59:59Z,16049,3738,False,0.5703069170865781,0.568421680422023,0.5542662047640862,0.6902636615414981,0.24806046105218957,0.5535045478865703,-0.0005485055043029336,3738.0,0.5050829320492242,0.4256286784376672,0.5743713215623328,0.008032603485353496,0.006907399031337576,0.2469234884965222,0.32423756019261635,0.01364547640591123,0.007945225039359939,0.171482075976458,0.11075441412520064,0.01572434822962338,0.009236210467267249,0.1297485286249331,0.025949705724986623,0.01699237137178897,0.010982250383404375,0.09149277688603531,0.0016051364365971107,0.01646640625889761,-0.09539299415080792,ROBUST CANDIDATE
24aeebdee2dfd920c5fa,3.3.0,73026dd08db19c83059c57c75b65bcebf077280cee941bdcbc1155cb400f6517,BTC_USDT_4h_7d_crypto_core_v1+crypto_context_proxy_v1_macro_proxy_1.0.0,crypto_core_v1+crypto_context_proxy_v1,logistic_regression,final_holdout,holdout,BTC/USDT,4h,7d,42,train_only_standard_scaler_v1,btc_usdt_return_1|btc_usdt_log_return_1|btc_usdt_return_3|btc_usdt_log_return_3|btc_usdt_return_6|btc_usdt_log_return_6|btc_usdt_return_12|btc_usdt_log_return_12|btc_usdt_return_24|btc_usdt_log_return_24|btc_usdt_momentum_6|btc_usdt_momentum_12|btc_usdt_momentum_24|btc_usdt_sma_distance_20|btc_usdt_ema_distance_20|btc_usdt_sma_distance_50|btc_usdt_ema_distance_50|btc_usdt_rsi_14|btc_usdt_realized_vol_12|btc_usdt_range_12|btc_usdt_realized_vol_24|btc_usdt_range_24|btc_usdt_realized_vol_48|btc_usdt_range_48|btc_usdt_relative_volume_24|btc_usdt_range_position_20|btc_usdt_breakout_distance_20|btc_usdt_range_position_55|btc_usdt_breakout_distance_55|macro_es_f_proxy_value|macro_es_f_proxy_return_1|macro_nq_f_proxy_value|macro_nq_f_proxy_return_1|macro_vix_proxy_value|macro_vix_proxy_return_1|macro_urth_proxy_value|macro_urth_proxy_return_1,direction_raw_v1,7 days 00:00:00,7 days 00:00:00,2017-08-17T00:00:00Z,2024-12-31T23:59:59Z,2025-01-01T00:00:00Z,2026-09-22T23:59:59Z,11752,3738,False,0.5198857650022904,0.508946757922057,0.5260581768208886,0.7286991901185326,0.26562553041495396,0.5302300695559122,-0.0005485055043029336,3738.0,0.5050829320492242,0.9106474050294275,0.0893525949705725,0.0008808077750725156,0.01511551868691979,0.770733012306046,0.025949705724986623,0.0019247709513903293,0.018301874097035827,0.5730337078651685,0.004280363830925628,-6.402383455399903e-05,0.02880103867235953,0.3424291064740503,0.0,-0.0013898401695554077,,0.1746923488496522,0.0,0.0011430520894842294,,ROBUST CANDIDATE
ea279ed974963d4c6e7e,3.3.0,73026dd08db19c83059c57c75b65bcebf077280cee941bdcbc1155cb400f6517,BTC_USDT_4h_7d_crypto_core_v1+crypto_context_proxy_v1_macro_proxy_1.0.0,crypto_core_v1+crypto_context_proxy_v1,hist_gradient_boosting,final_holdout,holdout,BTC/USDT,4h,7d,42,train_only_standard_scaler_v1,btc_usdt_return_1|btc_usdt_log_return_1|btc_usdt_return_3|btc_usdt_log_return_3|btc_usdt_return_6|btc_usdt_log_return_6|btc_usdt_return_12|btc_usdt_log_return_12|btc_usdt_return_24|btc_usdt_log_return_24|btc_usdt_momentum_6|btc_usdt_momentum_12|btc_usdt_momentum_24|btc_usdt_sma_distance_20|btc_usdt_ema_distance_20|btc_usdt_sma_distance_50|btc_usdt_ema_distance_50|btc_usdt_rsi_14|btc_usdt_realized_vol_12|btc_usdt_range_12|btc_usdt_realized_vol_24|btc_usdt_range_24|btc_usdt_realized_vol_48|btc_usdt_range_48|btc_usdt_relative_volume_24|btc_usdt_range_position_20|btc_usdt_breakout_distance_20|btc_usdt_range_position_55|btc_usdt_breakout_distance_55|macro_es_f_proxy_value|macro_es_f_proxy_return_1|macro_nq_f_proxy_value|macro_nq_f_proxy_return_1|macro_vix_proxy_value|macro_vix_proxy_return_1|macro_urth_proxy_value|macro_urth_proxy_return_1,direction_raw_v1,7 days 00:00:00,7 days 00:00:00,2017-08-17T00:00:00Z,2024-12-31T23:59:59Z,2025-01-01T00:00:00Z,2026-09-22T23:59:59Z,11752,3738,False,0.5565636452130096,0.5519018436665752,0.5213015345854328,0.8394854472331934,0.3039368205265145,0.5187265917602997,-0.0005485055043029336,3738.0,0.5050829320492242,0.2469234884965222,0.7530765115034778,0.011821899760629579,0.0046045922039593115,0.2108079186730872,0.71669341894061,0.008612709738637132,0.0060038010492576566,0.1819154628143392,0.6853932584269663,0.007619547382133342,0.006735243299294409,0.14633493846976994,0.6420545746388443,0.006291265433983409,0.007541901662818377,0.1198501872659176,0.5692883895131086,0.0077013034001728806,0.00800386788874963,ROBUST CANDIDATE
2eb8292def0c91396061,3.3.0,73026dd08db19c83059c57c75b65bcebf077280cee941bdcbc1155cb400f6517,BTC_USDT_4h_7d_crypto_core_v1+crypto_context_proxy_v1_macro_proxy_1.0.0,crypto_core_v1+crypto_context_proxy_v1,random_forest,final_holdout,holdout,BTC/USDT,4h,7d,42,train_only_standard_scaler_v1,btc_usdt_return_1|btc_usdt_log_return_1|btc_usdt_return_3|btc_usdt_log_return_3|btc_usdt_return_6|btc_usdt_log_return_6|btc_usdt_return_12|btc_usdt_log_return_12|btc_usdt_return_24|btc_usdt_log_return_24|btc_usdt_momentum_6|btc_usdt_momentum_12|btc_usdt_momentum_24|btc_usdt_sma_distance_20|btc_usdt_ema_distance_20|btc_usdt_sma_distance_50|btc_usdt_ema_distance_50|btc_usdt_rsi_14|btc_usdt_realized_vol_12|btc_usdt_range_12|btc_usdt_realized_vol_24|btc_usdt_range_24|btc_usdt_realized_vol_48|btc_usdt_range_48|btc_usdt_relative_volume_24|btc_usdt_range_position_20|btc_usdt_breakout_distance_20|btc_usdt_range_position_55|btc_usdt_breakout_distance_55|macro_es_f_proxy_value|macro_es_f_proxy_return_1|macro_nq_f_proxy_value|macro_nq_f_proxy_return_1|macro_vix_proxy_value|macro_vix_proxy_return_1|macro_urth_proxy_value|macro_urth_proxy_return_1,direction_raw_v1,7 days 00:00:00,7 days 00:00:00,2017-08-17T00:00:00Z,2024-12-31T23:59:59Z,2025-01-01T00:00:00Z,2026-09-22T23:59:59Z,11752,3738,False,0.5294394182317911,0.5321059344492234,0.5155622995877234,0.7104896554883923,0.25785869537892386,0.5179240235420011,-0.0005485055043029336,3738.0,0.5050829320492242,0.7324772605671482,0.2675227394328518,0.001110919037844207,0.005092009900701804,0.5026752273943286,0.15034777956126272,0.004121504107415224,0.007458461636419967,0.29213483146067415,0.09443552701979668,0.0069909025686781595,0.012108637057561036,0.16827180310326378,0.05671482075976458,0.0035182018770350226,0.013621793391324957,0.07249866238630284,0.028624933119315143,0.004243936435384089,0.01565291678862495,ROBUST CANDIDATE
49ba5f5614ea7ded1f70,3.3.0,73026dd08db19c83059c57c75b65bcebf077280cee941bdcbc1155cb400f6517,BTC_USDT_4h_14d_crypto_core_v1_no_macro_1.0.0,crypto_core_v1,logistic_regression,final_holdout,holdout,BTC/USDT,4h,14d,42,train_only_standard_scaler_v1,btc_usdt_return_1|btc_usdt_log_return_1|btc_usdt_return_3|btc_usdt_log_return_3|btc_usdt_return_6|btc_usdt_log_return_6|btc_usdt_return_12|btc_usdt_log_return_12|btc_usdt_return_24|btc_usdt_log_return_24|btc_usdt_momentum_6|btc_usdt_momentum_12|btc_usdt_momentum_24|btc_usdt_sma_distance_20|btc_usdt_ema_distance_20|btc_usdt_sma_distance_50|btc_usdt_ema_distance_50|btc_usdt_rsi_14|btc_usdt_realized_vol_12|btc_usdt_range_12|btc_usdt_realized_vol_24|btc_usdt_range_24|btc_usdt_realized_vol_48|btc_usdt_range_48|btc_usdt_relative_volume_24|btc_usdt_range_position_20|btc_usdt_breakout_distance_20|btc_usdt_range_position_55|btc_usdt_breakout_distance_55,direction_raw_v1,14 days 00:00:00,14 days 00:00:00,2017-08-17T00:00:00Z,2024-12-31T23:59:59Z,2025-01-01T00:00:00Z,2026-09-22T23:59:59Z,16007,3696,False,0.5114220657036381,0.5217001144620711,0.5008432967499615,0.6937567254694782,0.2502988415497897,0.5010822510822511,-0.0011397292139622803,3696.0,0.5062229437229437,0.5192099567099567,0.48079004329004327,0.004277046085030467,0.006989358813718663,0.06141774891774892,0.050865800865800864,0.010669423225826273,0.0005108043910694375,0.0091991341991342,0.006764069264069264,0.01589334433445186,-0.01240361621877143,0.0,0.0008116883116883117,,0.04191339810170073,0.0,0.0,,,MIXED
142d130cc67de36e3cab,3.3.0,73026dd08db19c83059c57c75b65bcebf077280cee941bdcbc1155cb400f6517,BTC_USDT_4h_14d_crypto_core_v1_no_macro_1.0.0,crypto_core_v1,hist_gradient_boosting,final_holdout,holdout,BTC/USDT,4h,14d,42,train_only_standard_scaler_v1,btc_usdt_return_1|btc_usdt_log_return_1|btc_usdt_return_3|btc_usdt_log_return_3|btc_usdt_return_6|btc_usdt_log_return_6|btc_usdt_return_12|btc_usdt_log_return_12|btc_usdt_return_24|btc_usdt_log_return_24|btc_usdt_momentum_6|btc_usdt_momentum_12|btc_usdt_momentum_24|btc_usdt_sma_distance_20|btc_usdt_ema_distance_20|btc_usdt_sma_distance_50|btc_usdt_ema_distance_50|btc_usdt_rsi_14|btc_usdt_realized_vol_12|btc_usdt_range_12|btc_usdt_realized_vol_24|btc_usdt_range_24|btc_usdt_realized_vol_48|btc_usdt_range_48|btc_usdt_relative_volume_24|btc_usdt_range_position_20|btc_usdt_breakout_distance_20|btc_usdt_range_position_55|btc_usdt_breakout_distance_55,direction_raw_v1,14 days 00:00:00,14 days 00:00:00,2017-08-17T00:00:00Z,2024-12-31T23:59:59Z,2025-01-01T00:00:00Z,2026-09-22T23:59:59Z,16007,3696,False,0.5773337823887307,0.5875012109677484,0.5503024534532116,0.6959528574508538,0.25053910725105233,0.551948051948052,-0.0011397292139622803,3696.0,0.5062229437229437,0.6328463203463204,0.3671536796536797,0.0034133792654994395,0.008987717963749288,0.4694264069264069,0.22375541125541126,0.006555033299784976,0.011144995707019916,0.3281926406926407,0.10146103896103896,0.01234677346791523,0.013304974493326065,0.2261904761904762,0.027597402597402596,0.013526090297562118,-0.0012981410847599005,0.13690476190476192,0.005411255411255411,0.017586495856876622,-0.014235460101461216,ROBUST CANDIDATE
d9b60a3e7bbae4ddf8c1,3.3.0,73026dd08db19c83059c57c75b65bcebf077280cee941bdcbc1155cb400f6517,BTC_USDT_4h_14d_crypto_core_v1_no_macro_1.0.0,crypto_core_v1,random_forest,final_holdout,holdout,BTC/USDT,4h,14d,42,train_only_standard_scaler_v1,btc_usdt_return_1|btc_usdt_log_return_1|btc_usdt_return_3|btc_usdt_log_return_3|btc_usdt_return_6|btc_usdt_log_return_6|btc_usdt_return_12|btc_usdt_log_return_12|btc_usdt_return_24|btc_usdt_log_return_24|btc_usdt_momentum_6|btc_usdt_momentum_12|btc_usdt_momentum_24|btc_usdt_sma_distance_20|btc_usdt_ema_distance_20|btc_usdt_sma_distance_50|btc_usdt_ema_distance_50|btc_usdt_rsi_14|btc_usdt_realized_vol_12|btc_usdt_range_12|btc_usdt_realized_vol_24|btc_usdt_range_24|btc_usdt_realized_vol_48|btc_usdt_range_48|btc_usdt_relative_volume_24|btc_usdt_range_position_20|btc_usdt_breakout_distance_20|btc_usdt_range_position_55|btc_usdt_breakout_distance_55,direction_raw_v1,14 days 00:00:00,14 days 00:00:00,2017-08-17T00:00:00Z,2024-12-31T23:59:59Z,2025-01-01T00:00:00Z,2026-09-22T23:59:59Z,16007,3696,False,0.5602146680040708,0.5745886806787937,0.5385099170467774,0.6883032293129718,0.24766902889174125,0.5376082251082251,-0.0011397292139622803,3696.0,0.5062229437229437,0.42803030303030304,0.571969696969697,0.009372855371571901,0.009006762711746143,0.24512987012987014,0.32007575757575757,0.023521602881813996,0.008246830910185686,0.14691558441558442,0.10470779220779221,0.03060125800540531,0.005633419393426792,0.08333333333333333,0.008387445887445888,0.037658338137226306,-0.00423403373870969,0.03300865800865801,0.0,0.03882109282643288,,ROBUST CANDIDATE
300c06f039a21dc6e038,3.3.0,73026dd08db19c83059c57c75b65bcebf077280cee941bdcbc1155cb400f6517,BTC_USDT_4h_14d_crypto_core_v1+crypto_context_proxy_v1_macro_proxy_1.0.0,crypto_core_v1+crypto_context_proxy_v1,logistic_regression,final_holdout,holdout,BTC/USDT,4h,14d,42,train_only_standard_scaler_v1,btc_usdt_return_1|btc_usdt_log_return_1|btc_usdt_return_3|btc_usdt_log_return_3|btc_usdt_return_6|btc_usdt_log_return_6|btc_usdt_return_12|btc_usdt_log_return_12|btc_usdt_return_24|btc_usdt_log_return_24|btc_usdt_momentum_6|btc_usdt_momentum_12|btc_usdt_momentum_24|btc_usdt_sma_distance_20|btc_usdt_ema_distance_20|btc_usdt_sma_distance_50|btc_usdt_ema_distance_50|btc_usdt_rsi_14|btc_usdt_realized_vol_12|btc_usdt_range_12|btc_usdt_realized_vol_24|btc_usdt_range_24|btc_usdt_realized_vol_48|btc_usdt_range_48|btc_usdt_relative_volume_24|btc_usdt_range_position_20|btc_usdt_breakout_distance_20|btc_usdt_range_position_55|btc_usdt_breakout_distance_55|macro_es_f_proxy_value|macro_es_f_proxy_return_1|macro_nq_f_proxy_value|macro_nq_f_proxy_return_1|macro_vix_proxy_value|macro_vix_proxy_return_1|macro_urth_proxy_value|macro_urth_proxy_return_1,direction_raw_v1,14 days 00:00:00,14 days 00:00:00,2017-08-17T00:00:00Z,2024-12-31T23:59:59Z,2025-01-01T00:00:00Z,2026-09-22T23:59:59Z,11710,3696,False,0.5214066172217626,0.5172688118624569,0.5153398299934838,0.7102505863697879,0.2577314182932707,0.5192099567099567,-0.0011397292139622803,3696.0,0.5062229437229437,0.8111471861471862,0.18885281385281386,0.000750147660664362,0.009256994070883023,0.5854978354978355,0.06574675324675325,0.0035828114255797806,0.018345464681224638,0.33306277056277056,0.01488095238095238,0.00912031779187011,0.03728514788342898,0.17126623376623376,0.0021645021645021645,-0.011195404056877207,0.04318385064900415,0.08333333333333333,0.0008116883116883117,-0.006243461878558823,0.036007634211737694,ROBUST CANDIDATE
bcc518821a1e914df4d5,3.3.0,73026dd08db19c83059c57c75b65bcebf077280cee941bdcbc1155cb400f6517,BTC_USDT_4h_14d_crypto_core_v1+crypto_context_proxy_v1_macro_proxy_1.0.0,crypto_core_v1+crypto_context_proxy_v1,hist_gradient_boosting,final_holdout,holdout,BTC/USDT,4h,14d,42,train_only_standard_scaler_v1,btc_usdt_return_1|btc_usdt_log_return_1|btc_usdt_return_3|btc_usdt_log_return_3|btc_usdt_return_6|btc_usdt_log_return_6|btc_usdt_return_12|btc_usdt_log_return_12|btc_usdt_return_24|btc_usdt_log_return_24|btc_usdt_momentum_6|btc_usdt_momentum_12|btc_usdt_momentum_24|btc_usdt_sma_distance_20|btc_usdt_ema_distance_20|btc_usdt_sma_distance_50|btc_usdt_ema_distance_50|btc_usdt_rsi_14|btc_usdt_realized_vol_12|btc_usdt_range_12|btc_usdt_realized_vol_24|btc_usdt_range_24|btc_usdt_realized_vol_48|btc_usdt_range_48|btc_usdt_relative_volume_24|btc_usdt_range_position_20|btc_usdt_breakout_distance_20|btc_usdt_range_position_55|btc_usdt_breakout_distance_55|macro_es_f_proxy_value|macro_es_f_proxy_return_1|macro_nq_f_proxy_value|macro_nq_f_proxy_return_1|macro_vix_proxy_value|macro_vix_proxy_return_1|macro_urth_proxy_value|macro_urth_proxy_return_1,direction_raw_v1,14 days 00:00:00,14 days 00:00:00,2017-08-17T00:00:00Z,2024-12-31T23:59:59Z,2025-01-01T00:00:00Z,2026-09-22T23:59:59Z,11710,3696,False,0.5989653177921117,0.589826820791186,0.543490185454998,0.8381279610896514,0.2989852641916913,0.538961038961039,-0.0011397292139622803,3696.0,0.5062229437229437,0.13663419913419914,0.8633658008658008,0.036305329082451585,0.007065694253037492,0.13176406926406928,0.8471320346320347,0.0372961060096317,0.007763578382765066,0.12851731601731603,0.8262987012987013,0.03756613289352019,0.008850543106062774,0.1266233766233766,0.7813852813852814,0.03746004528149518,0.010880311185954727,0.12310606060606061,0.6920995670995671,0.03823189579049834,0.013068278015085212,ROBUST CANDIDATE
8ba1dafb9338e90e2611,3.3.0,73026dd08db19c83059c57c75b65bcebf077280cee941bdcbc1155cb400f6517,BTC_USDT_4h_14d_crypto_core_v1+crypto_context_proxy_v1_macro_proxy_1.0.0,crypto_core_v1+crypto_context_proxy_v1,random_forest,final_holdout,holdout,BTC/USDT,4h,14d,42,train_only_standard_scaler_v1,btc_usdt_return_1|btc_usdt_log_return_1|btc_usdt_return_3|btc_usdt_log_return_3|btc_usdt_return_6|btc_usdt_log_return_6|btc_usdt_return_12|btc_usdt_log_return_12|btc_usdt_return_24|btc_usdt_log_return_24|btc_usdt_momentum_6|btc_usdt_momentum_12|btc_usdt_momentum_24|btc_usdt_sma_distance_20|btc_usdt_ema_distance_20|btc_usdt_sma_distance_50|btc_usdt_ema_distance_50|btc_usdt_rsi_14|btc_usdt_realized_vol_12|btc_usdt_range_12|btc_usdt_realized_vol_24|btc_usdt_range_24|btc_usdt_realized_vol_48|btc_usdt_range_48|btc_usdt_relative_volume_24|btc_usdt_range_position_20|btc_usdt_breakout_distance_20|btc_usdt_range_position_55|btc_usdt_breakout_distance_55|macro_es_f_proxy_value|macro_es_f_proxy_return_1|macro_nq_f_proxy_value|macro_nq_f_proxy_return_1|macro_vix_proxy_value|macro_vix_proxy_return_1|macro_urth_proxy_value|macro_urth_proxy_return_1,direction_raw_v1,14 days 00:00:00,14 days 00:00:00,2017-08-17T00:00:00Z,2024-12-31T23:59:59Z,2025-01-01T00:00:00Z,2026-09-22T23:59:59Z,11710,3696,False,0.5516920846664666,0.5596710530977366,0.5109249320925737,0.7201661077920003,0.262173921836927,0.515422077922078,-0.0011397292139622803,3696.0,0.5062229437229437,0.8614718614718615,0.13852813852813853,-0.0013304231229918659,-4.6148532815442136e-05,0.760551948051948,0.04816017316017316,-0.002798448758261916,0.013984371029273347,0.5876623376623377,0.006764069264069264,-0.003465306154589186,0.009554485690362102,0.35524891774891776,0.0013528138528138528,0.0017773448416129145,-0.019398296070534737,0.1812770562770563,0.00027056277056277056,0.015963255351657143,-0.018691784777674636,ROBUST CANDIDATE
10868a10c8767f64296b,3.3.0,73026dd08db19c83059c57c75b65bcebf077280cee941bdcbc1155cb400f6517,BTC_USDT_4h_21d_crypto_core_v1_no_macro_1.0.0,crypto_core_v1,logistic_regression,final_holdout,holdout,BTC/USDT,4h,21d,42,train_only_standard_scaler_v1,btc_usdt_return_1|btc_usdt_log_return_1|btc_usdt_return_3|btc_usdt_log_return_3|btc_usdt_return_6|btc_usdt_log_return_6|btc_usdt_return_12|btc_usdt_log_return_12|btc_usdt_return_24|btc_usdt_log_return_24|btc_usdt_momentum_6|btc_usdt_momentum_12|btc_usdt_momentum_24|btc_usdt_sma_distance_20|btc_usdt_ema_distance_20|btc_usdt_sma_distance_50|btc_usdt_ema_distance_50|btc_usdt_rsi_14|btc_usdt_realized_vol_12|btc_usdt_range_12|btc_usdt_realized_vol_24|btc_usdt_range_24|btc_usdt_realized_vol_48|btc_usdt_range_48|btc_usdt_relative_volume_24|btc_usdt_range_position_20|btc_usdt_breakout_distance_20|btc_usdt_range_position_55|btc_usdt_breakout_distance_55,direction_raw_v1,21 days 00:00:00,21 days 00:00:00,2017-08-17T00:00:00Z,2024-12-31T23:59:59Z,2025-01-01T00:00:00Z,2026-09-22T23:59:59Z,15965,3654,False,0.4585531254308606,0.44991614316003475,0.48477813626714544,0.7017820853777312,0.25426390850351027,0.4879584017515052,-0.002227953042666944,3654.0,0.47427476737821567,0.4389709906951286,0.5610290093048714,-0.003372114170163718,0.0013327167263231354,0.0692391899288451,0.10043787629994527,-0.002025426585395026,-0.023834153127168693,0.008210180623973728,0.005199781061850027,-0.015853749814526658,-0.0029580166900757235,0.0019157088122605363,0.0,-0.032043130142639785,,0.0,0.0,,,MIXED
1fb9cbd0904c96766c17,3.3.0,73026dd08db19c83059c57c75b65bcebf077280cee941bdcbc1155cb400f6517,BTC_USDT_4h_21d_crypto_core_v1_no_macro_1.0.0,crypto_core_v1,hist_gradient_boosting,final_holdout,holdout,BTC/USDT,4h,21d,42,train_only_standard_scaler_v1,btc_usdt_return_1|btc_usdt_log_return_1|btc_usdt_return_3|btc_usdt_log_return_3|btc_usdt_return_6|btc_usdt_log_return_6|btc_usdt_return_12|btc_usdt_log_return_12|btc_usdt_return_24|btc_usdt_log_return_24|btc_usdt_momentum_6|btc_usdt_momentum_12|btc_usdt_momentum_24|btc_usdt_sma_distance_20|btc_usdt_ema_distance_20|btc_usdt_sma_distance_50|btc_usdt_ema_distance_50|btc_usdt_rsi_14|btc_usdt_realized_vol_12|btc_usdt_range_12|btc_usdt_realized_vol_24|btc_usdt_range_24|btc_usdt_realized_vol_48|btc_usdt_range_48|btc_usdt_relative_volume_24|btc_usdt_range_position_20|btc_usdt_breakout_distance_20|btc_usdt_range_position_55|btc_usdt_breakout_distance_55,direction_raw_v1,21 days 00:00:00,21 days 00:00:00,2017-08-17T00:00:00Z,2024-12-31T23:59:59Z,2025-01-01T00:00:00Z,2026-09-22T23:59:59Z,15965,3654,False,0.5008350622827298,0.4730932530759864,0.5052768126333509,0.7632963283736358,0.28015692259007846,0.4967159277504105,-0.002227953042666944,3654.0,0.47427476737821567,0.6661193212917351,0.33388067870826493,-0.001949828470634315,0.0027828343609681175,0.5530925013683634,0.21620142309797483,-0.003016630884331535,0.007700248978825649,0.44772851669403396,0.12780514504652435,-0.006054799384575131,0.003976835903962914,0.32567049808429116,0.07142857142857142,-0.006543506583910744,-0.004709090133081676,0.2200328407224959,0.02928297755883963,-0.006400874161266939,-0.004591619197130755,ROBUST CANDIDATE
f210f46b85d3972a1e93,3.3.0,73026dd08db19c83059c57c75b65bcebf077280cee941bdcbc1155cb400f6517,BTC_USDT_4h_21d_crypto_core_v1_no_macro_1.0.0,crypto_core_v1,random_forest,final_holdout,holdout,BTC/USDT,4h,21d,42,train_only_standard_scaler_v1,btc_usdt_return_1|btc_usdt_log_return_1|btc_usdt_return_3|btc_usdt_log_return_3|btc_usdt_return_6|btc_usdt_log_return_6|btc_usdt_return_12|btc_usdt_log_return_12|btc_usdt_return_24|btc_usdt_log_return_24|btc_usdt_momentum_6|btc_usdt_momentum_12|btc_usdt_momentum_24|btc_usdt_sma_distance_20|btc_usdt_ema_distance_20|btc_usdt_sma_distance_50|btc_usdt_ema_distance_50|btc_usdt_rsi_14|btc_usdt_realized_vol_12|btc_usdt_range_12|btc_usdt_realized_vol_24|btc_usdt_range_24|btc_usdt_realized_vol_48|btc_usdt_range_48|btc_usdt_relative_volume_24|btc_usdt_range_position_20|btc_usdt_breakout_distance_20|btc_usdt_range_position_55|btc_usdt_breakout_distance_55,direction_raw_v1,21 days 00:00:00,21 days 00:00:00,2017-08-17T00:00:00Z,2024-12-31T23:59:59Z,2025-01-01T00:00:00Z,2026-09-22T23:59:59Z,15965,3654,False,0.5242635156182179,0.5130651470375267,0.5115301675261099,0.7077490476950766,0.2568595094167967,0.5098522167487685,-0.002227953042666944,3654.0,0.47427476737821567,0.5320197044334976,0.46798029556650245,-0.0022864059487504905,0.002161501317856183,0.349480021893815,0.2810618500273673,-0.002648996749499307,0.003457025328477986,0.22112753147235906,0.1423097974822113,-0.0007743817523253484,-0.00369566979500535,0.11713191023535852,0.05774493705528188,0.013292871978382892,-0.012819372026559752,0.055008210180623976,0.014230979748221127,0.028660734620010665,0.004407888448871223,ROBUST CANDIDATE
88137aa794c8b54e91ea,3.3.0,73026dd08db19c83059c57c75b65bcebf077280cee941bdcbc1155cb400f6517,BTC_USDT_4h_21d_crypto_core_v1+crypto_context_proxy_v1_macro_proxy_1.0.0,crypto_core_v1+crypto_context_proxy_v1,logistic_regression,final_holdout,holdout,BTC/USDT,4h,21d,42,train_only_standard_scaler_v1,btc_usdt_return_1|btc_usdt_log_return_1|btc_usdt_return_3|btc_usdt_log_return_3|btc_usdt_return_6|btc_usdt_log_return_6|btc_usdt_return_12|btc_usdt_log_return_12|btc_usdt_return_24|btc_usdt_log_return_24|btc_usdt_momentum_6|btc_usdt_momentum_12|btc_usdt_momentum_24|btc_usdt_sma_distance_20|btc_usdt_ema_distance_20|btc_usdt_sma_distance_50|btc_usdt_ema_distance_50|btc_usdt_rsi_14|btc_usdt_realized_vol_12|btc_usdt_range_12|btc_usdt_realized_vol_24|btc_usdt_range_24|btc_usdt_realized_vol_48|btc_usdt_range_48|btc_usdt_relative_volume_24|btc_usdt_range_position_20|btc_usdt_breakout_distance_20|btc_usdt_range_position_55|btc_usdt_breakout_distance_55|macro_es_f_proxy_value|macro_es_f_proxy_return_1|macro_nq_f_proxy_value|macro_nq_f_proxy_return_1|macro_vix_proxy_value|macro_vix_proxy_return_1|macro_urth_proxy_value|macro_urth_proxy_return_1,direction_raw_v1,21 days 00:00:00,21 days 00:00:00,2017-08-17T00:00:00Z,2024-12-31T23:59:59Z,2025-01-01T00:00:00Z,2026-09-22T23:59:59Z,11668,3654,False,0.5007568127414884,0.45765670568242334,0.5141197617489208,0.7488720146987441,0.2739909420081705,0.49945265462506844,-0.002227953042666944,3654.0,0.47427476737821567,0.7843459222769568,0.21565407772304324,0.0013819244640953827,0.015357279101525874,0.6379310344827587,0.09469074986316366,-0.0002808326613739012,0.03805634306901439,0.45046524356869183,0.03694581280788178,0.0010878286897493406,0.04589448110023557,0.2999452654625068,0.008483853311439518,-0.0020299104049952194,0.056464548421701705,0.1776135741652983,0.0030103995621237,-0.02118197485190833,0.049364875922009464,ROBUST CANDIDATE
e7bd378dc2d50a281aaa,3.3.0,73026dd08db19c83059c57c75b65bcebf077280cee941bdcbc1155cb400f6517,BTC_USDT_4h_21d_crypto_core_v1+crypto_context_proxy_v1_macro_proxy_1.0.0,crypto_core_v1+crypto_context_proxy_v1,hist_gradient_boosting,final_holdout,holdout,BTC/USDT,4h,21d,42,train_only_standard_scaler_v1,btc_usdt_return_1|btc_usdt_log_return_1|btc_usdt_return_3|btc_usdt_log_return_3|btc_usdt_return_6|btc_usdt_log_return_6|btc_usdt_return_12|btc_usdt_log_return_12|btc_usdt_return_24|btc_usdt_log_return_24|btc_usdt_momentum_6|btc_usdt_momentum_12|btc_usdt_momentum_24|btc_usdt_sma_distance_20|btc_usdt_ema_distance_20|btc_usdt_sma_distance_50|btc_usdt_ema_distance_50|btc_usdt_rsi_14|btc_usdt_realized_vol_12|btc_usdt_range_12|btc_usdt_realized_vol_24|btc_usdt_range_24|btc_usdt_realized_vol_48|btc_usdt_range_48|btc_usdt_relative_volume_24|btc_usdt_range_position_20|btc_usdt_breakout_distance_20|btc_usdt_range_position_55|btc_usdt_breakout_distance_55|macro_es_f_proxy_value|macro_es_f_proxy_return_1|macro_nq_f_proxy_value|macro_nq_f_proxy_return_1|macro_vix_proxy_value|macro_vix_proxy_return_1|macro_urth_proxy_value|macro_urth_proxy_return_1,direction_raw_v1,21 days 00:00:00,21 days 00:00:00,2017-08-17T00:00:00Z,2024-12-31T23:59:59Z,2025-01-01T00:00:00Z,2026-09-22T23:59:59Z,11668,3654,False,0.45959169659724136,0.4569588223974797,0.4751875360646278,1.4005702537182727,0.45518603349219194,0.45073891625615764,-0.002227953042666944,3654.0,0.47427476737821567,0.976464148877942,0.02353585112205802,-0.006329093386804728,-0.16792168356063092,0.9712643678160919,0.020525451559934318,-0.007119224757988787,-0.17287446072806684,0.9671592775041051,0.0180623973727422,-0.007661513957551793,-0.17982307896484406,0.9649698960043788,0.01532567049808429,-0.008025703597278337,-0.17740850676115444,0.9597701149425287,0.009304871373836891,-0.008418587814590853,-0.162317834043902,ROBUST CANDIDATE
537ed22f7e9222c9dfad,3.3.0,73026dd08db19c83059c57c75b65bcebf077280cee941bdcbc1155cb400f6517,BTC_USDT_4h_21d_crypto_core_v1+crypto_context_proxy_v1_macro_proxy_1.0.0,crypto_core_v1+crypto_context_proxy_v1,random_forest,final_holdout,holdout,BTC/USDT,4h,21d,42,train_only_standard_scaler_v1,btc_usdt_return_1|btc_usdt_log_return_1|btc_usdt_return_3|btc_usdt_log_return_3|btc_usdt_return_6|btc_usdt_log_return_6|btc_usdt_return_12|btc_usdt_log_return_12|btc_usdt_return_24|btc_usdt_log_return_24|btc_usdt_momentum_6|btc_usdt_momentum_12|btc_usdt_momentum_24|btc_usdt_sma_distance_20|btc_usdt_ema_distance_20|btc_usdt_sma_distance_50|btc_usdt_ema_distance_50|btc_usdt_rsi_14|btc_usdt_realized_vol_12|btc_usdt_range_12|btc_usdt_realized_vol_24|btc_usdt_range_24|btc_usdt_realized_vol_48|btc_usdt_range_48|btc_usdt_relative_volume_24|btc_usdt_range_position_20|btc_usdt_breakout_distance_20|btc_usdt_range_position_55|btc_usdt_breakout_distance_55|macro_es_f_proxy_value|macro_es_f_proxy_return_1|macro_nq_f_proxy_value|macro_nq_f_proxy_return_1|macro_vix_proxy_value|macro_vix_proxy_return_1|macro_urth_proxy_value|macro_urth_proxy_return_1,direction_raw_v1,21 days 00:00:00,21 days 00:00:00,2017-08-17T00:00:00Z,2024-12-31T23:59:59Z,2025-01-01T00:00:00Z,2026-09-22T23:59:59Z,11668,3654,False,0.5141532543548648,0.5146696177814393,0.5030807189826177,0.7554148311404196,0.27789667963530756,0.4819376026272578,-0.002227953042666944,3654.0,0.47427476737821567,0.9107827038861521,0.08921729611384784,-0.004449296704499143,-0.020448831333337778,0.7914614121510674,0.02353585112205802,-0.007905403107954408,-0.06890957673527046,0.6146688560481663,0.006294471811713191,-0.011791971917302715,-0.13591138591401256,0.42063492063492064,0.0013683634373289546,-0.015028178755062252,-0.13330553985462426,0.1631089217296114,0.0002736726874657909,0.016772252611993436,-0.12972801687077218,ROBUST CANDIDATE
ca855e349bee898b2825,3.3.0,73026dd08db19c83059c57c75b65bcebf077280cee941bdcbc1155cb400f6517,BTC_USDT_4h_28d_crypto_core_v1_no_macro_1.0.0,crypto_core_v1,logistic_regression,final_holdout,holdout,BTC/USDT,4h,28d,42,train_only_standard_scaler_v1,btc_usdt_return_1|btc_usdt_log_return_1|btc_usdt_return_3|btc_usdt_log_return_3|btc_usdt_return_6|btc_usdt_log_return_6|btc_usdt_return_12|btc_usdt_log_return_12|btc_usdt_return_24|btc_usdt_log_return_24|btc_usdt_momentum_6|btc_usdt_momentum_12|btc_usdt_momentum_24|btc_usdt_sma_distance_20|btc_usdt_ema_distance_20|btc_usdt_sma_distance_50|btc_usdt_ema_distance_50|btc_usdt_rsi_14|btc_usdt_realized_vol_12|btc_usdt_range_12|btc_usdt_realized_vol_24|btc_usdt_range_24|btc_usdt_realized_vol_48|btc_usdt_range_48|btc_usdt_relative_volume_24|btc_usdt_range_position_20|btc_usdt_breakout_distance_20|btc_usdt_range_position_55|btc_usdt_breakout_distance_55,direction_raw_v1,28 days 00:00:00,28 days 00:00:00,2017-08-17T00:00:00Z,2024-12-31T23:59:59Z,2025-01-01T00:00:00Z,2026-09-22T23:59:59Z,15923,3612,False,0.48005263165975504,0.5295295722226826,0.4984823105114391,0.6967535725428525,0.2518124696369739,0.49224806201550386,-0.003576931613069016,3612.0,0.519656699889258,0.34136212624584716,0.6586378737541528,0.0006612662740938009,0.005773525978294635,0.044850498338870434,0.09163898117386489,0.02610756145911582,-0.008184052706411055,0.008028792912513842,0.0002768549280177187,0.055254104266532725,-0.29713732283345884,0.0013842746400885937,0.0,0.0790931772915707,,0.0,0.0,,,MIXED
79717e4820562869da24,3.3.0,73026dd08db19c83059c57c75b65bcebf077280cee941bdcbc1155cb400f6517,BTC_USDT_4h_28d_crypto_core_v1_no_macro_1.0.0,crypto_core_v1,hist_gradient_boosting,final_holdout,holdout,BTC/USDT,4h,28d,42,train_only_standard_scaler_v1,btc_usdt_return_1|btc_usdt_log_return_1|btc_usdt_return_3|btc_usdt_log_return_3|btc_usdt_return_6|btc_usdt_log_return_6|btc_usdt_return_12|btc_usdt_log_return_12|btc_usdt_return_24|btc_usdt_log_return_24|btc_usdt_momentum_6|btc_usdt_momentum_12|btc_usdt_momentum_24|btc_usdt_sma_distance_20|btc_usdt_ema_distance_20|btc_usdt_sma_distance_50|btc_usdt_ema_distance_50|btc_usdt_rsi_14|btc_usdt_realized_vol_12|btc_usdt_range_12|btc_usdt_realized_vol_24|btc_usdt_range_24|btc_usdt_realized_vol_48|btc_usdt_range_48|btc_usdt_relative_volume_24|btc_usdt_range_position_20|btc_usdt_breakout_distance_20|btc_usdt_range_position_55|btc_usdt_breakout_distance_55,direction_raw_v1,28 days 00:00:00,28 days 00:00:00,2017-08-17T00:00:00Z,2024-12-31T23:59:59Z,2025-01-01T00:00:00Z,2026-09-22T23:59:59Z,15923,3612,False,0.4772808715851986,0.5211736337493043,0.47458372932464743,0.7468411962093229,0.27418322874397644,0.4806201550387597,-0.003576931613069016,3612.0,0.519656699889258,0.652547065337763,0.347452934662237,-0.004850749762980553,0.001184589478135557,0.5276854928017719,0.20957918050941307,-0.0026455142610224,-0.0020601400156903724,0.4061461794019934,0.10160575858250277,-0.0032243714426876415,-0.006461854131958115,0.29485049833887045,0.04152823920265781,-0.002133837111968409,-0.006171634953073943,0.18604651162790697,0.014119601328903655,0.011643681567889799,-0.027390234820148577,ROBUST CANDIDATE
fe505a2bd1adce4e59de,3.3.0,73026dd08db19c83059c57c75b65bcebf077280cee941bdcbc1155cb400f6517,BTC_USDT_4h_28d_crypto_core_v1_no_macro_1.0.0,crypto_core_v1,random_forest,final_holdout,holdout,BTC/USDT,4h,28d,42,train_only_standard_scaler_v1,btc_usdt_return_1|btc_usdt_log_return_1|btc_usdt_return_3|btc_usdt_log_return_3|btc_usdt_return_6|btc_usdt_log_return_6|btc_usdt_return_12|btc_usdt_log_return_12|btc_usdt_return_24|btc_usdt_log_return_24|btc_usdt_momentum_6|btc_usdt_momentum_12|btc_usdt_momentum_24|btc_usdt_sma_distance_20|btc_usdt_ema_distance_20|btc_usdt_sma_distance_50|btc_usdt_ema_distance_50|btc_usdt_rsi_14|btc_usdt_realized_vol_12|btc_usdt_range_12|btc_usdt_realized_vol_24|btc_usdt_range_24|btc_usdt_realized_vol_48|btc_usdt_range_48|btc_usdt_relative_volume_24|btc_usdt_range_position_20|btc_usdt_breakout_distance_20|btc_usdt_range_position_55|btc_usdt_breakout_distance_55,direction_raw_v1,28 days 00:00:00,28 days 00:00:00,2017-08-17T00:00:00Z,2024-12-31T23:59:59Z,2025-01-01T00:00:00Z,2026-09-22T23:59:59Z,15923,3612,False,0.45886240075907503,0.5088849646578817,0.4578344866340457,0.7273209275620356,0.26628701575741887,0.4587486157253599,-0.003576931613069016,3612.0,0.519656699889258,0.521594684385382,0.47840531561461797,-0.010284020875992174,-0.0037356587638680363,0.3532668881506091,0.28931339977851606,-0.009255338857670265,-0.00468699491157578,0.21207087486157253,0.13205980066445183,0.0005308677069110222,-0.01149634078472953,0.11710963455149502,0.026578073089700997,0.019214475687002838,-0.02528068522391484,0.05398671096345515,0.0013842746400885937,0.04496492511343119,-0.11383278481012157,ROBUST CANDIDATE
f202ca55c59f4b2c3ffc,3.3.0,73026dd08db19c83059c57c75b65bcebf077280cee941bdcbc1155cb400f6517,BTC_USDT_4h_28d_crypto_core_v1+crypto_context_proxy_v1_macro_proxy_1.0.0,crypto_core_v1+crypto_context_proxy_v1,logistic_regression,final_holdout,holdout,BTC/USDT,4h,28d,42,train_only_standard_scaler_v1,btc_usdt_return_1|btc_usdt_log_return_1|btc_usdt_return_3|btc_usdt_log_return_3|btc_usdt_return_6|btc_usdt_log_return_6|btc_usdt_return_12|btc_usdt_log_return_12|btc_usdt_return_24|btc_usdt_log_return_24|btc_usdt_momentum_6|btc_usdt_momentum_12|btc_usdt_momentum_24|btc_usdt_sma_distance_20|btc_usdt_ema_distance_20|btc_usdt_sma_distance_50|btc_usdt_ema_distance_50|btc_usdt_rsi_14|btc_usdt_realized_vol_12|btc_usdt_range_12|btc_usdt_realized_vol_24|btc_usdt_range_24|btc_usdt_realized_vol_48|btc_usdt_range_48|btc_usdt_relative_volume_24|btc_usdt_range_position_20|btc_usdt_breakout_distance_20|btc_usdt_range_position_55|btc_usdt_breakout_distance_55|macro_es_f_proxy_value|macro_es_f_proxy_return_1|macro_nq_f_proxy_value|macro_nq_f_proxy_return_1|macro_vix_proxy_value|macro_vix_proxy_return_1|macro_urth_proxy_value|macro_urth_proxy_return_1,direction_raw_v1,28 days 00:00:00,28 days 00:00:00,2017-08-17T00:00:00Z,2024-12-31T23:59:59Z,2025-01-01T00:00:00Z,2026-09-22T23:59:59Z,11626,3612,False,0.573397674564998,0.5866664804404047,0.5476772518535464,0.747633297549041,0.27002419445974263,0.5625692137320044,-0.003576931613069016,3612.0,0.519656699889258,0.8806755260243633,0.11932447397563677,0.0017690848729784512,0.04303326210521984,0.8560354374307863,0.0858250276854928,0.0018704251541645088,0.057258890616097624,0.7754706533776301,0.03765227021040975,0.0014821869087722694,0.07814150618791058,0.6143410852713178,0.012458471760797342,-0.00048800991747069547,0.09757436366188905,0.4230343300110742,0.0013842746400885937,0.012349104204803485,0.16548930461240746,ROBUST CANDIDATE
cbc320d554f3d04e2937,3.3.0,73026dd08db19c83059c57c75b65bcebf077280cee941bdcbc1155cb400f6517,BTC_USDT_4h_28d_crypto_core_v1+crypto_context_proxy_v1_macro_proxy_1.0.0,crypto_core_v1+crypto_context_proxy_v1,hist_gradient_boosting,final_holdout,holdout,BTC/USDT,4h,28d,42,train_only_standard_scaler_v1,btc_usdt_return_1|btc_usdt_log_return_1|btc_usdt_return_3|btc_usdt_log_return_3|btc_usdt_return_6|btc_usdt_log_return_6|btc_usdt_return_12|btc_usdt_log_return_12|btc_usdt_return_24|btc_usdt_log_return_24|btc_usdt_momentum_6|btc_usdt_momentum_12|btc_usdt_momentum_24|btc_usdt_sma_distance_20|btc_usdt_ema_distance_20|btc_usdt_sma_distance_50|btc_usdt_ema_distance_50|btc_usdt_rsi_14|btc_usdt_realized_vol_12|btc_usdt_range_12|btc_usdt_realized_vol_24|btc_usdt_range_24|btc_usdt_realized_vol_48|btc_usdt_range_48|btc_usdt_relative_volume_24|btc_usdt_range_position_20|btc_usdt_breakout_distance_20|btc_usdt_range_position_55|btc_usdt_breakout_distance_55|macro_es_f_proxy_value|macro_es_f_proxy_return_1|macro_nq_f_proxy_value|macro_nq_f_proxy_return_1|macro_vix_proxy_value|macro_vix_proxy_return_1|macro_urth_proxy_value|macro_urth_proxy_return_1,direction_raw_v1,28 days 00:00:00,28 days 00:00:00,2017-08-17T00:00:00Z,2024-12-31T23:59:59Z,2025-01-01T00:00:00Z,2026-09-22T23:59:59Z,11626,3612,False,0.5486661681910093,0.5842055249978119,0.47428694694919077,1.0863953763353784,0.36565548192814606,0.4925249169435216,-0.003576931613069016,3612.0,0.519656699889258,0.9629014396456257,0.03709856035437431,-0.007707464718335,-0.10363197988032714,0.9534883720930233,0.02630121816168328,-0.008763452702995157,-0.1029371793745665,0.9174972314507198,0.01910299003322259,-0.009628561302859993,-0.14072691282014507,0.8770764119601329,0.01522702104097453,-0.010505006188562154,-0.1549013866534798,0.8410852713178295,0.013565891472868217,-0.009829923929341323,-0.14983911679869447,ROBUST CANDIDATE
c6207e60b357cf537fdf,3.3.0,73026dd08db19c83059c57c75b65bcebf077280cee941bdcbc1155cb400f6517,BTC_USDT_4h_28d_crypto_core_v1+crypto_context_proxy_v1_macro_proxy_1.0.0,crypto_core_v1+crypto_context_proxy_v1,random_forest,final_holdout,holdout,BTC/USDT,4h,28d,42,train_only_standard_scaler_v1,btc_usdt_return_1|btc_usdt_log_return_1|btc_usdt_return_3|btc_usdt_log_return_3|btc_usdt_return_6|btc_usdt_log_return_6|btc_usdt_return_12|btc_usdt_log_return_12|btc_usdt_return_24|btc_usdt_log_return_24|btc_usdt_momentum_6|btc_usdt_momentum_12|btc_usdt_momentum_24|btc_usdt_sma_distance_20|btc_usdt_ema_distance_20|btc_usdt_sma_distance_50|btc_usdt_ema_distance_50|btc_usdt_rsi_14|btc_usdt_realized_vol_12|btc_usdt_range_12|btc_usdt_realized_vol_24|btc_usdt_range_24|btc_usdt_realized_vol_48|btc_usdt_range_48|btc_usdt_relative_volume_24|btc_usdt_range_position_20|btc_usdt_breakout_distance_20|btc_usdt_range_position_55|btc_usdt_breakout_distance_55|macro_es_f_proxy_value|macro_es_f_proxy_return_1|macro_nq_f_proxy_value|macro_nq_f_proxy_return_1|macro_vix_proxy_value|macro_vix_proxy_return_1|macro_urth_proxy_value|macro_urth_proxy_return_1,direction_raw_v1,28 days 00:00:00,28 days 00:00:00,2017-08-17T00:00:00Z,2024-12-31T23:59:59Z,2025-01-01T00:00:00Z,2026-09-22T23:59:59Z,11626,3612,False,0.5386825810393985,0.6273948347168009,0.47597244975196484,0.7382734859046076,0.2719594492896725,0.4941860465116279,-0.003576931613069016,3612.0,0.519656699889258,0.9623477297895903,0.03765227021040975,-0.008029656052272762,-0.1102294665536386,0.9263565891472868,0.02159468438538206,-0.010155814592024184,-0.1341500796091078,0.7868217054263565,0.01079734219269103,-0.008262915841623912,-0.1505481701316655,0.5362679955703211,0.004429678848283499,-0.0034229519129142013,-0.15087997593555968,0.29983388704318936,0.0013842746400885937,0.01586384313832135,-0.16061479048415764,ROBUST CANDIDATE
4206648d1e2ef5b057c8,3.3.0,73026dd08db19c83059c57c75b65bcebf077280cee941bdcbc1155cb400f6517,ETH_USDT_1h_1h_crypto_core_v1_no_macro_1.0.0,crypto_core_v1,logistic_regression,final_holdout,holdout,ETH/USDT,1h,1h,42,train_only_standard_scaler_v1,eth_usdt_return_1|eth_usdt_log_return_1|eth_usdt_return_3|eth_usdt_log_return_3|eth_usdt_return_6|eth_usdt_log_return_6|eth_usdt_return_12|eth_usdt_log_return_12|eth_usdt_return_24|eth_usdt_log_return_24|eth_usdt_momentum_6|eth_usdt_momentum_12|eth_usdt_momentum_24|eth_usdt_sma_distance_20|eth_usdt_ema_distance_20|eth_usdt_sma_distance_50|eth_usdt_ema_distance_50|eth_usdt_rsi_14|eth_usdt_realized_vol_12|eth_usdt_range_12|eth_usdt_realized_vol_24|eth_usdt_range_24|eth_usdt_realized_vol_48|eth_usdt_range_48|eth_usdt_relative_volume_24|eth_usdt_range_position_20|eth_usdt_breakout_distance_20|eth_usdt_range_position_55|eth_usdt_breakout_distance_55,direction_raw_v1,0 days 01:00:00,0 days 01:00:00,2017-08-17T00:00:00Z,2024-12-31T23:59:59Z,2025-01-01T00:00:00Z,2026-09-22T23:59:59Z,64468,15094,False,0.5296697984663383,0.5273099734913544,0.5236907054591222,0.6927143044557373,0.24977419143250432,0.523320524711806,1.3060296590494272e-05,15094.0,0.5051013647807076,0.4639591890817543,0.5360408109182456,2.200043563797966e-06,-2.246016705718e-05,0.11567510268981052,0.13535179541539685,-0.0002638278128506013,-0.0003057198788115227,0.013250298131707963,0.0045051013647807074,-0.0005009968545209314,0.0006095243289490381,0.0012587783225122566,0.00019875447197561946,0.0022404132783307,0.002106724576274662,0.00019875447197561946,0.0,0.007532703826023927,,ROBUST CANDIDATE
cfa4575d8b2f8c56cb99,3.3.0,73026dd08db19c83059c57c75b65bcebf077280cee941bdcbc1155cb400f6517,ETH_USDT_1h_1h_crypto_core_v1_no_macro_1.0.0,crypto_core_v1,hist_gradient_boosting,final_holdout,holdout,ETH/USDT,1h,1h,42,train_only_standard_scaler_v1,eth_usdt_return_1|eth_usdt_log_return_1|eth_usdt_return_3|eth_usdt_log_return_3|eth_usdt_return_6|eth_usdt_log_return_6|eth_usdt_return_12|eth_usdt_log_return_12|eth_usdt_return_24|eth_usdt_log_return_24|eth_usdt_momentum_6|eth_usdt_momentum_12|eth_usdt_momentum_24|eth_usdt_sma_distance_20|eth_usdt_ema_distance_20|eth_usdt_sma_distance_50|eth_usdt_ema_distance_50|eth_usdt_rsi_14|eth_usdt_realized_vol_12|eth_usdt_range_12|eth_usdt_realized_vol_24|eth_usdt_range_24|eth_usdt_realized_vol_48|eth_usdt_range_48|eth_usdt_relative_volume_24|eth_usdt_range_position_20|eth_usdt_breakout_distance_20|eth_usdt_range_position_55|eth_usdt_breakout_distance_55,direction_raw_v1,0 days 01:00:00,0 days 01:00:00,2017-08-17T00:00:00Z,2024-12-31T23:59:59Z,2025-01-01T00:00:00Z,2026-09-22T23:59:59Z,64468,15094,False,0.5333716555624386,0.5304629522578381,0.5238652581645223,0.6923406606762729,0.2495884487137814,0.5243805485623426,1.3060296590494272e-05,15094.0,0.5051013647807076,0.5507486418444415,0.4492513581555585,-5.7548799564794045e-05,-9.962177960758789e-05,0.202994567377766,0.1731813965814231,-0.00028834174476713935,-4.44860191075987e-05,0.015237842851464158,0.016099112230025175,-0.0006849376943268887,-0.00030345146143742814,0.00013250298131707962,0.00026500596263415925,-0.007313263579798945,0.0004938916158072071,0.0,0.0,,,ROBUST CANDIDATE
79113b9fed3bfe94a130,3.3.0,73026dd08db19c83059c57c75b65bcebf077280cee941bdcbc1155cb400f6517,ETH_USDT_1h_1h_crypto_core_v1_no_macro_1.0.0,crypto_core_v1,random_forest,final_holdout,holdout,ETH/USDT,1h,1h,42,train_only_standard_scaler_v1,eth_usdt_return_1|eth_usdt_log_return_1|eth_usdt_return_3|eth_usdt_log_return_3|eth_usdt_return_6|eth_usdt_log_return_6|eth_usdt_return_12|eth_usdt_log_return_12|eth_usdt_return_24|eth_usdt_log_return_24|eth_usdt_momentum_6|eth_usdt_momentum_12|eth_usdt_momentum_24|eth_usdt_sma_distance_20|eth_usdt_ema_distance_20|eth_usdt_sma_distance_50|eth_usdt_ema_distance_50|eth_usdt_rsi_14|eth_usdt_realized_vol_12|eth_usdt_range_12|eth_usdt_realized_vol_24|eth_usdt_range_24|eth_usdt_realized_vol_48|eth_usdt_range_48|eth_usdt_relative_volume_24|eth_usdt_range_position_20|eth_usdt_breakout_distance_20|eth_usdt_range_position_55|eth_usdt_breakout_distance_55,direction_raw_v1,0 days 01:00:00,0 days 01:00:00,2017-08-17T00:00:00Z,2024-12-31T23:59:59Z,2025-01-01T00:00:00Z,2026-09-22T23:59:59Z,64468,15094,False,0.5346334972629238,0.532435981483022,0.5279630765103085,0.693089186280142,0.24994493722808425,0.5280243805485624,1.3060296590494272e-05,15094.0,0.5051013647807076,0.5062938916125613,0.4937061083874387,-3.8909176951531095e-05,-6.635481038654336e-05,0.2228037630846694,0.24579303034318273,-0.0002550174753050525,-0.00011392653713489764,0.027163111170001326,0.034517026633099246,0.00024513932868977826,-0.0003377833569275813,0.0019212932290976546,0.004637604346097788,0.004193965391835777,-0.00147521817270382,0.00033125745329269906,0.000728766397243938,0.008000700808277462,-8.340824174978379e-05,ROBUST CANDIDATE
f20a7633bf768bc7138c,3.3.0,73026dd08db19c83059c57c75b65bcebf077280cee941bdcbc1155cb400f6517,ETH_USDT_1h_1h_crypto_core_v1+crypto_context_proxy_v1_macro_proxy_1.0.0,crypto_core_v1+crypto_context_proxy_v1,logistic_regression,final_holdout,holdout,ETH/USDT,1h,1h,42,train_only_standard_scaler_v1,eth_usdt_return_1|eth_usdt_log_return_1|eth_usdt_return_3|eth_usdt_log_return_3|eth_usdt_return_6|eth_usdt_log_return_6|eth_usdt_return_12|eth_usdt_log_return_12|eth_usdt_return_24|eth_usdt_log_return_24|eth_usdt_momentum_6|eth_usdt_momentum_12|eth_usdt_momentum_24|eth_usdt_sma_distance_20|eth_usdt_ema_distance_20|eth_usdt_sma_distance_50|eth_usdt_ema_distance_50|eth_usdt_rsi_14|eth_usdt_realized_vol_12|eth_usdt_range_12|eth_usdt_realized_vol_24|eth_usdt_range_24|eth_usdt_realized_vol_48|eth_usdt_range_48|eth_usdt_relative_volume_24|eth_usdt_range_position_20|eth_usdt_breakout_distance_20|eth_usdt_range_position_55|eth_usdt_breakout_distance_55|macro_es_f_proxy_value|macro_es_f_proxy_return_1|macro_nq_f_proxy_value|macro_nq_f_proxy_return_1|macro_vix_proxy_value|macro_vix_proxy_return_1|macro_urth_proxy_value|macro_urth_proxy_return_1,direction_raw_v1,0 days 01:00:00,0 days 01:00:00,2017-08-17T00:00:00Z,2024-12-31T23:59:59Z,2025-01-01T00:00:00Z,2026-09-22T23:59:59Z,47139,15094,False,0.5281393499847589,0.5259013537476654,0.5166467022339094,0.6942813128911853,0.2505363555509096,0.5188816748376839,1.3060296590494272e-05,15094.0,0.5051013647807076,0.7192261825891083,0.28077381741089175,-1.0487658125502857e-05,-7.338039956285502e-05,0.33987014707830926,0.03941963694183119,-6.101411247227689e-05,0.00019809877242930947,0.07612296276666225,0.0019212932290976546,-0.00025940790295493464,-0.0009088157659105664,0.005233867762024645,6.625149065853981e-05,0.0008006237683603131,0.018895265696798558,0.00033125745329269906,6.625149065853981e-05,0.007714025436492644,0.018895265696798558,ROBUST CANDIDATE
c62daef9829660804229,3.3.0,73026dd08db19c83059c57c75b65bcebf077280cee941bdcbc1155cb400f6517,ETH_USDT_1h_1h_crypto_core_v1+crypto_context_proxy_v1_macro_proxy_1.0.0,crypto_core_v1+crypto_context_proxy_v1,hist_gradient_boosting,final_holdout,holdout,ETH/USDT,1h,1h,42,train_only_standard_scaler_v1,eth_usdt_return_1|eth_usdt_log_return_1|eth_usdt_return_3|eth_usdt_log_return_3|eth_usdt_return_6|eth_usdt_log_return_6|eth_usdt_return_12|eth_usdt_log_return_12|eth_usdt_return_24|eth_usdt_log_return_24|eth_usdt_momentum_6|eth_usdt_momentum_12|eth_usdt_momentum_24|eth_usdt_sma_distance_20|eth_usdt_ema_distance_20|eth_usdt_sma_distance_50|eth_usdt_ema_distance_50|eth_usdt_rsi_14|eth_usdt_realized_vol_12|eth_usdt_range_12|eth_usdt_realized_vol_24|eth_usdt_range_24|eth_usdt_realized_vol_48|eth_usdt_range_48|eth_usdt_relative_volume_24|eth_usdt_range_position_20|eth_usdt_breakout_distance_20|eth_usdt_range_position_55|eth_usdt_breakout_distance_55|macro_es_f_proxy_value|macro_es_f_proxy_return_1|macro_nq_f_proxy_value|macro_nq_f_proxy_return_1|macro_vix_proxy_value|macro_vix_proxy_return_1|macro_urth_proxy_value|macro_urth_proxy_return_1,direction_raw_v1,0 days 01:00:00,0 days 01:00:00,2017-08-17T00:00:00Z,2024-12-31T23:59:59Z,2025-01-01T00:00:00Z,2026-09-22T23:59:59Z,47139,15094,False,0.5366818357726113,0.5372215570212004,0.5259327797373474,0.6919917291422188,0.24941575500795668,0.5263680932820989,1.3060296590494272e-05,15094.0,0.5051013647807076,0.5429309659467338,0.4570690340532662,-5.910465332172151e-05,-9.878167135938952e-05,0.21193851861666888,0.20007950178879025,-0.00014257095625705096,-0.00025683562369523995,0.020537962104147343,0.020206704650854643,0.0002147767661635871,-0.0006581953819264139,0.00019875447197561946,0.00039750894395123893,-0.0008711195645948836,0.00041335376587348094,0.0,0.0,,,ROBUST CANDIDATE
1b6d5b65c2d1a8f08d12,3.3.0,73026dd08db19c83059c57c75b65bcebf077280cee941bdcbc1155cb400f6517,ETH_USDT_1h_1h_crypto_core_v1+crypto_context_proxy_v1_macro_proxy_1.0.0,crypto_core_v1+crypto_context_proxy_v1,random_forest,final_holdout,holdout,ETH/USDT,1h,1h,42,train_only_standard_scaler_v1,eth_usdt_return_1|eth_usdt_log_return_1|eth_usdt_return_3|eth_usdt_log_return_3|eth_usdt_return_6|eth_usdt_log_return_6|eth_usdt_return_12|eth_usdt_log_return_12|eth_usdt_return_24|eth_usdt_log_return_24|eth_usdt_momentum_6|eth_usdt_momentum_12|eth_usdt_momentum_24|eth_usdt_sma_distance_20|eth_usdt_ema_distance_20|eth_usdt_sma_distance_50|eth_usdt_ema_distance_50|eth_usdt_rsi_14|eth_usdt_realized_vol_12|eth_usdt_range_12|eth_usdt_realized_vol_24|eth_usdt_range_24|eth_usdt_realized_vol_48|eth_usdt_range_48|eth_usdt_relative_volume_24|eth_usdt_range_position_20|eth_usdt_breakout_distance_20|eth_usdt_range_position_55|eth_usdt_breakout_distance_55|macro_es_f_proxy_value|macro_es_f_proxy_return_1|macro_nq_f_proxy_value|macro_nq_f_proxy_return_1|macro_vix_proxy_value|macro_vix_proxy_return_1|macro_urth_proxy_value|macro_urth_proxy_return_1,direction_raw_v1,0 days 01:00:00,0 days 01:00:00,2017-08-17T00:00:00Z,2024-12-31T23:59:59Z,2025-01-01T00:00:00Z,2026-09-22T23:59:59Z,47139,15094,False,0.5354125666710212,0.5355322435150851,0.5258671095715496,0.6928572823279082,0.24983627957929544,0.5256393268848549,1.3060296590494272e-05,15094.0,0.5051013647807076,0.47793825361070624,0.5220617463892938,-6.428070513929818e-05,-8.386460959540833e-05,0.21604611103749835,0.23022393003842587,-0.00010697949645379595,-0.00021804585871596676,0.040214654829733666,0.03617331389956274,5.988801095596237e-05,-0.00023452277395769316,0.0022525506823903537,0.003378826023585531,0.00420388155346917,-0.0010681292107454314,6.625149065853981e-05,0.00019875447197561946,0.020326505308294163,0.001347516686268313,ROBUST CANDIDATE
04ff7badcd8563de45e3,3.3.0,73026dd08db19c83059c57c75b65bcebf077280cee941bdcbc1155cb400f6517,ETH_USDT_1h_2h_crypto_core_v1_no_macro_1.0.0,crypto_core_v1,logistic_regression,final_holdout,holdout,ETH/USDT,1h,2h,42,train_only_standard_scaler_v1,eth_usdt_return_1|eth_usdt_log_return_1|eth_usdt_return_3|eth_usdt_log_return_3|eth_usdt_return_6|eth_usdt_log_return_6|eth_usdt_return_12|eth_usdt_log_return_12|eth_usdt_return_24|eth_usdt_log_return_24|eth_usdt_momentum_6|eth_usdt_momentum_12|eth_usdt_momentum_24|eth_usdt_sma_distance_20|eth_usdt_ema_distance_20|eth_usdt_sma_distance_50|eth_usdt_ema_distance_50|eth_usdt_rsi_14|eth_usdt_realized_vol_12|eth_usdt_range_12|eth_usdt_realized_vol_24|eth_usdt_range_24|eth_usdt_realized_vol_48|eth_usdt_range_48|eth_usdt_relative_volume_24|eth_usdt_range_position_20|eth_usdt_breakout_distance_20|eth_usdt_range_position_55|eth_usdt_breakout_distance_55,direction_raw_v1,0 days 02:00:00,0 days 02:00:00,2017-08-17T00:00:00Z,2024-12-31T23:59:59Z,2025-01-01T00:00:00Z,2026-09-22T23:59:59Z,64467,15093,False,0.5317210819497877,0.5296988838483463,0.5215762174685756,0.6926483538247961,0.24973947056912119,0.5211024978466839,2.6709005323328585e-05,15093.0,0.5087789041277413,0.4733982640959385,0.5266017359040615,1.8065679256942085e-06,-4.909550698489094e-05,0.1178692108924667,0.139137348439674,-0.00031296472234719806,-0.00015896837256393714,0.0126548731199894,0.007354402703239913,-0.0009688214848991088,0.00022361356200080614,0.0009938382031405286,0.0002650235208374743,0.008938511979284835,0.0028683809298521434,0.00013251176041873715,0.0,0.03772029941431276,,ROBUST CANDIDATE
abb888ab5544ff91e85b,3.3.0,73026dd08db19c83059c57c75b65bcebf077280cee941bdcbc1155cb400f6517,ETH_USDT_1h_2h_crypto_core_v1_no_macro_1.0.0,crypto_core_v1,hist_gradient_boosting,final_holdout,holdout,ETH/USDT,1h,2h,42,train_only_standard_scaler_v1,eth_usdt_return_1|eth_usdt_log_return_1|eth_usdt_return_3|eth_usdt_log_return_3|eth_usdt_return_6|eth_usdt_log_return_6|eth_usdt_return_12|eth_usdt_log_return_12|eth_usdt_return_24|eth_usdt_log_return_24|eth_usdt_momentum_6|eth_usdt_momentum_12|eth_usdt_momentum_24|eth_usdt_sma_distance_20|eth_usdt_ema_distance_20|eth_usdt_sma_distance_50|eth_usdt_ema_distance_50|eth_usdt_rsi_14|eth_usdt_realized_vol_12|eth_usdt_range_12|eth_usdt_realized_vol_24|eth_usdt_range_24|eth_usdt_realized_vol_48|eth_usdt_range_48|eth_usdt_relative_volume_24|eth_usdt_range_position_20|eth_usdt_breakout_distance_20|eth_usdt_range_position_55|eth_usdt_breakout_distance_55,direction_raw_v1,0 days 02:00:00,0 days 02:00:00,2017-08-17T00:00:00Z,2024-12-31T23:59:59Z,2025-01-01T00:00:00Z,2026-09-22T23:59:59Z,64467,15093,False,0.5347440950102917,0.5357069222120822,0.5234704649780565,0.6931245882661798,0.2499530541293148,0.5242827800967336,2.6709005323328585e-05,15093.0,0.5087789041277413,0.5466772676075001,0.4533227323924998,-9.308163425683721e-05,-0.0001711686029813157,0.26283707679056517,0.17690320015901412,-8.954128595143808e-05,-0.0001953701539357337,0.0379646193599682,0.031405287219240706,-5.1835617529836824e-05,-0.0003058624725549426,0.0032465381302590607,0.008679520307427285,0.0011591404240658613,-0.001010143901582868,0.0004637911614655801,0.0011263499635592658,0.00394332871189954,0.00196991410255457,ROBUST CANDIDATE
aebce61b3558956258d4,3.3.0,73026dd08db19c83059c57c75b65bcebf077280cee941bdcbc1155cb400f6517,ETH_USDT_1h_2h_crypto_core_v1_no_macro_1.0.0,crypto_core_v1,random_forest,final_holdout,holdout,ETH/USDT,1h,2h,42,train_only_standard_scaler_v1,eth_usdt_return_1|eth_usdt_log_return_1|eth_usdt_return_3|eth_usdt_log_return_3|eth_usdt_return_6|eth_usdt_log_return_6|eth_usdt_return_12|eth_usdt_log_return_12|eth_usdt_return_24|eth_usdt_log_return_24|eth_usdt_momentum_6|eth_usdt_momentum_12|eth_usdt_momentum_24|eth_usdt_sma_distance_20|eth_usdt_ema_distance_20|eth_usdt_sma_distance_50|eth_usdt_ema_distance_50|eth_usdt_rsi_14|eth_usdt_realized_vol_12|eth_usdt_range_12|eth_usdt_realized_vol_24|eth_usdt_range_24|eth_usdt_realized_vol_48|eth_usdt_range_48|eth_usdt_relative_volume_24|eth_usdt_range_position_20|eth_usdt_breakout_distance_20|eth_usdt_range_position_55|eth_usdt_breakout_distance_55,direction_raw_v1,0 days 02:00:00,0 days 02:00:00,2017-08-17T00:00:00Z,2024-12-31T23:59:59Z,2025-01-01T00:00:00Z,2026-09-22T23:59:59Z,64467,15093,False,0.5350327107168669,0.5357966048343726,0.5283360850905463,0.6933697552912815,0.2500755069875742,0.5282581329092957,2.6709005323328585e-05,15093.0,0.5087789041277413,0.49605777512754257,0.5039422248724574,-0.00010246957075093223,-0.00015386651243192584,0.22407738686808454,0.2490558537070165,-0.0001646737052833423,-0.0002607210751703386,0.022195719870138474,0.03491684887033724,-0.0001331127365727995,-0.0004955965571227431,0.0023189558073279004,0.007950705625124229,0.003222538108649098,-0.0013597989104243249,0.0005300470416749486,0.0004637911614655801,0.006313538231293325,-0.00311963418848839,ROBUST CANDIDATE
36db0a22d077b790f9b2,3.3.0,73026dd08db19c83059c57c75b65bcebf077280cee941bdcbc1155cb400f6517,ETH_USDT_1h_2h_crypto_core_v1+crypto_context_proxy_v1_macro_proxy_1.0.0,crypto_core_v1+crypto_context_proxy_v1,logistic_regression,final_holdout,holdout,ETH/USDT,1h,2h,42,train_only_standard_scaler_v1,eth_usdt_return_1|eth_usdt_log_return_1|eth_usdt_return_3|eth_usdt_log_return_3|eth_usdt_return_6|eth_usdt_log_return_6|eth_usdt_return_12|eth_usdt_log_return_12|eth_usdt_return_24|eth_usdt_log_return_24|eth_usdt_momentum_6|eth_usdt_momentum_12|eth_usdt_momentum_24|eth_usdt_sma_distance_20|eth_usdt_ema_distance_20|eth_usdt_sma_distance_50|eth_usdt_ema_distance_50|eth_usdt_rsi_14|eth_usdt_realized_vol_12|eth_usdt_range_12|eth_usdt_realized_vol_24|eth_usdt_range_24|eth_usdt_realized_vol_48|eth_usdt_range_48|eth_usdt_relative_volume_24|eth_usdt_range_position_20|eth_usdt_breakout_distance_20|eth_usdt_range_position_55|eth_usdt_breakout_distance_55|macro_es_f_proxy_value|macro_es_f_proxy_return_1|macro_nq_f_proxy_value|macro_nq_f_proxy_return_1|macro_vix_proxy_value|macro_vix_proxy_return_1|macro_urth_proxy_value|macro_urth_proxy_return_1,direction_raw_v1,0 days 02:00:00,0 days 02:00:00,2017-08-17T00:00:00Z,2024-12-31T23:59:59Z,2025-01-01T00:00:00Z,2026-09-22T23:59:59Z,47138,15093,False,0.5328467912288367,0.5307138617996651,0.5255502141445461,0.6925143801756131,0.24966576184808695,0.528324388789505,2.6709005323328585e-05,15093.0,0.5087789041277413,0.6584509375207049,0.34154906247929506,3.1274685056919285e-05,-1.790711876805712e-05,0.2852978201815411,0.050818260120585705,-0.0001399607982866072,0.0008546258340933757,0.05035446895912012,0.0018551646458623203,1.5845537408884649e-06,0.0007098126392492647,0.0029152587292122175,0.00013251176041873715,0.004662192271260052,0.007407042714722756,6.625588020936858e-05,0.0,0.020713194421870362,,ROBUST CANDIDATE
5d2b0657d15d5bbd7372,3.3.0,73026dd08db19c83059c57c75b65bcebf077280cee941bdcbc1155cb400f6517,ETH_USDT_1h_2h_crypto_core_v1+crypto_context_proxy_v1_macro_proxy_1.0.0,crypto_core_v1+crypto_context_proxy_v1,hist_gradient_boosting,final_holdout,holdout,ETH/USDT,1h,2h,42,train_only_standard_scaler_v1,eth_usdt_return_1|eth_usdt_log_return_1|eth_usdt_return_3|eth_usdt_log_return_3|eth_usdt_return_6|eth_usdt_log_return_6|eth_usdt_return_12|eth_usdt_log_return_12|eth_usdt_return_24|eth_usdt_log_return_24|eth_usdt_momentum_6|eth_usdt_momentum_12|eth_usdt_momentum_24|eth_usdt_sma_distance_20|eth_usdt_ema_distance_20|eth_usdt_sma_distance_50|eth_usdt_ema_distance_50|eth_usdt_rsi_14|eth_usdt_realized_vol_12|eth_usdt_range_12|eth_usdt_realized_vol_24|eth_usdt_range_24|eth_usdt_realized_vol_48|eth_usdt_range_48|eth_usdt_relative_volume_24|eth_usdt_range_position_20|eth_usdt_breakout_distance_20|eth_usdt_range_position_55|eth_usdt_breakout_distance_55|macro_es_f_proxy_value|macro_es_f_proxy_return_1|macro_nq_f_proxy_value|macro_nq_f_proxy_return_1|macro_vix_proxy_value|macro_vix_proxy_return_1|macro_urth_proxy_value|macro_urth_proxy_return_1,direction_raw_v1,0 days 02:00:00,0 days 02:00:00,2017-08-17T00:00:00Z,2024-12-31T23:59:59Z,2025-01-01T00:00:00Z,2026-09-22T23:59:59Z,47138,15093,False,0.5316565928546539,0.5302369292232333,0.524043419366921,0.6947725960610007,0.25075315989617847,0.5266679917842708,2.6709005323328585e-05,15093.0,0.5087789041277413,0.6499039289736964,0.3500960710263036,-2.384013063023979e-05,-0.00012054633964743006,0.3783210759954946,0.12542238123633473,-1.75032424679749e-05,-0.0005244715090949491,0.08924667064201948,0.025442258000397535,0.00022179809598257632,-0.0005003245230126397,0.006426820380308752,0.004505399854237063,-0.0012694516165771077,0.000384507775892701,0.0003312794010468429,0.0009938382031405286,-0.002027085440457932,-0.0004888949401509783,ROBUST CANDIDATE
2fe2d797450c7b785880,3.3.0,73026dd08db19c83059c57c75b65bcebf077280cee941bdcbc1155cb400f6517,ETH_USDT_1h_2h_crypto_core_v1+crypto_context_proxy_v1_macro_proxy_1.0.0,crypto_core_v1+crypto_context_proxy_v1,random_forest,final_holdout,holdout,ETH/USDT,1h,2h,42,train_only_standard_scaler_v1,eth_usdt_return_1|eth_usdt_log_return_1|eth_usdt_return_3|eth_usdt_log_return_3|eth_usdt_return_6|eth_usdt_log_return_6|eth_usdt_return_12|eth_usdt_log_return_12|eth_usdt_return_24|eth_usdt_log_return_24|eth_usdt_momentum_6|eth_usdt_momentum_12|eth_usdt_momentum_24|eth_usdt_sma_distance_20|eth_usdt_ema_distance_20|eth_usdt_sma_distance_50|eth_usdt_ema_distance_50|eth_usdt_rsi_14|eth_usdt_realized_vol_12|eth_usdt_range_12|eth_usdt_realized_vol_24|eth_usdt_range_24|eth_usdt_realized_vol_48|eth_usdt_range_48|eth_usdt_relative_volume_24|eth_usdt_range_position_20|eth_usdt_breakout_distance_20|eth_usdt_range_position_55|eth_usdt_breakout_distance_55|macro_es_f_proxy_value|macro_es_f_proxy_return_1|macro_nq_f_proxy_value|macro_nq_f_proxy_return_1|macro_vix_proxy_value|macro_vix_proxy_return_1|macro_urth_proxy_value|macro_urth_proxy_return_1,direction_raw_v1,0 days 02:00:00,0 days 02:00:00,2017-08-17T00:00:00Z,2024-12-31T23:59:59Z,2025-01-01T00:00:00Z,2026-09-22T23:59:59Z,47138,15093,False,0.5367270446661502,0.5369137364964771,0.5287051299314309,0.6920616103353562,0.24943793836277406,0.5295169946332737,2.6709005323328585e-05,15093.0,0.5087789041277413,0.5467435234877095,0.45325647651229045,-4.860497636683029e-05,-0.00011755697738986725,0.2089710461803485,0.14476909825747036,0.00022468736134159846,-0.00026419199562499623,0.012721129000198768,0.0172927847346452,0.0008293219839665278,-0.0005292159585621118,0.001590141125024846,0.0035778175313059034,0.003955477142126092,-0.002044667254397791,0.00019876764062810574,0.0,0.00012780640207880425,,ROBUST CANDIDATE
988b1ff015f05707dd92,3.3.0,73026dd08db19c83059c57c75b65bcebf077280cee941bdcbc1155cb400f6517,ETH_USDT_1h_4h_crypto_core_v1_no_macro_1.0.0,crypto_core_v1,logistic_regression,final_holdout,holdout,ETH/USDT,1h,4h,42,train_only_standard_scaler_v1,eth_usdt_return_1|eth_usdt_log_return_1|eth_usdt_return_3|eth_usdt_log_return_3|eth_usdt_return_6|eth_usdt_log_return_6|eth_usdt_return_12|eth_usdt_log_return_12|eth_usdt_return_24|eth_usdt_log_return_24|eth_usdt_momentum_6|eth_usdt_momentum_12|eth_usdt_momentum_24|eth_usdt_sma_distance_20|eth_usdt_ema_distance_20|eth_usdt_sma_distance_50|eth_usdt_ema_distance_50|eth_usdt_rsi_14|eth_usdt_realized_vol_12|eth_usdt_range_12|eth_usdt_realized_vol_24|eth_usdt_range_24|eth_usdt_realized_vol_48|eth_usdt_range_48|eth_usdt_relative_volume_24|eth_usdt_range_position_20|eth_usdt_breakout_distance_20|eth_usdt_range_position_55|eth_usdt_breakout_distance_55,direction_raw_v1,0 days 04:00:00,0 days 04:00:00,2017-08-17T00:00:00Z,2024-12-31T23:59:59Z,2025-01-01T00:00:00Z,2026-09-22T23:59:59Z,64465,15091,False,0.5267550825444066,0.5237455701916678,0.5184645128674659,0.6930927131938942,0.24996834431957166,0.517659532171493,5.304751658855979e-05,15091.0,0.5077198330130541,0.44814790272347754,0.5518520972765224,-5.3085474303352594e-06,-0.00010043729336086849,0.09555364124312504,0.1161619508316215,-0.0010486172596347154,0.0003591792734952153,0.011530051023789014,0.0059638194950632824,0.0002851300160635796,0.004078828602892677,0.0010602345769001392,0.0003313233052812935,0.016048433049047968,0.014455071537896002,0.0001325293221125174,0.0,0.04622292645076165,,ROBUST CANDIDATE
174ea0ab34466533a5ac,3.3.0,73026dd08db19c83059c57c75b65bcebf077280cee941bdcbc1155cb400f6517,ETH_USDT_1h_4h_crypto_core_v1_no_macro_1.0.0,crypto_core_v1,hist_gradient_boosting,final_holdout,holdout,ETH/USDT,1h,4h,42,train_only_standard_scaler_v1,eth_usdt_return_1|eth_usdt_log_return_1|eth_usdt_return_3|eth_usdt_log_return_3|eth_usdt_return_6|eth_usdt_log_return_6|eth_usdt_return_12|eth_usdt_log_return_12|eth_usdt_return_24|eth_usdt_log_return_24|eth_usdt_momentum_6|eth_usdt_momentum_12|eth_usdt_momentum_24|eth_usdt_sma_distance_20|eth_usdt_ema_distance_20|eth_usdt_sma_distance_50|eth_usdt_ema_distance_50|eth_usdt_rsi_14|eth_usdt_realized_vol_12|eth_usdt_range_12|eth_usdt_realized_vol_24|eth_usdt_range_24|eth_usdt_realized_vol_48|eth_usdt_range_48|eth_usdt_relative_volume_24|eth_usdt_range_position_20|eth_usdt_breakout_distance_20|eth_usdt_range_position_55|eth_usdt_breakout_distance_55,direction_raw_v1,0 days 04:00:00,0 days 04:00:00,2017-08-17T00:00:00Z,2024-12-31T23:59:59Z,2025-01-01T00:00:00Z,2026-09-22T23:59:59Z,64465,15091,False,0.5210541371744747,0.5217203122283838,0.5169822303537264,0.697636732863432,0.2521029579564617,0.5177920614936055,5.304751658855979e-05,15091.0,0.5077198330130541,0.5527135378702538,0.4472864621297462,-0.00016935256371907733,-0.00032786811952870804,0.25246835862434563,0.15830627526340202,-0.00014292092583244656,-8.463033646756362e-05,0.05168643562388178,0.04207805977072427,-0.0008628367527821814,-0.0001921397981024381,0.00510237890133192,0.01736134119673978,0.0027247534680021786,-0.0005412469490420666,0.0010602345769001392,0.00715658339407594,0.0030807969702661905,-0.0005060957737840355,ROBUST CANDIDATE
728391730516dd76f6ba,3.3.0,73026dd08db19c83059c57c75b65bcebf077280cee941bdcbc1155cb400f6517,ETH_USDT_1h_4h_crypto_core_v1_no_macro_1.0.0,crypto_core_v1,random_forest,final_holdout,holdout,ETH/USDT,1h,4h,42,train_only_standard_scaler_v1,eth_usdt_return_1|eth_usdt_log_return_1|eth_usdt_return_3|eth_usdt_log_return_3|eth_usdt_return_6|eth_usdt_log_return_6|eth_usdt_return_12|eth_usdt_log_return_12|eth_usdt_return_24|eth_usdt_log_return_24|eth_usdt_momentum_6|eth_usdt_momentum_12|eth_usdt_momentum_24|eth_usdt_sma_distance_20|eth_usdt_ema_distance_20|eth_usdt_sma_distance_50|eth_usdt_ema_distance_50|eth_usdt_rsi_14|eth_usdt_realized_vol_12|eth_usdt_range_12|eth_usdt_realized_vol_24|eth_usdt_range_24|eth_usdt_realized_vol_48|eth_usdt_range_48|eth_usdt_relative_volume_24|eth_usdt_range_position_20|eth_usdt_breakout_distance_20|eth_usdt_range_position_55|eth_usdt_breakout_distance_55,direction_raw_v1,0 days 04:00:00,0 days 04:00:00,2017-08-17T00:00:00Z,2024-12-31T23:59:59Z,2025-01-01T00:00:00Z,2026-09-22T23:59:59Z,64465,15091,False,0.5266798906090859,0.5272086355092491,0.5226349773417536,0.6960220289105891,0.2513406250785411,0.5224305877675436,5.304751658855979e-05,15091.0,0.5077198330130541,0.48711152342455766,0.5128884765754423,3.0465227350353128e-06,-0.00010053554059595742,0.19567954409913194,0.2245709363196607,-3.965406063499458e-05,-6.580638385548269e-05,0.03001789145848519,0.03624676959777351,0.00058866320111312,-0.000442505185821064,0.004969849579219403,0.013915578821814326,0.0003361890190653257,-0.0014641989648350152,0.0011264992379563978,0.0027168511033066065,0.007437290205588411,-0.0035735662296132753,ROBUST CANDIDATE
a019005b98d8932ddfba,3.3.0,73026dd08db19c83059c57c75b65bcebf077280cee941bdcbc1155cb400f6517,ETH_USDT_1h_4h_crypto_core_v1+crypto_context_proxy_v1_macro_proxy_1.0.0,crypto_core_v1+crypto_context_proxy_v1,logistic_regression,final_holdout,holdout,ETH/USDT,1h,4h,42,train_only_standard_scaler_v1,eth_usdt_return_1|eth_usdt_log_return_1|eth_usdt_return_3|eth_usdt_log_return_3|eth_usdt_return_6|eth_usdt_log_return_6|eth_usdt_return_12|eth_usdt_log_return_12|eth_usdt_return_24|eth_usdt_log_return_24|eth_usdt_momentum_6|eth_usdt_momentum_12|eth_usdt_momentum_24|eth_usdt_sma_distance_20|eth_usdt_ema_distance_20|eth_usdt_sma_distance_50|eth_usdt_ema_distance_50|eth_usdt_rsi_14|eth_usdt_realized_vol_12|eth_usdt_range_12|eth_usdt_realized_vol_24|eth_usdt_range_24|eth_usdt_realized_vol_48|eth_usdt_range_48|eth_usdt_relative_volume_24|eth_usdt_range_position_20|eth_usdt_breakout_distance_20|eth_usdt_range_position_55|eth_usdt_breakout_distance_55|macro_es_f_proxy_value|macro_es_f_proxy_return_1|macro_nq_f_proxy_value|macro_nq_f_proxy_return_1|macro_vix_proxy_value|macro_vix_proxy_return_1|macro_urth_proxy_value|macro_urth_proxy_return_1,direction_raw_v1,0 days 04:00:00,0 days 04:00:00,2017-08-17T00:00:00Z,2024-12-31T23:59:59Z,2025-01-01T00:00:00Z,2026-09-22T23:59:59Z,47136,15091,False,0.529696404831131,0.5275919518350173,0.5242130153796671,0.6925950649316172,0.24971552751387258,0.5252799681929627,5.304751658855979e-05,15091.0,0.5077198330130541,0.5694784971174872,0.43052150288251273,0.00018226391401086152,0.00011787532771608251,0.2035650387648267,0.07607183089258499,-0.00048305079762625737,0.001909289399886088,0.0346564177324233,0.0038433503412630046,0.0009119092006965587,0.007687460544386904,0.004505996951825591,0.0004638526273938109,0.010124237914721232,-0.0003303424705535082,0.0004638526273938109,0.0,0.024910820014461148,,ROBUST CANDIDATE
48b4dac4e472d31bf15f,3.3.0,73026dd08db19c83059c57c75b65bcebf077280cee941bdcbc1155cb400f6517,ETH_USDT_1h_4h_crypto_core_v1+crypto_context_proxy_v1_macro_proxy_1.0.0,crypto_core_v1+crypto_context_proxy_v1,hist_gradient_boosting,final_holdout,holdout,ETH/USDT,1h,4h,42,train_only_standard_scaler_v1,eth_usdt_return_1|eth_usdt_log_return_1|eth_usdt_return_3|eth_usdt_log_return_3|eth_usdt_return_6|eth_usdt_log_return_6|eth_usdt_return_12|eth_usdt_log_return_12|eth_usdt_return_24|eth_usdt_log_return_24|eth_usdt_momentum_6|eth_usdt_momentum_12|eth_usdt_momentum_24|eth_usdt_sma_distance_20|eth_usdt_ema_distance_20|eth_usdt_sma_distance_50|eth_usdt_ema_distance_50|eth_usdt_rsi_14|eth_usdt_realized_vol_12|eth_usdt_range_12|eth_usdt_realized_vol_24|eth_usdt_range_24|eth_usdt_realized_vol_48|eth_usdt_range_48|eth_usdt_relative_volume_24|eth_usdt_range_position_20|eth_usdt_breakout_distance_20|eth_usdt_range_position_55|eth_usdt_breakout_distance_55|macro_es_f_proxy_value|macro_es_f_proxy_return_1|macro_nq_f_proxy_value|macro_nq_f_proxy_return_1|macro_vix_proxy_value|macro_vix_proxy_return_1|macro_urth_proxy_value|macro_urth_proxy_return_1,direction_raw_v1,0 days 04:00:00,0 days 04:00:00,2017-08-17T00:00:00Z,2024-12-31T23:59:59Z,2025-01-01T00:00:00Z,2026-09-22T23:59:59Z,47136,15091,False,0.5203386455030181,0.524577816264563,0.5138265759149199,0.6976407975067859,0.2521357398379441,0.5154065336955801,5.304751658855979e-05,15091.0,0.5077198330130541,0.6025445629845604,0.39745543701543967,2.4478264529186657e-05,-9.635865513072048e-05,0.2751308727055861,0.15890265721290836,0.00010105380631824066,0.0003738826270555193,0.07077065800808428,0.04519249884036843,6.51214900592259e-05,-0.00011880771024362639,0.012722814922801669,0.01225896229540786,0.0013261830777404563,-0.0008787259341329335,0.0011927638990126565,0.002385527798025313,-0.0015669751259407962,-0.00018319199332524842,ROBUST CANDIDATE
36c6fe901d8e74227a6d,3.3.0,73026dd08db19c83059c57c75b65bcebf077280cee941bdcbc1155cb400f6517,ETH_USDT_1h_4h_crypto_core_v1+crypto_context_proxy_v1_macro_proxy_1.0.0,crypto_core_v1+crypto_context_proxy_v1,random_forest,final_holdout,holdout,ETH/USDT,1h,4h,42,train_only_standard_scaler_v1,eth_usdt_return_1|eth_usdt_log_return_1|eth_usdt_return_3|eth_usdt_log_return_3|eth_usdt_return_6|eth_usdt_log_return_6|eth_usdt_return_12|eth_usdt_log_return_12|eth_usdt_return_24|eth_usdt_log_return_24|eth_usdt_momentum_6|eth_usdt_momentum_12|eth_usdt_momentum_24|eth_usdt_sma_distance_20|eth_usdt_ema_distance_20|eth_usdt_sma_distance_50|eth_usdt_ema_distance_50|eth_usdt_rsi_14|eth_usdt_realized_vol_12|eth_usdt_range_12|eth_usdt_realized_vol_24|eth_usdt_range_24|eth_usdt_realized_vol_48|eth_usdt_range_48|eth_usdt_relative_volume_24|eth_usdt_range_position_20|eth_usdt_breakout_distance_20|eth_usdt_range_position_55|eth_usdt_breakout_distance_55|macro_es_f_proxy_value|macro_es_f_proxy_return_1|macro_nq_f_proxy_value|macro_nq_f_proxy_return_1|macro_vix_proxy_value|macro_vix_proxy_return_1|macro_urth_proxy_value|macro_urth_proxy_return_1,direction_raw_v1,0 days 04:00:00,0 days 04:00:00,2017-08-17T00:00:00Z,2024-12-31T23:59:59Z,2025-01-01T00:00:00Z,2026-09-22T23:59:59Z,47136,15091,False,0.5260436930497951,0.5266798331601172,0.5228827154436049,0.6958544042781086,0.2512653154600652,0.5218342058180372,5.304751658855979e-05,15091.0,0.5077198330130541,0.43244317805314425,0.5675568219468557,0.00014876829551642334,1.9885793777259004e-05,0.1192101252402094,0.1915711351136439,0.0002870966933455672,-0.0001221696426875816,0.020144456961102643,0.03651182824199854,0.000568874578055286,-0.0008730390901125016,0.004771055596050626,0.012060168312239083,-0.00011799489254304653,6.0589198286526784e-05,0.001325293221125174,0.001987939831687761,0.00509764246038788,-0.0016390099257459674,ROBUST CANDIDATE
1abad957d0a6ecd2c369,3.3.0,73026dd08db19c83059c57c75b65bcebf077280cee941bdcbc1155cb400f6517,ETH_USDT_1h_8h_crypto_core_v1_no_macro_1.0.0,crypto_core_v1,logistic_regression,final_holdout,holdout,ETH/USDT,1h,8h,42,train_only_standard_scaler_v1,eth_usdt_return_1|eth_usdt_log_return_1|eth_usdt_return_3|eth_usdt_log_return_3|eth_usdt_return_6|eth_usdt_log_return_6|eth_usdt_return_12|eth_usdt_log_return_12|eth_usdt_return_24|eth_usdt_log_return_24|eth_usdt_momentum_6|eth_usdt_momentum_12|eth_usdt_momentum_24|eth_usdt_sma_distance_20|eth_usdt_ema_distance_20|eth_usdt_sma_distance_50|eth_usdt_ema_distance_50|eth_usdt_rsi_14|eth_usdt_realized_vol_12|eth_usdt_range_12|eth_usdt_realized_vol_24|eth_usdt_range_24|eth_usdt_realized_vol_48|eth_usdt_range_48|eth_usdt_relative_volume_24|eth_usdt_range_position_20|eth_usdt_breakout_distance_20|eth_usdt_range_position_55|eth_usdt_breakout_distance_55,direction_raw_v1,0 days 08:00:00,0 days 08:00:00,2017-08-17T00:00:00Z,2024-12-31T23:59:59Z,2025-01-01T00:00:00Z,2026-09-22T23:59:59Z,64461,15087,False,0.509262917071488,0.5191348468089378,0.504197207640213,0.6955069871643283,0.25117199022033443,0.5016901968582224,0.00011086251839270846,15087.0,0.5132233048319745,0.40531583482468353,0.5946841651753165,-8.578815555768885e-06,-0.00019226953545634434,0.09087293696559952,0.11128786372373567,-0.0012420990964207754,0.0011399225346169625,0.014118114933386359,0.006429376284218201,0.0022455719876424457,0.006149294597334969,0.0028501358785709553,0.0007953867568104991,0.00781848009061619,0.04230341079699213,0.0006628222973420826,6.628222973420826e-05,0.0038449775283197598,0.038931532470140806,ROBUST CANDIDATE
6774890691207de77329,3.3.0,73026dd08db19c83059c57c75b65bcebf077280cee941bdcbc1155cb400f6517,ETH_USDT_1h_8h_crypto_core_v1_no_macro_1.0.0,crypto_core_v1,hist_gradient_boosting,final_holdout,holdout,ETH/USDT,1h,8h,42,train_only_standard_scaler_v1,eth_usdt_return_1|eth_usdt_log_return_1|eth_usdt_return_3|eth_usdt_log_return_3|eth_usdt_return_6|eth_usdt_log_return_6|eth_usdt_return_12|eth_usdt_log_return_12|eth_usdt_return_24|eth_usdt_log_return_24|eth_usdt_momentum_6|eth_usdt_momentum_12|eth_usdt_momentum_24|eth_usdt_sma_distance_20|eth_usdt_ema_distance_20|eth_usdt_sma_distance_50|eth_usdt_ema_distance_50|eth_usdt_rsi_14|eth_usdt_realized_vol_12|eth_usdt_range_12|eth_usdt_realized_vol_24|eth_usdt_range_24|eth_usdt_realized_vol_48|eth_usdt_range_48|eth_usdt_relative_volume_24|eth_usdt_range_position_20|eth_usdt_breakout_distance_20|eth_usdt_range_position_55|eth_usdt_breakout_distance_55,direction_raw_v1,0 days 08:00:00,0 days 08:00:00,2017-08-17T00:00:00Z,2024-12-31T23:59:59Z,2025-01-01T00:00:00Z,2026-09-22T23:59:59Z,64461,15087,False,0.5093339718325949,0.5233927623821906,0.5068908698052383,0.700471538278743,0.25347862987300734,0.5081858553721748,0.00011086251839270846,15087.0,0.5132233048319745,0.5491482733479154,0.45085172665208456,2.02132757474935e-05,-0.000221275481538196,0.2279445880559422,0.17922714920129912,0.0001780779275316351,-0.0004824516891838807,0.05282693709816398,0.0481871810167694,0.0020061553178862567,-0.002442839953749883,0.010538874527739113,0.016570557433552065,0.005740663881419195,-0.001811138014190194,0.0011267979054815404,0.006429376284218201,-0.005924876525101508,-0.0017889868592521978,ROBUST CANDIDATE
78c1eff6d82425dd5c2e,3.3.0,73026dd08db19c83059c57c75b65bcebf077280cee941bdcbc1155cb400f6517,ETH_USDT_1h_8h_crypto_core_v1_no_macro_1.0.0,crypto_core_v1,random_forest,final_holdout,holdout,ETH/USDT,1h,8h,42,train_only_standard_scaler_v1,eth_usdt_return_1|eth_usdt_log_return_1|eth_usdt_return_3|eth_usdt_log_return_3|eth_usdt_return_6|eth_usdt_log_return_6|eth_usdt_return_12|eth_usdt_log_return_12|eth_usdt_return_24|eth_usdt_log_return_24|eth_usdt_momentum_6|eth_usdt_momentum_12|eth_usdt_momentum_24|eth_usdt_sma_distance_20|eth_usdt_ema_distance_20|eth_usdt_sma_distance_50|eth_usdt_ema_distance_50|eth_usdt_rsi_14|eth_usdt_realized_vol_12|eth_usdt_range_12|eth_usdt_realized_vol_24|eth_usdt_range_24|eth_usdt_realized_vol_48|eth_usdt_range_48|eth_usdt_relative_volume_24|eth_usdt_range_position_20|eth_usdt_breakout_distance_20|eth_usdt_range_position_55|eth_usdt_breakout_distance_55,direction_raw_v1,0 days 08:00:00,0 days 08:00:00,2017-08-17T00:00:00Z,2024-12-31T23:59:59Z,2025-01-01T00:00:00Z,2026-09-22T23:59:59Z,64461,15087,False,0.5141854882208599,0.5270064406228832,0.5132409021768767,0.6999510760256534,0.25323137167840776,0.5124279180751641,0.00011086251839270846,15087.0,0.5132233048319745,0.4696095976668655,0.5303904023331345,0.00014405277741590182,-8.147574193940637e-05,0.17869689136342545,0.2423941141379996,-2.008467578687198e-05,7.882582280988433e-05,0.041824086962285414,0.05256180817922715,0.002898835675585019,-0.0006861977830946727,0.010804003446675946,0.020083515609465103,0.005372262416263726,-0.00312190026613977,0.0019221846622920395,0.005700271757141911,0.007068773583859297,-0.006147738362218197,ROBUST CANDIDATE
c096c7c29b22a9a2fcd2,3.3.0,73026dd08db19c83059c57c75b65bcebf077280cee941bdcbc1155cb400f6517,ETH_USDT_1h_8h_crypto_core_v1+crypto_context_proxy_v1_macro_proxy_1.0.0,crypto_core_v1+crypto_context_proxy_v1,logistic_regression,final_holdout,holdout,ETH/USDT,1h,8h,42,train_only_standard_scaler_v1,eth_usdt_return_1|eth_usdt_log_return_1|eth_usdt_return_3|eth_usdt_log_return_3|eth_usdt_return_6|eth_usdt_log_return_6|eth_usdt_return_12|eth_usdt_log_return_12|eth_usdt_return_24|eth_usdt_log_return_24|eth_usdt_momentum_6|eth_usdt_momentum_12|eth_usdt_momentum_24|eth_usdt_sma_distance_20|eth_usdt_ema_distance_20|eth_usdt_sma_distance_50|eth_usdt_ema_distance_50|eth_usdt_rsi_14|eth_usdt_realized_vol_12|eth_usdt_range_12|eth_usdt_realized_vol_24|eth_usdt_range_24|eth_usdt_realized_vol_48|eth_usdt_range_48|eth_usdt_relative_volume_24|eth_usdt_range_position_20|eth_usdt_breakout_distance_20|eth_usdt_range_position_55|eth_usdt_breakout_distance_55|macro_es_f_proxy_value|macro_es_f_proxy_return_1|macro_nq_f_proxy_value|macro_nq_f_proxy_return_1|macro_vix_proxy_value|macro_vix_proxy_return_1|macro_urth_proxy_value|macro_urth_proxy_return_1,direction_raw_v1,0 days 08:00:00,0 days 08:00:00,2017-08-17T00:00:00Z,2024-12-31T23:59:59Z,2025-01-01T00:00:00Z,2026-09-22T23:59:59Z,47132,15087,False,0.5184583404731014,0.5270983272425199,0.5134558338165867,0.6943907052546273,0.2505952344425517,0.5175316497646981,0.00011086251839270846,15087.0,0.5132233048319745,0.6544707363955723,0.34552926360442765,0.00032550471958776644,0.00029569360947991785,0.2607542917743753,0.05561079074700073,-0.00014240318846469596,0.0031238972204974597,0.0562073308146086,0.005435142838205077,-9.173605529960663e-05,0.006435553801625881,0.008417843176244449,0.00046397560813945783,0.006990615304553603,0.019273138201068334,0.000994233446013124,0.0,0.008696246285577377,,ROBUST CANDIDATE
7d968b2078ab7271c9f8,3.3.0,73026dd08db19c83059c57c75b65bcebf077280cee941bdcbc1155cb400f6517,ETH_USDT_1h_8h_crypto_core_v1+crypto_context_proxy_v1_macro_proxy_1.0.0,crypto_core_v1+crypto_context_proxy_v1,hist_gradient_boosting,final_holdout,holdout,ETH/USDT,1h,8h,42,train_only_standard_scaler_v1,eth_usdt_return_1|eth_usdt_log_return_1|eth_usdt_return_3|eth_usdt_log_return_3|eth_usdt_return_6|eth_usdt_log_return_6|eth_usdt_return_12|eth_usdt_log_return_12|eth_usdt_return_24|eth_usdt_log_return_24|eth_usdt_momentum_6|eth_usdt_momentum_12|eth_usdt_momentum_24|eth_usdt_sma_distance_20|eth_usdt_ema_distance_20|eth_usdt_sma_distance_50|eth_usdt_ema_distance_50|eth_usdt_rsi_14|eth_usdt_realized_vol_12|eth_usdt_range_12|eth_usdt_realized_vol_24|eth_usdt_range_24|eth_usdt_realized_vol_48|eth_usdt_range_48|eth_usdt_relative_volume_24|eth_usdt_range_position_20|eth_usdt_breakout_distance_20|eth_usdt_range_position_55|eth_usdt_breakout_distance_55|macro_es_f_proxy_value|macro_es_f_proxy_return_1|macro_nq_f_proxy_value|macro_nq_f_proxy_return_1|macro_vix_proxy_value|macro_vix_proxy_return_1|macro_urth_proxy_value|macro_urth_proxy_return_1,direction_raw_v1,0 days 08:00:00,0 days 08:00:00,2017-08-17T00:00:00Z,2024-12-31T23:59:59Z,2025-01-01T00:00:00Z,2026-09-22T23:59:59Z,47132,15087,False,0.5135708966310706,0.5239366899847102,0.512977302290325,0.7027546693986377,0.2545484803164693,0.5153443361834692,0.00011086251839270846,15087.0,0.5132233048319745,0.5898455624047193,0.4101544375952807,4.182931135955526e-06,-0.00026427907414543065,0.3404918141446278,0.22509445217737126,-0.00046325590255985697,-0.0002508846500807274,0.10300258500695963,0.10227348047988334,-0.0008480300256378603,-0.0008132702141313381,0.014118114933386359,0.03579240405647246,0.005416486746731865,-0.0010886792294376333,0.0010605156757473322,0.01179823689268907,0.016853538872174632,0.0005465109078991554,ROBUST CANDIDATE
39de8997fb5a40071b88,3.3.0,73026dd08db19c83059c57c75b65bcebf077280cee941bdcbc1155cb400f6517,ETH_USDT_1h_8h_crypto_core_v1+crypto_context_proxy_v1_macro_proxy_1.0.0,crypto_core_v1+crypto_context_proxy_v1,random_forest,final_holdout,holdout,ETH/USDT,1h,8h,42,train_only_standard_scaler_v1,eth_usdt_return_1|eth_usdt_log_return_1|eth_usdt_return_3|eth_usdt_log_return_3|eth_usdt_return_6|eth_usdt_log_return_6|eth_usdt_return_12|eth_usdt_log_return_12|eth_usdt_return_24|eth_usdt_log_return_24|eth_usdt_momentum_6|eth_usdt_momentum_12|eth_usdt_momentum_24|eth_usdt_sma_distance_20|eth_usdt_ema_distance_20|eth_usdt_sma_distance_50|eth_usdt_ema_distance_50|eth_usdt_rsi_14|eth_usdt_realized_vol_12|eth_usdt_range_12|eth_usdt_realized_vol_24|eth_usdt_range_24|eth_usdt_realized_vol_48|eth_usdt_range_48|eth_usdt_relative_volume_24|eth_usdt_range_position_20|eth_usdt_breakout_distance_20|eth_usdt_range_position_55|eth_usdt_breakout_distance_55|macro_es_f_proxy_value|macro_es_f_proxy_return_1|macro_nq_f_proxy_value|macro_nq_f_proxy_return_1|macro_vix_proxy_value|macro_vix_proxy_return_1|macro_urth_proxy_value|macro_urth_proxy_return_1,direction_raw_v1,0 days 08:00:00,0 days 08:00:00,2017-08-17T00:00:00Z,2024-12-31T23:59:59Z,2025-01-01T00:00:00Z,2026-09-22T23:59:59Z,47132,15087,False,0.5209085295116511,0.5312196893110376,0.5191736537914491,0.6956624169411115,0.2512200199483402,0.5173328030754955,0.00011086251839270846,15087.0,0.5132233048319745,0.4309007755020879,0.5690992244979121,0.0005884014015140633,0.00025071217053949826,0.13959037582024258,0.205607476635514,0.00019147267916431253,0.0006416721605236155,0.031086365745343673,0.024855836150328096,0.0027725320494339156,0.0005515683638250734,0.005700271757141911,0.002585006959634122,0.009824918087085127,0.00944987264005967,0.0013919268244183733,6.628222973420826e-05,0.015651102444118943,0.024865835259066826,ROBUST CANDIDATE
7f327dd97c66ba74ce42,3.3.0,73026dd08db19c83059c57c75b65bcebf077280cee941bdcbc1155cb400f6517,ETH_USDT_1h_12h_crypto_core_v1_no_macro_1.0.0,crypto_core_v1,logistic_regression,final_holdout,holdout,ETH/USDT,1h,12h,42,train_only_standard_scaler_v1,eth_usdt_return_1|eth_usdt_log_return_1|eth_usdt_return_3|eth_usdt_log_return_3|eth_usdt_return_6|eth_usdt_log_return_6|eth_usdt_return_12|eth_usdt_log_return_12|eth_usdt_return_24|eth_usdt_log_return_24|eth_usdt_momentum_6|eth_usdt_momentum_12|eth_usdt_momentum_24|eth_usdt_sma_distance_20|eth_usdt_ema_distance_20|eth_usdt_sma_distance_50|eth_usdt_ema_distance_50|eth_usdt_rsi_14|eth_usdt_realized_vol_12|eth_usdt_range_12|eth_usdt_realized_vol_24|eth_usdt_range_24|eth_usdt_realized_vol_48|eth_usdt_range_48|eth_usdt_relative_volume_24|eth_usdt_range_position_20|eth_usdt_breakout_distance_20|eth_usdt_range_position_55|eth_usdt_breakout_distance_55,direction_raw_v1,0 days 12:00:00,0 days 12:00:00,2017-08-17T00:00:00Z,2024-12-31T23:59:59Z,2025-01-01T00:00:00Z,2026-09-22T23:59:59Z,64457,15083,False,0.5039234696185537,0.5163901499087452,0.49876652960168777,0.6965208981381377,0.2516617425889311,0.49552476297818737,0.00016620410665500016,15083.0,0.5164755022210435,0.4015779354239873,0.5984220645760128,-0.0001777380270253132,-0.00039701038891753717,0.08943844062852217,0.1211297487237287,-0.0010172833084886724,0.0011966684413454909,0.015779354239872704,0.00795597692766691,0.004696019334701496,0.007091709558714831,0.0032486905787973215,0.0013259961546111516,0.019014265220229695,0.02177345276451666,0.001127096731419479,0.00019889942319167275,0.007886856820216007,0.04191133192559989,ROBUST CANDIDATE
3efd0e96fe13682b0116,3.3.0,73026dd08db19c83059c57c75b65bcebf077280cee941bdcbc1155cb400f6517,ETH_USDT_1h_12h_crypto_core_v1_no_macro_1.0.0,crypto_core_v1,hist_gradient_boosting,final_holdout,holdout,ETH/USDT,1h,12h,42,train_only_standard_scaler_v1,eth_usdt_return_1|eth_usdt_log_return_1|eth_usdt_return_3|eth_usdt_log_return_3|eth_usdt_return_6|eth_usdt_log_return_6|eth_usdt_return_12|eth_usdt_log_return_12|eth_usdt_return_24|eth_usdt_log_return_24|eth_usdt_momentum_6|eth_usdt_momentum_12|eth_usdt_momentum_24|eth_usdt_sma_distance_20|eth_usdt_ema_distance_20|eth_usdt_sma_distance_50|eth_usdt_ema_distance_50|eth_usdt_rsi_14|eth_usdt_realized_vol_12|eth_usdt_range_12|eth_usdt_realized_vol_24|eth_usdt_range_24|eth_usdt_realized_vol_48|eth_usdt_range_48|eth_usdt_relative_volume_24|eth_usdt_range_position_20|eth_usdt_breakout_distance_20|eth_usdt_range_position_55|eth_usdt_breakout_distance_55,direction_raw_v1,0 days 12:00:00,0 days 12:00:00,2017-08-17T00:00:00Z,2024-12-31T23:59:59Z,2025-01-01T00:00:00Z,2026-09-22T23:59:59Z,64457,15083,False,0.5121740614340478,0.527452121554804,0.5084882421060024,0.6991397005909412,0.25287823826580297,0.5098455214479878,0.00016620410665500016,15083.0,0.5164755022210435,0.5414705297354637,0.4585294702645362,-6.643277237847755e-05,-0.0004409214853517055,0.21249088377643705,0.17900948087250548,0.00010949220360362955,-0.0007809675367808373,0.06112842272757409,0.05383544387721276,0.003618893564706155,-0.002215741871896666,0.015381555393489359,0.01372406020022542,0.008176291789691925,-0.00577350648822565,0.002983491347875091,0.002519392693761188,0.0071656435470083815,-0.014578419467879989,ROBUST CANDIDATE
edd30dc6fde34365e793,3.3.0,73026dd08db19c83059c57c75b65bcebf077280cee941bdcbc1155cb400f6517,ETH_USDT_1h_12h_crypto_core_v1_no_macro_1.0.0,crypto_core_v1,random_forest,final_holdout,holdout,ETH/USDT,1h,12h,42,train_only_standard_scaler_v1,eth_usdt_return_1|eth_usdt_log_return_1|eth_usdt_return_3|eth_usdt_log_return_3|eth_usdt_return_6|eth_usdt_log_return_6|eth_usdt_return_12|eth_usdt_log_return_12|eth_usdt_return_24|eth_usdt_log_return_24|eth_usdt_momentum_6|eth_usdt_momentum_12|eth_usdt_momentum_24|eth_usdt_sma_distance_20|eth_usdt_ema_distance_20|eth_usdt_sma_distance_50|eth_usdt_ema_distance_50|eth_usdt_rsi_14|eth_usdt_realized_vol_12|eth_usdt_range_12|eth_usdt_realized_vol_24|eth_usdt_range_24|eth_usdt_realized_vol_48|eth_usdt_range_48|eth_usdt_relative_volume_24|eth_usdt_range_position_20|eth_usdt_breakout_distance_20|eth_usdt_range_position_55|eth_usdt_breakout_distance_55,direction_raw_v1,0 days 12:00:00,0 days 12:00:00,2017-08-17T00:00:00Z,2024-12-31T23:59:59Z,2025-01-01T00:00:00Z,2026-09-22T23:59:59Z,64457,15083,False,0.5164428865705011,0.5279257549024658,0.5165227281968202,0.6997704393407793,0.2531636776658502,0.5145528077968574,0.00016620410665500016,15083.0,0.5164755022210435,0.4407611217927468,0.5592388782072532,0.00018095005918934644,-0.00015458216327049115,0.17025790625207188,0.23688921302128224,0.00011150161748942027,-0.0003495341782473567,0.05715043426374063,0.060465424650268516,0.0026651232073593946,-0.00162498026354968,0.013591460584764304,0.018033547702711664,0.005780761151111177,-0.004460946732620038,0.003646489425180667,0.0026519923092223033,0.006825397635507083,-0.009227547451648013,ROBUST CANDIDATE
241f12abee54835b6a3a,3.3.0,73026dd08db19c83059c57c75b65bcebf077280cee941bdcbc1155cb400f6517,ETH_USDT_1h_12h_crypto_core_v1+crypto_context_proxy_v1_macro_proxy_1.0.0,crypto_core_v1+crypto_context_proxy_v1,logistic_regression,final_holdout,holdout,ETH/USDT,1h,12h,42,train_only_standard_scaler_v1,eth_usdt_return_1|eth_usdt_log_return_1|eth_usdt_return_3|eth_usdt_log_return_3|eth_usdt_return_6|eth_usdt_log_return_6|eth_usdt_return_12|eth_usdt_log_return_12|eth_usdt_return_24|eth_usdt_log_return_24|eth_usdt_momentum_6|eth_usdt_momentum_12|eth_usdt_momentum_24|eth_usdt_sma_distance_20|eth_usdt_ema_distance_20|eth_usdt_sma_distance_50|eth_usdt_ema_distance_50|eth_usdt_rsi_14|eth_usdt_realized_vol_12|eth_usdt_range_12|eth_usdt_realized_vol_24|eth_usdt_range_24|eth_usdt_realized_vol_48|eth_usdt_range_48|eth_usdt_relative_volume_24|eth_usdt_range_position_20|eth_usdt_breakout_distance_20|eth_usdt_range_position_55|eth_usdt_breakout_distance_55|macro_es_f_proxy_value|macro_es_f_proxy_return_1|macro_nq_f_proxy_value|macro_nq_f_proxy_return_1|macro_vix_proxy_value|macro_vix_proxy_return_1|macro_urth_proxy_value|macro_urth_proxy_return_1,direction_raw_v1,0 days 12:00:00,0 days 12:00:00,2017-08-17T00:00:00Z,2024-12-31T23:59:59Z,2025-01-01T00:00:00Z,2026-09-22T23:59:59Z,47128,15083,False,0.5187857348923572,0.5249406561897699,0.5193553985595064,0.6944916441105555,0.2506308380997436,0.5260226745342439,0.00016620410665500016,15083.0,0.5164755022210435,0.702976861367102,0.297023138632898,0.0007100598208443151,0.0011209615490479698,0.305111715176026,0.046940263873234765,-0.0005421282127835489,0.0023549447737593004,0.06881920042431877,0.004839885964330703,-0.0006638091400796664,0.015592819585903651,0.00961347212093085,0.0007292978850361334,0.006818478268531571,0.022635596802771062,0.001127096731419479,0.0,0.014659922733003827,,ROBUST CANDIDATE
a88907af99f9be24f085,3.3.0,73026dd08db19c83059c57c75b65bcebf077280cee941bdcbc1155cb400f6517,ETH_USDT_1h_12h_crypto_core_v1+crypto_context_proxy_v1_macro_proxy_1.0.0,crypto_core_v1+crypto_context_proxy_v1,hist_gradient_boosting,final_holdout,holdout,ETH/USDT,1h,12h,42,train_only_standard_scaler_v1,eth_usdt_return_1|eth_usdt_log_return_1|eth_usdt_return_3|eth_usdt_log_return_3|eth_usdt_return_6|eth_usdt_log_return_6|eth_usdt_return_12|eth_usdt_log_return_12|eth_usdt_return_24|eth_usdt_log_return_24|eth_usdt_momentum_6|eth_usdt_momentum_12|eth_usdt_momentum_24|eth_usdt_sma_distance_20|eth_usdt_ema_distance_20|eth_usdt_sma_distance_50|eth_usdt_ema_distance_50|eth_usdt_rsi_14|eth_usdt_realized_vol_12|eth_usdt_range_12|eth_usdt_realized_vol_24|eth_usdt_range_24|eth_usdt_realized_vol_48|eth_usdt_range_48|eth_usdt_relative_volume_24|eth_usdt_range_position_20|eth_usdt_breakout_distance_20|eth_usdt_range_position_55|eth_usdt_breakout_distance_55|macro_es_f_proxy_value|macro_es_f_proxy_return_1|macro_nq_f_proxy_value|macro_nq_f_proxy_return_1|macro_vix_proxy_value|macro_vix_proxy_return_1|macro_urth_proxy_value|macro_urth_proxy_return_1,direction_raw_v1,0 days 12:00:00,0 days 12:00:00,2017-08-17T00:00:00Z,2024-12-31T23:59:59Z,2025-01-01T00:00:00Z,2026-09-22T23:59:59Z,47128,15083,False,0.5192355569120652,0.5297769892724498,0.5106286964815999,0.6981362380620323,0.25234119625457924,0.5130279122190545,0.00016620410665500016,15083.0,0.5164755022210435,0.5731618378306703,0.4268381621693297,0.00014191337719927317,-0.0001988219004022446,0.25439236226214945,0.18888815222435856,0.0006678848013231352,-1.6077331230521515e-05,0.05966982695750182,0.07273088908042166,0.0005694670493002664,0.00032941200373494596,0.006629980773055758,0.026984021746336937,-0.006723337823014505,-0.0007439288565964025,0.00013259961546111516,0.007160379234900219,-0.029546232485794577,-0.0017898822791017148,ROBUST CANDIDATE
f0777253f96ea8d6d075,3.3.0,73026dd08db19c83059c57c75b65bcebf077280cee941bdcbc1155cb400f6517,ETH_USDT_1h_12h_crypto_core_v1+crypto_context_proxy_v1_macro_proxy_1.0.0,crypto_core_v1+crypto_context_proxy_v1,random_forest,final_holdout,holdout,ETH/USDT,1h,12h,42,train_only_standard_scaler_v1,eth_usdt_return_1|eth_usdt_log_return_1|eth_usdt_return_3|eth_usdt_log_return_3|eth_usdt_return_6|eth_usdt_log_return_6|eth_usdt_return_12|eth_usdt_log_return_12|eth_usdt_return_24|eth_usdt_log_return_24|eth_usdt_momentum_6|eth_usdt_momentum_12|eth_usdt_momentum_24|eth_usdt_sma_distance_20|eth_usdt_ema_distance_20|eth_usdt_sma_distance_50|eth_usdt_ema_distance_50|eth_usdt_rsi_14|eth_usdt_realized_vol_12|eth_usdt_range_12|eth_usdt_realized_vol_24|eth_usdt_range_24|eth_usdt_realized_vol_48|eth_usdt_range_48|eth_usdt_relative_volume_24|eth_usdt_range_position_20|eth_usdt_breakout_distance_20|eth_usdt_range_position_55|eth_usdt_breakout_distance_55|macro_es_f_proxy_value|macro_es_f_proxy_return_1|macro_nq_f_proxy_value|macro_nq_f_proxy_return_1|macro_vix_proxy_value|macro_vix_proxy_return_1|macro_urth_proxy_value|macro_urth_proxy_return_1,direction_raw_v1,0 days 12:00:00,0 days 12:00:00,2017-08-17T00:00:00Z,2024-12-31T23:59:59Z,2025-01-01T00:00:00Z,2026-09-22T23:59:59Z,47128,15083,False,0.5025218935209119,0.5234640902887628,0.5015470195187782,0.697828292806621,0.2522970157966786,0.4986408539415236,0.00016620410665500016,15083.0,0.5164755022210435,0.4118544056222237,0.5881455943777764,-5.4216124236209825e-05,-0.0003205554170254428,0.09149373466816946,0.16893191009746072,0.0035087612536312054,-0.0002936065405833377,0.026519923092223032,0.02744812040045084,0.008813124138764682,-6.44559730571837e-05,0.008685274812703044,0.004640986541139031,0.0122392830918477,0.001723546648462515,0.001259696346880594,0.0009281973082278061,0.0010935518907434025,0.05142354405639106,ROBUST CANDIDATE
8ae7835553328073f1a1,3.3.0,73026dd08db19c83059c57c75b65bcebf077280cee941bdcbc1155cb400f6517,ETH_USDT_1h_24h_crypto_core_v1_no_macro_1.0.0,crypto_core_v1,logistic_regression,final_holdout,holdout,ETH/USDT,1h,24h,42,train_only_standard_scaler_v1,eth_usdt_return_1|eth_usdt_log_return_1|eth_usdt_return_3|eth_usdt_log_return_3|eth_usdt_return_6|eth_usdt_log_return_6|eth_usdt_return_12|eth_usdt_log_return_12|eth_usdt_return_24|eth_usdt_log_return_24|eth_usdt_momentum_6|eth_usdt_momentum_12|eth_usdt_momentum_24|eth_usdt_sma_distance_20|eth_usdt_ema_distance_20|eth_usdt_sma_distance_50|eth_usdt_ema_distance_50|eth_usdt_rsi_14|eth_usdt_realized_vol_12|eth_usdt_range_12|eth_usdt_realized_vol_24|eth_usdt_range_24|eth_usdt_realized_vol_48|eth_usdt_range_48|eth_usdt_relative_volume_24|eth_usdt_range_position_20|eth_usdt_breakout_distance_20|eth_usdt_range_position_55|eth_usdt_breakout_distance_55,direction_raw_v1,1 days 00:00:00,1 days 00:00:00,2017-08-17T00:00:00Z,2024-12-31T23:59:59Z,2025-01-01T00:00:00Z,2026-09-22T23:59:59Z,64445,15071,False,0.49596721530375276,0.5149708810093638,0.49410245226385247,0.6950061732808134,0.2509367110963048,0.4918054541835313,0.00030824423241517,15071.0,0.5086590140003981,0.36726162829274767,0.6327383717072523,-0.0010850746919121765,-0.0011169711877582762,0.03967885342711167,0.04193484174905448,0.007997334855051223,-0.0028164660087326133,0.004578329241589808,6.635259770420012e-05,0.03375414996315509,-0.014352580927384118,0.0014597571494924027,0.0,0.05309764295852852,,0.0,0.0,,,ROBUST CANDIDATE
ecc16643d4c85181c767,3.3.0,73026dd08db19c83059c57c75b65bcebf077280cee941bdcbc1155cb400f6517,ETH_USDT_1h_24h_crypto_core_v1_no_macro_1.0.0,crypto_core_v1,hist_gradient_boosting,final_holdout,holdout,ETH/USDT,1h,24h,42,train_only_standard_scaler_v1,eth_usdt_return_1|eth_usdt_log_return_1|eth_usdt_return_3|eth_usdt_log_return_3|eth_usdt_return_6|eth_usdt_log_return_6|eth_usdt_return_12|eth_usdt_log_return_12|eth_usdt_return_24|eth_usdt_log_return_24|eth_usdt_momentum_6|eth_usdt_momentum_12|eth_usdt_momentum_24|eth_usdt_sma_distance_20|eth_usdt_ema_distance_20|eth_usdt_sma_distance_50|eth_usdt_ema_distance_50|eth_usdt_rsi_14|eth_usdt_realized_vol_12|eth_usdt_range_12|eth_usdt_realized_vol_24|eth_usdt_range_24|eth_usdt_realized_vol_48|eth_usdt_range_48|eth_usdt_relative_volume_24|eth_usdt_range_position_20|eth_usdt_breakout_distance_20|eth_usdt_range_position_55|eth_usdt_breakout_distance_55,direction_raw_v1,1 days 00:00:00,1 days 00:00:00,2017-08-17T00:00:00Z,2024-12-31T23:59:59Z,2025-01-01T00:00:00Z,2026-09-22T23:59:59Z,64445,15071,False,0.5163183787405052,0.5273376884765986,0.5154457901661765,0.6971048009913475,0.2518874403687562,0.5170194413111273,0.00030824423241517,15071.0,0.5086590140003981,0.5911352929467188,0.40886470705328115,0.00033539551128245506,-0.0002689889997912418,0.25758078428770487,0.13688540906376484,0.001281888656406821,-0.0008684868277494721,0.07338597306084534,0.02793444363346825,0.004569576572993317,-0.001432561711847921,0.015128392276557627,0.006369849379603211,0.011483954304978566,-0.0022192141229401448,0.0036493928737310064,0.0023886935173512043,0.02912551802217414,-0.017547250707723963,ROBUST CANDIDATE
556eb4cc313512e22896,3.3.0,73026dd08db19c83059c57c75b65bcebf077280cee941bdcbc1155cb400f6517,ETH_USDT_1h_24h_crypto_core_v1_no_macro_1.0.0,crypto_core_v1,random_forest,final_holdout,holdout,ETH/USDT,1h,24h,42,train_only_standard_scaler_v1,eth_usdt_return_1|eth_usdt_log_return_1|eth_usdt_return_3|eth_usdt_log_return_3|eth_usdt_return_6|eth_usdt_log_return_6|eth_usdt_return_12|eth_usdt_log_return_12|eth_usdt_return_24|eth_usdt_log_return_24|eth_usdt_momentum_6|eth_usdt_momentum_12|eth_usdt_momentum_24|eth_usdt_sma_distance_20|eth_usdt_ema_distance_20|eth_usdt_sma_distance_50|eth_usdt_ema_distance_50|eth_usdt_rsi_14|eth_usdt_realized_vol_12|eth_usdt_range_12|eth_usdt_realized_vol_24|eth_usdt_range_24|eth_usdt_realized_vol_48|eth_usdt_range_48|eth_usdt_relative_volume_24|eth_usdt_range_position_20|eth_usdt_breakout_distance_20|eth_usdt_range_position_55|eth_usdt_breakout_distance_55,direction_raw_v1,1 days 00:00:00,1 days 00:00:00,2017-08-17T00:00:00Z,2024-12-31T23:59:59Z,2025-01-01T00:00:00Z,2026-09-22T23:59:59Z,64445,15071,False,0.5235463096077579,0.5286338595250227,0.5169985746933107,0.6954119976486565,0.25100955909873085,0.5154933315639307,0.00030824423241517,15071.0,0.5086590140003981,0.41337668369716674,0.5866233163028333,0.00047954546534714965,-0.00018753314982652232,0.14040209674208745,0.1691991241457103,0.0001666715209268788,4.9159158212714924e-05,0.03211465728883286,0.02123283126534404,0.002646164221111438,0.001216426864320742,0.0049100922301108085,0.006834317563532612,0.023204392489559095,-0.000661975013140857,0.0007962311724504014,0.0031185720920974057,0.08967570357054205,-0.012863798435888155,ROBUST CANDIDATE
0c1ecf73625a0f53f69b,3.3.0,73026dd08db19c83059c57c75b65bcebf077280cee941bdcbc1155cb400f6517,ETH_USDT_1h_24h_crypto_core_v1+crypto_context_proxy_v1_macro_proxy_1.0.0,crypto_core_v1+crypto_context_proxy_v1,logistic_regression,final_holdout,holdout,ETH/USDT,1h,24h,42,train_only_standard_scaler_v1,eth_usdt_return_1|eth_usdt_log_return_1|eth_usdt_return_3|eth_usdt_log_return_3|eth_usdt_return_6|eth_usdt_log_return_6|eth_usdt_return_12|eth_usdt_log_return_12|eth_usdt_return_24|eth_usdt_log_return_24|eth_usdt_momentum_6|eth_usdt_momentum_12|eth_usdt_momentum_24|eth_usdt_sma_distance_20|eth_usdt_ema_distance_20|eth_usdt_sma_distance_50|eth_usdt_ema_distance_50|eth_usdt_rsi_14|eth_usdt_realized_vol_12|eth_usdt_range_12|eth_usdt_realized_vol_24|eth_usdt_range_24|eth_usdt_realized_vol_48|eth_usdt_range_48|eth_usdt_relative_volume_24|eth_usdt_range_position_20|eth_usdt_breakout_distance_20|eth_usdt_range_position_55|eth_usdt_breakout_distance_55|macro_es_f_proxy_value|macro_es_f_proxy_return_1|macro_nq_f_proxy_value|macro_nq_f_proxy_return_1|macro_vix_proxy_value|macro_vix_proxy_return_1|macro_urth_proxy_value|macro_urth_proxy_return_1,direction_raw_v1,1 days 00:00:00,1 days 00:00:00,2017-08-17T00:00:00Z,2024-12-31T23:59:59Z,2025-01-01T00:00:00Z,2026-09-22T23:59:59Z,47116,15071,False,0.5109175568154093,0.5076811134216178,0.5102660484406976,0.6952575279366638,0.2510287251649617,0.5127065224603543,0.00030824423241517,15071.0,0.5086590140003981,0.6410987990179815,0.35890120098201844,0.0004736378765477328,-1.2804522744467809e-05,0.21246101784884877,0.04412447747329308,-0.001143629593167994,0.006271315550796392,0.025612102713821246,0.0011943467586756022,-0.004672838298924141,0.0038522144128520387,0.0013270519540840024,0.00013270519540840023,0.0014958461595229067,0.0358622891111714,0.0,0.0,,,ROBUST CANDIDATE
299a3b61b1ad9da79cf6,3.3.0,73026dd08db19c83059c57c75b65bcebf077280cee941bdcbc1155cb400f6517,ETH_USDT_1h_24h_crypto_core_v1+crypto_context_proxy_v1_macro_proxy_1.0.0,crypto_core_v1+crypto_context_proxy_v1,hist_gradient_boosting,final_holdout,holdout,ETH/USDT,1h,24h,42,train_only_standard_scaler_v1,eth_usdt_return_1|eth_usdt_log_return_1|eth_usdt_return_3|eth_usdt_log_return_3|eth_usdt_return_6|eth_usdt_log_return_6|eth_usdt_return_12|eth_usdt_log_return_12|eth_usdt_return_24|eth_usdt_log_return_24|eth_usdt_momentum_6|eth_usdt_momentum_12|eth_usdt_momentum_24|eth_usdt_sma_distance_20|eth_usdt_ema_distance_20|eth_usdt_sma_distance_50|eth_usdt_ema_distance_50|eth_usdt_rsi_14|eth_usdt_realized_vol_12|eth_usdt_range_12|eth_usdt_realized_vol_24|eth_usdt_range_24|eth_usdt_realized_vol_48|eth_usdt_range_48|eth_usdt_relative_volume_24|eth_usdt_range_position_20|eth_usdt_breakout_distance_20|eth_usdt_range_position_55|eth_usdt_breakout_distance_55|macro_es_f_proxy_value|macro_es_f_proxy_return_1|macro_nq_f_proxy_value|macro_nq_f_proxy_return_1|macro_vix_proxy_value|macro_vix_proxy_return_1|macro_urth_proxy_value|macro_urth_proxy_return_1,direction_raw_v1,1 days 00:00:00,1 days 00:00:00,2017-08-17T00:00:00Z,2024-12-31T23:59:59Z,2025-01-01T00:00:00Z,2026-09-22T23:59:59Z,47116,15071,False,0.511479840392427,0.5153197657420837,0.5080686521841227,0.7261885026056423,0.2651059893530366,0.5048769159312587,0.00030824423241517,15071.0,0.5086590140003981,0.3158383650719926,0.6841616349280074,0.0005762181664362595,-0.00018453596687929665,0.20151283922765575,0.5630681441178422,0.0009621124289703438,2.5752156123246994e-05,0.1111406011545352,0.40183133169663593,0.00215477906373566,-0.00022442093681345995,0.059850043129188506,0.2162431159179882,-0.00045027410565204816,-0.0006175621397964951,0.020834715679118838,0.07358503085395793,-0.005565883279914564,0.0009552639147529895,ROBUST CANDIDATE
bae55d7400c30e81f208,3.3.0,73026dd08db19c83059c57c75b65bcebf077280cee941bdcbc1155cb400f6517,ETH_USDT_1h_24h_crypto_core_v1+crypto_context_proxy_v1_macro_proxy_1.0.0,crypto_core_v1+crypto_context_proxy_v1,random_forest,final_holdout,holdout,ETH/USDT,1h,24h,42,train_only_standard_scaler_v1,eth_usdt_return_1|eth_usdt_log_return_1|eth_usdt_return_3|eth_usdt_log_return_3|eth_usdt_return_6|eth_usdt_log_return_6|eth_usdt_return_12|eth_usdt_log_return_12|eth_usdt_return_24|eth_usdt_log_return_24|eth_usdt_momentum_6|eth_usdt_momentum_12|eth_usdt_momentum_24|eth_usdt_sma_distance_20|eth_usdt_ema_distance_20|eth_usdt_sma_distance_50|eth_usdt_ema_distance_50|eth_usdt_rsi_14|eth_usdt_realized_vol_12|eth_usdt_range_12|eth_usdt_realized_vol_24|eth_usdt_range_24|eth_usdt_realized_vol_48|eth_usdt_range_48|eth_usdt_relative_volume_24|eth_usdt_range_position_20|eth_usdt_breakout_distance_20|eth_usdt_range_position_55|eth_usdt_breakout_distance_55|macro_es_f_proxy_value|macro_es_f_proxy_return_1|macro_nq_f_proxy_value|macro_nq_f_proxy_return_1|macro_vix_proxy_value|macro_vix_proxy_return_1|macro_urth_proxy_value|macro_urth_proxy_return_1,direction_raw_v1,1 days 00:00:00,1 days 00:00:00,2017-08-17T00:00:00Z,2024-12-31T23:59:59Z,2025-01-01T00:00:00Z,2026-09-22T23:59:59Z,47116,15071,False,0.50109240042539,0.521587986791181,0.5084536664345471,0.7022646714407623,0.2544188298948691,0.5028199854024286,0.00030824423241517,15071.0,0.5086590140003981,0.17483909495056732,0.8251609050494327,0.0018266183341663952,1.3476237037586593e-05,0.054608187910556695,0.4133103310994625,0.006270394012259069,-0.0012078322349951484,0.01585827085130383,0.1123349479132108,0.011540243213184337,0.002006789204920876,0.0035166876783226065,0.024152345564328843,0.04463428039274945,0.00679233505809158,0.0012606993563798023,0.008028664322208215,0.06317883079203433,0.002555370291436873,ROBUST CANDIDATE
20053a70a6df96d9baa0,3.3.0,73026dd08db19c83059c57c75b65bcebf077280cee941bdcbc1155cb400f6517,ETH_USDT_1h_3d_crypto_core_v1_no_macro_1.0.0,crypto_core_v1,logistic_regression,final_holdout,holdout,ETH/USDT,1h,3d,42,train_only_standard_scaler_v1,eth_usdt_return_1|eth_usdt_log_return_1|eth_usdt_return_3|eth_usdt_log_return_3|eth_usdt_return_6|eth_usdt_log_return_6|eth_usdt_return_12|eth_usdt_log_return_12|eth_usdt_return_24|eth_usdt_log_return_24|eth_usdt_momentum_6|eth_usdt_momentum_12|eth_usdt_momentum_24|eth_usdt_sma_distance_20|eth_usdt_ema_distance_20|eth_usdt_sma_distance_50|eth_usdt_ema_distance_50|eth_usdt_rsi_14|eth_usdt_realized_vol_12|eth_usdt_range_12|eth_usdt_realized_vol_24|eth_usdt_range_24|eth_usdt_realized_vol_48|eth_usdt_range_48|eth_usdt_relative_volume_24|eth_usdt_range_position_20|eth_usdt_breakout_distance_20|eth_usdt_range_position_55|eth_usdt_breakout_distance_55,direction_raw_v1,3 days 00:00:00,3 days 00:00:00,2017-08-17T00:00:00Z,2024-12-31T23:59:59Z,2025-01-01T00:00:00Z,2026-09-22T23:59:59Z,64397,15023,False,0.4931843558309066,0.5132966478958743,0.48610436079499586,0.6936895806819185,0.25028032111595355,0.4853890700925248,0.0006957748874358907,15023.0,0.5024961725354457,0.35665313186447445,0.6433468681355256,-0.0024814157686093453,-0.002457118657233138,0.026625840378086935,0.013712307794714771,0.025717557548391164,0.006858871682086805,0.003527923850096519,0.0,0.0633016371042782,,0.0005325168075617386,0.0,0.07858319168205191,,0.0,0.0,,,MIXED
71b9e86ee3df7bfde119,3.3.0,73026dd08db19c83059c57c75b65bcebf077280cee941bdcbc1155cb400f6517,ETH_USDT_1h_3d_crypto_core_v1_no_macro_1.0.0,crypto_core_v1,hist_gradient_boosting,final_holdout,holdout,ETH/USDT,1h,3d,42,train_only_standard_scaler_v1,eth_usdt_return_1|eth_usdt_log_return_1|eth_usdt_return_3|eth_usdt_log_return_3|eth_usdt_return_6|eth_usdt_log_return_6|eth_usdt_return_12|eth_usdt_log_return_12|eth_usdt_return_24|eth_usdt_log_return_24|eth_usdt_momentum_6|eth_usdt_momentum_12|eth_usdt_momentum_24|eth_usdt_sma_distance_20|eth_usdt_ema_distance_20|eth_usdt_sma_distance_50|eth_usdt_ema_distance_50|eth_usdt_rsi_14|eth_usdt_realized_vol_12|eth_usdt_range_12|eth_usdt_realized_vol_24|eth_usdt_range_24|eth_usdt_realized_vol_48|eth_usdt_range_48|eth_usdt_relative_volume_24|eth_usdt_range_position_20|eth_usdt_breakout_distance_20|eth_usdt_range_position_55|eth_usdt_breakout_distance_55,direction_raw_v1,3 days 00:00:00,3 days 00:00:00,2017-08-17T00:00:00Z,2024-12-31T23:59:59Z,2025-01-01T00:00:00Z,2026-09-22T23:59:59Z,64397,15023,False,0.4993965125819847,0.5098235781573437,0.5012274458552177,0.7041609520205773,0.25530246681084356,0.5019636557278839,0.0006957748874358907,15023.0,0.5024961725354457,0.647473873394129,0.352526126605871,0.0009836873840771445,-0.00016697487708289423,0.3276975304533049,0.1256074019836251,0.0012073457599666665,-0.0023895691303746636,0.12407641616188511,0.03880716235106171,0.005459973170446416,-0.005139008936685635,0.04226852160021301,0.013912001597550423,0.011527730721847287,-0.012022806752160211,0.007388670704919124,0.003594488451041736,0.014190388487388659,-0.009472576292576532,ROBUST CANDIDATE
0042c9d2e62f149e105d,3.3.0,73026dd08db19c83059c57c75b65bcebf077280cee941bdcbc1155cb400f6517,ETH_USDT_1h_3d_crypto_core_v1_no_macro_1.0.0,crypto_core_v1,random_forest,final_holdout,holdout,ETH/USDT,1h,3d,42,train_only_standard_scaler_v1,eth_usdt_return_1|eth_usdt_log_return_1|eth_usdt_return_3|eth_usdt_log_return_3|eth_usdt_return_6|eth_usdt_log_return_6|eth_usdt_return_12|eth_usdt_log_return_12|eth_usdt_return_24|eth_usdt_log_return_24|eth_usdt_momentum_6|eth_usdt_momentum_12|eth_usdt_momentum_24|eth_usdt_sma_distance_20|eth_usdt_ema_distance_20|eth_usdt_sma_distance_50|eth_usdt_ema_distance_50|eth_usdt_rsi_14|eth_usdt_realized_vol_12|eth_usdt_range_12|eth_usdt_realized_vol_24|eth_usdt_range_24|eth_usdt_realized_vol_48|eth_usdt_range_48|eth_usdt_relative_volume_24|eth_usdt_range_position_20|eth_usdt_breakout_distance_20|eth_usdt_range_position_55|eth_usdt_breakout_distance_55,direction_raw_v1,3 days 00:00:00,3 days 00:00:00,2017-08-17T00:00:00Z,2024-12-31T23:59:59Z,2025-01-01T00:00:00Z,2026-09-22T23:59:59Z,64397,15023,False,0.5000261603673766,0.5060912392774661,0.5023198627410188,0.7005330299810868,0.2535974630962213,0.5022299141316647,0.0006957748874358907,15023.0,0.5024961725354457,0.4819942754443187,0.5180057245556813,0.0007104539401142714,-0.0006821163137473588,0.18911003128536244,0.21094322039539373,0.00020535469992408702,-0.001161364211008263,0.0430007322106104,0.043133861412500835,0.004302855702058601,-0.0062557564705788245,0.008387139719097384,0.005325168075617386,0.025482507910186254,-0.01734040292985837,0.0015309858217399986,0.00099846901417826,0.061167318051408286,-0.0701658388802391,ROBUST CANDIDATE
82809746aff535c95cc3,3.3.0,73026dd08db19c83059c57c75b65bcebf077280cee941bdcbc1155cb400f6517,ETH_USDT_1h_3d_crypto_core_v1+crypto_context_proxy_v1_macro_proxy_1.0.0,crypto_core_v1+crypto_context_proxy_v1,logistic_regression,final_holdout,holdout,ETH/USDT,1h,3d,42,train_only_standard_scaler_v1,eth_usdt_return_1|eth_usdt_log_return_1|eth_usdt_return_3|eth_usdt_log_return_3|eth_usdt_return_6|eth_usdt_log_return_6|eth_usdt_return_12|eth_usdt_log_return_12|eth_usdt_return_24|eth_usdt_log_return_24|eth_usdt_momentum_6|eth_usdt_momentum_12|eth_usdt_momentum_24|eth_usdt_sma_distance_20|eth_usdt_ema_distance_20|eth_usdt_sma_distance_50|eth_usdt_ema_distance_50|eth_usdt_rsi_14|eth_usdt_realized_vol_12|eth_usdt_range_12|eth_usdt_realized_vol_24|eth_usdt_range_24|eth_usdt_realized_vol_48|eth_usdt_range_48|eth_usdt_relative_volume_24|eth_usdt_range_position_20|eth_usdt_breakout_distance_20|eth_usdt_range_position_55|eth_usdt_breakout_distance_55|macro_es_f_proxy_value|macro_es_f_proxy_return_1|macro_nq_f_proxy_value|macro_nq_f_proxy_return_1|macro_vix_proxy_value|macro_vix_proxy_return_1|macro_urth_proxy_value|macro_urth_proxy_return_1,direction_raw_v1,3 days 00:00:00,3 days 00:00:00,2017-08-17T00:00:00Z,2024-12-31T23:59:59Z,2025-01-01T00:00:00Z,2026-09-22T23:59:59Z,47068,15023,False,0.5044897287414492,0.5145420468852496,0.5047721756347514,0.6962135689031149,0.2515225895985818,0.5055581441789256,0.0006957748874358907,15023.0,0.5024961725354457,0.6574585635359116,0.3425414364640884,0.002229227020732652,0.002247463884536924,0.22012913532583372,0.025227983758237368,-0.001249940723355197,0.024230726175947754,0.057511815216667775,0.001797244225520868,0.002544889913761491,0.0027287757152213103,0.011182852958796513,6.656460094521733e-05,0.03670220961428695,0.047841642167082976,0.0011315982160686948,0.0,0.06875080493554166,,ROBUST CANDIDATE
ed7f8357517e1a3a2105,3.3.0,73026dd08db19c83059c57c75b65bcebf077280cee941bdcbc1155cb400f6517,ETH_USDT_1h_3d_crypto_core_v1+crypto_context_proxy_v1_macro_proxy_1.0.0,crypto_core_v1+crypto_context_proxy_v1,hist_gradient_boosting,final_holdout,holdout,ETH/USDT,1h,3d,42,train_only_standard_scaler_v1,eth_usdt_return_1|eth_usdt_log_return_1|eth_usdt_return_3|eth_usdt_log_return_3|eth_usdt_return_6|eth_usdt_log_return_6|eth_usdt_return_12|eth_usdt_log_return_12|eth_usdt_return_24|eth_usdt_log_return_24|eth_usdt_momentum_6|eth_usdt_momentum_12|eth_usdt_momentum_24|eth_usdt_sma_distance_20|eth_usdt_ema_distance_20|eth_usdt_sma_distance_50|eth_usdt_ema_distance_50|eth_usdt_rsi_14|eth_usdt_realized_vol_12|eth_usdt_range_12|eth_usdt_realized_vol_24|eth_usdt_range_24|eth_usdt_realized_vol_48|eth_usdt_range_48|eth_usdt_relative_volume_24|eth_usdt_range_position_20|eth_usdt_breakout_distance_20|eth_usdt_range_position_55|eth_usdt_breakout_distance_55|macro_es_f_proxy_value|macro_es_f_proxy_return_1|macro_nq_f_proxy_value|macro_nq_f_proxy_return_1|macro_vix_proxy_value|macro_vix_proxy_return_1|macro_urth_proxy_value|macro_urth_proxy_return_1,direction_raw_v1,3 days 00:00:00,3 days 00:00:00,2017-08-17T00:00:00Z,2024-12-31T23:59:59Z,2025-01-01T00:00:00Z,2026-09-22T23:59:59Z,47068,15023,False,0.5115869690601902,0.5300268506737581,0.49696255271021583,0.7168692883688866,0.26108328891300264,0.49770352126739,0.0006957748874358907,15023.0,0.5024961725354457,0.6484057778073621,0.351594222192638,2.1506131953248923e-05,-0.001939253105375388,0.46754975703920654,0.20481927710843373,0.0003527652974129781,-0.002767490290994076,0.30526525993476666,0.09305731212141383,0.0030115434965143134,-0.00265905820466027,0.17599680489915462,0.04346668441722692,0.0067600689152098855,0.0008174309793546963,0.08646741662783732,0.01224788657391999,0.012056102139701165,-0.006139547235606675,ROBUST CANDIDATE
c245fd4bce0137cbc003,3.3.0,73026dd08db19c83059c57c75b65bcebf077280cee941bdcbc1155cb400f6517,ETH_USDT_1h_3d_crypto_core_v1+crypto_context_proxy_v1_macro_proxy_1.0.0,crypto_core_v1+crypto_context_proxy_v1,random_forest,final_holdout,holdout,ETH/USDT,1h,3d,42,train_only_standard_scaler_v1,eth_usdt_return_1|eth_usdt_log_return_1|eth_usdt_return_3|eth_usdt_log_return_3|eth_usdt_return_6|eth_usdt_log_return_6|eth_usdt_return_12|eth_usdt_log_return_12|eth_usdt_return_24|eth_usdt_log_return_24|eth_usdt_momentum_6|eth_usdt_momentum_12|eth_usdt_momentum_24|eth_usdt_sma_distance_20|eth_usdt_ema_distance_20|eth_usdt_sma_distance_50|eth_usdt_ema_distance_50|eth_usdt_rsi_14|eth_usdt_realized_vol_12|eth_usdt_range_12|eth_usdt_realized_vol_24|eth_usdt_range_24|eth_usdt_realized_vol_48|eth_usdt_range_48|eth_usdt_relative_volume_24|eth_usdt_range_position_20|eth_usdt_breakout_distance_20|eth_usdt_range_position_55|eth_usdt_breakout_distance_55|macro_es_f_proxy_value|macro_es_f_proxy_return_1|macro_nq_f_proxy_value|macro_nq_f_proxy_return_1|macro_vix_proxy_value|macro_vix_proxy_return_1|macro_urth_proxy_value|macro_urth_proxy_return_1,direction_raw_v1,3 days 00:00:00,3 days 00:00:00,2017-08-17T00:00:00Z,2024-12-31T23:59:59Z,2025-01-01T00:00:00Z,2026-09-22T23:59:59Z,47068,15023,False,0.5216832402755658,0.5236814252769363,0.5246352321376355,0.6978824622858878,0.25225241732344783,0.5241296678426413,0.0006957748874358907,15023.0,0.5024961725354457,0.39885508886374227,0.6011449111362578,0.0033655266664976828,0.0010755851679442733,0.1582240564467816,0.3198429075417693,0.0035718401060316858,-0.0015999279592906648,0.033814817280170405,0.0814085069560008,-0.00692069035791972,-0.008702000501224638,0.006589895493576516,0.009385608733275643,0.007400053082359432,-0.0103826650817693,0.0002662584037808693,0.0022631964321373895,0.04662175415443165,-0.050978585055846855,ROBUST CANDIDATE
a1729941ad0f12099159,3.3.0,73026dd08db19c83059c57c75b65bcebf077280cee941bdcbc1155cb400f6517,ETH_USDT_1h_7d_crypto_core_v1_no_macro_1.0.0,crypto_core_v1,logistic_regression,final_holdout,holdout,ETH/USDT,1h,7d,42,train_only_standard_scaler_v1,eth_usdt_return_1|eth_usdt_log_return_1|eth_usdt_return_3|eth_usdt_log_return_3|eth_usdt_return_6|eth_usdt_log_return_6|eth_usdt_return_12|eth_usdt_log_return_12|eth_usdt_return_24|eth_usdt_log_return_24|eth_usdt_momentum_6|eth_usdt_momentum_12|eth_usdt_momentum_24|eth_usdt_sma_distance_20|eth_usdt_ema_distance_20|eth_usdt_sma_distance_50|eth_usdt_ema_distance_50|eth_usdt_rsi_14|eth_usdt_realized_vol_12|eth_usdt_range_12|eth_usdt_realized_vol_24|eth_usdt_range_24|eth_usdt_realized_vol_48|eth_usdt_range_48|eth_usdt_relative_volume_24|eth_usdt_range_position_20|eth_usdt_breakout_distance_20|eth_usdt_range_position_55|eth_usdt_breakout_distance_55,direction_raw_v1,7 days 00:00:00,7 days 00:00:00,2017-08-17T00:00:00Z,2024-12-31T23:59:59Z,2025-01-01T00:00:00Z,2026-09-22T23:59:59Z,64301,14927,False,0.4812763891567358,0.5010570816479334,0.4804412213686188,0.6949494912219647,0.25090640415502374,0.4792657600321565,0.000713804782228971,14927.0,0.5033161385408991,0.3226368325852482,0.6773631674147518,-0.009431377542895959,-0.005546086265544334,0.02760099149192738,0.012661619883432706,0.011284637877457853,-0.0031555904242836375,0.003952569169960474,0.0,0.03648918438295767,,0.00020097809338782074,0.0,0.026471749977722208,,0.0,0.0,,,ROBUST CANDIDATE
e59a4e852074aa6eb27f,3.3.0,73026dd08db19c83059c57c75b65bcebf077280cee941bdcbc1155cb400f6517,ETH_USDT_1h_7d_crypto_core_v1_no_macro_1.0.0,crypto_core_v1,hist_gradient_boosting,final_holdout,holdout,ETH/USDT,1h,7d,42,train_only_standard_scaler_v1,eth_usdt_return_1|eth_usdt_log_return_1|eth_usdt_return_3|eth_usdt_log_return_3|eth_usdt_return_6|eth_usdt_log_return_6|eth_usdt_return_12|eth_usdt_log_return_12|eth_usdt_return_24|eth_usdt_log_return_24|eth_usdt_momentum_6|eth_usdt_momentum_12|eth_usdt_momentum_24|eth_usdt_sma_distance_20|eth_usdt_ema_distance_20|eth_usdt_sma_distance_50|eth_usdt_ema_distance_50|eth_usdt_rsi_14|eth_usdt_realized_vol_12|eth_usdt_range_12|eth_usdt_realized_vol_24|eth_usdt_range_24|eth_usdt_realized_vol_48|eth_usdt_range_48|eth_usdt_relative_volume_24|eth_usdt_range_position_20|eth_usdt_breakout_distance_20|eth_usdt_range_position_55|eth_usdt_breakout_distance_55,direction_raw_v1,7 days 00:00:00,7 days 00:00:00,2017-08-17T00:00:00Z,2024-12-31T23:59:59Z,2025-01-01T00:00:00Z,2026-09-22T23:59:59Z,64301,14927,False,0.4782946408762354,0.49176415656546507,0.4843765366539739,0.7072860175229917,0.2567993740587067,0.48569705902056676,0.000713804782228971,14927.0,0.5033161385408991,0.6990018088028405,0.30099819119715954,-0.0032968391517378586,-0.010027639370924695,0.2932940309506264,0.10397266697929926,-0.0025786598014779995,-0.017494925335647254,0.06779661016949153,0.040597574864339785,-0.003957444664764439,-0.03071718848195511,0.019494875058618612,0.017351108729148523,0.0029570016514966486,-0.03922039377803622,0.006833255175185905,0.0059623501038386815,0.0029925363504001695,-0.027474473756870395,MIXED
1abbe79075238f4b7b6b,3.3.0,73026dd08db19c83059c57c75b65bcebf077280cee941bdcbc1155cb400f6517,ETH_USDT_1h_7d_crypto_core_v1_no_macro_1.0.0,crypto_core_v1,random_forest,final_holdout,holdout,ETH/USDT,1h,7d,42,train_only_standard_scaler_v1,eth_usdt_return_1|eth_usdt_log_return_1|eth_usdt_return_3|eth_usdt_log_return_3|eth_usdt_return_6|eth_usdt_log_return_6|eth_usdt_return_12|eth_usdt_log_return_12|eth_usdt_return_24|eth_usdt_log_return_24|eth_usdt_momentum_6|eth_usdt_momentum_12|eth_usdt_momentum_24|eth_usdt_sma_distance_20|eth_usdt_ema_distance_20|eth_usdt_sma_distance_50|eth_usdt_ema_distance_50|eth_usdt_rsi_14|eth_usdt_realized_vol_12|eth_usdt_range_12|eth_usdt_realized_vol_24|eth_usdt_range_24|eth_usdt_realized_vol_48|eth_usdt_range_48|eth_usdt_relative_volume_24|eth_usdt_range_position_20|eth_usdt_breakout_distance_20|eth_usdt_range_position_55|eth_usdt_breakout_distance_55,direction_raw_v1,7 days 00:00:00,7 days 00:00:00,2017-08-17T00:00:00Z,2024-12-31T23:59:59Z,2025-01-01T00:00:00Z,2026-09-22T23:59:59Z,64301,14927,False,0.4768251351465571,0.4865438758138204,0.48137580320718076,0.7032396105174016,0.254931037070611,0.4812755409660347,0.000713804782228971,14927.0,0.5033161385408991,0.4847591612514236,0.5152408387485764,-0.005291391812193747,-0.006363733602569989,0.11301668118175119,0.17538688282977155,-0.00917005681144484,-0.014051567283612362,0.022308568366048102,0.03490319555168487,-0.01258242264850966,-0.019587038662323364,0.005828364708246801,0.007235211361961546,-0.026103993347293894,-0.04638610937072176,0.0016748174448985062,0.0021437663294700876,-0.03689262732072705,-0.058201114547641174,MIXED
544d9793217f09f6e0d6,3.3.0,73026dd08db19c83059c57c75b65bcebf077280cee941bdcbc1155cb400f6517,ETH_USDT_1h_7d_crypto_core_v1+crypto_context_proxy_v1_macro_proxy_1.0.0,crypto_core_v1+crypto_context_proxy_v1,logistic_regression,final_holdout,holdout,ETH/USDT,1h,7d,42,train_only_standard_scaler_v1,eth_usdt_return_1|eth_usdt_log_return_1|eth_usdt_return_3|eth_usdt_log_return_3|eth_usdt_return_6|eth_usdt_log_return_6|eth_usdt_return_12|eth_usdt_log_return_12|eth_usdt_return_24|eth_usdt_log_return_24|eth_usdt_momentum_6|eth_usdt_momentum_12|eth_usdt_momentum_24|eth_usdt_sma_distance_20|eth_usdt_ema_distance_20|eth_usdt_sma_distance_50|eth_usdt_ema_distance_50|eth_usdt_rsi_14|eth_usdt_realized_vol_12|eth_usdt_range_12|eth_usdt_realized_vol_24|eth_usdt_range_24|eth_usdt_realized_vol_48|eth_usdt_range_48|eth_usdt_relative_volume_24|eth_usdt_range_position_20|eth_usdt_breakout_distance_20|eth_usdt_range_position_55|eth_usdt_breakout_distance_55|macro_es_f_proxy_value|macro_es_f_proxy_return_1|macro_nq_f_proxy_value|macro_nq_f_proxy_return_1|macro_vix_proxy_value|macro_vix_proxy_return_1|macro_urth_proxy_value|macro_urth_proxy_return_1,direction_raw_v1,7 days 00:00:00,7 days 00:00:00,2017-08-17T00:00:00Z,2024-12-31T23:59:59Z,2025-01-01T00:00:00Z,2026-09-22T23:59:59Z,46972,14927,False,0.5300038157042495,0.5220296256165804,0.49846112435774037,0.6952478191604062,0.2510852546019804,0.4964828833657131,0.000713804782228971,14927.0,0.5033161385408991,0.20171501306357606,0.7982849869364239,-0.010175970354143428,-0.0034654926754496265,0.07094526696590071,0.41930729550478996,-0.0050829004926509665,0.004021889626461797,0.015140349701882494,0.0552689756816507,0.0033627156847025426,0.0520358592283976,0.004488510752327996,0.0033496348897970123,0.048846695283030685,0.11257888727624969,0.000803912373551283,0.0,0.06335169638408357,,ROBUST CANDIDATE
6530cbc430f75f85026e,3.3.0,73026dd08db19c83059c57c75b65bcebf077280cee941bdcbc1155cb400f6517,ETH_USDT_1h_7d_crypto_core_v1+crypto_context_proxy_v1_macro_proxy_1.0.0,crypto_core_v1+crypto_context_proxy_v1,hist_gradient_boosting,final_holdout,holdout,ETH/USDT,1h,7d,42,train_only_standard_scaler_v1,eth_usdt_return_1|eth_usdt_log_return_1|eth_usdt_return_3|eth_usdt_log_return_3|eth_usdt_return_6|eth_usdt_log_return_6|eth_usdt_return_12|eth_usdt_log_return_12|eth_usdt_return_24|eth_usdt_log_return_24|eth_usdt_momentum_6|eth_usdt_momentum_12|eth_usdt_momentum_24|eth_usdt_sma_distance_20|eth_usdt_ema_distance_20|eth_usdt_sma_distance_50|eth_usdt_ema_distance_50|eth_usdt_rsi_14|eth_usdt_realized_vol_12|eth_usdt_range_12|eth_usdt_realized_vol_24|eth_usdt_range_24|eth_usdt_realized_vol_48|eth_usdt_range_48|eth_usdt_relative_volume_24|eth_usdt_range_position_20|eth_usdt_breakout_distance_20|eth_usdt_range_position_55|eth_usdt_breakout_distance_55|macro_es_f_proxy_value|macro_es_f_proxy_return_1|macro_nq_f_proxy_value|macro_nq_f_proxy_return_1|macro_vix_proxy_value|macro_vix_proxy_return_1|macro_urth_proxy_value|macro_urth_proxy_return_1,direction_raw_v1,7 days 00:00:00,7 days 00:00:00,2017-08-17T00:00:00Z,2024-12-31T23:59:59Z,2025-01-01T00:00:00Z,2026-09-22T23:59:59Z,46972,14927,False,0.49200564718484,0.5024699909752555,0.5018321358705248,1.0955781857535765,0.3786007324635893,0.49929657667314264,0.000713804782228971,14927.0,0.5033161385408991,0.117706170027467,0.882293829972533,-0.0004979682991145681,-0.0008754665365129941,0.1050445501440343,0.8650097139411804,0.0015607510435214932,-0.0011606085831237021,0.0888993099752127,0.8559656997387285,0.0031727907384077065,-0.0013833754489151406,0.0652508876532458,0.844241977624439,0.008953244560333796,-0.0017368880805429276,0.04595699068801501,0.813894285522878,0.021082118940905295,-0.0007710418717215747,MIXED
a9379fb613346a9d4a99,3.3.0,73026dd08db19c83059c57c75b65bcebf077280cee941bdcbc1155cb400f6517,ETH_USDT_1h_7d_crypto_core_v1+crypto_context_proxy_v1_macro_proxy_1.0.0,crypto_core_v1+crypto_context_proxy_v1,random_forest,final_holdout,holdout,ETH/USDT,1h,7d,42,train_only_standard_scaler_v1,eth_usdt_return_1|eth_usdt_log_return_1|eth_usdt_return_3|eth_usdt_log_return_3|eth_usdt_return_6|eth_usdt_log_return_6|eth_usdt_return_12|eth_usdt_log_return_12|eth_usdt_return_24|eth_usdt_log_return_24|eth_usdt_momentum_6|eth_usdt_momentum_12|eth_usdt_momentum_24|eth_usdt_sma_distance_20|eth_usdt_ema_distance_20|eth_usdt_sma_distance_50|eth_usdt_ema_distance_50|eth_usdt_rsi_14|eth_usdt_realized_vol_12|eth_usdt_range_12|eth_usdt_realized_vol_24|eth_usdt_range_24|eth_usdt_realized_vol_48|eth_usdt_range_48|eth_usdt_relative_volume_24|eth_usdt_range_position_20|eth_usdt_breakout_distance_20|eth_usdt_range_position_55|eth_usdt_breakout_distance_55|macro_es_f_proxy_value|macro_es_f_proxy_return_1|macro_nq_f_proxy_value|macro_nq_f_proxy_return_1|macro_vix_proxy_value|macro_vix_proxy_return_1|macro_urth_proxy_value|macro_urth_proxy_return_1,direction_raw_v1,7 days 00:00:00,7 days 00:00:00,2017-08-17T00:00:00Z,2024-12-31T23:59:59Z,2025-01-01T00:00:00Z,2026-09-22T23:59:59Z,46972,14927,False,0.5073046302513643,0.49746961401598255,0.4944282531445988,0.7328892390294647,0.2677859244508813,0.49232933610236485,0.000713804782228971,14927.0,0.5033161385408991,0.18349299926308033,0.8165070007369197,0.0031026848537713436,-0.00017695357481556544,0.0882293829972533,0.6657734306960541,-0.020518429568909424,0.002193517249922083,0.04160246533127889,0.43304079855295774,-0.033430763389362385,0.0014316745228735459,0.012326656394453005,0.22342064714946072,-0.03158680568410988,-0.007558821498830403,0.003282642192001072,0.10799222884705567,-0.050752354936167574,-0.01546430833760639,MIXED
7c3579cac98279f8781e,3.3.0,73026dd08db19c83059c57c75b65bcebf077280cee941bdcbc1155cb400f6517,ETH_USDT_4h_7d_crypto_core_v1_no_macro_1.0.0,crypto_core_v1,logistic_regression,final_holdout,holdout,ETH/USDT,4h,7d,42,train_only_standard_scaler_v1,eth_usdt_return_1|eth_usdt_log_return_1|eth_usdt_return_3|eth_usdt_log_return_3|eth_usdt_return_6|eth_usdt_log_return_6|eth_usdt_return_12|eth_usdt_log_return_12|eth_usdt_return_24|eth_usdt_log_return_24|eth_usdt_momentum_6|eth_usdt_momentum_12|eth_usdt_momentum_24|eth_usdt_sma_distance_20|eth_usdt_ema_distance_20|eth_usdt_sma_distance_50|eth_usdt_ema_distance_50|eth_usdt_rsi_14|eth_usdt_realized_vol_12|eth_usdt_range_12|eth_usdt_realized_vol_24|eth_usdt_range_24|eth_usdt_realized_vol_48|eth_usdt_range_48|eth_usdt_relative_volume_24|eth_usdt_range_position_20|eth_usdt_breakout_distance_20|eth_usdt_range_position_55|eth_usdt_breakout_distance_55,direction_raw_v1,7 days 00:00:00,7 days 00:00:00,2017-08-17T00:00:00Z,2024-12-31T23:59:59Z,2025-01-01T00:00:00Z,2026-09-22T23:59:59Z,16050,3738,False,0.5032023018781493,0.5027050568992062,0.49992498854786993,0.6971395652294858,0.25197612650358436,0.49812734082397003,0.0008880085032477209,3738.0,0.5050829320492242,0.323167469234885,0.6768325307651151,0.0029194484379516123,8.194384502196264e-05,0.06607811663991439,0.15971107544141253,-0.0026625641142803873,0.011751699114794331,0.011771000535045479,0.009630818619582664,-0.011080419184955255,0.021997730539729782,0.0016051364365971107,0.0018726591760299626,-0.02692070066583822,0.02079133217188816,0.0,0.0005350454788657035,,0.03241648120667645,WEAK
e430902c2fedb6cd1caa,3.3.0,73026dd08db19c83059c57c75b65bcebf077280cee941bdcbc1155cb400f6517,ETH_USDT_4h_7d_crypto_core_v1_no_macro_1.0.0,crypto_core_v1,hist_gradient_boosting,final_holdout,holdout,ETH/USDT,4h,7d,42,train_only_standard_scaler_v1,eth_usdt_return_1|eth_usdt_log_return_1|eth_usdt_return_3|eth_usdt_log_return_3|eth_usdt_return_6|eth_usdt_log_return_6|eth_usdt_return_12|eth_usdt_log_return_12|eth_usdt_return_24|eth_usdt_log_return_24|eth_usdt_momentum_6|eth_usdt_momentum_12|eth_usdt_momentum_24|eth_usdt_sma_distance_20|eth_usdt_ema_distance_20|eth_usdt_sma_distance_50|eth_usdt_ema_distance_50|eth_usdt_rsi_14|eth_usdt_realized_vol_12|eth_usdt_range_12|eth_usdt_realized_vol_24|eth_usdt_range_24|eth_usdt_realized_vol_48|eth_usdt_range_48|eth_usdt_relative_volume_24|eth_usdt_range_position_20|eth_usdt_breakout_distance_20|eth_usdt_range_position_55|eth_usdt_breakout_distance_55,direction_raw_v1,7 days 00:00:00,7 days 00:00:00,2017-08-17T00:00:00Z,2024-12-31T23:59:59Z,2025-01-01T00:00:00Z,2026-09-22T23:59:59Z,16050,3738,False,0.46215700870361887,0.4891602423504632,0.47085976866697205,0.7299063779419035,0.2671614983286518,0.471107544141252,0.0008880085032477209,3738.0,0.5050829320492242,0.5240770465489567,0.47592295345104335,-0.003448402683205733,-0.0056631796748398,0.2980203317281969,0.2886570358480471,-0.0019101125389326913,-0.008953882108172094,0.15355805243445692,0.16292134831460675,0.005816660223444181,-0.013918247656213769,0.07356875334403425,0.08025682182985554,0.02404945011873889,-0.02879127481131069,0.03932584269662921,0.03745318352059925,0.048569251813728384,-0.02936347079181464,MIXED
f8a90e1dbd6cae45c952,3.3.0,73026dd08db19c83059c57c75b65bcebf077280cee941bdcbc1155cb400f6517,ETH_USDT_4h_7d_crypto_core_v1_no_macro_1.0.0,crypto_core_v1,random_forest,final_holdout,holdout,ETH/USDT,4h,7d,42,train_only_standard_scaler_v1,eth_usdt_return_1|eth_usdt_log_return_1|eth_usdt_return_3|eth_usdt_log_return_3|eth_usdt_return_6|eth_usdt_log_return_6|eth_usdt_return_12|eth_usdt_log_return_12|eth_usdt_return_24|eth_usdt_log_return_24|eth_usdt_momentum_6|eth_usdt_momentum_12|eth_usdt_momentum_24|eth_usdt_sma_distance_20|eth_usdt_ema_distance_20|eth_usdt_sma_distance_50|eth_usdt_ema_distance_50|eth_usdt_rsi_14|eth_usdt_realized_vol_12|eth_usdt_range_12|eth_usdt_realized_vol_24|eth_usdt_range_24|eth_usdt_realized_vol_48|eth_usdt_range_48|eth_usdt_relative_volume_24|eth_usdt_range_position_20|eth_usdt_breakout_distance_20|eth_usdt_range_position_55|eth_usdt_breakout_distance_55,direction_raw_v1,7 days 00:00:00,7 days 00:00:00,2017-08-17T00:00:00Z,2024-12-31T23:59:59Z,2025-01-01T00:00:00Z,2026-09-22T23:59:59Z,16050,3738,False,0.4656679454878607,0.48936581796549544,0.4907340815391663,0.7138721633252846,0.2598323118306825,0.48929909042268593,0.0008880085032477209,3738.0,0.5050829320492242,0.35874799357945425,0.6412520064205457,0.0005493994924499097,-0.0010774430812535028,0.14285714285714285,0.294275013376137,0.009697407982718198,-0.013361528138692038,0.05831995719636169,0.09283039058319957,0.029641895400826228,-0.03159591899858458,0.0227394328517924,0.02675227394328518,0.036777849646028885,-0.07230135425669384,0.006153023006955591,0.006955591225254147,0.041051979098370814,-0.02628817269860598,MIXED
187a3ba79d0c469bb92a,3.3.0,73026dd08db19c83059c57c75b65bcebf077280cee941bdcbc1155cb400f6517,ETH_USDT_4h_7d_crypto_core_v1+crypto_context_proxy_v1_macro_proxy_1.0.0,crypto_core_v1+crypto_context_proxy_v1,logistic_regression,final_holdout,holdout,ETH/USDT,4h,7d,42,train_only_standard_scaler_v1,eth_usdt_return_1|eth_usdt_log_return_1|eth_usdt_return_3|eth_usdt_log_return_3|eth_usdt_return_6|eth_usdt_log_return_6|eth_usdt_return_12|eth_usdt_log_return_12|eth_usdt_return_24|eth_usdt_log_return_24|eth_usdt_momentum_6|eth_usdt_momentum_12|eth_usdt_momentum_24|eth_usdt_sma_distance_20|eth_usdt_ema_distance_20|eth_usdt_sma_distance_50|eth_usdt_ema_distance_50|eth_usdt_rsi_14|eth_usdt_realized_vol_12|eth_usdt_range_12|eth_usdt_realized_vol_24|eth_usdt_range_24|eth_usdt_realized_vol_48|eth_usdt_range_48|eth_usdt_relative_volume_24|eth_usdt_range_position_20|eth_usdt_breakout_distance_20|eth_usdt_range_position_55|eth_usdt_breakout_distance_55|macro_es_f_proxy_value|macro_es_f_proxy_return_1|macro_nq_f_proxy_value|macro_nq_f_proxy_return_1|macro_vix_proxy_value|macro_vix_proxy_return_1|macro_urth_proxy_value|macro_urth_proxy_return_1,direction_raw_v1,7 days 00:00:00,7 days 00:00:00,2017-08-17T00:00:00Z,2024-12-31T23:59:59Z,2025-01-01T00:00:00Z,2026-09-22T23:59:59Z,11752,3738,False,0.5190168346312414,0.5237512523799751,0.5019961062757673,0.6997139652530472,0.25324009217296095,0.49919743178170145,0.0008880085032477209,3738.0,0.5050829320492242,0.2247191011235955,0.7752808988764045,-0.0030670408950361433,-0.002034399633185071,0.09069020866773676,0.5096308186195827,0.0074370068541806285,-0.0030642435044486763,0.028089887640449437,0.15168539325842698,0.02337606743917709,0.018729526489607417,0.008025682182985553,0.01658640984483681,0.0012282753456893632,0.04124709199478742,0.002407704654895666,0.0034777956126270733,-0.03817550655540409,0.04173677113337814,ROBUST CANDIDATE
5d0b7b4ac2b7002558f1,3.3.0,73026dd08db19c83059c57c75b65bcebf077280cee941bdcbc1155cb400f6517,ETH_USDT_4h_7d_crypto_core_v1+crypto_context_proxy_v1_macro_proxy_1.0.0,crypto_core_v1+crypto_context_proxy_v1,hist_gradient_boosting,final_holdout,holdout,ETH/USDT,4h,7d,42,train_only_standard_scaler_v1,eth_usdt_return_1|eth_usdt_log_return_1|eth_usdt_return_3|eth_usdt_log_return_3|eth_usdt_return_6|eth_usdt_log_return_6|eth_usdt_return_12|eth_usdt_log_return_12|eth_usdt_return_24|eth_usdt_log_return_24|eth_usdt_momentum_6|eth_usdt_momentum_12|eth_usdt_momentum_24|eth_usdt_sma_distance_20|eth_usdt_ema_distance_20|eth_usdt_sma_distance_50|eth_usdt_ema_distance_50|eth_usdt_rsi_14|eth_usdt_realized_vol_12|eth_usdt_range_12|eth_usdt_realized_vol_24|eth_usdt_range_24|eth_usdt_realized_vol_48|eth_usdt_range_48|eth_usdt_relative_volume_24|eth_usdt_range_position_20|eth_usdt_breakout_distance_20|eth_usdt_range_position_55|eth_usdt_breakout_distance_55|macro_es_f_proxy_value|macro_es_f_proxy_return_1|macro_nq_f_proxy_value|macro_nq_f_proxy_return_1|macro_vix_proxy_value|macro_vix_proxy_return_1|macro_urth_proxy_value|macro_urth_proxy_return_1,direction_raw_v1,7 days 00:00:00,7 days 00:00:00,2017-08-17T00:00:00Z,2024-12-31T23:59:59Z,2025-01-01T00:00:00Z,2026-09-22T23:59:59Z,11752,3738,False,0.47138441937700415,0.47730810979217664,0.4897048213467705,1.0327541420511677,0.36724909316111365,0.4860888175494917,0.0008880085032477209,3738.0,0.5050829320492242,0.1441947565543071,0.8558052434456929,-0.0032703736727510125,-0.0015886549530330647,0.11476725521669343,0.8263777421080792,-0.0035041008772930117,-0.0014379368678901104,0.08667736757624397,0.8057784911717496,-0.009591772248661192,-0.001852189014024306,0.05403959336543606,0.7878544676297485,-0.019946428954883404,-0.0017346174116355606,0.04066345639379347,0.7680577849117175,-0.03381841657657198,-0.0024365006194553645,MIXED
14728365aeb0ff34df9f,3.3.0,73026dd08db19c83059c57c75b65bcebf077280cee941bdcbc1155cb400f6517,ETH_USDT_4h_7d_crypto_core_v1+crypto_context_proxy_v1_macro_proxy_1.0.0,crypto_core_v1+crypto_context_proxy_v1,random_forest,final_holdout,holdout,ETH/USDT,4h,7d,42,train_only_standard_scaler_v1,eth_usdt_return_1|eth_usdt_log_return_1|eth_usdt_return_3|eth_usdt_log_return_3|eth_usdt_return_6|eth_usdt_log_return_6|eth_usdt_return_12|eth_usdt_log_return_12|eth_usdt_return_24|eth_usdt_log_return_24|eth_usdt_momentum_6|eth_usdt_momentum_12|eth_usdt_momentum_24|eth_usdt_sma_distance_20|eth_usdt_ema_distance_20|eth_usdt_sma_distance_50|eth_usdt_ema_distance_50|eth_usdt_rsi_14|eth_usdt_realized_vol_12|eth_usdt_range_12|eth_usdt_realized_vol_24|eth_usdt_range_24|eth_usdt_realized_vol_48|eth_usdt_range_48|eth_usdt_relative_volume_24|eth_usdt_range_position_20|eth_usdt_breakout_distance_20|eth_usdt_range_position_55|eth_usdt_breakout_distance_55|macro_es_f_proxy_value|macro_es_f_proxy_return_1|macro_nq_f_proxy_value|macro_nq_f_proxy_return_1|macro_vix_proxy_value|macro_vix_proxy_return_1|macro_urth_proxy_value|macro_urth_proxy_return_1,direction_raw_v1,7 days 00:00:00,7 days 00:00:00,2017-08-17T00:00:00Z,2024-12-31T23:59:59Z,2025-01-01T00:00:00Z,2026-09-22T23:59:59Z,11752,3738,False,0.4519998282180485,0.46965855509769905,0.4706773934951901,0.7387617793242623,0.2713539506093476,0.4681647940074906,0.0008880085032477209,3738.0,0.5050829320492242,0.2525414660246121,0.7474585339753879,-0.013988669676358248,-0.005914345010602062,0.1441947565543071,0.5500267522739433,-0.01792704403942707,-0.012991384300491415,0.0749063670411985,0.3041733547351525,-0.014877503043786624,-0.02011596513785619,0.0371856607811664,0.1297485286249331,-0.02415421318074008,-0.028020916592000806,0.023274478330658106,0.053237025147137504,-0.023335733187018242,-0.04149640273855812,MIXED
9a94dc985f139a466087,3.3.0,73026dd08db19c83059c57c75b65bcebf077280cee941bdcbc1155cb400f6517,ETH_USDT_4h_14d_crypto_core_v1_no_macro_1.0.0,crypto_core_v1,logistic_regression,final_holdout,holdout,ETH/USDT,4h,14d,42,train_only_standard_scaler_v1,eth_usdt_return_1|eth_usdt_log_return_1|eth_usdt_return_3|eth_usdt_log_return_3|eth_usdt_return_6|eth_usdt_log_return_6|eth_usdt_return_12|eth_usdt_log_return_12|eth_usdt_return_24|eth_usdt_log_return_24|eth_usdt_momentum_6|eth_usdt_momentum_12|eth_usdt_momentum_24|eth_usdt_sma_distance_20|eth_usdt_ema_distance_20|eth_usdt_sma_distance_50|eth_usdt_ema_distance_50|eth_usdt_rsi_14|eth_usdt_realized_vol_12|eth_usdt_range_12|eth_usdt_realized_vol_24|eth_usdt_range_24|eth_usdt_realized_vol_48|eth_usdt_range_48|eth_usdt_relative_volume_24|eth_usdt_range_position_20|eth_usdt_breakout_distance_20|eth_usdt_range_position_55|eth_usdt_breakout_distance_55,direction_raw_v1,14 days 00:00:00,14 days 00:00:00,2017-08-17T00:00:00Z,2024-12-31T23:59:59Z,2025-01-01T00:00:00Z,2026-09-22T23:59:59Z,16008,3696,False,0.500847739731888,0.5097204944180633,0.49510520411978653,0.6912049567756698,0.24905874888857277,0.5010822510822511,0.0028873330901457977,3696.0,0.48647186147186144,0.2792207792207792,0.7207792207792207,0.006131141870887659,-0.0016307224813899412,0.049512987012987016,0.06222943722943723,0.046268204714555415,0.03328393108682932,0.017045454545454544,0.0,0.05339182729042715,,0.008928571428571428,0.0,0.043449350516284714,,0.0027056277056277055,0.0,0.0330853878647943,,MIXED
1e9cc87f3c6e73011654,3.3.0,73026dd08db19c83059c57c75b65bcebf077280cee941bdcbc1155cb400f6517,ETH_USDT_4h_14d_crypto_core_v1_no_macro_1.0.0,crypto_core_v1,hist_gradient_boosting,final_holdout,holdout,ETH/USDT,4h,14d,42,train_only_standard_scaler_v1,eth_usdt_return_1|eth_usdt_log_return_1|eth_usdt_return_3|eth_usdt_log_return_3|eth_usdt_return_6|eth_usdt_log_return_6|eth_usdt_return_12|eth_usdt_log_return_12|eth_usdt_return_24|eth_usdt_log_return_24|eth_usdt_momentum_6|eth_usdt_momentum_12|eth_usdt_momentum_24|eth_usdt_sma_distance_20|eth_usdt_ema_distance_20|eth_usdt_sma_distance_50|eth_usdt_ema_distance_50|eth_usdt_rsi_14|eth_usdt_realized_vol_12|eth_usdt_range_12|eth_usdt_realized_vol_24|eth_usdt_range_24|eth_usdt_realized_vol_48|eth_usdt_range_48|eth_usdt_relative_volume_24|eth_usdt_range_position_20|eth_usdt_breakout_distance_20|eth_usdt_range_position_55|eth_usdt_breakout_distance_55,direction_raw_v1,14 days 00:00:00,14 days 00:00:00,2017-08-17T00:00:00Z,2024-12-31T23:59:59Z,2025-01-01T00:00:00Z,2026-09-22T23:59:59Z,16008,3696,False,0.492400231611989,0.4729259273901467,0.4950539236313384,0.7210361043863818,0.26285839199918926,0.4943181818181818,0.0028873330901457977,3696.0,0.48647186147186144,0.5273268398268398,0.4726731601731602,-0.0006152083031508893,-0.006794862097321091,0.32575757575757575,0.2905844155844156,-0.002209781319838156,-0.007261316166055539,0.1617965367965368,0.17424242424242425,-0.010100177425417866,-0.006187321194808469,0.07305194805194805,0.09523809523809523,-0.012149506832677274,-0.0028225025653647318,0.022456709956709956,0.041666666666666664,-0.02195580232344226,-0.0022089372743308677,MIXED
c89303cb14891d2ef0ac,3.3.0,73026dd08db19c83059c57c75b65bcebf077280cee941bdcbc1155cb400f6517,ETH_USDT_4h_14d_crypto_core_v1_no_macro_1.0.0,crypto_core_v1,random_forest,final_holdout,holdout,ETH/USDT,4h,14d,42,train_only_standard_scaler_v1,eth_usdt_return_1|eth_usdt_log_return_1|eth_usdt_return_3|eth_usdt_log_return_3|eth_usdt_return_6|eth_usdt_log_return_6|eth_usdt_return_12|eth_usdt_log_return_12|eth_usdt_return_24|eth_usdt_log_return_24|eth_usdt_momentum_6|eth_usdt_momentum_12|eth_usdt_momentum_24|eth_usdt_sma_distance_20|eth_usdt_ema_distance_20|eth_usdt_sma_distance_50|eth_usdt_ema_distance_50|eth_usdt_rsi_14|eth_usdt_realized_vol_12|eth_usdt_range_12|eth_usdt_realized_vol_24|eth_usdt_range_24|eth_usdt_realized_vol_48|eth_usdt_range_48|eth_usdt_relative_volume_24|eth_usdt_range_position_20|eth_usdt_breakout_distance_20|eth_usdt_range_position_55|eth_usdt_breakout_distance_55,direction_raw_v1,14 days 00:00:00,14 days 00:00:00,2017-08-17T00:00:00Z,2024-12-31T23:59:59Z,2025-01-01T00:00:00Z,2026-09-22T23:59:59Z,16008,3696,False,0.5155330064666162,0.5068588409389815,0.508456885123501,0.6989171379953528,0.2524625241700511,0.5108225108225108,0.0028873330901457977,3696.0,0.48647186147186144,0.41233766233766234,0.5876623376623377,0.004102279878935858,-0.002034856614033434,0.16666666666666666,0.2648809523809524,-0.005590180980782151,-0.0033081168806422183,0.05708874458874459,0.09686147186147186,0.0246311342886665,0.016957666007201572,0.020833333333333332,0.05140692640692641,0.016204080354336705,0.034097148554713005,0.010822510822510822,0.026244588744588744,0.02994943504211891,0.0020910986204654273,MIXED
26d812bde1f93cc6fbb8,3.3.0,73026dd08db19c83059c57c75b65bcebf077280cee941bdcbc1155cb400f6517,ETH_USDT_4h_14d_crypto_core_v1+crypto_context_proxy_v1_macro_proxy_1.0.0,crypto_core_v1+crypto_context_proxy_v1,logistic_regression,final_holdout,holdout,ETH/USDT,4h,14d,42,train_only_standard_scaler_v1,eth_usdt_return_1|eth_usdt_log_return_1|eth_usdt_return_3|eth_usdt_log_return_3|eth_usdt_return_6|eth_usdt_log_return_6|eth_usdt_return_12|eth_usdt_log_return_12|eth_usdt_return_24|eth_usdt_log_return_24|eth_usdt_momentum_6|eth_usdt_momentum_12|eth_usdt_momentum_24|eth_usdt_sma_distance_20|eth_usdt_ema_distance_20|eth_usdt_sma_distance_50|eth_usdt_ema_distance_50|eth_usdt_rsi_14|eth_usdt_realized_vol_12|eth_usdt_range_12|eth_usdt_realized_vol_24|eth_usdt_range_24|eth_usdt_realized_vol_48|eth_usdt_range_48|eth_usdt_relative_volume_24|eth_usdt_range_position_20|eth_usdt_breakout_distance_20|eth_usdt_range_position_55|eth_usdt_breakout_distance_55|macro_es_f_proxy_value|macro_es_f_proxy_return_1|macro_nq_f_proxy_value|macro_nq_f_proxy_return_1|macro_vix_proxy_value|macro_vix_proxy_return_1|macro_urth_proxy_value|macro_urth_proxy_return_1,direction_raw_v1,14 days 00:00:00,14 days 00:00:00,2017-08-17T00:00:00Z,2024-12-31T23:59:59Z,2025-01-01T00:00:00Z,2026-09-22T23:59:59Z,11710,3696,False,0.5915564771066317,0.5625652759101823,0.5576105519421533,0.6753704322294838,0.24155005446175812,0.5535714285714286,0.0028873330901457977,3696.0,0.48647186147186144,0.6477272727272727,0.3522727272727273,0.013671384103809605,0.01694140587046186,0.4253246753246753,0.1856060606060606,0.01751574816274241,0.05397899160344105,0.23836580086580086,0.09686147186147186,-0.005021645648961509,0.11010607768255329,0.12364718614718614,0.07007575757575757,0.0017490992835742965,0.10842213488707518,0.05005411255411255,0.032196969696969696,0.02829035810941535,0.11924949672233605,MIXED
7b41008c280a0c8572bb,3.3.0,73026dd08db19c83059c57c75b65bcebf077280cee941bdcbc1155cb400f6517,ETH_USDT_4h_14d_crypto_core_v1+crypto_context_proxy_v1_macro_proxy_1.0.0,crypto_core_v1+crypto_context_proxy_v1,hist_gradient_boosting,final_holdout,holdout,ETH/USDT,4h,14d,42,train_only_standard_scaler_v1,eth_usdt_return_1|eth_usdt_log_return_1|eth_usdt_return_3|eth_usdt_log_return_3|eth_usdt_return_6|eth_usdt_log_return_6|eth_usdt_return_12|eth_usdt_log_return_12|eth_usdt_return_24|eth_usdt_log_return_24|eth_usdt_momentum_6|eth_usdt_momentum_12|eth_usdt_momentum_24|eth_usdt_sma_distance_20|eth_usdt_ema_distance_20|eth_usdt_sma_distance_50|eth_usdt_ema_distance_50|eth_usdt_rsi_14|eth_usdt_realized_vol_12|eth_usdt_range_12|eth_usdt_realized_vol_24|eth_usdt_range_24|eth_usdt_realized_vol_48|eth_usdt_range_48|eth_usdt_relative_volume_24|eth_usdt_range_position_20|eth_usdt_breakout_distance_20|eth_usdt_range_position_55|eth_usdt_breakout_distance_55|macro_es_f_proxy_value|macro_es_f_proxy_return_1|macro_nq_f_proxy_value|macro_nq_f_proxy_return_1|macro_vix_proxy_value|macro_vix_proxy_return_1|macro_urth_proxy_value|macro_urth_proxy_return_1,direction_raw_v1,14 days 00:00:00,14 days 00:00:00,2017-08-17T00:00:00Z,2024-12-31T23:59:59Z,2025-01-01T00:00:00Z,2026-09-22T23:59:59Z,11710,3696,False,0.4971363510093758,0.4808082119773651,0.4942806138655408,1.1264499273698312,0.3794962405251255,0.5048701298701299,0.0028873330901457977,3696.0,0.48647186147186144,0.10876623376623376,0.8912337662337663,0.021396587519646963,-0.0006284623309899182,0.09577922077922078,0.8793290043290043,0.0009598086264701775,0.0009917158611807508,0.08495670995670995,0.8731060606060606,-0.01411416159101656,0.0017144856519528513,0.07683982683982683,0.8633658008658008,-0.015925807350300324,0.0028708663087908272,0.06926406926406926,0.8484848484848485,-0.020154777398510827,0.0036306875506345723,MIXED
6069a42c510f759c7a7a,3.3.0,73026dd08db19c83059c57c75b65bcebf077280cee941bdcbc1155cb400f6517,ETH_USDT_4h_14d_crypto_core_v1+crypto_context_proxy_v1_macro_proxy_1.0.0,crypto_core_v1+crypto_context_proxy_v1,random_forest,final_holdout,holdout,ETH/USDT,4h,14d,42,train_only_standard_scaler_v1,eth_usdt_return_1|eth_usdt_log_return_1|eth_usdt_return_3|eth_usdt_log_return_3|eth_usdt_return_6|eth_usdt_log_return_6|eth_usdt_return_12|eth_usdt_log_return_12|eth_usdt_return_24|eth_usdt_log_return_24|eth_usdt_momentum_6|eth_usdt_momentum_12|eth_usdt_momentum_24|eth_usdt_sma_distance_20|eth_usdt_ema_distance_20|eth_usdt_sma_distance_50|eth_usdt_ema_distance_50|eth_usdt_rsi_14|eth_usdt_realized_vol_12|eth_usdt_range_12|eth_usdt_realized_vol_24|eth_usdt_range_24|eth_usdt_realized_vol_48|eth_usdt_range_48|eth_usdt_relative_volume_24|eth_usdt_range_position_20|eth_usdt_breakout_distance_20|eth_usdt_range_position_55|eth_usdt_breakout_distance_55|macro_es_f_proxy_value|macro_es_f_proxy_return_1|macro_nq_f_proxy_value|macro_nq_f_proxy_return_1|macro_vix_proxy_value|macro_vix_proxy_return_1|macro_urth_proxy_value|macro_urth_proxy_return_1,direction_raw_v1,14 days 00:00:00,14 days 00:00:00,2017-08-17T00:00:00Z,2024-12-31T23:59:59Z,2025-01-01T00:00:00Z,2026-09-22T23:59:59Z,11710,3696,False,0.46749256579433185,0.454608248667425,0.48707028415837295,0.7529807077989248,0.2760796525669296,0.49296536796536794,0.0028873330901457977,3696.0,0.48647186147186144,0.2824675324675325,0.7175324675324676,-0.012266807841332716,-0.008852990379913358,0.15151515151515152,0.5297619047619048,-0.008544512172921634,-0.013846033581399964,0.08603896103896104,0.3509199134199134,-0.02871603154178642,-0.0183571484134222,0.05357142857142857,0.1937229437229437,-0.03485640083648068,-0.029626317398866328,0.0367965367965368,0.09361471861471861,-0.039260380378329324,-0.08806477262135558,MIXED
f1d8768a44c69f8ad1cc,3.3.0,73026dd08db19c83059c57c75b65bcebf077280cee941bdcbc1155cb400f6517,ETH_USDT_4h_21d_crypto_core_v1_no_macro_1.0.0,crypto_core_v1,logistic_regression,final_holdout,holdout,ETH/USDT,4h,21d,42,train_only_standard_scaler_v1,eth_usdt_return_1|eth_usdt_log_return_1|eth_usdt_return_3|eth_usdt_log_return_3|eth_usdt_return_6|eth_usdt_log_return_6|eth_usdt_return_12|eth_usdt_log_return_12|eth_usdt_return_24|eth_usdt_log_return_24|eth_usdt_momentum_6|eth_usdt_momentum_12|eth_usdt_momentum_24|eth_usdt_sma_distance_20|eth_usdt_ema_distance_20|eth_usdt_sma_distance_50|eth_usdt_ema_distance_50|eth_usdt_rsi_14|eth_usdt_realized_vol_12|eth_usdt_range_12|eth_usdt_realized_vol_24|eth_usdt_range_24|eth_usdt_realized_vol_48|eth_usdt_range_48|eth_usdt_relative_volume_24|eth_usdt_range_position_20|eth_usdt_breakout_distance_20|eth_usdt_range_position_55|eth_usdt_breakout_distance_55,direction_raw_v1,21 days 00:00:00,21 days 00:00:00,2017-08-17T00:00:00Z,2024-12-31T23:59:59Z,2025-01-01T00:00:00Z,2026-09-22T23:59:59Z,15966,3654,False,0.5886173146939773,0.5358992789870215,0.5550003587285932,0.6823612302920358,0.2446357664103891,0.565407772304324,0.005704114595931079,3654.0,0.4490968801313629,0.3921729611384784,0.6078270388615217,0.018079353811626172,0.0022804499227951983,0.06212370005473454,0.1174055829228243,0.03578613947246342,0.03938921792341923,0.007662835249042145,0.005747126436781609,0.051683682534206424,0.06502784798534639,0.003284072249589491,0.0,0.030013981829950992,,0.0010946907498631637,0.0,0.006621824990331482,,MIXED
0149bb7b460a6fcb0b35,3.3.0,73026dd08db19c83059c57c75b65bcebf077280cee941bdcbc1155cb400f6517,ETH_USDT_4h_21d_crypto_core_v1_no_macro_1.0.0,crypto_core_v1,hist_gradient_boosting,final_holdout,holdout,ETH/USDT,4h,21d,42,train_only_standard_scaler_v1,eth_usdt_return_1|eth_usdt_log_return_1|eth_usdt_return_3|eth_usdt_log_return_3|eth_usdt_return_6|eth_usdt_log_return_6|eth_usdt_return_12|eth_usdt_log_return_12|eth_usdt_return_24|eth_usdt_log_return_24|eth_usdt_momentum_6|eth_usdt_momentum_12|eth_usdt_momentum_24|eth_usdt_sma_distance_20|eth_usdt_ema_distance_20|eth_usdt_sma_distance_50|eth_usdt_ema_distance_50|eth_usdt_rsi_14|eth_usdt_realized_vol_12|eth_usdt_range_12|eth_usdt_realized_vol_24|eth_usdt_range_24|eth_usdt_realized_vol_48|eth_usdt_range_48|eth_usdt_relative_volume_24|eth_usdt_range_position_20|eth_usdt_breakout_distance_20|eth_usdt_range_position_55|eth_usdt_breakout_distance_55,direction_raw_v1,21 days 00:00:00,21 days 00:00:00,2017-08-17T00:00:00Z,2024-12-31T23:59:59Z,2025-01-01T00:00:00Z,2026-09-22T23:59:59Z,15966,3654,False,0.4440967652973527,0.39068409944612975,0.4646248198410514,0.7669651087294471,0.2822328746952496,0.46223316912972084,0.005704114595931079,3654.0,0.4490968801313629,0.5270935960591133,0.4729064039408867,-0.01862801867036042,-0.03282430479898514,0.34510125889436233,0.31527093596059114,-0.027303231452695108,-0.03909522175612168,0.2112753147235906,0.20114942528735633,-0.0394786494968902,-0.04253595761848858,0.1261631089217296,0.11466885604816639,-0.06627732111879982,-0.04379577489550609,0.07608100711548987,0.06102900930487137,-0.08070569501173004,-0.03278006449099102,ROBUST CANDIDATE
24360ff63a690b6370a4,3.3.0,73026dd08db19c83059c57c75b65bcebf077280cee941bdcbc1155cb400f6517,ETH_USDT_4h_21d_crypto_core_v1_no_macro_1.0.0,crypto_core_v1,random_forest,final_holdout,holdout,ETH/USDT,4h,21d,42,train_only_standard_scaler_v1,eth_usdt_return_1|eth_usdt_log_return_1|eth_usdt_return_3|eth_usdt_log_return_3|eth_usdt_return_6|eth_usdt_log_return_6|eth_usdt_return_12|eth_usdt_log_return_12|eth_usdt_return_24|eth_usdt_log_return_24|eth_usdt_momentum_6|eth_usdt_momentum_12|eth_usdt_momentum_24|eth_usdt_sma_distance_20|eth_usdt_ema_distance_20|eth_usdt_sma_distance_50|eth_usdt_ema_distance_50|eth_usdt_rsi_14|eth_usdt_realized_vol_12|eth_usdt_range_12|eth_usdt_realized_vol_24|eth_usdt_range_24|eth_usdt_realized_vol_48|eth_usdt_range_48|eth_usdt_relative_volume_24|eth_usdt_range_position_20|eth_usdt_breakout_distance_20|eth_usdt_range_position_55|eth_usdt_breakout_distance_55,direction_raw_v1,21 days 00:00:00,21 days 00:00:00,2017-08-17T00:00:00Z,2024-12-31T23:59:59Z,2025-01-01T00:00:00Z,2026-09-22T23:59:59Z,15966,3654,False,0.45255110520192793,0.3991130383022181,0.4666341540498642,0.7266692110369624,0.2658213954510554,0.47400109469074986,0.005704114595931079,3654.0,0.4490968801313629,0.43103448275862066,0.5689655172413793,-0.023420727005626397,-0.027768388536504925,0.20935960591133004,0.2733990147783251,-0.05616274672605759,-0.03036668646328058,0.10153256704980843,0.10481663929939793,-0.08706318301942675,-0.024274973494511524,0.05281882868089765,0.05363984674329502,-0.0946742059296152,-0.010670297995242838,0.02353585112205802,0.027640941434044882,-0.08906227483079121,-0.022411026493417224,ROBUST CANDIDATE
c12e3d681bd8258a489f,3.3.0,73026dd08db19c83059c57c75b65bcebf077280cee941bdcbc1155cb400f6517,ETH_USDT_4h_21d_crypto_core_v1+crypto_context_proxy_v1_macro_proxy_1.0.0,crypto_core_v1+crypto_context_proxy_v1,logistic_regression,final_holdout,holdout,ETH/USDT,4h,21d,42,train_only_standard_scaler_v1,eth_usdt_return_1|eth_usdt_log_return_1|eth_usdt_return_3|eth_usdt_log_return_3|eth_usdt_return_6|eth_usdt_log_return_6|eth_usdt_return_12|eth_usdt_log_return_12|eth_usdt_return_24|eth_usdt_log_return_24|eth_usdt_momentum_6|eth_usdt_momentum_12|eth_usdt_momentum_24|eth_usdt_sma_distance_20|eth_usdt_ema_distance_20|eth_usdt_sma_distance_50|eth_usdt_ema_distance_50|eth_usdt_rsi_14|eth_usdt_realized_vol_12|eth_usdt_range_12|eth_usdt_realized_vol_24|eth_usdt_range_24|eth_usdt_realized_vol_48|eth_usdt_range_48|eth_usdt_relative_volume_24|eth_usdt_range_position_20|eth_usdt_breakout_distance_20|eth_usdt_range_position_55|eth_usdt_breakout_distance_55|macro_es_f_proxy_value|macro_es_f_proxy_return_1|macro_nq_f_proxy_value|macro_nq_f_proxy_return_1|macro_vix_proxy_value|macro_vix_proxy_return_1|macro_urth_proxy_value|macro_urth_proxy_return_1,direction_raw_v1,21 days 00:00:00,21 days 00:00:00,2017-08-17T00:00:00Z,2024-12-31T23:59:59Z,2025-01-01T00:00:00Z,2026-09-22T23:59:59Z,11668,3654,False,0.6617104603138708,0.5677081702310276,0.6152072770138524,0.7058568515750141,0.2526930032326038,0.5815544608648057,0.005704114595931079,3654.0,0.4490968801313629,0.8188286808976464,0.1811713191023536,0.028337524809645225,0.09659069410411839,0.7038861521620142,0.11548987411056376,0.02374137443220048,0.1435318625726153,0.5853858784893268,0.09578544061302682,0.030201866237143576,0.15543896867100862,0.4578544061302682,0.07717569786535304,0.037025591628053606,0.1555316515674984,0.33388067870826493,0.05829228243021346,0.0322064777955876,0.1477113940313464,ROBUST CANDIDATE
32239bbbd93cdc9d0a37,3.3.0,73026dd08db19c83059c57c75b65bcebf077280cee941bdcbc1155cb400f6517,ETH_USDT_4h_21d_crypto_core_v1+crypto_context_proxy_v1_macro_proxy_1.0.0,crypto_core_v1+crypto_context_proxy_v1,hist_gradient_boosting,final_holdout,holdout,ETH/USDT,4h,21d,42,train_only_standard_scaler_v1,eth_usdt_return_1|eth_usdt_log_return_1|eth_usdt_return_3|eth_usdt_log_return_3|eth_usdt_return_6|eth_usdt_log_return_6|eth_usdt_return_12|eth_usdt_log_return_12|eth_usdt_return_24|eth_usdt_log_return_24|eth_usdt_momentum_6|eth_usdt_momentum_12|eth_usdt_momentum_24|eth_usdt_sma_distance_20|eth_usdt_ema_distance_20|eth_usdt_sma_distance_50|eth_usdt_ema_distance_50|eth_usdt_rsi_14|eth_usdt_realized_vol_12|eth_usdt_range_12|eth_usdt_realized_vol_24|eth_usdt_range_24|eth_usdt_realized_vol_48|eth_usdt_range_48|eth_usdt_relative_volume_24|eth_usdt_range_position_20|eth_usdt_breakout_distance_20|eth_usdt_range_position_55|eth_usdt_breakout_distance_55|macro_es_f_proxy_value|macro_es_f_proxy_return_1|macro_nq_f_proxy_value|macro_nq_f_proxy_return_1|macro_vix_proxy_value|macro_vix_proxy_return_1|macro_urth_proxy_value|macro_urth_proxy_return_1,direction_raw_v1,21 days 00:00:00,21 days 00:00:00,2017-08-17T00:00:00Z,2024-12-31T23:59:59Z,2025-01-01T00:00:00Z,2026-09-22T23:59:59Z,11668,3654,False,0.36230982465285816,0.3607377145133589,0.41996401815984036,1.0766482706097744,0.3863732812232178,0.39025725232621783,0.005704114595931079,3654.0,0.4490968801313629,0.7999452654625069,0.20005473453749315,-0.02456220309551041,-0.12672798137032704,0.7463054187192119,0.1562671045429666,-0.026997346307412465,-0.15068016447337979,0.7011494252873564,0.12096332785987958,-0.02568384489472,-0.16679260858445497,0.6584564860426929,0.08401751505199781,-0.027679345074644687,-0.17224646200906343,0.5870279146141215,0.05829228243021346,-0.027842006426377925,-0.18795640227523436,MIXED
eba686170dabab002de3,3.3.0,73026dd08db19c83059c57c75b65bcebf077280cee941bdcbc1155cb400f6517,ETH_USDT_4h_21d_crypto_core_v1+crypto_context_proxy_v1_macro_proxy_1.0.0,crypto_core_v1+crypto_context_proxy_v1,random_forest,final_holdout,holdout,ETH/USDT,4h,21d,42,train_only_standard_scaler_v1,eth_usdt_return_1|eth_usdt_log_return_1|eth_usdt_return_3|eth_usdt_log_return_3|eth_usdt_return_6|eth_usdt_log_return_6|eth_usdt_return_12|eth_usdt_log_return_12|eth_usdt_return_24|eth_usdt_log_return_24|eth_usdt_momentum_6|eth_usdt_momentum_12|eth_usdt_momentum_24|eth_usdt_sma_distance_20|eth_usdt_ema_distance_20|eth_usdt_sma_distance_50|eth_usdt_ema_distance_50|eth_usdt_rsi_14|eth_usdt_realized_vol_12|eth_usdt_range_12|eth_usdt_realized_vol_24|eth_usdt_range_24|eth_usdt_realized_vol_48|eth_usdt_range_48|eth_usdt_relative_volume_24|eth_usdt_range_position_20|eth_usdt_breakout_distance_20|eth_usdt_range_position_55|eth_usdt_breakout_distance_55|macro_es_f_proxy_value|macro_es_f_proxy_return_1|macro_nq_f_proxy_value|macro_nq_f_proxy_return_1|macro_vix_proxy_value|macro_vix_proxy_return_1|macro_urth_proxy_value|macro_urth_proxy_return_1,direction_raw_v1,21 days 00:00:00,21 days 00:00:00,2017-08-17T00:00:00Z,2024-12-31T23:59:59Z,2025-01-01T00:00:00Z,2026-09-22T23:59:59Z,11668,3654,False,0.41849307956539655,0.4012439958265225,0.4484947475776738,0.8248772891934073,0.30904258715296606,0.42665571975916805,0.005704114595931079,3654.0,0.4490968801313629,0.7197591680350302,0.2802408319649699,-0.018852840013457432,-0.06877519918840354,0.615216201423098,0.18171866447728516,-0.025317425539924283,-0.09874341993400154,0.5106732348111659,0.10591133004926108,-0.03152629054468475,-0.1605036976257319,0.38834154351395733,0.05637657361795293,-0.03432925971556009,-0.22485860699364618,0.2523262178434592,0.02490421455938697,-0.03531031588066497,-0.2698311378771278,MIXED
34432d9ab092dd30a7d3,3.3.0,73026dd08db19c83059c57c75b65bcebf077280cee941bdcbc1155cb400f6517,ETH_USDT_4h_28d_crypto_core_v1_no_macro_1.0.0,crypto_core_v1,logistic_regression,final_holdout,holdout,ETH/USDT,4h,28d,42,train_only_standard_scaler_v1,eth_usdt_return_1|eth_usdt_log_return_1|eth_usdt_return_3|eth_usdt_log_return_3|eth_usdt_return_6|eth_usdt_log_return_6|eth_usdt_return_12|eth_usdt_log_return_12|eth_usdt_return_24|eth_usdt_log_return_24|eth_usdt_momentum_6|eth_usdt_momentum_12|eth_usdt_momentum_24|eth_usdt_sma_distance_20|eth_usdt_ema_distance_20|eth_usdt_sma_distance_50|eth_usdt_ema_distance_50|eth_usdt_rsi_14|eth_usdt_realized_vol_12|eth_usdt_range_12|eth_usdt_realized_vol_24|eth_usdt_range_24|eth_usdt_realized_vol_48|eth_usdt_range_48|eth_usdt_relative_volume_24|eth_usdt_range_position_20|eth_usdt_breakout_distance_20|eth_usdt_range_position_55|eth_usdt_breakout_distance_55,direction_raw_v1,28 days 00:00:00,28 days 00:00:00,2017-08-17T00:00:00Z,2024-12-31T23:59:59Z,2025-01-01T00:00:00Z,2026-09-22T23:59:59Z,15924,3612,False,0.6018804032812654,0.5689697340700385,0.57339927792514,0.6820305084918358,0.2444926348126622,0.5753045404208195,0.009477514425522306,3612.0,0.48172757475083056,0.44518272425249167,0.5548172757475083,0.04662227825773321,0.02032726613445533,0.03709856035437431,0.10077519379844961,0.08892280434435025,0.033781534772381945,0.0049833887043189366,0.022978959025470654,0.022051835521258,0.07953892982995442,0.0016611295681063123,0.005813953488372093,0.012038698368577386,0.1308244601597862,0.0,0.0005537098560354374,,0.24617575582366108,MIXED
193652fae27ead39912b,3.3.0,73026dd08db19c83059c57c75b65bcebf077280cee941bdcbc1155cb400f6517,ETH_USDT_4h_28d_crypto_core_v1_no_macro_1.0.0,crypto_core_v1,hist_gradient_boosting,final_holdout,holdout,ETH/USDT,4h,28d,42,train_only_standard_scaler_v1,eth_usdt_return_1|eth_usdt_log_return_1|eth_usdt_return_3|eth_usdt_log_return_3|eth_usdt_return_6|eth_usdt_log_return_6|eth_usdt_return_12|eth_usdt_log_return_12|eth_usdt_return_24|eth_usdt_log_return_24|eth_usdt_momentum_6|eth_usdt_momentum_12|eth_usdt_momentum_24|eth_usdt_sma_distance_20|eth_usdt_ema_distance_20|eth_usdt_sma_distance_50|eth_usdt_ema_distance_50|eth_usdt_rsi_14|eth_usdt_realized_vol_12|eth_usdt_range_12|eth_usdt_realized_vol_24|eth_usdt_range_24|eth_usdt_realized_vol_48|eth_usdt_range_48|eth_usdt_relative_volume_24|eth_usdt_range_position_20|eth_usdt_breakout_distance_20|eth_usdt_range_position_55|eth_usdt_breakout_distance_55,direction_raw_v1,28 days 00:00:00,28 days 00:00:00,2017-08-17T00:00:00Z,2024-12-31T23:59:59Z,2025-01-01T00:00:00Z,2026-09-22T23:59:59Z,15924,3612,False,0.4493746315944592,0.4323889920912535,0.47246905393457117,0.7511067769996426,0.27605818178115105,0.4684385382059801,0.009477514425522306,3612.0,0.48172757475083056,0.6112956810631229,0.38870431893687707,-0.01160385202850002,-0.04263111637030953,0.43410852713178294,0.25692137320044295,-0.02020870727279977,-0.03978979428749824,0.27436323366555926,0.1461794019933555,-0.030803402271192874,-0.03658195594172737,0.14673311184939092,0.08693244739756367,-0.04467403406967179,-0.037793490663684065,0.0650609080841639,0.04706533776301218,-0.05291423185215544,-0.026895359089255,ROBUST CANDIDATE
ea0ce2d833946f8b8cfa,3.3.0,73026dd08db19c83059c57c75b65bcebf077280cee941bdcbc1155cb400f6517,ETH_USDT_4h_28d_crypto_core_v1_no_macro_1.0.0,crypto_core_v1,random_forest,final_holdout,holdout,ETH/USDT,4h,28d,42,train_only_standard_scaler_v1,eth_usdt_return_1|eth_usdt_log_return_1|eth_usdt_return_3|eth_usdt_log_return_3|eth_usdt_return_6|eth_usdt_log_return_6|eth_usdt_return_12|eth_usdt_log_return_12|eth_usdt_return_24|eth_usdt_log_return_24|eth_usdt_momentum_6|eth_usdt_momentum_12|eth_usdt_momentum_24|eth_usdt_sma_distance_20|eth_usdt_ema_distance_20|eth_usdt_sma_distance_50|eth_usdt_ema_distance_50|eth_usdt_rsi_14|eth_usdt_realized_vol_12|eth_usdt_range_12|eth_usdt_realized_vol_24|eth_usdt_range_24|eth_usdt_realized_vol_48|eth_usdt_range_48|eth_usdt_relative_volume_24|eth_usdt_range_position_20|eth_usdt_breakout_distance_20|eth_usdt_range_position_55|eth_usdt_breakout_distance_55,direction_raw_v1,28 days 00:00:00,28 days 00:00:00,2017-08-17T00:00:00Z,2024-12-31T23:59:59Z,2025-01-01T00:00:00Z,2026-09-22T23:59:59Z,15924,3612,False,0.46129009480302585,0.43610949763176354,0.4674053197760094,0.7157651381436707,0.2608277836049895,0.46705426356589147,0.009477514425522306,3612.0,0.48172757475083056,0.510797342192691,0.489202657807309,-0.014840939967737476,-0.03486944897875617,0.22840531561461794,0.2339424141749723,-0.04802998271733109,-0.023287308452192405,0.09883720930232558,0.11600221483942415,-0.06904309408779503,0.01804915432287387,0.03433001107419712,0.07807308970099668,-0.09395361498428079,0.028492912336078507,0.008305647840531562,0.04097452934662237,-0.11097341727856375,0.03596920041520381,ROBUST CANDIDATE
d62382076023ce3fdfbc,3.3.0,73026dd08db19c83059c57c75b65bcebf077280cee941bdcbc1155cb400f6517,ETH_USDT_4h_28d_crypto_core_v1+crypto_context_proxy_v1_macro_proxy_1.0.0,crypto_core_v1+crypto_context_proxy_v1,logistic_regression,final_holdout,holdout,ETH/USDT,4h,28d,42,train_only_standard_scaler_v1,eth_usdt_return_1|eth_usdt_log_return_1|eth_usdt_return_3|eth_usdt_log_return_3|eth_usdt_return_6|eth_usdt_log_return_6|eth_usdt_return_12|eth_usdt_log_return_12|eth_usdt_return_24|eth_usdt_log_return_24|eth_usdt_momentum_6|eth_usdt_momentum_12|eth_usdt_momentum_24|eth_usdt_sma_distance_20|eth_usdt_ema_distance_20|eth_usdt_sma_distance_50|eth_usdt_ema_distance_50|eth_usdt_rsi_14|eth_usdt_realized_vol_12|eth_usdt_range_12|eth_usdt_realized_vol_24|eth_usdt_range_24|eth_usdt_realized_vol_48|eth_usdt_range_48|eth_usdt_relative_volume_24|eth_usdt_range_position_20|eth_usdt_breakout_distance_20|eth_usdt_range_position_55|eth_usdt_breakout_distance_55|macro_es_f_proxy_value|macro_es_f_proxy_return_1|macro_nq_f_proxy_value|macro_nq_f_proxy_return_1|macro_vix_proxy_value|macro_vix_proxy_return_1|macro_urth_proxy_value|macro_urth_proxy_return_1,direction_raw_v1,28 days 00:00:00,28 days 00:00:00,2017-08-17T00:00:00Z,2024-12-31T23:59:59Z,2025-01-01T00:00:00Z,2026-09-22T23:59:59Z,11626,3612,False,0.7178090308478239,0.6846509611170581,0.6181881815502506,0.6735098842667349,0.23828228790662873,0.6049280177187154,0.009477514425522306,3612.0,0.48172757475083056,0.8585271317829457,0.14147286821705427,0.0376776165980953,0.16165461245735221,0.8158914728682171,0.12458471760797342,0.036057164937392215,0.1865893197874749,0.7023809523809523,0.10991140642303433,0.037223345504798055,0.20103284075467034,0.5501107419712071,0.10382059800664452,0.04224469532104656,0.2029664995316197,0.45598006644518274,0.08610188261351052,0.06042958092981749,0.19451794059325694,ROBUST CANDIDATE
2c5350bf9a9e70810454,3.3.0,73026dd08db19c83059c57c75b65bcebf077280cee941bdcbc1155cb400f6517,ETH_USDT_4h_28d_crypto_core_v1+crypto_context_proxy_v1_macro_proxy_1.0.0,crypto_core_v1+crypto_context_proxy_v1,hist_gradient_boosting,final_holdout,holdout,ETH/USDT,4h,28d,42,train_only_standard_scaler_v1,eth_usdt_return_1|eth_usdt_log_return_1|eth_usdt_return_3|eth_usdt_log_return_3|eth_usdt_return_6|eth_usdt_log_return_6|eth_usdt_return_12|eth_usdt_log_return_12|eth_usdt_return_24|eth_usdt_log_return_24|eth_usdt_momentum_6|eth_usdt_momentum_12|eth_usdt_momentum_24|eth_usdt_sma_distance_20|eth_usdt_ema_distance_20|eth_usdt_sma_distance_50|eth_usdt_ema_distance_50|eth_usdt_rsi_14|eth_usdt_realized_vol_12|eth_usdt_range_12|eth_usdt_realized_vol_24|eth_usdt_range_24|eth_usdt_realized_vol_48|eth_usdt_range_48|eth_usdt_relative_volume_24|eth_usdt_range_position_20|eth_usdt_breakout_distance_20|eth_usdt_range_position_55|eth_usdt_breakout_distance_55|macro_es_f_proxy_value|macro_es_f_proxy_return_1|macro_nq_f_proxy_value|macro_nq_f_proxy_return_1|macro_vix_proxy_value|macro_vix_proxy_return_1|macro_urth_proxy_value|macro_urth_proxy_return_1,direction_raw_v1,28 days 00:00:00,28 days 00:00:00,2017-08-17T00:00:00Z,2024-12-31T23:59:59Z,2025-01-01T00:00:00Z,2026-09-22T23:59:59Z,11626,3612,False,0.46239561843010124,0.4824111713255249,0.45482795461243736,1.3048335024697988,0.4359493504990846,0.43853820598006643,0.009477514425522306,3612.0,0.48172757475083056,0.9473975636766334,0.05260243632336656,-0.0080403811705362,-0.32498403405558635,0.9335548172757475,0.039313399778516056,-0.01020111284642611,-0.33687161073234745,0.9258028792912514,0.03183831672203765,-0.010409110076442438,-0.34798144791900265,0.904485049833887,0.027962347729789592,-0.009094911677109773,-0.35246228632563,0.8795681063122923,0.0221483942414175,-0.007465339915853211,-0.3465678380872878,ROBUST CANDIDATE
dce45e5c2d3499127538,3.3.0,73026dd08db19c83059c57c75b65bcebf077280cee941bdcbc1155cb400f6517,ETH_USDT_4h_28d_crypto_core_v1+crypto_context_proxy_v1_macro_proxy_1.0.0,crypto_core_v1+crypto_context_proxy_v1,random_forest,final_holdout,holdout,ETH/USDT,4h,28d,42,train_only_standard_scaler_v1,eth_usdt_return_1|eth_usdt_log_return_1|eth_usdt_return_3|eth_usdt_log_return_3|eth_usdt_return_6|eth_usdt_log_return_6|eth_usdt_return_12|eth_usdt_log_return_12|eth_usdt_return_24|eth_usdt_log_return_24|eth_usdt_momentum_6|eth_usdt_momentum_12|eth_usdt_momentum_24|eth_usdt_sma_distance_20|eth_usdt_ema_distance_20|eth_usdt_sma_distance_50|eth_usdt_ema_distance_50|eth_usdt_rsi_14|eth_usdt_realized_vol_12|eth_usdt_range_12|eth_usdt_realized_vol_24|eth_usdt_range_24|eth_usdt_realized_vol_48|eth_usdt_range_48|eth_usdt_relative_volume_24|eth_usdt_range_position_20|eth_usdt_breakout_distance_20|eth_usdt_range_position_55|eth_usdt_breakout_distance_55|macro_es_f_proxy_value|macro_es_f_proxy_return_1|macro_nq_f_proxy_value|macro_nq_f_proxy_return_1|macro_vix_proxy_value|macro_vix_proxy_return_1|macro_urth_proxy_value|macro_urth_proxy_return_1,direction_raw_v1,28 days 00:00:00,28 days 00:00:00,2017-08-17T00:00:00Z,2024-12-31T23:59:59Z,2025-01-01T00:00:00Z,2026-09-22T23:59:59Z,11626,3612,False,0.3963435750073681,0.4177533435631825,0.43192418213969935,0.815025579354229,0.3052850979050005,0.41971207087486156,0.009477514425522306,3612.0,0.48172757475083056,0.8366555924695459,0.16334440753045404,-0.01646892380293985,-0.14237605057198438,0.7159468438538206,0.09136212624584718,-0.02298634247533639,-0.23620995266158007,0.5542635658914729,0.057308970099667775,-0.028868747950502763,-0.2817142101173596,0.39258028792912514,0.035160575858250276,-0.026279323649043514,-0.29037856840930315,0.2505537098560354,0.015780730897009966,-0.022167184900710766,-0.30509819159415735,MIXED
