target,timeframe,horizon,split_id,split_type,cost_threshold_bps,horizon_delta,label_end_max,rows,complete_outcomes,future_return_mean,future_return_median,future_return_std,future_return_min,future_return_max,future_return_q1,future_return_q5,future_return_q25,future_return_q50,future_return_q75,future_return_q95,future_return_q99,future_log_return_mean,future_log_return_median,future_log_return_std,future_log_return_min,future_log_return_max,future_log_return_q1,future_log_return_q5,future_log_return_q25,future_log_return_q50,future_log_return_q75,future_log_return_q95,future_log_return_q99,mfe_mean,mfe_median,mfe_std,mfe_min,mfe_max,mfe_q1,mfe_q5,mfe_q25,mfe_q50,mfe_q75,mfe_q95,mfe_q99,mae_mean,mae_median,mae_std,mae_min,mae_max,mae_q1,mae_q5,mae_q25,mae_q50,mae_q75,mae_q95,mae_q99,direction_positive_rate,cost_aware_direction_positive_rate,abs_move_le_5bps,positive_move_gt_5bps,abs_move_le_10bps,positive_move_gt_10bps,abs_move_le_20bps,positive_move_gt_20bps,abs_move_le_30bps,positive_move_gt_30bps,abs_move_le_50bps,positive_move_gt_50bps,pearson_future_return_mfe,spearman_future_return_mfe,pearson_future_return_mae,spearman_future_return_mae,pearson_future_return_future_log_return,spearman_future_return_future_log_return
BTC/USDT,1h,1h,wf_2022,validation,20.0,0 days 01:00:00,2023-01-01T00:00:00+00:00,8760,8760,-9.52497782617779e-05,-2.0374458493399583e-05,0.006810291281853686,-0.06988994122058856,0.06487232903615148,-0.02101977239578559,-0.010041232086375746,-0.0026686271681797824,-2.0374458493399583e-05,0.002549534648058016,0.009374662346089609,0.020621638705297405,-0.00011845289666691473,-2.0374666126277546e-05,0.006812180236435427,-0.07245235706322835,0.06285491313605168,-0.02124383358651806,-0.010091985293024085,-0.0026721943013285386,-2.0374666126277546e-05,0.0025462900981167093,0.009330992901569093,0.02041188971262927,0.004594140100399713,0.002956483869216431,0.0056146054682688585,0.0,0.08726665825641944,2.5763426849678698e-05,0.00028603494106529406,0.001346261306537866,0.002956483869216431,0.0056867597216816446,0.014240901325103281,0.02720512528959277,-0.004694370834867102,-0.0029967890323973068,0.00557733986117117,-0.07907900098784926,1.7639836868976744e-06,-0.027897065842649074,-0.014737764538448944,-0.005927937143371059,-0.0029967890323973068,-0.0013788536918361849,-0.0002843413152626548,-1.1312750460168493e-05,0.4973744292237443,0.2886986301369863,0.10764840182648402,0.44337899543378995,0.2182648401826484,0.38801369863013696,0.41278538812785387,0.2886986301369863,0.5482876712328767,0.22271689497716896,0.7317351598173516,0.13116438356164384,0.6654646036046352,0.6378677683351938,0.6772981119832123,0.6566020358566323,0.9999242820698436,0.9999999999999998
BTC/USDT,1h,1h,wf_2023,validation,20.0,0 days 01:00:00,2024-01-01T00:00:00+00:00,8759,8759,0.0001180677054313949,7.981283666858019e-05,0.004541912476452254,-0.062447695192547115,0.05527521879318287,-0.012562246485334725,-0.005744915691836705,-0.001531461326157002,7.981283666858019e-05,0.0017035800528788503,0.006175920420769606,0.013508164125242668,0.00010774793179153019,7.980965179359312e-05,0.004541841820458132,-0.06448273089925904,0.05380160380114692,-0.012641819221245288,-0.0057614811956916015,-0.0015326352117466572,7.980965179359312e-05,0.0017021306062576101,0.006156927559992478,0.01341774054249937,0.002919443338875836,0.0017756005859206336,0.003987494771682502,-4.0606399720477526e-07,0.09838476130256102,0.0,8.121814546513398e-05,0.000773282126527719,0.0017756005859206336,0.003609067203919736,0.009255847249560323,0.018165555585856377,-0.002931007222423475,-0.0018013794950779705,0.0039657727601324555,-0.09080957543776869,4.7035323967881126e-05,-0.018305664962576802,-0.009489291295348522,-0.003555808982052877,-0.0018013794950779705,-0.000783844889670815,-7.296633506016496e-05,0.0,0.5135289416600068,0.2225139856147962,0.1735357917570499,0.42482018495262014,0.3397648133348556,0.3401073181870076,0.5770065075921909,0.2225139856147962,0.7224569014727709,0.14487955246032652,0.8659664345244891,0.07044183125927617,0.6846730247344529,0.6665541199324918,0.6454521449690249,0.6225620267732277,0.9999273464005557,1.0
BTC/USDT,1h,1h,wf_2024,validation,20.0,0 days 01:00:00,2025-01-01T00:00:00+00:00,8784,8784,0.00010670920374127271,9.005449715893121e-05,0.005617407740593129,-0.045872531043938625,0.043108987229941276,-0.01722050579994094,-0.008212120672747153,-0.0022768446046798063,9.005449715893121e-05,0.0025688051501794873,0.008283350287777637,0.017200489131460765,9.091895114485572e-05,9.005044247966792e-05,0.005619691061373179,-0.046958001201648066,0.0422056645479573,-0.017370504571088772,-0.008246025923265987,-0.0022794405566875417,9.005044247966792e-05,0.002565511405131193,0.008249231622195803,0.01705423485904202,0.003748768462092256,0.0025425011744797388,0.004162635405572009,-3.3871140252439425e-05,0.05481668139105289,0.0,0.00012581583789196272,0.001095517741988128,0.0025425011744797388,0.004895931075330151,0.011485364908869694,0.020258415390554015,-0.00390779731489451,-0.002502569368767693,0.004929829334731819,-0.0850084755513254,1.9307400817236697e-05,-0.022939473509810314,-0.012254938166846668,-0.0048677714550589835,-0.002502569368767693,-0.0011249080474062811,-0.00010589688384873239,0.0,0.5114981785063752,0.29690346083788705,0.11520947176684881,0.4551457194899818,0.229735883424408,0.396971766848816,0.43135245901639346,0.29690346083788705,0.5860655737704918,0.21607468123861567,0.7723132969034608,0.11885245901639344,0.6963468360967098,0.7014967807773981,0.6674533644305946,0.6638520772168754,0.9999621233137593,1.0
BTC/USDT,1h,1h,final_holdout,holdout,20.0,0 days 01:00:00,2026-09-21T22:00:00+00:00,15094,15093,5.390655376199858e-06,1.3320215008771896e-05,0.004703796429535803,-0.0489556040688125,0.050269536544331084,-0.013912100142271608,-0.0068901649606902815,-0.0019548247550423836,1.3320215008771896e-05,0.002010462761022458,0.006839067192281952,0.013683548793815196,-5.676096482445118e-06,1.3320126295495742e-05,0.004705161070781533,-0.05019453410767963,0.049046832698038376,-0.01400978042450079,-0.006914011782368509,-0.001956737918626786,1.3320126295495742e-05,0.002008444485424957,0.006815786847915312,0.013590774403687925,0.003085384494405854,0.002002143665473577,0.0036862335669082097,-0.00010269182895705775,0.07077880329320085,0.0,5.333264283526874e-05,0.0008724887636475387,0.002002143665473577,0.0039684518220992615,0.009670711870407134,0.01736971511105535,-0.0031576096400438513,-0.0020513814945154474,0.003910431833272518,-0.107352423039339,2.6247993443861972e-05,-0.018552659133633034,-0.009951442427390033,-0.00405665251133458,-0.0020513814945154474,-0.0008546382191583213,-4.804808494185412e-05,0.0,0.5016232690651296,0.2511097859935069,0.14728682170542637,0.42986815079838336,0.28225004969191014,0.36215464122440866,0.5033459219505731,0.2511097859935069,0.6587822169217518,0.17286159146624264,0.828331014377526,0.08600013251176042,0.6778439851027276,0.6766469120062755,0.660563304840771,0.6679150152443043,0.9999627495572097,1.0
BTC/USDT,1h,2h,wf_2022,validation,20.0,0 days 02:00:00,2023-01-01T01:00:00+00:00,8760,8760,-0.00019052613398300798,-4.1089647380032623e-05,0.009642400027270084,-0.08691496662422094,0.08464163822525594,-0.028603682946345535,-0.014787748972510877,-0.0036699267062802743,-4.1089647380032623e-05,0.0034712536787495085,0.013761098381351413,0.028657994660403537,-0.00023705347659307933,-4.1090492209997696e-05,0.009645628705750644,-0.09092626649649936,0.08124964508554827,-0.02902074192596115,-0.014898177747223755,-0.0036766774087498002,-4.1090492209997696e-05,0.003465242783906318,0.013667274217830568,0.028255032309409643,0.006514104272717376,0.004129576524435574,0.007872956428947487,0.0,0.10711083731067261,5.5600165258331565e-05,0.0004075963749226586,0.0018809509935489022,0.004129576524435574,0.008167310689939145,0.020578328504023788,0.03816868156194186,-0.006759419466619161,-0.0043070182960965875,0.007853050601946427,-0.11248912378694342,0.0,-0.037959259026508575,-0.021580729510102096,-0.008688422963885195,-0.0043070182960965875,-0.001908712665042639,-0.00040241921528015405,-5.701689615870375e-05,0.49668949771689497,0.333675799086758,0.08515981735159818,0.45502283105022834,0.17671232876712328,0.40764840182648404,0.3207762557077626,0.333675799086758,0.4434931506849315,0.2719178082191781,0.6160958904109589,0.18458904109589042,0.6760389569856413,0.6447211654649775,0.6917627751174233,0.6766397484224548,0.9998632566785444,0.9999999999999998
BTC/USDT,1h,2h,wf_2023,validation,20.0,0 days 02:00:00,2024-01-01T01:00:00+00:00,8759,8759,0.0002355329297810215,0.0001014882453529431,0.0062972588046736905,-0.06484036871491916,0.0668195754024532,-0.01738964425420398,-0.008258776179189931,-0.002114975498347993,0.0001014882453529431,0.002388678549954726,0.009199322867162303,0.020013522933923937,0.00021571660319850755,0.00010148309576938254,0.006289052473084353,-0.06703803561878165,0.06468186280346357,-0.017542621023764547,-0.008293068818244344,-0.002117215217896159,0.00010148309576938254,0.002385830192315111,0.0091572668046165,0.019815884816156867,0.004258951718337005,0.0026004569528770283,0.005704141540634413,-4.0606399720477526e-07,0.10211725578373554,0.0,0.0001586831098661312,0.0011295360881738992,0.0026004569528770283,0.0052330434224763245,0.01390262120618111,0.02615231229244993,-0.004192724044739185,-0.0025459827650511357,0.005480162567175375,-0.09779913321892397,4.7035323967881126e-05,-0.024296335130274706,-0.013664921574047473,-0.005218838971988604,-0.0025459827650511357,-0.0011334146036701132,-0.0001515797306641085,0.0,0.512729763671652,0.28222399817330746,0.13117935837424363,0.4483388514670624,0.25539445142139516,0.38566046352323324,0.45792898732732046,0.28222399817330746,0.6031510446397991,0.20710126726795297,0.7773718461011531,0.11850667884461696,0.7104194746033721,0.6814313587464169,0.6461478381454758,0.6418423870225077,0.9999071731929365,1.0
BTC/USDT,1h,2h,wf_2024,validation,20.0,0 days 02:00:00,2025-01-01T01:00:00+00:00,8784,8784,0.0002116575068000818,0.000196621081174575,0.007889097325098704,-0.07951975295828684,0.08548871576580197,-0.023529048681935498,-0.01144614833547355,-0.003218010124119902,0.000196621081174575,0.003584689835650301,0.011708906053517437,0.024355660023369714,0.00018050690195175182,0.00019660175378241515,0.007892125012145946,-0.0828597374836147,0.08203031485684455,-0.023810276873528113,-0.011512159693633894,-0.003223199053723255,0.00019660175378241515,0.003578280148294001,0.011640887238232204,0.0240637905433747,0.005393688600723079,0.0036782803797137387,0.005924356211954893,-3.3871140252439425e-05,0.0946110754156293,0.0,0.00022327547867527777,0.0016059966972431505,0.0036782803797137387,0.007031006246143334,0.016489531193727782,0.029469705912914625,-0.0056013016512718354,-0.003575460251850404,0.006957168940923986,-0.10076907205859598,1.9307400817236697e-05,-0.03286911542614987,-0.01766953604752995,-0.006988046662656483,-0.003575460251850404,-0.001597555685755675,-0.00021895952935735983,0.0,0.5170765027322405,0.35359744990892533,0.08697632058287796,0.4733606557377049,0.17235883424408013,0.4323770491803279,0.32604735883424407,0.35359744990892533,0.45594262295081966,0.2818761384335155,0.654143897996357,0.1826047358834244,0.7106531140054924,0.7124789573369431,0.67706214794655,0.6793210069554276,0.9999147489546889,1.0
BTC/USDT,1h,2h,final_holdout,holdout,20.0,0 days 02:00:00,2026-09-21T23:00:00+00:00,15094,15092,1.1432459437953524e-05,6.333714687523084e-05,0.0066287325992738354,-0.05297581783309413,0.07624285998111135,-0.020181836394506162,-0.009766693931099562,-0.002765638433665979,6.333714687523084e-05,0.002861019381619312,0.009769201230875463,0.018929403276449732,-1.0525773109529315e-05,6.333514116050497e-05,0.006626352871073588,-0.05443065057097048,0.07347614257390546,-0.020388272011273037,-0.009814700921796354,-0.00276946987754295,6.333514116050497e-05,0.0028569344548981628,0.009721791103467518,0.018752471393521906,0.004407744660346091,0.002893267714145109,0.0051595892870760695,-1.6608020980690696e-07,0.08660853349139086,0.0,0.00012852640734523082,0.0012436979997714204,0.002893267714145109,0.00570645933506575,0.01376597637407762,0.023888980213198026,-0.004569253676840259,-0.0029356206219953718,0.005499636102183385,-0.1256755656321923,2.6247993443861972e-05,-0.025457403524759482,-0.01443366497183473,-0.005860958662843141,-0.0029356206219953718,-0.0012659636644540562,-0.00013615209587762868,0.0,0.507487410548635,0.3138086403392526,0.10442618605883912,0.45441293400477073,0.20447919427511263,0.402994964219454,0.3803339517625232,0.3138086403392526,0.5232573548900079,0.2409886032335012,0.7141531937450305,0.14259210177577525,0.6927437434654895,0.688467915706329,0.6661560216406637,0.6767166685824441,0.999935851122744,1.0
BTC/USDT,1h,4h,wf_2022,validation,20.0,0 days 04:00:00,2023-01-01T03:00:00+00:00,8760,8760,-0.00038298624371534747,-6.951031548912967e-05,0.01351764295653398,-0.10855056143372022,0.09073315751618316,-0.0429129955084675,-0.02186079802378823,-0.005398661980301839,-6.951031548912967e-05,0.00473352103054131,0.019689003566840016,0.04023150619139772,-0.0004745720094941998,-6.951273148699062e-05,0.013533269794694136,-0.11490655829988486,0.08685009170702569,-0.0438609865622073,-0.022103285778717043,-0.00541328741912956,-6.951273148699062e-05,0.004722353147995602,0.01949768222774458,0.0394432902427606,0.009266070783324025,0.00590889463965194,0.010762144353227253,0.0,0.12025317669623603,8.696893705427478e-05,0.0005890486569070097,0.0026832969224456216,0.00590889463965194,0.011816394258088614,0.029036103218352368,0.05471255130977636,-0.009758602966902258,-0.006243136865087429,0.01101967711879705,-0.15729323854526955,0.0,-0.05486696260435955,-0.03058051477984035,-0.012632165472375056,-0.006243136865087429,-0.002716469264003457,-0.0005996482861614714,-0.00010808243401324826,0.4965753424657534,0.3689497716894977,0.06141552511415525,0.4651826484018265,0.12659817351598174,0.43356164383561646,0.2458904109589041,0.3689497716894977,0.3452054794520548,0.31860730593607306,0.49668949771689497,0.2415525114155251,0.6726615279713666,0.6557063749340309,0.7035507756279492,0.69015611283185,0.9998023436125372,0.9999999999999998
BTC/USDT,1h,4h,wf_2023,validation,20.0,0 days 04:00:00,2024-01-01T03:00:00+00:00,8759,8759,0.0004714653071888511,8.684056366892179e-05,0.00901451907748014,-0.06741511736113948,0.08481976455942664,-0.02385926565346161,-0.011735794108249686,-0.0029343221455990776,8.684056366892179e-05,0.00336802176667661,0.013844010345529515,0.029999592831230444,0.00043095585308818203,8.683679324545484e-05,0.008978739582534824,-0.06979510464830507,0.08141385758026455,-0.024148508982054385,-0.011805202137062303,-0.0029386357097526184,8.683679324545484e-05,0.003362362684189819,0.013749057377928023,0.029558406797008097,0.00627867940995205,0.003812211355455508,0.008202437170261654,-4.0606399720477526e-07,0.11465527475030735,3.2944106439725116e-07,0.00028183437904867327,0.0016655423264239078,0.003812211355455508,0.0076895606001623484,0.020471475877945275,0.037438688015574685,-0.006023851519989435,-0.003784900675921188,0.007438159171316918,-0.10037892328590836,4.7035323967881126e-05,-0.035593554456348785,-0.019050986778060663,-0.007668238783317294,-0.003784900675921188,-0.0016653625461575672,-0.0002649100488139376,-2.837680891976107e-07,0.5090763785820299,0.33291471629181413,0.09521634889827606,0.45827149217947255,0.1896335198081973,0.4123758419910949,0.35472085854549606,0.33291471629181413,0.48156182212581344,0.27114967462039047,0.6620618792099555,0.18141340335654754,0.7481827044859344,0.6832752871395903,0.638937788954966,0.6618786331801518,0.9998598671740375,1.0
BTC/USDT,1h,4h,wf_2024,validation,20.0,0 days 04:00:00,2025-01-01T03:00:00+00:00,8784,8784,0.0004223082468515858,0.00031170690659287903,0.011026227057285903,-0.08328863422715227,0.08503553931411134,-0.03100028913435832,-0.016563127388820157,-0.00434255017865956,0.00031170690659287903,0.005169965273561616,0.017846181813809297,0.03379499138182838,0.0003614038347360269,0.0003116583341138858,0.011032974837477815,-0.08696261551720125,0.0816127415841986,-0.03149096713469587,-0.016701829693526387,-0.004352006435807543,0.0003116583341138858,0.005156646884824987,0.017688808291081878,0.033236488808616745,0.007818916836742046,0.005406756765330645,0.008287656796578221,-3.3871140252439425e-05,0.11637619468315807,1.432243885712836e-07,0.00040936578502950296,0.002404491489345628,0.005406756765330645,0.010186204762184903,0.024021965672811903,0.040108068754906925,-0.008044866462619952,-0.005142059311989355,0.00960712482595,-0.11633510825100846,1.9307400817236697e-05,-0.04367512105260684,-0.025566836573636252,-0.010190282341738438,-0.005142059311989355,-0.002273824253383905,-0.00034273003724207256,-1.4378314978968905e-07,0.519808743169399,0.396971766848816,0.06318306010928962,0.48895719489981787,0.127959927140255,0.45571493624772313,0.24567395264116576,0.396971766848816,0.3465391621129326,0.3442622950819672,0.5154826958105647,0.2567167577413479,0.7210169282282225,0.7163760175222561,0.6801522979792634,0.6850559738861887,0.9998803751873911,1.0
BTC/USDT,1h,4h,final_holdout,holdout,20.0,0 days 04:00:00,2026-09-22T01:00:00+00:00,15094,15090,2.158433299281337e-05,5.6418720934980904e-05,0.00932193194967023,-0.06617570940249773,0.09780493265668588,-0.02789629606959884,-0.014540010183643164,-0.003843066345160129,5.6418720934980904e-05,0.004050540418937598,0.013891081020029106,0.0263924818264946,-2.1855057440548317e-05,5.6417128994164693e-05,0.009320996024544366,-0.06846698414975902,0.09331267034334768,-0.028292789002220115,-0.014646752085506521,-0.0038504698989953005,5.6417128994164693e-05,0.004042359065160355,0.013795484231944852,0.026050208811084195,0.00631282458979221,0.004177681700502367,0.007096244973605338,-1.6608020980690696e-07,0.1162360051910849,0.0,0.0002698637273613636,0.0018564659522061766,0.004177681700502367,0.008246521735843226,0.019337941425494005,0.03283973591893661,-0.006609787724859702,-0.004325029937711222,0.007643988373524026,-0.1328285602063528,2.6247993443861972e-05,-0.036393103988662495,-0.02075962232580811,-0.008545914880975752,-0.004325029937711222,-0.0018802136479155462,-0.0002720409910202782,0.0,0.504572564612326,0.36003976143141153,0.07534791252485089,0.46878727634194833,0.15076209410205435,0.4308813783962889,0.2899271040424122,0.36003976143141153,0.40702451954937047,0.30311464546056993,0.5833001988071571,0.21245858184227964,0.6994020442764466,0.6915893712960612,0.6781496452943065,0.6774536881895379,0.9999010400507349,1.0
BTC/USDT,1h,8h,wf_2022,validation,20.0,0 days 08:00:00,2023-01-01T07:00:00+00:00,8760,8760,-0.0007723437317979061,-0.00039023456471770634,0.01889627610977867,-0.11399831678797945,0.1239668547995012,-0.060261927642963245,-0.03167599867480166,-0.008197776514383248,-0.00039023456471770634,0.006891627894382246,0.028138042014902456,0.05721046049242995,-0.0009519229136403811,-0.0003903107260399751,0.01895151124969954,-0.12103642859102712,0.11686426242415823,-0.062154099187871105,-0.032188535596425545,-0.008231563062927452,-0.0003903107260399751,0.00686798915752764,0.027749440131159098,0.05563379809701813,0.013154946481631303,0.00856847927117621,0.014528136479670235,0.0,0.13393064753328554,0.0001352921949985797,0.0008475983777224362,0.003822169956916366,0.00856847927117621,0.017288984356364834,0.039813119623879574,0.07345630049743931,-0.014128572134238258,-0.009261113696663492,0.015336005571680314,-0.15729323854526955,0.0,-0.07618563912723837,-0.04462774711041108,-0.018269507374110844,-0.009261113696663492,-0.00425782519045087,-0.0008823215709643785,-0.00020561695638935851,0.48356164383561645,0.3947488584474886,0.04634703196347032,0.4591324200913242,0.09189497716894977,0.4382420091324201,0.1771689497716895,0.3947488584474886,0.2531963470319635,0.35605022831050226,0.3800228310502283,0.29360730593607304,0.6690070059713591,0.6573368354773725,0.7251124893608416,0.7109503057940005,0.9997118744861723,0.9999999999999998
BTC/USDT,1h,8h,wf_2023,validation,20.0,0 days 08:00:00,2024-01-01T07:00:00+00:00,8759,8759,0.0009436461066464259,0.00016075625333100696,0.012901696214499084,-0.07556619718309865,0.1091220887889297,-0.03367842295344266,-0.016333928333956037,-0.004155381512181755,0.00016075625333100696,0.004725492125307484,0.02141130319738234,0.045787643906890885,0.0008609309518340359,0.0001607433334291326,0.012797984108507285,-0.0785738339453066,0.10356879138815939,-0.03425861094783936,-0.016468797588778714,-0.0041640391026071056,0.0001607433334291326,0.004714362034905765,0.021185301544245597,0.044770317182895876,0.009371305254735575,0.005740226410939631,0.011810116701181156,0.0,0.13191928979123024,3.824443358446672e-07,0.0004597657327387817,0.002551238461237171,0.005740226410939631,0.011467796798804941,0.030625414536616845,0.0575919027937782,-0.008622621234464133,-0.005591020758559551,0.009901185093748991,-0.11387323943661976,4.7035323967881126e-05,-0.04664271064766581,-0.02658005160233239,-0.01123739773277016,-0.005591020758559551,-0.0024919122829797358,-0.00048727953754067454,-3.7018807576005835e-07,0.5128439319557027,0.3715035963009476,0.07489439433725312,0.4756250713551775,0.1464779084370362,0.43806370590250027,0.27754309852722914,0.3715035963009476,0.3799520493206987,0.32035620504623813,0.5379609544468547,0.2411234159150588,0.78596808913724,0.6921627011237093,0.6267431389785153,0.6745723749294841,0.9997969894950796,1.0
BTC/USDT,1h,8h,wf_2024,validation,20.0,0 days 08:00:00,2025-01-01T07:00:00+00:00,8784,8784,0.0008422903141019708,0.0007326037375050554,0.015442658797906482,-0.1213953715718572,0.0921582603806923,-0.042522403543856606,-0.023639159037256125,-0.0061580725409229875,0.0007326037375050554,0.007868485953917204,0.02610211670409879,0.04578837855347466,0.0007226843147115559,0.0007323355143398378,0.015452229270862872,-0.1294202794960558,0.08815579391034344,-0.04345297289228595,-0.023923046798198414,-0.006177111674529082,0.0007323355143398378,0.007837690853324624,0.025767270464307008,0.0447710302145499,0.011434384197200439,0.008043014433550044,0.011486570864834959,-3.3871140252439425e-05,0.11637619468315807,2.355164210099403e-07,0.0007080024184705992,0.003686636225368245,0.008043014433550044,0.01491613411109266,0.03460182516528987,0.05515758949179453,-0.011522834606017142,-0.007551196878876176,0.013074952897802347,-0.16547207116036677,1.9307400817236697e-05,-0.060401715431958734,-0.035555287462531705,-0.015071745101697953,-0.007551196878876176,-0.0033155181612116724,-0.0005793465772202736,-2.3094402819445677e-07,0.5347222222222222,0.4443306010928962,0.0441712204007286,0.511384335154827,0.08800091074681239,0.4882741347905282,0.17270036429872496,0.4443306010928962,0.2501138433515483,0.40255009107468126,0.3908242258652095,0.3290072859744991,0.7357907316918195,0.7363964707554812,0.6930444069802824,0.6833018804758757,0.9998159491867634,1.0
BTC/USDT,1h,8h,final_holdout,holdout,20.0,0 days 08:00:00,2026-09-22T05:00:00+00:00,15094,15086,4.210568082076939e-05,0.00018727493173931187,0.013191531929044868,-0.09292148797212307,0.10739306605943422,-0.038012517644050524,-0.020771641933793633,-0.005810382368858086,0.00018727493173931187,0.005981153438669451,0.019726355029404508,0.03782015152751479,-4.487313493878862e-05,0.00018725739797833236,0.013189677483342576,-0.09752627028929238,0.10200866392734184,-0.03875384059989167,-0.020990407200295772,-0.005827328314527222,0.00018725739797833236,0.00596333734566235,0.019534311896501122,0.0371225039178001,0.009093629352492319,0.006198659958340347,0.009804202951173588,-1.559823682439898e-07,0.1162360051910849,9.102397142690677e-08,0.0004732553003604645,0.002739400713142659,0.006198659958340347,0.012121396673717588,0.027236757540957057,0.0469183692920316,-0.009577552727787373,-0.00636059775503206,0.010667410351504146,-0.16176463337064295,2.6247993443861972e-05,-0.05081048266467636,-0.03009736994069545,-0.012538767439034426,-0.00636059775503206,-0.002751580472281495,-0.0004547841473191705,-9.67793517436811e-08,0.5100755667506297,0.40912103937425426,0.052565292324009014,0.48422378364046137,0.10314198594723585,0.4585045737770118,0.19945644968845286,0.40912103937425426,0.28794909187325995,0.3633169826329047,0.44199920456051967,0.2828450218745857,0.7197099590381949,0.7058470970179562,0.6929235390286975,0.6923425744129726,0.999839327258687,0.9999999999999998
BTC/USDT,1h,12h,wf_2022,validation,20.0,0 days 12:00:00,2023-01-01T11:00:00+00:00,8760,8760,-0.0011575293551096366,-0.0008014043940052784,0.023186076323327198,-0.12117610435618831,0.13834353003091904,-0.07047967537406094,-0.03933836587748589,-0.01010445844584204,-0.0008014043940052784,0.008789359339251124,0.034576434165532986,0.06939359732027248,-0.0014285798423030616,-0.0008017256901808472,0.023280479024469388,-0.12917074762172545,0.12957416188195015,-0.0730866196345888,-0.04013302970012525,-0.010155855002109894,-0.0008017256901808472,0.008750957759509443,0.0339921005128413,0.06709175154575409,0.016127235071247015,0.010633219598524035,0.017323039071518543,0.0,0.16376133149134908,0.00020111247232647235,0.0010396802365519211,0.004753077813160089,0.010633219598524035,0.02148205969217376,0.0495545358665435,0.08892061774266082,-0.017527675697771843,-0.011816683170652542,0.018491485937200458,-0.15729323854526955,0.0,-0.09149868065365031,-0.05468625385180519,-0.022826561454688393,-0.011816683170652542,-0.005480591911150662,-0.0011793650699754154,-0.00024573179790605276,0.46929223744292237,0.3997716894977169,0.03687214611872146,0.4534246575342466,0.07180365296803654,0.4352739726027397,0.14132420091324202,0.3997716894977169,0.20331050228310502,0.37111872146118724,0.3113013698630137,0.3238584474885845,0.6795552809140649,0.6609109680400734,0.7370316397272527,0.7213780352209123,0.999608557599894,0.9999999999999998
BTC/USDT,1h,12h,wf_2023,validation,20.0,0 days 12:00:00,2024-01-01T11:00:00+00:00,8759,8759,0.001418468343488214,0.00023289390238967478,0.015868052785101144,-0.08180988993156402,0.1231362934743021,-0.03825854091931356,-0.02070771624148674,-0.0053829657449182,0.00023289390238967478,0.0064134613735554735,0.027491828128305116,0.05878275549199035,0.0012934875450417618,0.00023286678681474265,0.01569955369742518,-0.08535081822433037,0.11612503390796002,-0.039009618012074254,-0.020925127631291663,-0.005397506110774567,0.00023286678681474265,0.006392982643197006,0.02712071416855576,0.05711990228203005,0.011930712156517512,0.00736292039034625,0.014590380626956393,0.0,0.1462215463009502,3.3388105978415794e-05,0.0006469687865108712,0.003329132212695707,0.00736292039034625,0.014727842156973092,0.03808903062967515,0.07767124432601956,-0.010592466811687618,-0.007178335091427845,0.011490960541892293,-0.11985820365178756,4.7035323967881126e-05,-0.05263458219553262,-0.0320433521469092,-0.013818199981234736,-0.007178335091427845,-0.0031866273496772846,-0.0006349615455057189,-1.0010205025422843e-06,0.5183240095901359,0.4000456673136203,0.06290672451193059,0.4832743463865738,0.12467176618335427,0.45039388057997487,0.22422650987555656,0.4000456673136203,0.31441945427560225,0.35460669026144537,0.45427560223769836,0.2845073638543213,0.8075051637498584,0.7152630201115244,0.6241293718627493,0.6921700469967522,0.9997551302469093,1.0
BTC/USDT,1h,12h,wf_2024,validation,20.0,0 days 12:00:00,2025-01-01T11:00:00+00:00,8784,8784,0.0012602291030463111,0.0009377319985570676,0.01896904355605202,-0.1248356703805431,0.12517066902256846,-0.05155238723819272,-0.028315277120828364,-0.007957204752045643,0.0009377319985570676,0.010037733149132033,0.03308413995401043,0.05614798279933407,0.0010797013997520027,0.0009372926024620266,0.01896979577173265,-0.1333436049783471,0.11793472994806123,-0.05292872330632178,-0.02872388824179751,-0.007989032271839069,0.0009372926024620266,0.009987689707852231,0.032548638849959476,0.05462831044741662,0.014350821876859318,0.01023083076483211,0.014026185708315483,-3.3871140252439425e-05,0.12569693197333542,7.556273044678762e-05,0.0009272831563978623,0.004719346758526477,0.01023083076483211,0.01909889422097133,0.0423130879386583,0.06720696681894839,-0.014182852666739082,-0.009548429169995598,0.01559629229444719,-0.17310268410868745,1.9307400817236697e-05,-0.07559503260177511,-0.04223982180615833,-0.01898035016115754,-0.009548429169995598,-0.004141588361864429,-0.0007069980085583954,-4.355912992494596e-05,0.5327868852459017,0.4655054644808743,0.034039162112932606,0.5159380692167578,0.06853369763205829,0.49840619307832423,0.13376593806921674,0.4655054644808743,0.19968123861566484,0.430327868852459,0.3164845173041894,0.3699908925318761,0.7518728848679711,0.7453975595122887,0.695481942005058,0.6998883887300724,0.9997492662214505,1.0
BTC/USDT,1h,12h,final_holdout,holdout,20.0,0 days 12:00:00,2026-09-22T09:00:00+00:00,15094,15082,5.985872535996257e-05,0.00027209827648400076,0.016102619764895344,-0.11651516422082464,0.09999788932876097,-0.04660750648718534,-0.02546595717517226,-0.0076133841330823515,0.00027209827648400076,0.007734747505882045,0.02495081239142459,0.04667726995673672,-6.979854233826196e-05,0.0002720612643767362,0.016105816122094694,-0.12388115117367514,0.0953082610104485,-0.04772860973430869,-0.02579582702306932,-0.007642513887906628,0.0002720612643767362,0.007704987704250918,0.024644623523554576,0.04562063882695661,0.011290440613282486,0.007867199782935153,0.011757731555654835,-1.559823682439898e-07,0.1162360051910849,1.1367220984714877e-07,0.0006210565706464832,0.0034593153441581648,0.007867199782935153,0.01509030738192757,0.03347959502152909,0.05772869034111893,-0.011937045725819231,-0.008032844775999082,0.012954665169822818,-0.16176463337064295,2.6247993443861972e-05,-0.061265661847772795,-0.03569151708648475,-0.01584632489643123,-0.008032844775999082,-0.003534734988253352,-0.0006204346423643991,-2.1652521484890708e-07,0.5126641029041241,0.4285240684259382,0.042036865137249704,0.4907174114838881,0.08135525792335234,0.4705609335631879,0.16145073597666093,0.4285240684259382,0.23451796843919903,0.3908632807319984,0.3627502983689166,0.32349820978650046,0.7325655660704148,0.7138533841350005,0.7009988303195775,0.7046634140276009,0.9998030020144257,0.9999999999999998
BTC/USDT,1h,24h,wf_2022,validation,20.0,1 days 00:00:00,2023-01-01T23:00:00+00:00,8760,8760,-0.002312046660410395,-0.0014543606816633248,0.033004253026385044,-0.1907755788447667,0.1687662653772779,-0.09781032859220705,-0.05811639606304774,-0.01722024574891992,-0.0014543606816633248,0.013064300433739684,0.0483497399391414,0.0929127801690969,-0.0028655120250390166,-0.0014554192907049869,0.033259039228723274,-0.2116789947627767,0.15594871842426528,-0.10293050247445025,-0.05987357480691993,-0.017370238617482867,-0.0014554192907049869,0.01297969850578929,0.0472172515191936,0.08884640707214231,0.022647133860757014,0.015780456657539688,0.022939829628463724,0.0,0.18279060588119211,0.0003415126455513429,0.0016291820472473574,0.006821843888583812,0.015780456657539688,0.030811896829598284,0.06580849359612047,0.11051239909789702,-0.02549552801453924,-0.017821791598041425,0.02571712450453428,-0.19641615829321635,0.0,-0.12538753157219562,-0.07672033716905485,-0.033088189246792354,-0.017821791598041425,-0.008287559644580195,-0.0017532596674635869,-0.0003824138725879879,0.4686073059360731,0.41986301369863016,0.025684931506849314,0.45536529680365295,0.048287671232876715,0.442351598173516,0.09178082191780822,0.41986301369863016,0.1329908675799087,0.39851598173515984,0.21095890410958903,0.36004566210045663,0.7010899644990575,0.6834660424592973,0.756339517601946,0.743729311137171,0.9992893153494654,0.9999999999999998
BTC/USDT,1h,24h,wf_2023,validation,20.0,1 days 00:00:00,2024-01-01T23:00:00+00:00,8759,8759,0.002878660691146008,0.0007286646614410586,0.023539455207158277,-0.09362203171315431,0.17794425648461432,-0.048185653463454374,-0.03040495052332547,-0.00791405459783251,0.0007286646614410586,0.011154685579439771,0.04303029361962099,0.09054629280813348,0.002604042856352741,0.0007283993142382379,0.023158814781998216,-0.09829887639645085,0.1637707636382812,-0.04938528084264137,-0.030876769430378266,-0.007945536946156042,0.0007283993142382379,0.011092930857099434,0.04213022009329791,0.08667875603863538,0.018153108828241164,0.011260865020053634,0.021301096967634273,0.0,0.20340135252488345,0.00014934346813957777,0.001090608435116991,0.0051084553935319965,0.011260865020053634,0.02350187585110408,0.058893215666516355,0.10899516115609197,-0.014963751317353597,-0.010307414045641172,0.01497888977106781,-0.1300960295724488,4.7035323967881126e-05,-0.06789204779268396,-0.044062522660686276,-0.020513114332283033,-0.010307414045641172,-0.004633156583425779,-0.0009164122992674214,-0.00012633242541283766,0.5274574723141912,0.45313391939719144,0.038817216577234845,0.5085055371617765,0.07763443315446969,0.4879552460326521,0.1513871446512159,0.45313391939719144,0.2139513643109944,0.4196826121703391,0.3282338166457358,0.36259847014499375,0.8427131152796975,0.7652226793411575,0.6457151992628456,0.7164271446904478,0.99957329737669,1.0
BTC/USDT,1h,24h,wf_2024,validation,20.0,1 days 00:00:00,2025-01-01T23:00:00+00:00,8784,8784,0.0025095134901198753,0.0016056215951755215,0.026797884089426627,-0.18436998460581044,0.12748695327998094,-0.06404144888465746,-0.040683101984591435,-0.011874168927257206,0.0016056215951755215,0.01576359991285936,0.04924310991941303,0.07538757105845197,0.0021489133312621394,0.001604333956733396,0.02674746416339556,-0.20379443934768335,0.11999122095744238,-0.06618408945256102,-0.04153381239165126,-0.01194522995956761,0.001604333956733396,0.015640644763166067,0.04806905602053006,0.07268112770052879,0.021117127411748666,0.015158289322339535,0.019560089403168297,-3.3871140252439425e-05,0.13804472581064076,0.00020415126420594064,0.001514185111094102,0.00711154919687329,0.015158289322339535,0.02954437645530078,0.060204016875174134,0.0932640991183392,-0.020213577598154266,-0.013971929378646275,0.021045655596163882,-0.19753692967803216,1.9248907623392597e-07,-0.09991397257065014,-0.0602719036470448,-0.026894771720583188,-0.013971929378646275,-0.006004028571131442,-0.001045091482143845,-0.0001266655512817059,0.5373406193078324,0.49157559198542805,0.020719489981785064,0.5275500910746812,0.04291894353369763,0.5157103825136612,0.08913934426229508,0.49157559198542805,0.1343351548269581,0.46801001821493626,0.2177823315118397,0.42304189435336975,0.8011929464798707,0.7773125999500556,0.6975812987216636,0.7240783845795817,0.9996157687701525,1.0
BTC/USDT,1h,24h,final_holdout,holdout,20.0,1 days 00:00:00,2026-09-22T21:00:00+00:00,15094,15070,7.088647034845407e-05,0.0004446733843752604,0.022529717724754487,-0.14017431361060217,0.12192683309102881,-0.0639850880779694,-0.03481733535055401,-0.011640966678788889,0.0004446733843752604,0.011441312675151749,0.03631349377888747,0.06423800619434335,-0.00018330985610265832,0.00044457454645949825,0.02256133211408009,-0.15102560052391373,0.11504759382534949,-0.0661238717790556,-0.03543790582375352,-0.011709253196446586,0.00044457454645949825,0.011376355848636024,0.03566969748057794,0.06225905554167903,0.016325918611675334,0.011620096296807936,0.016085397582327632,-1.5398490615936566e-07,0.1405418800804834,9.386615079508773e-05,0.0010050304314942026,0.0052968091623241675,0.011620096296807936,0.02187939855123594,0.04758354694665581,0.07943249221609329,-0.017320565453277467,-0.011930280063338239,0.01815216060227252,-0.1765935179794923,2.6247993443861972e-05,-0.08425776093870271,-0.05067476839983522,-0.02352491136982915,-0.011930280063338239,-0.005261707370235874,-0.0009537380892727272,-9.620509095266211e-05,0.5111479761114798,0.4557398805573988,0.026675514266755143,0.4980092899800929,0.054346383543463835,0.4834107498341075,0.10822826808228268,0.4557398805573988,0.16098208360982083,0.4289316522893165,0.2555408095554081,0.3788321167883212,0.7488422405234205,0.7339604013928371,0.7138725605440379,0.7311096810357388,0.9996887928459565,1.0
BTC/USDT,1h,3d,wf_2022,validation,20.0,3 days 00:00:00,2023-01-03T23:00:00+00:00,8760,8760,-0.0068663243897567105,-0.0036605063098704704,0.05623897485005893,-0.28600895955191963,0.17774420489093945,-0.18444603798863252,-0.10081233667782089,-0.03322644973910854,-0.0036605063098704704,0.02281482030666443,0.0791713795093151,0.13260555516591557,-0.008539264290934828,-0.003667222357551813,0.057896920202992294,-0.3368848651133287,0.163600918094241,-0.20388799189225223,-0.10626351980731462,-0.033790988598157226,-0.003667222357551813,0.022558454264822662,0.07619350544309526,0.12452077926122175,0.038187989179618256,0.02805736089310995,0.03448818228277031,0.0,0.21977651749115612,0.000595071860843639,0.0027254909205525093,0.012601323211493431,0.02805736089310995,0.054129549814987854,0.1097741697556742,0.1551773993782445,-0.04632292204279499,-0.03336880238254547,0.04405023168456077,-0.2905469792262245,0.0,-0.2256081876487593,-0.13270210057162013,-0.0624063953180915,-0.03336880238254547,-0.016969165332324038,-0.003600282233899362,-0.0007441808129078757,0.4603881278538813,0.43424657534246575,0.011757990867579908,0.45388127853881277,0.024315068493150686,0.4473744292237443,0.04817351598173516,0.43424657534246575,0.07009132420091324,0.4212328767123288,0.1110730593607306,0.39965753424657535,0.7118537181116718,0.7219883581582444,0.792274063293786,0.7476801417741937,0.998314777850534,0.9999999999999998
BTC/USDT,1h,3d,wf_2023,validation,20.0,3 days 00:00:00,2024-01-03T23:00:00+00:00,8759,8759,0.008923971805945712,0.0029823116282523543,0.043523276248916325,-0.12297002840496396,0.29073351683133963,-0.09237048234953954,-0.0469052463872201,-0.013712237152986917,0.0029823116282523543,0.021848233231215763,0.09588913722633215,0.1593463228046442,0.007985650442564484,0.0029778733589402406,0.042056067949360294,-0.1312141120570395,0.2552106744705068,-0.09691902090620694,-0.048040953622053476,-0.013807118232322894,0.0029778733589402406,0.021612980913035738,0.09156603123702241,0.14785625637104158,0.03546367420924441,0.024293370154416127,0.04009358385000371,0.0,0.3152674860606979,0.00044978588512702974,0.0024401816812086754,0.010531514557650223,0.024293370154416127,0.04119450597507357,0.11873542332659588,0.18978185802097286,-0.024775078088940788,-0.018672897921373832,0.022587774979923113,-0.14563399484515083,0.0,-0.11694557503738816,-0.06647042171891365,-0.035428459136574775,-0.018672897921373832,-0.008374337062036885,-0.0016061746603480678,-0.0003136782371970636,0.5509761388286334,0.5140997830802603,0.01906610343646535,0.5420710126726795,0.035620504623815503,0.5333942230848271,0.07329603836054344,0.5140997830802603,0.10651900901929444,0.4996004110058226,0.17616166229021576,0.4637515698139057,0.8951426295951618,0.8250406342286785,0.644822166306112,0.743950937669808,0.9989771770098044,1.0
BTC/USDT,1h,3d,wf_2024,validation,20.0,3 days 00:00:00,2025-01-03T23:00:00+00:00,8784,8784,0.007496607430065366,0.003922117818873083,0.0468980476307077,-0.2319649631434475,0.23186548603141777,-0.09444946356267012,-0.06601506925988651,-0.02177810959113924,0.003922117818873083,0.036504801935375086,0.0871380747915463,0.12337922931775734,0.006389500674959663,0.003914446366440569,0.04643349161991709,-0.26391992596809744,0.20852967573432796,-0.09921219269004497,-0.0682949750043656,-0.022018752907547786,0.003914446366440569,0.03585428542048282,0.08354862372242548,0.11634125028896586,0.03866955652871784,0.028596225153529997,0.03406149085213134,-3.3871140252439425e-05,0.25613371072300506,0.0004794155267277178,0.003078868429593562,0.013635817700218877,0.028596225153529997,0.05534311822455912,0.10539756927998402,0.1497149052140681,-0.03516142504812465,-0.02605992716208322,0.03289667284646979,-0.24881178120677316,1.9248907623392597e-07,-0.14457634160237087,-0.09899893179823915,-0.04933984745099146,-0.02605992716208322,-0.011405740010421661,-0.001992305594369225,-0.00029183526340431995,0.543488160291439,0.5218579234972678,0.010245901639344262,0.5379098360655737,0.021402550091074682,0.5327868852459017,0.04143897996357013,0.5218579234972678,0.06295537340619307,0.5109289617486339,0.10553278688524591,0.48975409836065575,0.850313974979199,0.8483214611285632,0.7316108331819109,0.77855946845928,0.9991614756097552,1.0
BTC/USDT,1h,3d,final_holdout,holdout,20.0,3 days 00:00:00,2026-09-24T21:00:00+00:00,15094,15022,-3.424617301610482e-05,0.000617998813698839,0.03788903973942077,-0.2010290758244272,0.23270507256903317,-0.1011598944972645,-0.06261098518853153,-0.02066265789574237,0.000617998813698839,0.021334069577042647,0.05821671338711504,0.09576111219627274,-0.0007528139047105989,0.0006178079310661549,0.03793829814567877,-0.22443072414637372,0.20921100057379244,-0.1066501187578797,-0.06465691234705917,-0.020879117695758825,0.0006178079310661549,0.02110968406934993,0.05658514547549271,0.09144920139620986,0.02881783386888083,0.022499246199967238,0.026196508133667473,-1.1784671904990773e-07,0.23885903420419674,0.0002553228300389154,0.0017282769901448287,0.01015089325659857,0.022499246199967238,0.04019750242915965,0.07587854613778777,0.11616167576828758,-0.03089734157659998,-0.022491719926153175,0.030578757400627616,-0.24113301875767412,2.6247993443861972e-05,-0.1503788785145088,-0.09349938232693285,-0.04015776861295872,-0.022491719926153175,-0.009977161578845095,-0.0018818572882483087,-0.00026819162212447746,0.5079217148182665,0.48382372520303557,0.01251497803221941,0.5019305019305019,0.02596192251364665,0.4947410464651844,0.04872853148715218,0.48382372520303557,0.07389162561576355,0.47230728265211025,0.12268672613500199,0.44727732658767144,0.7760925089712255,0.7876231744901016,0.7301367025935351,0.7546216625064364,0.9991529172618869,1.0
BTC/USDT,1h,7d,wf_2022,validation,20.0,7 days 00:00:00,2023-01-07T23:00:00+00:00,8760,8760,-0.015206206012400417,-0.008511425070800605,0.08341433859402578,-0.37310287850290946,0.24901408125810076,-0.29650454779990215,-0.17084686825272002,-0.053089659156967284,-0.008511425070800605,0.029311359489355038,0.11157473236250151,0.17456741699334902,-0.019126063329384345,-0.008547854107132625,0.08867831927372877,-0.466972832358807,0.22235450510559043,-0.3516938804964775,-0.18735042267863633,-0.05455086732986032,-0.008547854107132625,0.028889995485113725,0.10577768756849319,0.16089991548918953,0.05607114246566845,0.04217838605065949,0.049332328647707833,0.0,0.30907979475704894,0.0008979696625709655,0.0040721984865918276,0.01939184488077511,0.04217838605065949,0.07831327038976066,0.1666750151365298,0.21741718892346368,-0.07321420504927507,-0.05338783673475911,0.06828232522453505,-0.38461559951612945,0.0,-0.3309207599760759,-0.2250613829696162,-0.09332202637738576,-0.05338783673475911,-0.02638716408786182,-0.005939597328958042,-0.0014786608235164726,0.4465753424657534,0.43276255707762556,0.007191780821917808,0.4429223744292237,0.014383561643835616,0.43881278538812785,0.026940639269406392,0.43276255707762556,0.03892694063926941,0.42591324200913244,0.06472602739726027,0.4103881278538813,0.6828227952439281,0.7197959296914245,0.8253458881252977,0.7604467887215802,0.9964748500367246,0.9999999999999998
BTC/USDT,1h,7d,wf_2023,validation,20.0,7 days 00:00:00,2024-01-07T23:00:00+00:00,8759,8759,0.020954253124883148,0.007117128376873394,0.07096332382211383,-0.1427703342472385,0.37827574794177155,-0.11224080463254964,-0.07251451513285335,-0.018292371049538625,0.007117128376873394,0.042101081577873845,0.15384028764443505,0.23653243232496607,0.018443632477658442,0.007091921150085759,0.06693241239127068,-0.15404940824384314,0.32083325993243583,-0.11905474938309195,-0.07527813456082041,-0.018461745193366866,0.007091921150085759,0.04123894566558586,0.1430957581631739,0.21231102580440037,0.0599343815980246,0.03858044344042888,0.06189682417179647,0.0,0.3982724130652602,0.0009188993303969494,0.004369687004681344,0.021014554153843124,0.03858044344042888,0.0793137976839905,0.18951218955488588,0.26580841967079094,-0.03611738939706748,-0.02892891250610352,0.030604224653248815,-0.1513452321255926,0.0,-0.1437981782829693,-0.10289570067316274,-0.0499353284417946,-0.02892891250610352,-0.01288044185789744,-0.0022500101784222433,-0.0004833020828357059,0.5710697568215549,0.5499486242721772,0.00947596757620733,0.5665030254595274,0.020207786276972256,0.5609087795410435,0.040986413974197965,0.5499486242721772,0.06484758534079232,0.5373901130266012,0.10469231647448339,0.5177531681698824,0.937512381790443,0.8858429458790197,0.6161531983699107,0.7378826741439424,0.9982584137777037,1.0
BTC/USDT,1h,7d,wf_2024,validation,20.0,7 days 00:00:00,2025-01-07T23:00:00+00:00,8784,8784,0.01801051524451876,0.012815531398312374,0.07293175017391618,-0.2864693067474239,0.30958378333199477,-0.13520429813083126,-0.08914399218734759,-0.030814663788036156,0.012815531398312374,0.06421252944506473,0.14413465344233248,0.21706635424711418,0.01531201302157888,0.012734107398821307,0.07111607069450238,-0.33752982511722096,0.26970936408119395,-0.14526198479866248,-0.09337045371032268,-0.03129941994866062,0.012734107398821307,0.06223511610324532,0.13464855884542895,0.1964433228972805,0.06396236662299962,0.05168372928188991,0.05409044839064252,-3.3871140252439425e-05,0.31953613566158645,0.000931050022999198,0.004735978696987809,0.021060414317805587,0.05168372928188991,0.09418711264959162,0.1666667696013529,0.25092454346018006,-0.052289945492651105,-0.04228826321094964,0.04555577447933254,-0.2979880337045975,1.9248907623392597e-07,-0.24049128953099247,-0.12880572119145783,-0.07433213749757986,-0.04228826321094964,-0.016993714445907887,-0.002982828716489901,-0.0005117339478259639,0.5727459016393442,0.563752276867031,0.0053506375227686705,0.5709244080145719,0.01081511839708561,0.5686475409836066,0.020491803278688523,0.563752276867031,0.029485428051001822,0.557832422586521,0.050546448087431695,0.5465619307832422,0.8746460158236862,0.8503431927431898,0.715190973437063,0.7640623597989651,0.9983775239204594,1.0
BTC/USDT,1h,7d,final_holdout,holdout,20.0,7 days 00:00:00,2026-09-28T21:00:00+00:00,15094,14926,-0.0007379958938897746,0.0005347413146800095,0.057099290546493445,-0.2568252676663576,0.25926306652954123,-0.15297421262071184,-0.09828794442374886,-0.032689204162085234,0.0005347413146800095,0.031055116199265598,0.08840140642713978,0.14670603628377887,-0.0023749323568793205,0.0005345983871374827,0.05730432207656992,-0.2968240905351165,0.23052668202777982,-0.16602414980449787,-0.10346004358442448,-0.033235433064250974,0.0005345983871374827,0.030582662577067186,0.08471002004528744,0.13689350402744288,0.04352149546698082,0.03440548591151815,0.038610980876644864,-1.1784671904990773e-07,0.2695622373742834,0.0005385561574872688,0.0028946135136623807,0.016425503702485855,0.03440548591151815,0.05938323096910608,0.11448493465918719,0.18759786716875965,-0.04786411848783452,-0.035623711377421596,0.04504936696232573,-0.28803410791267026,2.5607616006340095e-05,-0.20452689098206894,-0.15076894105527516,-0.06320514815936959,-0.035623711377421596,-0.016773813849344787,-0.003255377526126396,-0.00047395740505284945,0.5055607664478092,0.4847916387511724,0.009982580731609273,0.5002679887444728,0.019898164277100363,0.494506230738309,0.03986332574031891,0.4847916387511724,0.0596274956451829,0.4748090580195632,0.0983518692214927,0.4545759078118719,0.7881890780106919,0.7793437017148065,0.7646444093118304,0.7834183192899842,0.9983420681451384,1.0
BTC/USDT,4h,7d,wf_2022,validation,20.0,7 days 00:00:00,2023-01-07T20:00:00+00:00,2190,2190,-0.015174658515668014,-0.008842732655966634,0.08332463390629065,-0.36816145881418194,0.2424127013496984,-0.28915844086597736,-0.17128247271625452,-0.052815938540085566,-0.008842732655966634,0.02928459424850738,0.11191217304758902,0.17376133125764612,-0.019084336849510473,-0.008882061765008494,0.08855677175637504,-0.45912139028126614,0.21705521603712324,-0.34130676136556753,-0.18787593043381692,-0.05426184362338972,-0.008882061765008494,0.028863991817142054,0.10608119198761032,0.16021339888612904,0.05603302518616556,0.041731642659307955,0.04922855869448439,2.7873507790765473e-07,0.29948601607069203,0.0008790341710488158,0.004308983010520362,0.019447778179221553,0.041731642659307955,0.07769215174828475,0.16672311590153183,0.21548606779316207,-0.07324247930546605,-0.05285957263646224,0.06824078356807695,-0.38004622740081695,-7.446544912026454e-05,-0.3303139722129665,-0.22565144951087995,-0.09278735230573706,-0.05285957263646224,-0.026513912006719348,-0.00624909893613032,-0.0015122066254218255,0.4438356164383562,0.43105022831050227,0.008675799086757991,0.4406392694063927,0.013242009132420091,0.43789954337899545,0.027853881278538814,0.43105022831050227,0.03881278538812785,0.42511415525114155,0.06301369863013699,0.4123287671232877,0.6823562111105165,0.7179814061614634,0.824803399199671,0.75961315615673,0.9964933429330001,0.9999999999999998
BTC/USDT,4h,7d,wf_2023,validation,20.0,7 days 00:00:00,2024-01-07T20:00:00+00:00,2190,2190,0.020935790071049443,0.007356374601303117,0.07087598517554751,-0.13224196388542742,0.37827574794177155,-0.11219063465251872,-0.07244802321610545,-0.018541723602551352,0.007356374601303117,0.042067111943112634,0.15258622393064233,0.2337491824908836,0.018431367701949627,0.007329447250993954,0.06684667297789137,-0.14184236341931125,0.32083325993243583,-0.11899823811219792,-0.0752064473731766,-0.01871577812454953,0.007329447250993954,0.041206347930668526,0.14200829479719515,0.21005728464597379,0.05998017526197586,0.03886429729361951,0.06179604632689144,0.0,0.3982724130652602,0.0009351122266287671,0.0045772177273872726,0.02119935907333592,0.03886429729361951,0.07953219969178171,0.18943334577597076,0.2642286657143563,-0.03605897497635611,-0.028772560372281486,0.030582018202556422,-0.14979701006655755,0.0,-0.1439088944193254,-0.10298112953039802,-0.050182188438262276,-0.028772560372281486,-0.01281326906909705,-0.0023635139538439828,-0.0005449004334588157,0.5716894977168949,0.5497716894977169,0.01004566210045662,0.5671232876712329,0.0182648401826484,0.5625570776255707,0.036986301369863014,0.5497716894977169,0.05799086757990868,0.5397260273972603,0.10410958904109589,0.5205479452054794,0.9371941350873976,0.8861507146045949,0.6157239817649378,0.7374261516301963,0.9982340166677575,0.9999999999999998
BTC/USDT,4h,7d,wf_2024,validation,20.0,7 days 00:00:00,2025-01-07T20:00:00+00:00,2196,2196,0.018015920275715695,0.013004488254297342,0.07300946432017792,-0.2621444003816613,0.306528768381906,-0.1351573029529559,-0.08824365964720729,-0.030955134439629883,0.013004488254297342,0.06419810712238205,0.1420164236755342,0.21762731516011583,0.015312244702256877,0.012920652272206776,0.0711840339824032,-0.30400713800025086,0.26737382516351216,-0.14520765856060325,-0.09238249945927542,-0.031444367398491754,0.012920652272206776,0.062221559917708766,0.1327954567933799,0.1969040992966939,0.06402601324258841,0.05203313497525908,0.05410036979559466,0.0,0.31953613566158645,0.0010892306822575693,0.0049033261848859255,0.021358813920239028,0.05203313497525908,0.09455712079868972,0.16752892136538433,0.24965871467976655,-0.05225577968792023,-0.04180644622195906,0.04547655679829505,-0.29577474909819634,0.0,-0.23845120900674205,-0.1282355976575611,-0.07404583432665313,-0.04180644622195906,-0.016965184845146808,-0.003281075332794786,-0.0005222878454527278,0.5737704918032787,0.5628415300546448,0.005919854280510018,0.5714936247723132,0.011384335154826957,0.569672131147541,0.022768670309653915,0.5628415300546448,0.03051001821493625,0.557832422586521,0.050546448087431695,0.5469034608378871,0.8744823351529323,0.8497596749487957,0.715535084458951,0.7653445023927745,0.9983972393482337,1.0
BTC/USDT,4h,7d,final_holdout,holdout,20.0,7 days 00:00:00,2026-09-29T16:00:00+00:00,3779,3737,-0.0005583139131906299,0.0005376940732433333,0.05722541354368583,-0.2568252676663576,0.2540001162265144,-0.15191024173147324,-0.09805159794669663,-0.03262333468467071,0.0005376940732433333,0.031212651226503185,0.08898899615078724,0.14390172544898017,-0.0022021539809326737,0.0005375495675827039,0.05743011447795909,-0.2968240905351165,0.22633853489534542,-0.1647691018761472,-0.10319796553438096,-0.033167339914428044,0.0005375495675827039,0.030735441018420823,0.08524973905650596,0.13444468080262223,0.04365181362621449,0.03434009102192803,0.03873067301360322,0.0,0.2662243100063393,0.0006769832747199711,0.0029680025982692817,0.01653293209361273,0.03434009102192803,0.05920253769538264,0.11612201035590865,0.1865629264163613,-0.04785498760567182,-0.035842942352733,0.04494967947491548,-0.28792248893876604,2.5607616006340095e-05,-0.20350830089023933,-0.15079343726430008,-0.06320981622840316,-0.035842942352733,-0.01689407634381279,-0.00335865882666489,-0.0004235608787905108,0.504950495049505,0.48193738292748195,0.008830612791008831,0.5004013914905004,0.020337168852020335,0.49397912764249396,0.04468825260904469,0.48193738292748195,0.06743377040406744,0.4704308268664704,0.10302381589510302,0.4516992239764517,0.7888996229975143,0.7791522763689738,0.7640299674786142,0.7824031993070175,0.998347793946461,1.0
BTC/USDT,4h,14d,wf_2022,validation,20.0,14 days 00:00:00,2023-01-14T20:00:00+00:00,2190,2190,-0.027939136491558464,-0.01397787587042193,0.11178869883537709,-0.390748602025735,0.2804712865444976,-0.3323693702396347,-0.2263044183220784,-0.093664016687932,-0.01397787587042193,0.040071122470381804,0.14546047869252765,0.2172782030315696,-0.03532676698524098,-0.01407648662995389,0.12014393282093659,-0.49552429189715613,0.24722820277814797,-0.40402021187271747,-0.25657679840489017,-0.09834521167849469,-0.01407648662995389,0.03928909540748582,0.13580669260240108,0.1966172753321401,0.07697065817528667,0.06296852695960431,0.06163275076179338,2.7873507790765473e-07,0.29948601607069203,0.0011511828844405093,0.0055984812415181716,0.027758714250287087,0.06296852695960431,0.10670439298791157,0.20573746905596588,0.249251730663348,-0.1065968487079424,-0.07683307368022035,0.09139511530484119,-0.4413060667528602,-9.576308480074847e-05,-0.41301553562126503,-0.3066266983743687,-0.15157498038211525,-0.07683307368022035,-0.03779876925538084,-0.011311430474828917,-0.003102827287743995,0.42876712328767125,0.4141552511415525,0.00684931506849315,0.42420091324200915,0.014155251141552512,0.4200913242009132,0.024200913242009132,0.4141552511415525,0.03287671232876712,0.41141552511415524,0.05251141552511415,0.4009132420091324,0.7006269279015515,0.7210590432275029,0.8686600082303475,0.8402054692696926,0.9959658509852781,0.9999999999999998
BTC/USDT,4h,14d,wf_2023,validation,20.0,14 days 00:00:00,2024-01-14T20:00:00+00:00,2190,2190,0.04090687072429417,0.017355550176306633,0.09922643636302514,-0.17262553739534725,0.4209965396102786,-0.12024294181393216,-0.09288530160989167,-0.0168504856559058,0.017355550176306633,0.07458059813669621,0.2585407035662207,0.3446333619446593,0.03579678621582249,0.01720666189843789,0.09148813825279627,-0.18949789006173492,0.35135841393274353,-0.1281095009541136,-0.09748638317287278,-0.01699407036800963,0.01720666189843789,0.07193043788375358,0.22995287728921826,0.2961213824918462,0.0931210945967476,0.06382720701548084,0.08651332395865521,0.0,0.4608760382940349,0.0015618734619858832,0.00793024424864185,0.035516851378717795,0.06382720701548084,0.11504673090652545,0.28653860453915375,0.379357925677096,-0.047536243803932815,-0.03674394435725875,0.03964813837995066,-0.18148889703948967,0.0,-0.16428166621317375,-0.13483910378398276,-0.06651112086827404,-0.03674394435725875,-0.018722122728052987,-0.0028751514190080486,-0.0006655130514598347,0.630593607305936,0.6178082191780822,0.008675799086757991,0.6264840182648402,0.013242009132420091,0.6232876712328768,0.0228310502283105,0.6178082191780822,0.04429223744292238,0.6059360730593607,0.07671232876712329,0.5894977168949772,0.9421444900529816,0.8753020184624251,0.5089174301404918,0.6250566921572527,0.997945102887548,0.9999999999999998
BTC/USDT,4h,14d,wf_2024,validation,20.0,14 days 00:00:00,2025-01-14T20:00:00+00:00,2196,2196,0.035234114027692165,0.015439315548737453,0.1065212920908989,-0.2395877659239638,0.3992402820042509,-0.15581400514918245,-0.10878717118095085,-0.040518854105998536,0.015439315548737453,0.09750769913482737,0.24788225149615745,0.33075174110979555,0.02951591403608787,0.015321330112224151,0.10033723671724334,-0.2738945794967159,0.3359294336190652,-0.1693824361650457,-0.11517203533202991,-0.041362613857740545,0.015321330112224151,0.09304188109831843,0.22144785873813022,0.2857439798531667,0.09864697939518167,0.08079314400628457,0.08055361069461325,0.0,0.4137069066927175,0.0016766834054702806,0.007451320665691541,0.0410036486539061,0.08079314400628457,0.1311266152941863,0.2774103280966761,0.35758523898355943,-0.07010130850943558,-0.05638565240802279,0.05824472116935348,-0.29577474909819634,0.0,-0.27381684125554656,-0.17070915457890412,-0.10252503265568369,-0.05638565240802279,-0.02477108792086441,-0.003957974674709264,-0.0006589612083946538,0.5728597449908925,0.5610200364298725,0.00819672131147541,0.5678506375227687,0.01092896174863388,0.5669398907103825,0.022313296903460837,0.5610200364298725,0.028688524590163935,0.5560109289617486,0.04326047358834244,0.5491803278688525,0.9038076094797558,0.8365912312058961,0.7095573199612681,0.8025766888267747,0.9977479652158115,1.0
BTC/USDT,4h,14d,final_holdout,holdout,20.0,14 days 00:00:00,2026-10-06T16:00:00+00:00,3779,3695,-0.0011486703338616556,0.0006536969319490549,0.08056398572069812,-0.29756485257259213,0.26619847584382295,-0.21012653870865097,-0.14053144679903065,-0.04690727942262024,0.0006536969319490549,0.04661793219183419,0.11842259764562432,0.22974300199041492,-0.0044588908457535706,0.0006534833651765294,0.08181774875064901,-0.35320219886500964,0.2360190854024947,-0.23588274791647565,-0.15144115624525895,-0.0480430867030644,0.0006534833651765294,0.045563948503042115,0.11191929706972455,0.2068052022091824,0.06112028751927959,0.049462427869152004,0.051141365789652,0.0,0.29601377980153276,0.0009821674896737197,0.004118260680523368,0.02244920477574619,0.049462427869152004,0.0849417859320718,0.15192805865635314,0.2691424989749111,-0.06819701872222655,-0.049964940862977425,0.06205018398214492,-0.3339253996447602,2.5607616006340095e-05,-0.308012906804695,-0.19849290171526135,-0.09136460539023111,-0.049964940862977425,-0.022972374067453227,-0.005080325636829552,-0.0008517247536417858,0.5060893098782138,0.487956698240866,0.009201623815967524,0.5017591339648173,0.016779431664411367,0.49634641407307173,0.030581867388362653,0.487956698240866,0.04194857916102842,0.4838971583220568,0.06847090663058186,0.4722598105548038,0.8040054305605343,0.8125403799151015,0.8111563447861552,0.7973249209986851,0.9976345658144183,1.0
BTC/USDT,4h,21d,wf_2022,validation,20.0,21 days 00:00:00,2023-01-21T20:00:00+00:00,2190,2190,-0.037224704115362786,-0.02056375453872017,0.13542450562591513,-0.3774048219458288,0.4043635117144455,-0.3451808857230112,-0.2796885721029569,-0.12361294078923643,-0.02056375453872017,0.043808726296013234,0.18741037845586828,0.2611360302438031,-0.048246038548210836,-0.020778148320183328,0.1454386691646335,-0.47385876585818454,0.3395841835693523,-0.4233963801227246,-0.32807168134977044,-0.13194743853265173,-0.020778148320183328,0.04287625288196622,0.1717747068871119,0.23201232408906708,0.09438470471077302,0.07460373106760876,0.07517252472135946,2.7873507790765473e-07,0.4128421510784406,0.001176676097661067,0.006574017308781899,0.037781163506919735,0.07460373106760876,0.12697790449513102,0.2528825592386315,0.3059725397336616,-0.13248075771003553,-0.100531887399612,0.10362004665437477,-0.4503179029107074,-0.00030808646668145645,-0.424762521859319,-0.33129007490286133,-0.19536440164764077,-0.100531887399612,-0.049563335567598954,-0.01719568174340349,-0.005141211892692928,0.4091324200913242,0.4004566210045662,0.005936073059360731,0.40730593607305937,0.0091324200913242,0.4063926940639269,0.019634703196347032,0.4004566210045662,0.026940639269406392,0.3972602739726027,0.04657534246575343,0.3867579908675799,0.7167088845895037,0.6701695593490995,0.86098720388308,0.8403239079915824,0.9952103836364354,0.9999999999999998
BTC/USDT,4h,21d,wf_2023,validation,20.0,21 days 00:00:00,2024-01-21T20:00:00+00:00,2190,2190,0.05625022084346661,0.028980906523398686,0.11698157179915532,-0.19039104759939318,0.43193098921404216,-0.1263248019588597,-0.10401602158418716,-0.024405461357614372,0.028980906523398686,0.11761179674312955,0.29371980081713817,0.3815809419742013,0.04887869761550831,0.028568901101331208,0.10696264526810123,-0.21120392270299942,0.3590238754875521,-0.13504673163366374,-0.10983277700527798,-0.02470821063702252,0.028568901101331208,0.1111940793867623,0.2575216347061188,0.3232284151818993,0.11850186643677055,0.08898488442244856,0.09908158474646314,0.0,0.47689919122625746,0.0021385939554192436,0.009127556738850084,0.04666573695550197,0.08898488442244856,0.16286782071711697,0.3367687173762565,0.415018226778073,-0.05563604373013917,-0.044271100684460496,0.04535130534276896,-0.2180348360696721,0.0,-0.2022517920318829,-0.14490325493484688,-0.07447469059231429,-0.044271100684460496,-0.021267737428565497,-0.0029725960120109713,-0.0006902605687625521,0.6159817351598174,0.6114155251141552,0.00410958904109589,0.6136986301369863,0.008675799086757991,0.6127853881278539,0.0136986301369863,0.6114155251141552,0.0182648401826484,0.608675799086758,0.03515981735159817,0.6,0.9428540561043013,0.8921886444500106,0.4736314919849785,0.5903175386857189,0.9976442940416552,0.9999999999999998
BTC/USDT,4h,21d,wf_2024,validation,20.0,21 days 00:00:00,2025-01-21T20:00:00+00:00,2196,2196,0.05597463517033136,0.038317631283888764,0.1360283467518892,-0.18925157303984508,0.43910472061665495,-0.1564174012567294,-0.12488359735991025,-0.04779336069722548,0.038317631283888764,0.11776386905809566,0.3317579995466894,0.4124127881949027,0.04653031212531272,0.037601741087670296,0.12470604756356832,-0.20979747402458465,0.3640211984447813,-0.17009751497485312,-0.1333983702261154,-0.048973213121583925,0.037601741087670296,0.11133014339400644,0.2864997803326892,0.3452994374797659,0.13038611721317772,0.10114881624635585,0.10960112721611198,0.0,0.4677670644411107,0.0018367276083929406,0.009862775602620277,0.051194244805251754,0.10114881624635585,0.17280924163297967,0.3819092807951139,0.44381544960753655,-0.08311306503815818,-0.06734970828947678,0.06626430435154793,-0.29577474909819634,0.0,-0.27443319684359757,-0.2183147900210268,-0.12319634984115427,-0.06734970828947678,-0.028130593276317006,-0.004161312945455603,-0.0006755530137424053,0.5979052823315119,0.5956284153005464,0.0018214936247723133,0.5974499089253188,0.004553734061930784,0.5969945355191257,0.011384335154826957,0.5956284153005464,0.01639344262295082,0.5938069216757741,0.028688524590163935,0.5892531876138434,0.925382620151474,0.8712849511056887,0.7131871597905896,0.7952393508862122,0.9973042445951423,1.0
BTC/USDT,4h,21d,final_holdout,holdout,20.0,21 days 00:00:00,2026-10-13T16:00:00+00:00,3779,3653,-0.0022653288903756582,-0.004995631768431097,0.10092397904743684,-0.3419801097852828,0.2919734628431927,-0.24962650150006394,-0.1849103759758553,-0.05567009757751795,-0.004995631768431097,0.0571841784665974,0.17203516360107696,0.2421453329632679,-0.007487278306515695,-0.005008151650699795,0.10286454232357951,-0.41852011982384163,0.25617086555441765,-0.287184378584996,-0.2044572111218642,-0.05727970098289696,-0.005008151650699795,0.055608938129578234,0.1587416849534366,0.21683996287563145,0.07555886035522526,0.060840012565089197,0.06228077523578186,0.0,0.30907478316361225,0.0009835530880256194,0.00477957430558993,0.028284902056746608,0.060840012565089197,0.10487732473160905,0.19428513052209628,0.2795249143998398,-0.08393403179574506,-0.06435891475839861,0.07412381974591757,-0.3727337392721788,2.5607616006340095e-05,-0.3318301185332929,-0.23464878844189127,-0.10976867511722344,-0.06435891475839861,-0.029123419839633513,-0.006503072275861781,-0.0014492182202939336,0.4741308513550506,0.46318094716671226,0.006022447303586094,0.47166712291267454,0.011223651793046812,0.46865589926088147,0.022447303586093623,0.46318094716671226,0.0325759649603066,0.45907473309608543,0.049274568847522585,0.45086230495483165,0.8303561058229916,0.8110483005946856,0.8262359272842164,0.8175553121377135,0.9967117442830825,1.0
BTC/USDT,4h,28d,wf_2022,validation,20.0,28 days 00:00:00,2023-01-28T20:00:00+00:00,2190,2190,-0.04294763646474217,-0.028486935121328494,0.15410030375439296,-0.3889770704223372,0.40711282107450564,-0.3559926309818582,-0.2929824563358624,-0.15507447905213728,-0.028486935121328494,0.047050917941422854,0.23007589981728244,0.36789140448007607,-0.05702786187478888,-0.028900567099237467,0.16304546864200975,-0.4926207925643494,0.34153996047158197,-0.44004511048404865,-0.34669986566810024,-0.1685067987655936,-0.028900567099237467,0.045977544597308226,0.20707555993609975,0.31327016377559075,0.10889038673797871,0.08737602967070501,0.08594289387895489,2.7873507790765473e-07,0.4456346703749272,0.0016095772835597534,0.008061391433909349,0.04804901784519744,0.08737602967070501,0.1450215405373178,0.27670309678168376,0.4036892840135198,-0.15213740824464217,-0.12696271114228025,0.11110663916985657,-0.4503179029107074,-0.00030808646668145645,-0.424762521859319,-0.3926517976554658,-0.22070212731028743,-0.12696271114228025,-0.059460406561038764,-0.020621442765986684,-0.006168507235444876,0.4095890410958904,0.4004566210045662,0.0018264840182648401,0.4091324200913242,0.005479452054794521,0.4054794520547945,0.012785388127853882,0.4004566210045662,0.01780821917808219,0.3972602739726027,0.033789954337899546,0.3867579908675799,0.7746544445276954,0.7214074679476878,0.8518488454222908,0.8459585775171097,0.994052025291835,0.9999999999999998
BTC/USDT,4h,28d,wf_2023,validation,20.0,28 days 00:00:00,2024-01-28T20:00:00+00:00,2190,2190,0.06934575326397265,0.04391991597956035,0.12988474363366076,-0.15148721334027482,0.4393618533428736,-0.1286447043386748,-0.11083566824051004,-0.03203216030902392,0.04391991597956035,0.15093499827449786,0.3254668099217628,0.39643948432809256,0.05991763321006676,0.04298277766003028,0.11850249037177175,-0.1642701246986864,0.3641998579638661,-0.13770546845266943,-0.11747321492790419,-0.032556416181491854,0.04298277766003028,0.14057463808675896,0.2817647046221741,0.3339257695320459,0.14010323234845867,0.11378354374552546,0.10720089348167175,0.0,0.47689919122625746,0.0023027738156981004,0.009963556882458391,0.05601977240185846,0.11378354374552546,0.1973137907277524,0.3625626083337681,0.4400891926483476,-0.06284892088621064,-0.05307008328751733,0.04846418259382219,-0.2203028237519179,0.0,-0.20400265360586303,-0.15479057062428825,-0.08828567098840395,-0.05307008328751733,-0.023985000267707196,-0.0030423869663693806,-0.0007494805067889239,0.6319634703196347,0.6269406392694064,0.00410958904109589,0.6310502283105023,0.007762557077625571,0.6292237442922375,0.015068493150684932,0.6269406392694064,0.02237442922374429,0.6237442922374429,0.036073059360730596,0.6182648401826484,0.9423894262693934,0.9082682981441811,0.4863918851143741,0.5930311022374052,0.9977644644610784,0.9999999999999998
BTC/USDT,4h,28d,wf_2024,validation,20.0,28 days 00:00:00,2025-01-28T20:00:00+00:00,2196,2196,0.07742779489321944,0.04848358855682744,0.15836677308074895,-0.23477640275629308,0.5979346128540557,-0.17459357179422486,-0.1138494248883524,-0.03867508559400948,0.04848358855682744,0.1406444427741742,0.4176501940526784,0.48217081113756727,0.06439265435999718,0.047344910376505,0.1408241930437177,-0.26758720388354,0.46871192839305653,-0.19187966377541732,-0.1208683942817246,-0.03944283136479715,0.047344910376505,0.131593402683443,0.34900057563960424,0.39350777435595696,0.16030536959777214,0.11919566623915567,0.13446498868023715,0.0002055679548924605,0.6121495327102804,0.0036782243522169742,0.012961647134576149,0.06450454306222203,0.11919566623915567,0.20487057590945829,0.45177815021185647,0.5188381492115111,-0.09249097056736678,-0.082523159560151,0.06901355240953465,-0.29577474909819634,0.0,-0.27443319684359757,-0.2307379031161342,-0.13815722469679484,-0.082523159560151,-0.032469805354496756,-0.004319235396993526,-0.0007357279935160415,0.6102003642987249,0.6038251366120219,0.0036429872495446266,0.6074681238615665,0.006375227686703097,0.6065573770491803,0.013205828779599272,0.6038251366120219,0.020947176684881604,0.6015482695810564,0.03415300546448088,0.5974499089253188,0.9367446819373689,0.8821725590877233,0.7219285611336973,0.7954727090122576,0.9966088177263008,1.0
BTC/USDT,4h,28d,final_holdout,holdout,20.0,28 days 00:00:00,2026-10-20T16:00:00+00:00,3779,3611,-0.0036008859327575095,0.0031873028262920933,0.11770688227982581,-0.31256109545053534,0.29713732283345884,-0.2703916540595682,-0.22429612510946356,-0.0663738116850282,0.0031873028262920933,0.06553556789242054,0.21245736760352252,0.243585138925759,-0.010796602142238074,0.0031822341440664774,0.12101281667935337,-0.374782319500107,0.26015977701070453,-0.3152474264042942,-0.2539844369133357,-0.0686791487686246,0.0031822341440664774,0.06347752654713579,0.1926491817195414,0.2179984474536351,0.08794857805570605,0.0712794846804321,0.07046131425643155,0.0,0.30907478316361225,0.0010606801246773269,0.005461873118240201,0.03418521971113431,0.0712794846804321,0.12423207164618522,0.24959979460236204,0.29559193537236145,-0.09684987280905712,-0.0730469030088079,0.08466702964969272,-0.383143913964203,2.5607616006340095e-05,-0.3536324676843011,-0.2714291155156189,-0.12667381988443738,-0.0730469030088079,-0.032143917159502156,-0.007064305421291495,-0.0016106428578034774,0.51952367765162,0.5081694821379119,0.004430905566325118,0.5178620880642482,0.008584879534754916,0.5153697036831902,0.022154527831625588,0.5081694821379119,0.030739407366380506,0.5020769869842149,0.05317086679590141,0.4887842702852395,0.8318633366775244,0.8288373887299315,0.8465164352900281,0.8165302378471958,0.996595919157975,0.9999999999999998
ETH/USDT,1h,1h,wf_2022,validation,20.0,0 days 01:00:00,2023-01-01T00:00:00+00:00,8760,8760,-8.795180316029378e-05,-7.060309490253269e-05,0.00914411481447673,-0.09761764486229463,0.07638831416039049,-0.027361593756350916,-0.013539682784404395,-0.0036821037068010543,-7.060309490253269e-05,0.0037001358057150435,0.012590391503513114,0.026608530881802765,-0.00012981234587241609,-7.060558742489936e-05,0.009152547736346953,-0.10271695169003162,0.07361128340178881,-0.027742899609871082,-0.013632180162252632,-0.0036888993372863454,-7.060558742489936e-05,0.0036933071426148083,0.01251179157056723,0.026260678849955373,0.006182071109333917,0.0040645262572558405,0.00737737266095245,0.0,0.11659460265394372,4.572629284866905e-06,0.00032489317020882873,0.0018437356153479523,0.0040645262572558405,0.007831773214048765,0.01866886456829677,0.03485904124549902,-0.006326109135715891,-0.0040651395651313815,0.007397793482037071,-0.11667814556347544,0.00026580140745080527,-0.03546767124274511,-0.01962282229266588,-0.008072043824866704,-0.0040651395651313815,-0.0018543523300100784,-0.00034426219176433403,-3.256036281490418e-06,0.4930365296803653,0.3445205479452055,0.0795662100456621,0.45639269406392696,0.15993150684931506,0.4178082191780822,0.30776255707762556,0.3445205479452055,0.42648401826484017,0.28698630136986303,0.6087899543378995,0.19531963470319635,0.6759696709146507,0.6588911570490747,0.6791930723589011,0.6697144347465978,0.9998708557029625,1.0
ETH/USDT,1h,1h,wf_2023,validation,20.0,0 days 01:00:00,2024-01-01T00:00:00+00:00,8759,8759,8.682678829756776e-05,4.255422624255267e-05,0.004939476278148139,-0.06047419661434916,0.06161797133406832,-0.013809075267331012,-0.006504971485909905,-0.0017760455845740042,4.255422624255267e-05,0.0019285903674104432,0.0067823372118379415,0.014735382657546642,7.461703984848738e-05,4.255332083715292e-05,0.004941977162298464,-0.06237999548645411,0.05979413242881082,-0.013905309923821921,-0.006526221014908569,-0.0017776246238923265,4.255332083715292e-05,0.0019267330234932795,0.006759440632670137,0.01462787174868195,0.0031831364538637973,0.002009979258041472,0.004124611627400987,-6.409064981505175e-06,0.10252205071664822,0.0,0.00010816194437006655,0.0008665787474096964,0.002009979258041472,0.003962571267736914,0.010077655253942443,0.020080077440373996,-0.003272548436617811,-0.002028408035179785,0.004329145932661821,-0.09827625325056866,3.166093252016111e-05,-0.020473983804321017,-0.010761483031239782,-0.004052340389605613,-0.002028408035179785,-0.000894117717525289,-9.411617580334903e-05,0.0,0.5053088252083571,0.24306427674392053,0.15412718346843246,0.43109944057540817,0.30437264527914143,0.35357917570498915,0.5279141454503938,0.24306427674392053,0.6769037561365453,0.16634318986185637,0.8387943829204247,0.08379952049320699,0.7008574552365147,0.6812201383947227,0.6717977421966651,0.6531217530380464,0.9999281818118392,1.0
ETH/USDT,1h,1h,wf_2024,validation,20.0,0 days 01:00:00,2025-01-01T00:00:00+00:00,8784,8784,6.69130166563094e-05,0.00010655976300910641,0.006839945014271112,-0.08214309742323322,0.09212774471382557,-0.01949773659405605,-0.010100995521166866,-0.0028450525458739995,0.00010655976300910641,0.0030820459366907027,0.00990587861219413,0.019153951522081682,4.349800973802149e-05,0.000106554085129982,0.006845043703430817,-0.0857137800581314,0.0881278528194812,-0.01969032512065674,-0.010152356735430622,-0.0028491074179863877,0.000106554085129982,0.003077306168303038,0.009857137017860364,0.018972823739279755,0.0045029512490274304,0.003125393975964008,0.004995958736684853,-3.876244435985221e-05,0.09792364026702405,0.0,0.0001949286543904361,0.0013969211032484052,0.003125393975964008,0.0058184326012286625,0.013488775041813143,0.02324679744672479,-0.004836981252071902,-0.0031056488920085945,0.006242737237074604,-0.1645592664268386,2.136980446643122e-05,-0.028098787165980705,-0.015070460100628201,-0.005998573237272237,-0.0031056488920085945,-0.00139959292739536,-0.00018662566234326468,0.0,0.5084244080145719,0.32809653916211295,0.09232695810564663,0.4651639344262295,0.1848816029143898,0.41632513661202186,0.35974499089253187,0.32809653916211295,0.5044398907103825,0.25660291438979965,0.7062841530054644,0.15437158469945356,0.7119970616910929,0.7209589373048905,0.6727011397604822,0.6862686644349651,0.9999075329661612,0.9999999999999998
ETH/USDT,1h,1h,final_holdout,holdout,20.0,0 days 01:00:00,2026-09-21T22:00:00+00:00,15094,15093,1.2546642556253114e-05,4.8631036327240196e-05,0.007116977936993819,-0.1174078888184481,0.09555462859552089,-0.020888797188672717,-0.010353925226479044,-0.002835835304339507,4.8631036327240196e-05,0.0029736211031174964,0.010230543582075221,0.02032687409954688,-1.2814387086822698e-05,4.8629853876728775e-05,0.007125021357929382,-0.12489212034485934,0.0912607451684016,-0.021110054839671703,-0.01040790000071981,-0.0028398639033743634,4.8629853876728775e-05,0.0029692086370556683,0.01017856576660571,0.02012304076102842,0.004773281793461338,0.003114541492392764,0.005717174607300795,-2.513510116886053e-05,0.13140288791878696,0.0,0.00017531124250345088,0.0013865097078042954,0.003114541492392764,0.00621985463544017,0.014781589076153342,0.026129655198795357,-0.004934010907407184,-0.0031553067024464587,0.00615688214113452,-0.14998813525105448,8.953713776627126e-06,-0.02767243694244773,-0.015610382657224808,-0.006191676127710322,-0.0031553067024464587,-0.0013793345808843505,-0.00016475322944271576,0.0,0.5050685748360167,0.31756443384350364,0.10097396143907772,0.45670178228317765,0.19837010534684954,0.40833498973033855,0.37540581726628236,0.31756443384350364,0.5108990922944411,0.2481945272642947,0.699065792089048,0.15238852448154774,0.6784228673148167,0.6997895401981253,0.6756418238998034,0.6935597348790682,0.999877469151054,0.9999999999999998
ETH/USDT,1h,2h,wf_2022,validation,20.0,0 days 02:00:00,2023-01-01T01:00:00+00:00,8760,8760,-0.00017479142513897832,5.401137312632809e-05,0.012998749083281542,-0.1291741599927545,0.09852506765270919,-0.038430887934168524,-0.02053257980568913,-0.0052140275595044805,5.401137312632809e-05,0.005161817995407603,0.018630536305323995,0.03683105262828828,-0.0002594970426072908,5.4009914552914916e-05,0.013023349920440961,-0.1383132761905704,0.09396843247538443,-0.03918883794991563,-0.020746303821653118,-0.005227668038306493,5.4009914552914916e-05,0.005148541479849923,0.018459113627519078,0.03616899221445532,0.008819271141177518,0.005816161879308779,0.01027426448713728,0.0,0.14290877838376215,7.583997770685969e-06,0.00044917369709962523,0.0025777815074748966,0.005816161879308779,0.011270850474840166,0.02709487610926752,0.04784873128026532,-0.009163951956261197,-0.005860801866624299,0.01052976667757045,-0.14813944812148516,1.66288084129107e-05,-0.05087181832845457,-0.029209144166604372,-0.011872301762482024,-0.005860801866624299,-0.0026111464334796497,-0.0005225454970537569,-7.760097392812706e-06,0.5030821917808219,0.3850456621004566,0.06255707762557078,0.47134703196347033,0.1226027397260274,0.43904109589041096,0.23116438356164384,0.3850456621004566,0.3295662100456621,0.3350456621004566,0.4876712328767123,0.2554794520547945,0.6870096960874914,0.6828377120101288,0.6985554793557003,0.6851695944627466,0.9997701711964132,1.0
ETH/USDT,1h,2h,wf_2023,validation,20.0,0 days 02:00:00,2024-01-01T01:00:00+00:00,8759,8759,0.00017298850625334264,6.805962022737866e-05,0.006862003227439468,-0.06781494137815969,0.06928059536934938,-0.019457899266544648,-0.009259012101725105,-0.002497755423946202,6.805962022737866e-05,0.002704926142273356,0.010107519990709713,0.02120822407621601,0.00014945729899611988,6.805730427650714e-05,0.006857032639049272,-0.07022392325407553,0.06698608157508618,-0.019649698385495577,-0.00930214320708677,-0.00250088001942098,6.805730427650714e-05,0.00270127441228122,0.010056780623286368,0.020986458455213252,0.0046454380156787925,0.0029052937399340895,0.005865234663468195,-6.409064981505175e-06,0.10252205071664822,0.0,0.00019586765921191242,0.0012701285685626784,0.0029052937399340895,0.005810794056716473,0.014876765985054297,0.02824575594567337,-0.004723973637611959,-0.0029185662781604504,0.005968067200372869,-0.1083037060048554,3.166093252016111e-05,-0.027539291287070704,-0.015292703755065216,-0.005869249328816162,-0.0029185662781604504,-0.0012827934405975072,-0.0001850327848754381,0.0,0.5088480420139285,0.3051718232674963,0.11268409635803174,0.45073638543212696,0.22319899531910034,0.39753396506450506,0.4078091106290672,0.3051718232674963,0.5506336339764814,0.2324466263272063,0.73718461011531,0.13140769494234503,0.7283159749762737,0.6997768215867832,0.6704603696101005,0.6739649838663044,0.9999086213131623,1.0
ETH/USDT,1h,2h,wf_2024,validation,20.0,0 days 02:00:00,2025-01-01T01:00:00+00:00,8784,8784,0.00013210712495089345,0.00025716775099116074,0.009588796687490266,-0.13747898784642165,0.1115638437744142,-0.02873400761316802,-0.014056139002702066,-0.003943372207147994,0.00025716775099116074,0.004306668660002955,0.013794985304328595,0.027511454360011317,8.600731854982122e-05,0.00025713468786646627,0.009609272845668551,-0.14789576845617664,0.10576789206576133,-0.029154911658320487,-0.014155862160204856,-0.003951167801516765,0.00025713468786646627,0.004297421501975252,0.013700700595928497,0.027139814489478102,0.006445530015508428,0.004480290606630577,0.007036838343488561,-3.876244435985221e-05,0.13694827838083312,2.5596421578644166e-06,0.0003207077544064796,0.0020219736076581563,0.004480290606630577,0.008437790485234686,0.01902169779931009,0.03343930774795711,-0.006953100052931306,-0.0044958286809295145,0.008786462320865024,-0.2149264388676495,2.136980446643122e-05,-0.03902564921236853,-0.021440345012583094,-0.00867444155751651,-0.0044958286809295145,-0.0019778993292719482,-0.00030458529809019273,-2.786784246904257e-06,0.5178734061930783,0.37864298724954465,0.06762295081967214,0.48463114754098363,0.13444899817850636,0.4495673952641166,0.26969489981785066,0.37864298724954465,0.3818306010928962,0.3193306010928962,0.5693306010928961,0.2222222222222222,0.718354986331927,0.7365012353539327,0.6884985928261592,0.6984789453301029,0.999791923490633,1.0
ETH/USDT,1h,2h,final_holdout,holdout,20.0,0 days 02:00:00,2026-09-21T23:00:00+00:00,15094,15092,2.6536875061393824e-05,0.00012978333706703538,0.010148496334722017,-0.13161397786512785,0.11257182071396832,-0.030451406446074174,-0.014994534899120626,-0.004102881409727199,0.00012978333706703538,0.004279939255465159,0.014816872190759738,0.02835836643970406,-2.4998949988988892e-05,0.00012977491416866693,0.010155743660527261,-0.14111893722123348,0.10667429091962383,-0.030924683327979683,-0.01510808949979578,-0.00411132132535174,0.00012977491416866693,0.004270806364981497,0.014708174725146314,0.02796371176070659,0.006842394547863357,0.004515083713232948,0.008023632444204898,-2.513510116886053e-05,0.1383142931295902,0.0,0.0002884189014326189,0.0019534259028977097,0.004515083713232948,0.00888912123029817,0.02115724872609806,0.0366762738247167,-0.007130327662491126,-0.00454205310246758,0.008714769340708476,-0.2473817863707679,7.667329890770347e-06,-0.041971374237373155,-0.02243064764704129,-0.009207265665195141,-0.00454205310246758,-0.0019263603069329394,-0.00027921520536292055,0.0,0.5087463556851312,0.3720514179697853,0.07262125629472568,0.47276702888947786,0.1394116087993639,0.4389080307447654,0.27385369732308507,0.3720514179697853,0.38656241717466205,0.3141399416909621,0.5624834349324145,0.22157434402332363,0.6954664216585787,0.709721213203243,0.6874525664759742,0.7009464893694723,0.9998050797309038,0.9999999999999998
ETH/USDT,1h,4h,wf_2022,validation,20.0,0 days 04:00:00,2023-01-01T03:00:00+00:00,8760,8760,-0.00035232730679108325,4.032139417808889e-05,0.01823590290538599,-0.15218460105316278,0.12134528920161558,-0.055809854865492045,-0.02940664891485316,-0.007519911224310227,4.032139417808889e-05,0.007174076592090184,0.026782201600195663,0.05079166984555906,-0.000519191332060853,4.032058020883701e-05,0.018280007978820522,-0.16509235680930665,0.11452911557506354,-0.05742770824672267,-0.029847692384315755,-0.007548328315713149,4.032058020883701e-05,0.007148465322721146,0.026429836011249163,0.04954384499564871,0.01254512538663659,0.008208637163295451,0.014087559754165391,0.0,0.1708687852805162,6.529055042669541e-05,0.0006810643336265688,0.0036992870190270533,0.008208637163295451,0.01645260816299371,0.037804838204158614,0.06783541709222397,-0.013293129634700468,-0.008658282153637176,0.014822994491546145,-0.20236508778512374,3.896782037493551e-06,-0.07129983033354105,-0.04071713830972052,-0.017482007802747085,-0.008658282153637176,-0.003818927283045309,-0.0007976853153291487,-8.777844884690752e-05,0.5018264840182648,0.41278538812785387,0.041666666666666664,0.48242009132420094,0.08641552511415525,0.4571917808219178,0.1723744292237443,0.41278538812785387,0.24965753424657533,0.3738584474885845,0.37990867579908677,0.3087899543378995,0.6817921102646058,0.6903968748380576,0.7074806543538731,0.7004218844926704,0.9996574826060785,1.0
ETH/USDT,1h,4h,wf_2023,validation,20.0,0 days 04:00:00,2024-01-01T03:00:00+00:00,8759,8759,0.00034471122071027865,9.419033983881775e-05,0.009737469914447993,-0.07343367260056843,0.07982589557940178,-0.027039992229141715,-0.01349090857039411,-0.0035697005153057515,9.419033983881775e-05,0.0039034893322833497,0.015301695920649604,0.031663416028301014,0.0002973626754098993,9.418590420728518e-05,0.00972139715712766,-0.07626964661302918,0.07679982034390459,-0.027412300087062455,-0.013582737814003168,-0.0035760871095985337,9.418590420728518e-05,0.00389589048557623,0.015185805540228695,0.031172465027984694,0.006837264873842819,0.004326946450661451,0.008282463335771902,-5.5880906612015835e-06,0.12143152523602918,5.3337577794776435e-06,0.00030952682939286994,0.0018832178497216745,0.004326946450661451,0.008543863878566316,0.0219326346062249,0.04068200553693893,-0.006848521198820193,-0.004316478230065313,0.00816754050754071,-0.10998311838947139,3.166093252016111e-05,-0.036896735368576364,-0.021496631653129494,-0.008770687606203031,-0.004316478230065313,-0.0019297799411806538,-0.0003272885245672374,-4.544688207959165e-06,0.5070213494691175,0.35392168055714124,0.07923278913117936,0.46557826235871674,0.16428816074894395,0.4255051946569243,0.3049434866993949,0.35392168055714124,0.4233359972599612,0.2955816874072383,0.601324352094988,0.20527457472314192,0.7526290300186721,0.7086326616968355,0.6748911126814899,0.6882394176106065,0.999879060800525,1.0
ETH/USDT,1h,4h,wf_2024,validation,20.0,0 days 04:00:00,2025-01-01T03:00:00+00:00,8784,8784,0.0002648529488101748,0.00021427914144867,0.013471564723888102,-0.15060721924350295,0.1598311506125083,-0.0377607163873542,-0.019723456410622852,-0.005589778362081327,0.00021427914144867,0.0062706418620370186,0.020099425231874694,0.03740274376451473,0.00017388326056370413,0.00021425618685378057,0.013498062106821026,-0.16323356036618986,0.1482744347066118,-0.03849213346379926,-0.0199205598303469,-0.005605459637497598,0.00021425618685378057,0.006251063191248745,0.019900098184058464,0.03672022765737079,0.009278093569470786,0.006460022383446007,0.009854318910286465,-3.876244435985221e-05,0.16976733846124525,3.0697556712167007e-06,0.0004968647633442847,0.0029273663272844086,0.006460022383446007,0.01240540903436571,0.027074188469351862,0.04453908637677336,-0.010038623674206798,-0.0064482101627647,0.01214491871140462,-0.2268758606545369,2.136980446643122e-05,-0.05472796853798756,-0.030194309178637548,-0.013095825962230884,-0.0064482101627647,-0.002838223650990901,-0.0004970745181072654,-3.960675306269301e-06,0.5100182149362478,0.41598360655737704,0.04861111111111111,0.4873633879781421,0.09756375227686703,0.4640255009107468,0.19330601092896174,0.41598360655737704,0.2843806921675774,0.36953551912568305,0.44102914389799636,0.29121129326047357,0.7341585138064126,0.7410370085172439,0.6919739523318205,0.7065976836311884,0.999631701071099,1.0
ETH/USDT,1h,4h,final_holdout,holdout,20.0,0 days 04:00:00,2026-09-22T01:00:00+00:00,15094,15090,5.270517130777903e-05,0.0001532552966249101,0.014393185863143941,-0.14302761442965728,0.12678999922594625,-0.04375041130153966,-0.02207549479153454,-0.005803986887858159,0.0001532552966249101,0.0061118438204704195,0.021510951218189665,0.04116901645609403,-5.102990033118961e-05,0.00015324355365548182,0.01441188513020251,-0.15434958310847133,0.11937288160435956,-0.04473632492524172,-0.02232280576831292,-0.005820895476565061,0.00015324355365548182,0.006093242257739514,0.02128285593899439,0.04034413432400701,0.009846711751667394,0.006641205187643218,0.011046245958231884,-2.513510116886053e-05,0.14651015604012319,4.05399846451715e-06,0.0004732918397169273,0.0029055835322656653,0.006641205187643218,0.012964541001290852,0.029705404654664196,0.05108133763735719,-0.010328596031970134,-0.006775744640427961,0.012175977190667611,-0.26098432946380745,6.375274136827258e-06,-0.05677839686735253,-0.03208974561603122,-0.013434091998718506,-0.006775744640427961,-0.0028549452277119303,-0.00047937252501986124,-3.221971866502736e-06,0.507687210072896,0.4095427435387674,0.053346587143803845,0.48170974155069585,0.10351225977468523,0.456129887342611,0.1970178926441352,0.4095427435387674,0.28548707753479124,0.36394963552021203,0.4395626242544732,0.28535453943008615,0.7044775581989022,0.7130140454840087,0.6991761159609394,0.7010792648009603,0.9997265924702302,1.0
ETH/USDT,1h,8h,wf_2022,validation,20.0,0 days 08:00:00,2023-01-01T07:00:00+00:00,8760,8760,-0.00071322893015578,-0.00022666146985100832,0.025390245042836955,-0.15533463809297643,0.14516024363336322,-0.07540253954754311,-0.04312338599440031,-0.011618370979752907,-0.00022666146985100832,0.010662308539627685,0.03933512530979327,0.07040653045734216,-0.0010376985194381718,-0.00022668716174241579,0.025499355400046556,-0.16881475147395816,0.13554457798550362,-0.07839681412764297,-0.044080825825070544,-0.011686391625225261,-0.00022668716174241579,0.01060586696853802,0.03858120608609072,0.06803848501028197,0.01791783519535877,0.012067642624625452,0.019107093532501777,0.0,0.1885315736719011,0.00013419994356427936,0.0010209548334917829,0.0052944338151681425,0.012067642624625452,0.02403891339227282,0.05310392809492192,0.09516439883706425,-0.019237951797439548,-0.012907659800877214,0.020484496124543145,-0.20236508778512374,3.896782037493551e-06,-0.10200658507622569,-0.05939960527888539,-0.025508443007626364,-0.012907659800877214,-0.005757297667251665,-0.001198587226251963,-0.00019979241980245125,0.492351598173516,0.4358447488584475,0.02910958904109589,0.4794520547945205,0.0613013698630137,0.46426940639269404,0.1178082191780822,0.4358447488584475,0.1726027397260274,0.40764840182648404,0.26929223744292236,0.3599315068493151,0.6808465029512798,0.6960407340143795,0.730741860192066,0.7243214106801463,0.9995449131083595,1.0
ETH/USDT,1h,8h,wf_2023,validation,20.0,0 days 08:00:00,2024-01-01T07:00:00+00:00,8759,8759,0.0006876848599177402,-9.167135209120492e-05,0.01380608175409371,-0.09231562083375344,0.10219292547335601,-0.03885386188920056,-0.018797791418247323,-0.005387899831482357,-9.167135209120492e-05,0.005565994056692114,0.023408496197317222,0.04781949167419817,0.0005927423346736316,-9.16755541664106e-05,0.013747331528772114,-0.09685856084491341,0.09730176389564227,-0.03962882621278854,-0.018976715707400404,-0.005402466969198815,-9.16755541664106e-05,0.00555056115031119,0.02313871928465771,0.04671131573696069,0.010119904208550919,0.00642586778556975,0.011701914887996294,-5.5880906612015835e-06,0.13339519859457227,6.344682895873532e-06,0.00047673554454674694,0.002801054865815389,0.00642586778556975,0.012995186304724626,0.03193051224944326,0.05945439454760324,-0.009912362182678668,-0.006613448837500813,0.010922271687591002,-0.13174021667282854,3.166093252016111e-05,-0.052041633118807794,-0.02992232820310503,-0.013173683741966369,-0.006613448837500813,-0.002881722050158686,-0.0005598762416715752,-5.638059493480173e-06,0.49480534307569357,0.38931384861285534,0.057654983445598815,0.4674049549035278,0.11496746203904555,0.4404612398675648,0.22148647105834,0.38931384861285534,0.31441945427560225,0.34638657380979565,0.4688891425961868,0.2694371503596301,0.7824992528077446,0.7136235520703758,0.6708969773294199,0.705966570092025,0.9998219168429494,1.0
ETH/USDT,1h,8h,wf_2024,validation,20.0,0 days 08:00:00,2025-01-01T07:00:00+00:00,8784,8784,0.0005309674135591792,0.0004895285210331224,0.019098195031755038,-0.16676401547294994,0.17808537862044904,-0.052815879368585505,-0.028380340825408266,-0.008123691375606812,0.0004895285210331224,0.009635159917166125,0.028592001411317926,0.05268362856913853,0.00034833308297300584,0.0004894087406639989,0.01911974074951566,-0.18243838218531486,0.1638905602095134,-0.054261808051844766,-0.028790848248998368,-0.008156868364420068,0.0004894087406639989,0.009589037775948394,0.02819087787482289,0.05134274003467148,0.013424650552378438,0.009679798390197836,0.01372827704404532,-3.876244435985221e-05,0.19172630679832792,7.037280714272231e-05,0.0007955994355411056,0.004323364214097569,0.009679798390197836,0.017931155870944848,0.03797280761272459,0.06309295118420248,-0.014520537175538835,-0.009730216919393131,0.01656246663733487,-0.2344653768743994,2.136980446643122e-05,-0.0756761996827982,-0.04346639824579802,-0.01911970053247808,-0.009730216919393131,-0.004401757508718768,-0.0007853796254054242,-8.059866020301134e-05,0.5153688524590164,0.4483151183970856,0.03301457194899818,0.49977231329690347,0.0651183970856102,0.4823542805100182,0.13501821493624772,0.4483151183970856,0.20412112932604737,0.4154143897996357,0.3193306010928962,0.3581511839708561,0.7532427592811812,0.76116540848055,0.700352848406327,0.7075907846919766,0.9994420524848091,1.0
ETH/USDT,1h,8h,final_holdout,holdout,20.0,0 days 08:00:00,2026-09-22T05:00:00+00:00,15094,15086,0.00011068437941661945,0.0004145056628819255,0.02067247385249025,-0.1687735542119675,0.18267887629986035,-0.05786525297342163,-0.032822436794386844,-0.008864844956875811,0.0004145056628819255,0.009246885028476315,0.03164276960131218,0.05841817173661394,-0.00010322769571878946,0.0004144197773459997,0.02069608332670589,-0.18485302330763842,0.16778209954204956,-0.05960697171861602,-0.03337317764095719,-0.008904371466026469,0.0004144197773459997,0.009204394323906535,0.031152452921916957,0.05677550246455573,0.014238287046634343,0.009726952550159207,0.015389045050407925,-5.448373932792627e-06,0.2073309534895753,3.974328370511814e-05,0.0007783079274703009,0.004279954812274556,0.009726952550159207,0.018794106232346897,0.04276022095013232,0.07354534907977123,-0.0150026697592828,-0.010044609159255813,0.017095697503975573,-0.28182432660786094,6.375274136827258e-06,-0.07587529410528916,-0.04619177197847926,-0.01954572924889983,-0.010044609159255813,-0.0042882115886628824,-0.0007665487108698688,-2.994428185315058e-05,0.5131910380485218,0.4430597905342702,0.036722789341110965,0.49628794909187324,0.06999867426753281,0.47845684740819305,0.13608643775686066,0.4430597905342702,0.1983958637147024,0.40991647885456717,0.31472888771046004,0.34972822484422644,0.7255611019592768,0.7237075072825698,0.7106370329204287,0.7156856693132968,0.9995566067671043,0.9999999999999998
ETH/USDT,1h,12h,wf_2022,validation,20.0,0 days 12:00:00,2023-01-01T11:00:00+00:00,8760,8760,-0.001062085882161431,-0.0008191075135323134,0.031242880872736405,-0.1830826711429384,0.18955287547989297,-0.09247026949970173,-0.05427302284248251,-0.015086468635635286,-0.0008191075135323134,0.013909383877711401,0.04798791445627116,0.08798664185688282,-0.0015541230330593206,-0.0008194431828309255,0.031401770669441005,-0.20221737791150024,0.17357750162655103,-0.09702896878470557,-0.055801359241364895,-0.01520142735747655,-0.0008194431828309255,0.013813536161897105,0.04687205382377856,0.0843288642813613,0.022075451061387755,0.014853760562651974,0.02297737288069707,0.0,0.21185093264047783,0.0002073390880629966,0.0013255223722375867,0.006574994402896772,0.014853760562651974,0.029967173346070464,0.06426993357127582,0.11499818585459501,-0.023828459095990278,-0.0164328564093999,0.024657569273328166,-0.20236508778512374,3.896782037493551e-06,-0.12421916616931357,-0.07301205990704232,-0.031082008829734498,-0.0164328564093999,-0.0074043137036647055,-0.0014152967154262848,-0.00023964140711690756,0.4821917808219178,0.434703196347032,0.024657534246575342,0.4684931506849315,0.04429223744292238,0.45901826484018265,0.09315068493150686,0.434703196347032,0.13527397260273974,0.41484018264840183,0.21335616438356164,0.3778538812785388,0.6958387971321399,0.6950123513213015,0.7450476481696929,0.7471608913877248,0.9993750497882059,1.0
ETH/USDT,1h,12h,wf_2023,validation,20.0,0 days 12:00:00,2024-01-01T11:00:00+00:00,8759,8759,0.001033355041437759,-0.0001449703970449745,0.016918944864870836,-0.09624919824869627,0.10884485309107261,-0.044695107631644436,-0.023268201720037837,-0.006897812531587499,-0.0001449703970449745,0.007327873644932037,0.030218823819127664,0.05537357224402011,0.0008910165863712642,-0.0001449809062686807,0.01681263562655951,-0.10120161837118408,0.10331880055730784,-0.04572474924240114,-0.023543180303605492,-0.0069217124222780875,-0.0001449809062686807,0.00730115522411337,0.029771229984866796,0.05389479570794514,0.012793365746185646,0.008196574779219867,0.014307366403121247,-5.5880906612015835e-06,0.13897035792590917,3.533877270988306e-05,0.0006408287255636581,0.003484802038538626,0.008196574779219867,0.016744162719773636,0.04020253546838806,0.06861016993520005,-0.012251197350954713,-0.008512938683907234,0.012736202940494143,-0.13550294207869717,0.0,-0.06084286635423576,-0.03574716459746008,-0.016578709625839017,-0.008512938683907234,-0.003722550527621993,-0.0007296806610503691,-6.722307283373277e-06,0.4933211553830346,0.40826578376527,0.04749400616508734,0.46991665715264297,0.09179130037675534,0.4481105148989611,0.1759333257221144,0.40826578376527,0.2545952734330403,0.3727594474255052,0.3880579974882977,0.3084827035049663,0.8017445684110268,0.7332219929262696,0.6706240760732765,0.7180859195368929,0.9997845378424094,1.0
ETH/USDT,1h,12h,wf_2024,validation,20.0,0 days 12:00:00,2025-01-01T11:00:00+00:00,8784,8784,0.0007938547873440772,0.0008338497818989321,0.0234688940286535,-0.20323412909719907,0.19560250081837305,-0.06425767807439266,-0.03530484279282957,-0.010035911743694309,0.0008338497818989321,0.012245585711614215,0.03565535319250787,0.0634683623015412,0.0005178428793508498,0.0008335022768466709,0.023508667704183615,-0.22719440633140303,0.17865024311028005,-0.06641514274019815,-0.03594312684584742,-0.010086611004427029,0.0008335022768466709,0.012171215013863222,0.035034417724079996,0.061535587947551276,0.016690888120541477,0.01233832187375239,0.016604090944989727,-3.876244435985221e-05,0.20600637196594285,0.00013508396673984403,0.0010718316564201638,0.005401365025018368,0.01233832187375239,0.02259021577207715,0.04615818248854314,0.0757750838818574,-0.017922305889134064,-0.012336461225015527,0.01979800681778327,-0.2747772971970194,2.136980446643122e-05,-0.0929659810089639,-0.05228369091694448,-0.02360314910203959,-0.012336461225015527,-0.005515072327056114,-0.0010010554431228778,-0.00011669241448843735,0.5235655737704918,0.4674408014571949,0.02720856102003643,0.510132058287796,0.05362021857923497,0.49578779599271405,0.10780965391621129,0.4674408014571949,0.15698998178506376,0.4422814207650273,0.25056921675774135,0.39526411657559196,0.7629922700358636,0.7692660723324828,0.7025295115991224,0.7102258061849904,0.999256953189919,1.0
ETH/USDT,1h,12h,final_holdout,holdout,20.0,0 days 12:00:00,2026-09-22T09:00:00+00:00,15094,15082,0.00016615116215386603,0.000618668993963678,0.025387432787122823,-0.1944983430890781,0.19105924034804356,-0.0699452529346849,-0.04013523054510988,-0.011764998870789578,0.000618668993963678,0.011589161671471004,0.040152330474794135,0.07256696765100595,-0.00015660470667785777,0.0006184776971386626,0.025426989704493978,-0.21629001937042422,0.17484302914292355,-0.07251182832884837,-0.04096286959851256,-0.011834754123476472,0.0006184776971386626,0.011522521707513408,0.0393671739658466,0.07005481036454798,0.017745668229302854,0.012249708256473868,0.01875931660338563,-5.448373932792627e-06,0.21588600010420467,7.690814805690227e-05,0.0010162907741866347,0.00541430675485477,0.012249708256473868,0.023616556461895644,0.05312113963223448,0.08970930294008585,-0.018642915008405835,-0.012642519005176378,0.02080862401679197,-0.3116417833090924,6.375274136827258e-06,-0.0917418935891182,-0.05564937875632224,-0.024726985721889555,-0.012642519005176378,-0.005401392901375035,-0.0010129952104899155,-9.383877645319246e-05,0.5164434425142554,0.46253812491711976,0.02400212173451797,0.5042434690359369,0.05158467046810768,0.4907837156875746,0.10668346373160058,0.46253812491711976,0.15859965521814082,0.434690359368784,0.2545418379525262,0.38383503514122796,0.7390656121775719,0.7315850442754844,0.7184810668109936,0.7305566163470436,0.9994283548920204,1.0
ETH/USDT,1h,24h,wf_2022,validation,20.0,1 days 00:00:00,2023-01-01T23:00:00+00:00,8760,8760,-0.002084714183702823,-0.001261548408668045,0.04494444654583981,-0.24034493019885883,0.26263754492673486,-0.13193312141612454,-0.07592895399617577,-0.024570589164306128,-0.001261548408668045,0.021200783229062325,0.06909095073098266,0.11741296329354856,-0.0031119801377290706,-0.0012623448373711987,0.045429440944584384,-0.2748908042501663,0.23320282270976314,-0.14148652053692742,-0.07896632082708718,-0.02487748357554491,-0.0012623448373711987,0.020979173328405192,0.0668087085874455,0.11101615353524152,0.031225640756197,0.021560117743290252,0.030951524113188893,0.0,0.28130494885264024,0.0003432723750895406,0.0019553414197719284,0.009860036803701178,0.021560117743290252,0.0427077620529156,0.09112445937792889,0.14968302728292002,-0.034558635222009165,-0.024728715240177612,0.03438977347248271,-0.26503085740901255,3.896782037493551e-06,-0.1716997622052443,-0.10148049967336076,-0.04609936000183609,-0.024728715240177612,-0.010795782116491154,-0.00211548948237214,-0.0004193953448368907,0.48162100456621004,0.4519406392694064,0.014611872146118721,0.4731735159817352,0.028424657534246577,0.4671232876712329,0.05867579908675799,0.4519406392694064,0.08687214611872146,0.43710045662100455,0.13664383561643836,0.41118721461187213,0.7195957944800243,0.7289857765679071,0.7603346912751635,0.7672071959283502,0.9988922966712993,0.9999999999999998
ETH/USDT,1h,24h,wf_2023,validation,20.0,1 days 00:00:00,2024-01-01T23:00:00+00:00,8759,8759,0.002089234947849448,0.00018115769300441897,0.024255078627273514,-0.10560740957437997,0.143418413605517,-0.057645564706725196,-0.03484781011023195,-0.00991733552036983,0.00018115769300441897,0.012171302060328792,0.04546606290011293,0.0806080970512955,0.0017966881184687178,0.00018114128593103344,0.02405002580648214,-0.11161046102346704,0.13402238397336783,-0.05937381726805218,-0.035469480347697376,-0.00996683988714575,0.00018114128593103344,0.012097827348138513,0.04446277919130592,0.07752393544447977,0.019155202661636776,0.012778664168508369,0.02014381490000596,-5.5880906612015835e-06,0.16320713245597163,0.00014176074672837656,0.0010002011240986652,0.005522436983397494,0.012778664168508369,0.025420210727515213,0.06036854572984425,0.10245877428287142,-0.017403019570188763,-0.012553139803230806,0.016803687693330075,-0.1446907367247725,0.0,-0.07739875482062512,-0.05052759061765146,-0.023856696590934534,-0.012553139803230806,-0.005570760619961368,-0.0011484357361902114,-0.00016565871653704466,0.5032537960954447,0.4487955246032652,0.029569585569128896,0.4908094531339194,0.057997488297750886,0.47676675419568443,0.12021920310537733,0.4487955246032652,0.17399246489325265,0.42105263157894735,0.28268067130951025,0.36693686493891997,0.827190144526494,0.7705312202088269,0.6978997562751129,0.7354399501969411,0.9996862288141504,1.0
ETH/USDT,1h,24h,wf_2024,validation,20.0,1 days 00:00:00,2025-01-01T23:00:00+00:00,8784,8784,0.0015746650931598985,0.0015488641056040642,0.03333387167961249,-0.23784619489186165,0.22966626585293914,-0.08001444732648325,-0.05106009888260913,-0.015367017170894587,0.0015488641056040642,0.01796662598891141,0.053940311287146304,0.09248912396639236,0.0010191496418803928,0.0015476658524402995,0.03332472359659352,-0.2716068996893102,0.20674280399322245,-0.08339731566254259,-0.05240981141740598,-0.015486313596592596,0.0015476658524402995,0.01780713356790716,0.05253581412687047,0.08845869203209514,0.024218987028414483,0.018340443323099254,0.023310851234103123,-3.876244435985221e-05,0.2411186892544228,0.0002031071640648374,0.0014970237145744858,0.008308517051887732,0.018340443323099254,0.03326831034584543,0.06658808159429876,0.10914000269480027,-0.025681606028910973,-0.018048844550184684,0.026780465025729602,-0.2779375900012656,2.136980446643122e-05,-0.11789008840618607,-0.07591199890106676,-0.03376483351590348,-0.018048844550184684,-0.008030767501234659,-0.0015172951572311958,-0.00019203705414346667,0.5285746812386156,0.4913479052823315,0.019581056466302368,0.5188979963570127,0.03745446265938069,0.5096766848816029,0.07160746812386157,0.4913479052823315,0.1066712204007286,0.47404371584699456,0.17383879781420766,0.4382969034608379,0.7997070023547627,0.7895870658585676,0.6974709163877613,0.7248225486661306,0.9988975062147196,1.0
ETH/USDT,1h,24h,final_holdout,holdout,20.0,1 days 00:00:00,2026-09-22T21:00:00+00:00,15094,15070,0.00030781538548106907,0.0005495143173739336,0.035973640787938695,-0.2095169215445568,0.24697929694363774,-0.09678351810083662,-0.05531601681993484,-0.018244712731790402,0.0005495143173739336,0.017127676635770417,0.05805331962848154,0.09974107633849486,-0.0003384112419491137,0.0005493633893037265,0.03596330110888535,-0.2351110286901964,0.22072406426949262,-0.10179301917195945,-0.056904816749071774,-0.018413199989878757,0.0005493633893037265,0.016982651601340236,0.056430728590095396,0.09507476693062106,0.025913132441862465,0.01818820512970154,0.02670524983431312,-5.448373932792627e-06,0.28723294297615487,0.0001964632434642488,0.001555134570564798,0.00819316981720658,0.01818820512970154,0.03442500977116919,0.07575290733438188,0.12938956351870562,-0.026895384378302363,-0.018327194280628123,0.028956772502409023,-0.31884592206992923,6.375274136827258e-06,-0.1382986296682359,-0.0782919687406265,-0.036914485968838645,-0.018327194280628123,-0.007969956241372256,-0.0015223801518709033,-0.00019133417107302888,0.5086264100862641,0.4732581287325813,0.016456536164565362,0.5007299270072992,0.03483742534837425,0.49216987392169875,0.0710019907100199,0.4732581287325813,0.1079628400796284,0.45275381552753813,0.17710683477106834,0.4153284671532847,0.7636350960441326,0.7373102401324514,0.7207550096045084,0.7559294871055744,0.9990644897557289,1.0
ETH/USDT,1h,3d,wf_2022,validation,20.0,3 days 00:00:00,2023-01-03T23:00:00+00:00,8760,8760,-0.006163601094885239,-0.0020400982972482162,0.0779377293485041,-0.34217183770883053,0.28708094029651376,-0.2326410686710717,-0.13500614564342897,-0.04700188446361572,-0.0020400982972482162,0.03812637325700319,0.11636081103981347,0.19694199987620545,-0.00933920736133124,-0.002042182134992459,0.08010492451799438,-0.41881153329599663,0.252376817309736,-0.26480066686440096,-0.14503287688052235,-0.04814235275611776,-0.002042182134992459,0.03741752409299511,0.11007411890466857,0.17976997071117137,0.05302859391471927,0.039325978596218225,0.04959966679118036,0.0,0.3623454727697961,0.0006036424946847152,0.003438929833439253,0.018133590964840796,0.039325978596218225,0.07407689543881107,0.14962471426488913,0.24017037604446512,-0.0630391576397879,-0.045731685099458796,0.05912465758358736,-0.3586502921187553,0.0,-0.29874031732672035,-0.18076662470802488,-0.0858355416491893,-0.045731685099458796,-0.022308299593130215,-0.004071397933508894,-0.0009445894176190176,0.4857305936073059,0.4712328767123288,0.008105022831050229,0.48207762557077627,0.015410958904109588,0.47796803652968034,0.028310502283105023,0.4712328767123288,0.045662100456621,0.4628995433789954,0.07077625570776255,0.4486301369863014,0.7533229844143599,0.7693681757177239,0.7752256586650833,0.7451653486819216,0.9972207921099767,0.9999999999999998
ETH/USDT,1h,3d,wf_2023,validation,20.0,3 days 00:00:00,2024-01-03T23:00:00+00:00,8759,8759,0.006220783307512111,0.001176732500079547,0.0409910257172836,-0.12210212650683994,0.23950812669379062,-0.08891853907041661,-0.053008417966052275,-0.017866328223553607,0.001176732500079547,0.02730740456583336,0.08097700099163788,0.13682237550792706,0.005385570840452354,0.001176040693052531,0.04024275164140997,-0.13022500931835926,0.21471462890065127,-0.09312296841944148,-0.0544650750314704,-0.018027857992108695,0.001176040693052531,0.026941208943104367,0.0778652627499505,0.1282367283653225,0.035564024427708736,0.024312546467897045,0.035117063524820136,0.0,0.24650387602327717,0.0004461050912157471,0.002136329199937781,0.010431311677514099,0.024312546467897045,0.050914841805704936,0.11085508185003044,0.16168462412532836,-0.029133218667597906,-0.02239296847443728,0.025262403118702124,-0.16089216110870508,0.0,-0.12337940027424771,-0.07253278139539537,-0.041769863274742025,-0.02239296847443728,-0.010393942890830898,-0.0020384094544688694,-0.000402806738679495,0.5161548121931727,0.48590021691973967,0.01564105491494463,0.5089622102979792,0.03162461468204133,0.5018837766868364,0.06496175362484302,0.48590021691973967,0.09396049777371845,0.4712866765612513,0.15104463979906382,0.4479963466149104,0.8601580584380424,0.8081956224342356,0.6875624827418936,0.7444304135002362,0.999316552452111,1.0
ETH/USDT,1h,3d,wf_2024,validation,20.0,3 days 00:00:00,2025-01-03T23:00:00+00:00,8784,8784,0.004928885543173969,0.005336695265710567,0.0588124250378331,-0.2933428898537028,0.26655245975822606,-0.14584172638008963,-0.09148799812485357,-0.028078833200780418,0.005336695265710567,0.036563019089323356,0.09638599931653327,0.18717469908751014,0.0031958470965224414,0.005322505567988375,0.058800864484270576,-0.34720972345351164,0.23629861065050242,-0.15763882780161245,-0.09594718088410042,-0.028480581960311873,0.005322505567988375,0.035910450938248316,0.09201931562557307,0.17157626495510245,0.04437051264171195,0.035072160425590915,0.04001336107982356,-3.876244435985221e-05,0.2799970182051541,0.000426023983587418,0.0026059784978436197,0.01577175825212368,0.035072160425590915,0.05972804453332481,0.11797042139147844,0.20394268966453488,-0.04496838430854538,-0.03149307794266987,0.044495858899304234,-0.33474095550233196,2.136980446643122e-05,-0.20311585173293098,-0.12374694395897701,-0.06122257543256793,-0.03149307794266987,-0.01432862827631412,-0.002990552611257823,-0.0005111085717564366,0.5513433515482696,0.5327868852459017,0.007969034608378871,0.5480418943533698,0.017418032786885244,0.5436020036429873,0.03813752276867031,0.5327868852459017,0.055327868852459015,0.523224043715847,0.09073315118397085,0.5035291438979964,0.8381878507760395,0.85108502471394,0.7431025459789088,0.7468775358351045,0.9982190913957456,1.0
ETH/USDT,1h,3d,final_holdout,holdout,20.0,3 days 00:00:00,2026-09-24T21:00:00+00:00,15094,15022,0.0006904117651170027,0.00024522272586668947,0.06267623206328567,-0.23807034118808923,0.42632418792894966,-0.16192596538333606,-0.09810260180387799,-0.03335077903594991,0.00024522272586668947,0.033296051976475616,0.09860648156779973,0.18369933507091818,-0.0012472740050672808,0.0002451926636883205,0.06214509447979526,-0.27190103882689665,0.35510063691774807,-0.17664883644634138,-0.10325451527646506,-0.03391959915314168,0.0002451926636883205,0.03275374343873877,0.09404254172348853,0.16864456253781498,0.046627981427851475,0.034878131510180044,0.04596153158575848,-4.9166383959686755e-06,0.4355837028120877,0.00041792241579000636,0.00271248026706451,0.015990426760224274,0.034878131510180044,0.06213640805133952,0.1294010036346742,0.21864433121185683,-0.047502793701318206,-0.03368670668573587,0.048423959926769775,-0.38004061079570306,6.166786919115097e-06,-0.22842906763441834,-0.13945788922342742,-0.06282609018031451,-0.03368670668573587,-0.014409030502616105,-0.002700491745805976,-0.00046950076120553825,0.5024630541871922,0.48355744907469045,0.008720543203301824,0.4977366529090667,0.01690853414991346,0.49434163227266675,0.036146984422846494,0.48355744907469045,0.054187192118226604,0.4739049394221808,0.09080015976567701,0.4552656104380242,0.8041903659883365,0.7828872909692982,0.7246451365940114,0.7823193608131702,0.9976310467952689,1.0
ETH/USDT,1h,7d,wf_2022,validation,20.0,7 days 00:00:00,2023-01-07T23:00:00+00:00,8760,8760,-0.012792823288514731,-0.01226953528682262,0.12156475514017467,-0.4323107574106484,0.5564375097155294,-0.35265683547258747,-0.22573691053393505,-0.07246199877937787,-0.01226953528682262,0.05194212581110341,0.17682865501711484,0.31618098784354265,-0.02070881164984629,-0.01234542744818028,0.1266852658273316,-0.566181118096581,0.4423995621433854,-0.4348787521942454,-0.25584355434456907,-0.07522151368839705,-0.01234542744818028,0.05063809930563757,0.16282323917411604,0.2747343193597378,0.07918775746541416,0.05697936689240202,0.07613774310605827,0.0,0.5846028291621328,0.0010336299138619422,0.005587758662103137,0.0260853876653811,0.05697936689240202,0.10972512947736102,0.2205035431238135,0.36137739552133374,-0.10006851523325334,-0.07414809958786173,0.08919414570512045,-0.44362782738421713,0.0,-0.3992784057253054,-0.3074101352161278,-0.13535743883145662,-0.07414809958786173,-0.036119189760788734,-0.006812045735327911,-0.0014453920256132043,0.43789954337899545,0.4271689497716895,0.0045662100456621,0.43561643835616437,0.0091324200913242,0.4337899543378995,0.021689497716894976,0.4271689497716895,0.03321917808219178,0.42111872146118723,0.052054794520547946,0.41141552511415524,0.7781284004777669,0.7406524088948101,0.7858061926914737,0.7741781683129753,0.9932387644817071,0.9999999999999998
ETH/USDT,1h,7d,wf_2023,validation,20.0,7 days 00:00:00,2024-01-07T23:00:00+00:00,8759,8759,0.013702189013464356,0.0041733475610779,0.06261306761000492,-0.1396495837210292,0.2811829540196038,-0.11031197312283941,-0.08074692100364912,-0.023624315376794713,0.0041733475610779,0.0455681755568752,0.128974394499997,0.21174043457439232,0.011746771398623974,0.004164663299389096,0.06070273589672903,-0.15041551193468763,0.24778383396532855,-0.1168844093055881,-0.08419380970008167,-0.023907843866708228,0.004164663299389096,0.04456044626736266,0.12130960462215168,0.1920577018166059,0.057571461591333785,0.04541749732903044,0.051937654996142696,0.0,0.2927257967740795,0.000848442844072772,0.004245812680548578,0.018375418000386445,0.04541749732903044,0.07922416649171793,0.1578652424907342,0.25707635382900373,-0.04301000449171616,-0.035325317810950274,0.0345819021774607,-0.16603446698841595,0.0,-0.1600472968648654,-0.11985441167897275,-0.05993560754372773,-0.035325317810950274,-0.01687300282447496,-0.0027475004298216023,-0.0005429864502015855,0.5373901130266012,0.5206073752711496,0.009019294440004566,0.5330517182326749,0.018152757164059823,0.5276858088822926,0.03265212923849754,0.5206073752711496,0.04863568900559424,0.5115880808311452,0.08448453019751113,0.4917227994063249,0.8937531991590314,0.8427701689325341,0.6885427313133294,0.7592022615687042,0.998866993400886,1.0
ETH/USDT,1h,7d,wf_2024,validation,20.0,7 days 00:00:00,2025-01-07T23:00:00+00:00,8784,8784,0.012743398390608849,0.006344926570082232,0.09342642758297239,-0.33975050373355464,0.4058777171306933,-0.22348008837161187,-0.12359700903985542,-0.05032811392748293,0.006344926570082232,0.07227527051127591,0.15866082515363922,0.28971507072289143,0.008426387338321278,0.00632488218761108,0.09210870564682237,-0.41513749074885126,0.3406618174373934,-0.2529330527666513,-0.1319292589488621,-0.05163873713499866,0.00632488218761108,0.06978281186915314,0.14726487700103913,0.2544213129534605,0.07361746590151333,0.057176753788231505,0.06643097693745494,-3.55373604277176e-06,0.4293721973094169,0.0006708284493932104,0.0035997956561081733,0.024109579089975963,0.057176753788231505,0.1022095287946303,0.19450620323060847,0.3218284272619069,-0.068240569099865,-0.05111163809677133,0.06288051461546632,-0.37820324005891015,2.136980446643122e-05,-0.33384360873174596,-0.19043130670418026,-0.09768724399096679,-0.05111163809677133,-0.021901969410149186,-0.004300254727997903,-0.0007920119697797993,0.5277777777777778,0.5182149362477231,0.005578324225865209,0.5253870673952641,0.01058743169398907,0.5231102003642987,0.020036429872495445,0.5182149362477231,0.028688524590163935,0.5140027322404371,0.04610655737704918,0.5055783242258652,0.8643904111975089,0.8551713448154351,0.7559871051899968,0.7988587908599896,0.9968649180238293,1.0
ETH/USDT,1h,7d,final_holdout,holdout,20.0,7 days 00:00:00,2026-09-28T21:00:00+00:00,15094,14926,0.0007129788544706941,0.0005303389859152574,0.09563459048732671,-0.35278237363556175,0.5152634572392318,-0.2200431978069947,-0.14295985074246462,-0.051980722959621695,0.0005303389859152574,0.04151906824987561,0.16710921083866664,0.30664677872732454,-0.003741977226298588,0.0005301983898818052,0.09404903779048825,-0.4350726788058135,0.4155893230104347,-0.2485167861086965,-0.15427051289268232,-0.053380442513545144,0.0005301983898818052,0.04068028998205518,0.15452992883286704,0.26746402547231807,0.07241293767514774,0.054601402341830974,0.07005628495272558,-4.9166383959686755e-06,0.5424345514351372,0.0007694580403334039,0.004524675443854376,0.025543039772160436,0.054601402341830974,0.09742213977501069,0.19721211438168196,0.35475364744152144,-0.07349885146380643,-0.049638065976177204,0.06981053735438406,-0.38004061079570306,6.166786919115097e-06,-0.322100419134528,-0.23311070331722922,-0.1014366662615575,-0.049638065976177204,-0.023854054204991537,-0.004721568003566351,-0.0007965680607022185,0.503282862119791,0.4908213855018089,0.006163741122872839,0.5004019831167091,0.01279646254857296,0.4973871097413909,0.0260619053999732,0.4908213855018089,0.03838938764571888,0.48398767251775426,0.06324534369556478,0.4710572155969449,0.8307490073910815,0.778198178964832,0.7364364691490611,0.8040034255968442,0.9955725270049524,1.0
ETH/USDT,4h,7d,wf_2022,validation,20.0,7 days 00:00:00,2023-01-07T20:00:00+00:00,2190,2190,-0.012750064681313535,-0.01226953528682262,0.12143710228388636,-0.4082367699549946,0.5058620461983945,-0.34826774690676204,-0.2222590759062356,-0.07128529142249257,-0.01226953528682262,0.05182957276581879,0.17568578281225575,0.31846189300451916,-0.02064902359882394,-0.01234542744818028,0.126550408386982,-0.5246486733474652,0.40936552239199936,-0.42812167847083815,-0.25136192461055445,-0.07395368253968881,-0.01234542744818028,0.050531098107720565,0.1618516170495754,0.27646572769808797,0.07912815306564022,0.05688339933117603,0.07603786542318133,0.0,0.5704134491324695,0.001043284859088196,0.00650129718759217,0.026086530363770788,0.05688339933117603,0.10947577615257847,0.21904425368542707,0.3610716015495147,-0.10010826349698276,-0.07408273559328615,0.08918385529199752,-0.44118505787017914,-0.00019235356123381564,-0.4011839811440719,-0.3071003730572762,-0.13493168894084973,-0.07408273559328615,-0.035746909243921765,-0.00738396807379847,-0.0019171220154351868,0.4360730593607306,0.42557077625570777,0.0027397260273972603,0.43424657534246575,0.005936073059360731,0.43333333333333335,0.019178082191780823,0.42557077625570777,0.030593607305936073,0.41963470319634705,0.05342465753424658,0.4091324200913242,0.7774242627958008,0.7390556036048002,0.7853028804522967,0.7744149926814895,0.9932895327166337,0.9999999999999998
ETH/USDT,4h,7d,wf_2023,validation,20.0,7 days 00:00:00,2024-01-07T20:00:00+00:00,2190,2190,0.013665774539878326,0.0043082003397811874,0.06253951874386848,-0.13777032769855524,0.28057035965128985,-0.10975350564481126,-0.0799457546735749,-0.023848308140877184,0.0043082003397811874,0.045675434978258156,0.12882261100008535,0.20887426509688384,0.011715424107726705,0.004298946528849489,0.060625723559320756,-0.14823360262262206,0.2473055721618039,-0.11625690930560369,-0.08332266274792514,-0.024137282686240234,0.004298946528849489,0.0446630258400231,0.12117515065806042,0.18968950121671974,0.057572777956983026,0.045676535541525176,0.05175693474497863,0.0,0.2927257967740795,0.0008589592144170144,0.004406996770764104,0.018694518360672374,0.045676535541525176,0.0792251443880535,0.15807029032327632,0.25564371106830003,-0.04297033635118541,-0.03503289979328578,0.0344977030837754,-0.16603446698841595,0.0,-0.15979098568241187,-0.11886001660914292,-0.060321249404843735,-0.03503289979328578,-0.01687723100614505,-0.0031174642463386213,-0.0006296356680171373,0.5429223744292238,0.5242009132420091,0.0091324200913242,0.5374429223744293,0.017351598173515982,0.5324200913242009,0.034703196347031964,0.5242009132420091,0.05114155251141553,0.5127853881278539,0.0867579908675799,0.4917808219178082,0.8936575696010516,0.8424985572571206,0.686257341766177,0.7569918556512708,0.9988588035012655,0.9999999999999998
ETH/USDT,4h,7d,wf_2024,validation,20.0,7 days 00:00:00,2025-01-07T20:00:00+00:00,2196,2196,0.01274477297709086,0.006724499876799239,0.09341360603908293,-0.3213125925925926,0.4058777171306933,-0.20696072384394984,-0.12301425256303239,-0.05022290648230132,0.006724499876799239,0.07216105155587821,0.1589254998717367,0.28923820972897535,0.008431369267189851,0.006701984654157635,0.0920544397185771,-0.38759462943393236,0.3406618174373934,-0.23188795998195172,-0.13126454849997832,-0.05152796136662814,0.006701984654157635,0.06967628596609403,0.1474932439506438,0.25405150611899335,0.07372634588236156,0.05712549820326185,0.06635730336620152,0.0,0.4293721973094169,0.0008363887484945876,0.0037639091470861308,0.024354308888317244,0.05712549820326185,0.10222409070602217,0.19409042002922122,0.32183078467509757,-0.06816699169507613,-0.05138121523768824,0.06277754406528534,-0.3745185185185185,0.0,-0.3334139526774032,-0.19046248381447559,-0.09780581955898507,-0.05138121523768824,-0.0220537574975615,-0.004724179951356877,-0.000995864916005949,0.5255009107468124,0.51775956284153,0.00273224043715847,0.5245901639344263,0.007741347905282332,0.5227686703096539,0.018670309653916212,0.51775956284153,0.03051001821493625,0.5127504553734062,0.04599271402550091,0.505464480874317,0.8641094272761622,0.8539644383167728,0.7552004987621437,0.7995752792359925,0.996889531298856,1.0
ETH/USDT,4h,7d,final_holdout,holdout,20.0,7 days 00:00:00,2026-09-29T16:00:00+00:00,3779,3737,0.0008847562704409204,0.0006231734571084946,0.0955831338188875,-0.35278237363556175,0.5077067890340041,-0.21926151158153506,-0.14212064861451118,-0.05103893314013486,0.0006231734571084946,0.041764552336204686,0.16646083197210823,0.30532200037284724,-0.0035665942433768844,0.0006229793651607862,0.09402348572226944,-0.4350726788058135,0.4105898137003407,-0.2475151235174281,-0.15329180552199778,-0.05238750665121999,0.0006229793651607862,0.040915960348084944,0.1539740206034905,0.26644973695765994,0.07248642975365824,0.05453323250147046,0.06998882018769634,-2.9948369011378873e-06,0.5343541817244606,0.0009279938022460232,0.004612085950753287,0.025804168241889913,0.05453323250147046,0.09710295495188626,0.19721189329812386,0.35396499039879137,-0.07349946632100803,-0.04914464188533707,0.06968155610545915,-0.38004061079570306,6.166786919115097e-06,-0.3208691435502402,-0.23269642223011555,-0.10142261629061067,-0.04914464188533707,-0.023982121544660173,-0.004974733146511357,-0.000991105676040887,0.504950495049505,0.48916242975648916,0.006422263848006422,0.5012041744715012,0.014985282312014986,0.49745785389349745,0.03023815895103024,0.48916242975648916,0.04281509232004282,0.4822049772544822,0.0644902328070645,0.4706984211934707,0.8308596475738298,0.7781582288510331,0.7367878267614651,0.8035324236413832,0.9955682685615465,1.0
ETH/USDT,4h,14d,wf_2022,validation,20.0,14 days 00:00:00,2023-01-14T20:00:00+00:00,2190,2190,-0.021424558023087077,-0.03733021518525442,0.16886446683824818,-0.48368660682550346,0.5181407049118167,-0.4023009849173672,-0.2730352667014784,-0.1221882330644593,-0.03733021518525442,0.08253213974848572,0.2706461609578044,0.3864924186627928,-0.036883756262792576,-0.03804482915123765,0.176198176944831,-0.6610413467502514,0.41748636566064595,-0.5146687076141807,-0.31887739200696785,-0.13032309886200005,-0.03804482915123765,0.07930287016374588,0.2395255581252248,0.3267770112229769,0.11289126333166195,0.07374948306866502,0.10694537587864038,0.0,0.6025149723661154,0.001167666537538996,0.0069603069046153985,0.035936795966167556,0.07374948306866502,0.16737827919486786,0.33027422870930184,0.4752037273833301,-0.1441384496294799,-0.11445969067319817,0.11552497953266568,-0.5383414940692833,-0.00019235356123381564,-0.5077218789804719,-0.36252483398737667,-0.19887733146924141,-0.11445969067319817,-0.05439969821221938,-0.009756385281375577,-0.002671490761788523,0.4,0.3958904109589041,0.0018264840182648401,0.39817351598173517,0.0036529680365296802,0.39817351598173517,0.0091324200913242,0.3958904109589041,0.013242009132420091,0.39315068493150684,0.019634703196347032,0.3908675799086758,0.80905726373454,0.74454546288245,0.8089151649780791,0.8341190501374091,0.9921451862280085,0.9999999999999998
ETH/USDT,4h,14d,wf_2023,validation,20.0,14 days 00:00:00,2024-01-14T20:00:00+00:00,2190,2190,0.02633970288362697,0.01163558848747337,0.08134069623673593,-0.15953940379864406,0.3143798700785534,-0.11595597855945772,-0.09000444308146689,-0.024528324724517214,0.01163558848747337,0.07062921001613831,0.16364775967432896,0.2863426172417693,0.022961345461311376,0.011568415589341893,0.077353096101577,-0.17380520861095056,0.2733649727107994,-0.12324841962278446,-0.09431558274004345,-0.024834155449721798,0.011568415589341893,0.06824651869182391,0.15155967966696066,0.25180300184406884,0.08506169929555667,0.06712048690785055,0.0697810232950431,0.0,0.341297125523617,0.0011651016127730473,0.006037199899363799,0.03048608474463882,0.06712048690785055,0.1212133937547149,0.20177993554984536,0.32071513553365133,-0.05619592183796335,-0.045701307746212116,0.042905183451619235,-0.17825272336387976,-4.960727573377621e-05,-0.16439773215993247,-0.15033233709601718,-0.0777076867270117,-0.045701307746212116,-0.022925758567161586,-0.0047568637797048815,-0.0009414341801243221,0.5771689497716895,0.5639269406392694,0.005479452054794521,0.5757990867579909,0.011872146118721462,0.5712328767123288,0.023744292237442923,0.5639269406392694,0.03561643835616438,0.5584474885844749,0.06347031963470319,0.5401826484018265,0.8979737031518207,0.8379485303070497,0.5893874555200348,0.6512281110269519,0.9984650635090495,0.9999999999999998
ETH/USDT,4h,14d,wf_2024,validation,20.0,14 days 00:00:00,2025-01-14T20:00:00+00:00,2196,2196,0.02210591506146433,-0.007630376584036869,0.13176827527068743,-0.3456093888826989,0.3562935998228325,-0.23312786338671232,-0.15812102732475114,-0.0742459588091019,-0.007630376584036869,0.11083723520544986,0.261785638103012,0.3196331482770772,0.013679524010661966,-0.007659646901480248,0.12763174730262924,-0.4240508411111611,0.3047556851247255,-0.2654360557011167,-0.17211907884877295,-0.07714669399823437,-0.007659646901480248,0.10511399626837287,0.23252788025855956,0.27735377998883365,0.11099279921886136,0.08049212465496525,0.09702640267797497,0.0,0.4354456031790377,0.0014922512816696876,0.005410920141289466,0.03321849991610226,0.08049212465496525,0.1617995152694537,0.30691541789090854,0.37713320243105153,-0.09553665484401012,-0.08040652775845947,0.07871423799224628,-0.399828847449628,0.0,-0.36696106161931,-0.22770089090863319,-0.1312901566379492,-0.08040652775845947,-0.03439996406734672,-0.007003182020429294,-0.0014344292529156906,0.47996357012750457,0.47358834244080145,0.0036429872495446266,0.4781420765027322,0.006830601092896175,0.4763205828779599,0.011384335154826957,0.47358834244080145,0.015482695810564663,0.47176684881602915,0.025500910746812388,0.46766848816029144,0.8958622745667058,0.8545609882016997,0.7937248489762917,0.8743909058387273,0.9970769558179354,1.0
ETH/USDT,4h,14d,final_holdout,holdout,20.0,14 days 00:00:00,2026-10-06T16:00:00+00:00,3779,3695,0.002897207923827404,-0.0033187186546685954,0.14001463935042993,-0.3812997639440646,0.5038104672410322,-0.2999327222744532,-0.20505871752182434,-0.08765781550674767,-0.0033187186546685954,0.06537231237134,0.2893731261383888,0.41664309100376384,-0.006616248270136343,-0.003324237815834836,0.1375267706356451,-0.48013439490989357,0.40800219846491725,-0.35657913434917277,-0.22948706039838396,-0.09174015706584195,-0.003324237815834836,0.06332432606303694,0.25415614824545224,0.3482899871325933,0.10517816998723466,0.08143855200838601,0.1020183117613564,-2.9948369011378873e-06,0.5517866654578012,0.0009792041440038269,0.006528923930755393,0.03682306493388321,0.08143855200838601,0.13558914130721877,0.3440967112803176,0.49895980605192203,-0.10576816901171676,-0.07805831478744785,0.09382036621329935,-0.42501283012909086,4.2716057822023146e-06,-0.38438852601636814,-0.29910812322071184,-0.15320176585361633,-0.07805831478744785,-0.03283489161334402,-0.006721924703594765,-0.001436746074998603,0.48660351826792964,0.47848443843031124,0.004600811907983762,0.48362652232746955,0.008660351826792964,0.4814614343707713,0.016238159675236806,0.47848443843031124,0.02462787550744249,0.47388362652232746,0.041407307171853855,0.46576454668470907,0.8535531206222532,0.7845885486611824,0.7716109497173316,0.8408645360251024,0.9937802479290528,1.0
ETH/USDT,4h,21d,wf_2022,validation,20.0,21 days 00:00:00,2023-01-21T20:00:00+00:00,2190,2190,-0.026907612336770373,-0.04306116415055822,0.20771104697168044,-0.48975780012935166,0.5720568465527174,-0.42293971244455064,-0.3571145816907328,-0.15742334267565375,-0.04306116415055822,0.09607073789477566,0.3550616478880715,0.4869739730937052,-0.050238335628652715,-0.04401580434772141,0.21569888789052655,-0.6728697642867386,0.4523848552823975,-0.5498085401269364,-0.4417887784426894,-0.1712906365704023,-0.04401580434772141,0.09173172826299564,0.3038467895330463,0.396743162133412,0.1424783872350611,0.09036327083477169,0.13601193767111155,0.0,0.7184906314390804,0.001313042735360488,0.007980011905696128,0.04180237902033518,0.09036327083477169,0.207331100066328,0.4170834691818702,0.5810225816073306,-0.17648859027246458,-0.14155787292490657,0.13083499569829746,-0.5589509600856523,-0.0009342985043098162,-0.5230626586427667,-0.433485365750758,-0.26139759539258156,-0.14155787292490657,-0.07984557658826696,-0.016816723532281922,-0.004354772815906743,0.38493150684931504,0.3817351598173516,0.0013698630136986301,0.3835616438356164,0.0031963470319634705,0.38310502283105025,0.008675799086757991,0.3817351598173516,0.011872146118721462,0.38082191780821917,0.021461187214611873,0.3767123287671233,0.8263625446571979,0.7555744767041289,0.8009755962839915,0.8322379194874114,0.9904331298864758,0.9999999999999998
ETH/USDT,4h,21d,wf_2023,validation,20.0,21 days 00:00:00,2024-01-21T20:00:00+00:00,2190,2190,0.036574297282889974,0.018585404063317434,0.09423861689498039,-0.1690073220501741,0.36655776606144674,-0.12244662608009056,-0.10055383868448209,-0.02683977778671323,0.018585404063317434,0.09098350870513405,0.21158131713704542,0.30195464664476607,0.031921044572555304,0.018414800360257475,0.08880015016021899,-0.18513429529688388,0.31229499849759096,-0.13061750204540115,-0.10597608811624679,-0.027206542227650836,0.018414800360257475,0.087079589658232,0.19192629285958965,0.2638666228727891,0.1059540678968181,0.08816056747551293,0.07964346809886869,0.0,0.4063682958694852,0.0012401587944774618,0.0073870314171521675,0.04619218796877089,0.08816056747551293,0.1546164640232049,0.25057135525196683,0.34453230434043586,-0.06580379209186829,-0.05659043469964864,0.04782070754018023,-0.2015322942985347,-4.960727573377621e-05,-0.1824835261198408,-0.16211483296693777,-0.09207395341748101,-0.05659043469964864,-0.029307060114742434,-0.005104543516084311,-0.0012207209927651346,0.5904109589041096,0.5789954337899543,0.00410958904109589,0.5894977168949772,0.01141552511415525,0.5853881278538813,0.023287671232876714,0.5789954337899543,0.03424657534246575,0.5735159817351598,0.05662100456621005,0.563013698630137,0.9130129731051732,0.8769953144994084,0.5798722072949399,0.5965359208352349,0.9981559577708202,0.9999999999999998
ETH/USDT,4h,21d,wf_2024,validation,20.0,21 days 00:00:00,2025-01-21T20:00:00+00:00,2196,2196,0.0315633501015688,-0.007553253408595306,0.1625059587809138,-0.3141348871748191,0.44883931884715267,-0.264982432933303,-0.17787410940853732,-0.0835967461847294,-0.007553253408595306,0.15662082600182042,0.35066582122833745,0.4029061976820491,0.019121326711361724,-0.007581925948575166,0.15341431183625778,-0.3770742991248983,0.37076276612490966,-0.3078634976589976,-0.1958629905844523,-0.08729877796037477,-0.007581925948575166,0.14550267231748554,0.30059755708731034,0.3385459189785841,0.1411462584617805,0.10303750402271816,0.12367054139131468,2.4783086038926427e-06,0.47887799650572704,0.0018684172885455096,0.007629007286595824,0.03979817547008091,0.10303750402271816,0.21376454968925485,0.39186342757593406,0.43870964496025017,-0.1145418016185904,-0.10526427213242018,0.08881440515782045,-0.4029842304124528,0.0,-0.39320911165980516,-0.32314845522990643,-0.1631604911125032,-0.10526427213242018,-0.03953933492884984,-0.007636645550282373,-0.0018923784225860136,0.4690346083788707,0.4622040072859745,0.002276867030965392,0.4681238615664845,0.00546448087431694,0.4672131147540984,0.014116575591985429,0.4622040072859745,0.02413479052823315,0.45673952641165755,0.038706739526411654,0.4512750455373406,0.9171536082508369,0.8478760078651668,0.7798798912492014,0.8498004307368988,0.9963031492931483,1.0
ETH/USDT,4h,21d,final_holdout,holdout,20.0,21 days 00:00:00,2026-10-13T16:00:00+00:00,3779,3653,0.005706515915944059,-0.011974450320940577,0.18211873537448203,-0.44953279757976794,0.6092062926835473,-0.34960725896534195,-0.267415021491722,-0.11377645782591916,-0.011974450320940577,0.08774136971516255,0.38990211130193936,0.5071138420991914,-0.010146981109259446,-0.012046721569585249,0.17721715544192848,-0.5969879023958068,0.4757410715280249,-0.4301792200565102,-0.3111759332054582,-0.12078605526370816,-0.012046721569585249,0.08410340851699832,0.3292333164150883,0.41019644449314163,0.13318231728900676,0.09641996590443735,0.13170804846435918,-2.9948369011378873e-06,0.6674080193175318,0.001231734135980247,0.0075839278890542875,0.04394397050219734,0.09641996590443735,0.16280441016114056,0.4879434097773565,0.5573363622440958,-0.13165679718921847,-0.10135754827991972,0.10973699442718021,-0.4777323580034424,4.2716057822023146e-06,-0.4191319435294792,-0.35366928306176093,-0.20816044260027666,-0.10135754827991972,-0.039478807070366106,-0.008021251917702915,-0.0017176000798265444,0.4492198193265809,0.44374486723241174,0.0035587188612099642,0.4478510813030386,0.008486175745962223,0.44675609088420476,0.014782370654256775,0.44374486723241174,0.021626060771968245,0.4418286339994525,0.036955926635641935,0.43443744867232414,0.8884887454682725,0.8086103643206027,0.7870665737819051,0.8672029767688435,0.9914602454270552,1.0
ETH/USDT,4h,28d,wf_2022,validation,20.0,28 days 00:00:00,2023-01-28T20:00:00+00:00,2190,2190,-0.028129507012651614,-0.0523529580043125,0.23820864818328308,-0.538129605329565,0.7605038519518714,-0.45136665864666264,-0.38278633540401674,-0.18869659387235768,-0.0523529580043125,0.11534373314342672,0.40135165863660893,0.6251234614222027,-0.058307195010218575,-0.05377317818982186,0.24491675712925412,-0.7724709582729589,0.565600047598007,-0.6003249275474487,-0.48254022568565635,-0.20911318169472462,-0.05377317818982186,0.10916263099557873,0.3374372412369606,0.4855834319814986,0.16938367158531428,0.11184432766381347,0.15904570050719916,0.0,0.7740157407493042,0.0017451428144067038,0.00848391381978727,0.04540699468433995,0.11184432766381347,0.2713936353916237,0.4847693536643823,0.6928023532867774,-0.20023761291301412,-0.16971047149084229,0.14077716898108006,-0.5739115304307478,-0.0014771209569711674,-0.5526611768448664,-0.5006436230817908,-0.2891716636711034,-0.16971047149084229,-0.09538536699957786,-0.020940069122582457,-0.004659083633442692,0.4041095890410959,0.39908675799086757,0.0009132420091324201,0.4031963470319635,0.00228310502283105,0.40228310502283104,0.008675799086757991,0.39908675799086757,0.013242009132420091,0.3954337899543379,0.02054794520547945,0.391324200913242,0.8582678150553733,0.8000906885435953,0.8071865982296167,0.8575780230212741,0.9876357812681018,0.9999999999999998
ETH/USDT,4h,28d,wf_2023,validation,20.0,28 days 00:00:00,2024-01-28T20:00:00+00:00,2190,2190,0.04458907307946439,0.02529312922237581,0.10657091610865502,-0.16579536967886488,0.37807160028588127,-0.13568459308202027,-0.11317197442995933,-0.032370940950556315,0.02529312922237581,0.11184561452401615,0.25465593563023353,0.33127464121927636,0.03857891483464736,0.024978551233733125,0.09976105078038368,-0.18127654662197187,0.3206851308104695,-0.14581755381350744,-0.12010421540494182,-0.03290646982590127,0.024978551233733125,0.10602134984062582,0.2268613755085041,0.2861368601219502,0.123589232845657,0.10143832570956601,0.08990550604626941,0.0,0.4063682958694852,0.0013256625246127474,0.007868171392006984,0.05802153918451769,0.10143832570956601,0.18005825724639185,0.3307201594592407,0.3803222859982633,-0.07355427277313446,-0.06588203696912487,0.05027943681744006,-0.20633475239829713,-4.960727573377621e-05,-0.18796414992264548,-0.16961870289252737,-0.10511438646421728,-0.06588203696912487,-0.03513158685888737,-0.005411151203194119,-0.0012207209927651346,0.597716894977169,0.5876712328767123,0.005936073059360731,0.5954337899543379,0.010502283105022832,0.5922374429223745,0.01780821917808219,0.5876712328767123,0.029223744292237442,0.5817351598173516,0.04657534246575343,0.5730593607305936,0.9088785124167813,0.8703712284106395,0.5910763039614569,0.5917389331016111,0.9979426768804034,0.9999999999999998
ETH/USDT,4h,28d,wf_2024,validation,20.0,28 days 00:00:00,2025-01-28T20:00:00+00:00,2196,2196,0.04251283782390024,-0.007809434196666076,0.19047511127631367,-0.2654046721929164,0.6428020968301957,-0.25002751807421336,-0.19465864442835068,-0.09700849185570301,-0.007809434196666076,0.16681164209223692,0.4384094658548277,0.5653022506639193,0.026066709970145853,-0.007840087667349501,0.173750056888205,-0.30843550580317847,0.4964033794752711,-0.28771878108224663,-0.21648907419240926,-0.10204214666527922,-0.007840087667349501,0.15427493675699172,0.3635372778254771,0.4480786083304129,0.16826343845791225,0.12015505237666546,0.15011132939256755,2.4783086038926427e-06,0.6511563899968666,0.0027541428511299705,0.00987460916130073,0.048324671829494015,0.12015505237666546,0.2704213745869828,0.4779660078669066,0.603619460830381,-0.12881764903827378,-0.12323518486937479,0.0929838311688696,-0.4029842304124528,0.0,-0.39320911165980516,-0.3337073535902433,-0.18449070448451058,-0.12323518486937479,-0.04745356862616748,-0.008334267075898016,-0.002279689981438429,0.4790528233151184,0.4731329690346084,0.004098360655737705,0.476775956284153,0.006830601092896175,0.47586520947176686,0.011839708561020037,0.4731329690346084,0.019581056466302368,0.4690346083788707,0.0273224043715847,0.465391621129326,0.9264065651682875,0.8495953823077359,0.7729979432503766,0.8675540644857517,0.9950103127397053,1.0
ETH/USDT,4h,28d,final_holdout,holdout,20.0,28 days 00:00:00,2026-10-20T16:00:00+00:00,3779,3611,0.00950171591460177,-0.0064603497301714,0.21998236897535636,-0.4233205113261064,0.740784676147519,-0.37647315342768023,-0.3031128817449797,-0.1553900553552222,-0.0064603497301714,0.10655441228604579,0.44989800825672577,0.5800752180071855,-0.01350189286581518,-0.006481308103869131,0.213431733578798,-0.5504686457109961,0.5543359748762192,-0.4723636086225817,-0.36113183564232054,-0.16888036311094057,-0.006481308103869131,0.10125103885619449,0.3714932066189348,0.4574723653438154,0.15913068004790154,0.10723513911943261,0.1593126157092629,-2.9948369011378873e-06,0.75134857906932,0.0012799962880244875,0.008268786182199728,0.0498610932458623,0.10723513911943261,0.1986034490904388,0.5371505686187319,0.7037074416675345,-0.15355250079652422,-0.11994416808345398,0.12309961787752266,-0.4809676250660744,4.2716057822023146e-06,-0.45477838459554415,-0.3667090465285887,-0.24952445035741094,-0.11994416808345398,-0.043127628330420165,-0.008522068857845955,-0.001716599373523375,0.48186098033785657,0.4771531431736361,0.002215452783162559,0.4813071171420659,0.006369426751592357,0.48047632234837995,0.011631127111603435,0.4771531431736361,0.015785101080033233,0.47493769039047357,0.024923843810578786,0.4705067848241484,0.9052949316234927,0.8615290845363314,0.8063914441785618,0.8703640319484055,0.9905561675456376,0.9999999999999998
