start_idx,start_ts,rule_sharpe,ml_sharpe,delta_sharpe,gated_sharpe,delta_gated_sharpe,rule_total_return_pct,ml_total_return_pct,delta_total_return_pct,gated_total_return_pct,delta_gated_total_return_pct,rule_max_drawdown_pct,ml_max_drawdown_pct,delta_max_drawdown_pct,gated_max_drawdown_pct,delta_gated_max_drawdown_pct,rule_final_capital_usdt,ml_final_capital_usdt,delta_final_capital_usdt,gated_final_capital_usdt,delta_gated_final_capital_usdt,start_regime
4565,2020-05-28 21:00:00,1.27192815536071,1.27192815536071,0.0,1.27192815536071,0.0,109.42365207867302,109.42365207867302,0.0,109.42365207867302,0.0,-80.92860580676056,-80.92860580676056,0.0,-80.92860580676056,0.0,1047.118260393365,1047.118260393365,0.0,1047.118260393365,0.0,sideways
39589,2024-05-28 04:00:00,-0.5188159241174115,-1.0389488365747166,-0.5201329124573051,-1.3342076370488476,-0.8153917129314361,-51.69559044924067,-40.27969473226578,11.415895716974887,-61.49578984493866,-9.800199395697994,-64.88646065282593,-51.46479730890623,13.421663343919704,-68.55918529366622,-3.6727246408402863,241.52204775379664,298.6015263386711,57.07947858487444,192.52105077530672,-49.00099697848992,sideways
33482,2023-09-16 17:00:00,0.49878674810365065,-0.25291885259053326,-0.7517056006941839,0.21264577678218174,-0.2861409713214689,7.144247202734566,-15.012218213245088,-22.156465415979653,-6.646427172708725,-13.790674375443292,-39.20325414025459,-32.26818048130288,6.9350736589517155,-43.053319200449295,-3.8500650601947015,535.7212360136729,424.93890893377454,-110.78232707989832,466.76786413645635,-68.95337187721651,sideways
22449,2022-06-13 23:00:00,0.8834814145008919,1.553402359749463,0.6699209452485712,1.065215766450097,0.18173435194920506,47.510884176957234,108.5833453067361,61.07246112977887,63.733777175132865,16.22289299817563,-62.58009353127871,-31.79279925388192,30.787294277396793,-50.30610060039105,12.273992930887665,737.5544208847862,1042.9167265336805,305.36230564889433,818.6688858756644,81.11446499087822,crash
22149,2022-06-01 11:00:00,1.5350335302014602,2.2805188086465162,0.7454852784450561,1.8990197919792888,0.36398626177782867,182.48002987766276,236.25253901361054,53.772509135947786,197.87914995140156,15.3991200737388,-61.0285981498515,-31.041311955724293,29.987286194127204,-50.30610060039111,10.722497549460385,1412.4001493883138,1681.2626950680526,268.8625456797388,1489.395749757008,76.99560036869411,crash
43919,2024-11-24 14:00:00,0.19204940807672902,-1.0400221383564827,-1.2320715464332117,-1.091450964135139,-1.283500372211868,-14.37891971443721,-38.81980243204496,-24.44088271760775,-55.026825194273,-40.64790547983579,-61.27155924350811,-49.55512449149126,11.716434752016845,-67.74204960359492,-6.4704903600868136,428.10540142781394,305.9009878397752,-122.20441358803873,224.86587402863498,-203.23952739917897,sideways
4396,2020-05-21 20:00:00,1.2185868170987268,1.2185868170987268,0.0,1.2185868170987268,0.0,94.61456588512385,94.61456588512385,0.0,94.61456588512385,0.0,-80.92860580676056,-80.92860580676056,0.0,-80.92860580676056,0.0,973.0728294256193,973.0728294256193,0.0,973.0728294256193,0.0,sideways
35671,2023-12-16 22:00:00,0.5050384478538917,-0.6629722653667101,-1.168010713220602,0.2483463303434024,-0.25669211751048937,7.103862441982645,-30.658630298510147,-37.76249274049279,-5.883230750889712,-12.987093192872358,-43.82162822902952,-38.37014040903156,5.451487819997958,-46.61978616679426,-2.798157937764742,535.5193122099132,346.70684850744925,-188.81246370246396,470.58384624555146,-64.93546596436175,sideways
10305,2021-01-23 10:00:00,1.5438881905135209,1.8332538872275062,0.28936569671398527,1.6568117734366856,0.11292358292316473,230.50519710812569,399.6746707884363,169.1694736803106,288.6052449354139,58.10004782728822,-59.732004867985026,-55.6786223067361,4.053382561248924,-55.6786223067361,4.053382561248924,1652.5259855406284,2498.3733539421814,845.847368401553,1943.0262246770694,290.500239136441,crash
4817,2020-06-08 09:00:00,1.2819182865047096,1.2819182865047096,0.0,1.2819182865047096,0.0,110.44473565233895,110.44473565233895,0.0,110.44473565233895,0.0,-80.92860580676053,-80.92860580676053,0.0,-80.92860580676053,0.0,1052.2236782616947,1052.2236782616947,0.0,1052.2236782616947,0.0,sideways
26930,2022-12-17 16:00:00,-0.14099917923560765,1.0342344268306771,1.1752336060662847,-0.12062889347769683,0.02037028575791082,-36.83983548778098,42.57550124272811,79.4153367305091,-24.12582937844725,12.71400610933373,-74.43600390285535,-35.46559702796128,38.97040687489407,-72.8431418504095,1.5928620524458523,315.8008225610951,712.8775062136406,397.07668365254546,379.37085310776376,63.57003054666865,sideways
49905,2025-08-01 00:00:00,0.5451396204652872,-0.5302941186987796,-1.0754337391640667,-0.10144163505669457,-0.6465812555219818,15.898076885790813,-18.905314570035603,-34.803391455826414,-15.867260067784915,-31.765336953575726,-41.70526080479543,-33.41826676984021,8.286994034955221,-42.69285847505555,-0.9875976702601221,579.490384428954,405.473427149822,-174.01695727913204,420.66369966107544,-158.8266847678786,sideways
37635,2024-03-07 18:00:00,-0.3255824479641329,-0.9159110799454899,-0.590328631981357,-0.7652195018061029,-0.43963705384197,-47.68710128531446,-38.40159017473053,9.285511110583933,-48.85347932825841,-1.166378042943947,-64.88646065282595,-43.417121579371866,21.46933907345408,-54.89660517529267,9.989855477533276,261.5644935734277,307.99204912634735,46.42755555291967,255.73260335870796,-5.831890214719721,sideways
38933,2024-04-30 20:00:00,-0.0467484779362769,-0.553819132378829,-0.5070706544425521,-0.5448730725738957,-0.4981245946376188,-30.546373959686633,-27.091995933436575,3.4543780262500583,-38.68175595126151,-8.135381991574874,-64.88646065282589,-43.41712157937177,21.469339073454115,-55.03857080161823,9.847889851207661,347.2681302015668,364.5400203328171,17.271890131250302,306.5912202436925,-40.67690995787433,crash
36700,2024-01-28 19:00:00,0.3243537866269535,-0.6793345748338128,-1.0036883614607663,-0.24485597459853112,-0.5692097612254846,-8.38867803885418,-30.57720158652063,-22.18852354766645,-32.03627497619019,-23.64759693733601,-59.59571042239378,-43.92925485666288,15.6664555657309,-57.57293807833164,2.0227723440621403,458.0566098057291,347.11399206739685,-110.94261773833227,339.81862511904905,-118.23798468668008,sideways
40208,2024-06-22 23:00:00,-0.3050773423604966,-0.9900950219170915,-0.685017679556595,-1.1707561495451968,-0.8656788071847001,-43.42990441792295,-39.29405085352199,4.135853564400961,-58.00940948254267,-14.579505064619724,-66.7968050274182,-54.071703471885414,12.725101555532788,-69.2495177983129,-2.452712770894692,282.8504779103853,303.52974573239004,20.67926782200476,209.95295258728663,-72.89752532309865,sideways
26252,2022-11-19 10:00:00,-0.1694097666902632,0.806721945947641,0.9761317126379042,-0.2780325326684932,-0.10862276597823001,-38.46924786094685,29.776982074955114,68.24622993590197,-30.838912376766046,7.630335484180804,-72.47850873412462,-35.46559702796128,37.01291170616334,-70.11975497253286,2.358753761591757,307.65376069526576,648.8849103747756,341.2311496795098,345.80543811616974,38.15167742090398,crash
6553,2020-08-19 20:00:00,1.1926689356259077,1.1926689356259077,0.0,1.1926689356259077,0.0,75.31568874814842,75.31568874814842,0.0,75.31568874814842,0.0,-80.92860580676054,-80.92860580676054,0.0,-80.92860580676054,0.0,876.5784437407422,876.5784437407422,0.0,876.5784437407422,0.0,sideways
42954,2024-10-15 09:00:00,0.6081931005956478,-0.6590192099356672,-1.2672123105313151,-0.4554111189278606,-1.0636042195235085,17.49122321972356,-31.7440005619427,-49.235223781666264,-38.22345153192182,-55.714674751645376,-66.79680502741817,-54.16576436101816,12.631040666400011,-69.57035591127648,-2.773550883858306,587.4561160986178,341.2799971902865,-246.17611890833132,308.8827423403909,-278.5733737582269,sideways
23038,2022-07-08 12:00:00,0.8075020225270071,1.6013013908971083,0.7937993683701012,0.9571993549936031,0.149697332466596,36.294757482435315,115.18472860230324,78.88997111986792,52.74476867082563,16.450011188390313,-62.580093531278735,-31.7927992538819,30.787294277396835,-51.46882091564129,11.111272615637446,681.4737874121765,1075.923643011516,394.44985559933957,763.7238433541281,82.25005594195159,crash
25594,2022-10-23 00:00:00,0.29724956633851696,1.558592607943619,1.2613430416051021,0.5594817938968524,0.2622322275583354,-17.35624235957969,107.15472960240722,124.51097196198691,16.324422682838204,33.68066504241789,-71.42744665120573,-35.4655970279611,35.961849623244625,-66.4251032850712,5.002343366134525,413.21878820210156,1035.7736480120361,622.5548598099346,581.6221134141911,168.4033252120895,sideways
18967,2022-01-19 21:00:00,2.1536689199093173,2.6423520779501,0.48868315804078266,2.808980585007408,0.6553116650980906,446.7615839351366,371.2436019625708,-75.51798197256585,476.661405451604,29.899821516467398,-44.78454683946783,-39.47157860607117,5.31296823339666,-39.40904866690633,5.3754981725615,2733.8079196756835,2356.218009812854,-377.5899098628297,2883.3070272580203,149.49910758233682,crash
9337,2020-12-13 21:00:00,1.627785280845358,1.7732245915267995,0.14543931068144156,1.6211591862247616,-0.006626094620596268,278.048277249516,381.03541321704864,102.98713596753265,274.22659792193286,-3.8216793275831265,-80.92860580676053,-80.92860580676053,0.0,-80.92860580676053,0.0,1890.24138624758,2405.177066085243,514.935679837663,1871.1329896096645,-19.108396637915575,sideways
47405,2025-04-18 20:00:00,0.8140482034148588,-0.3082630663564566,-1.1223112697713153,0.0009816885454054342,-0.8130665148694534,37.79353750817636,-15.326024521668824,-53.119562029845184,-13.640376940635623,-51.433914448811976,-38.9561030715782,-28.544088964217597,10.412014107360601,-40.661541449605245,-1.705438378027047,688.9676875408818,423.3698773916559,-265.5978101492259,431.7981152968219,-257.1695722440599,sideways
39978,2024-06-13 09:00:00,-0.4274856739579067,-0.9889474728005441,-0.5614617988426374,-1.241309803597048,-0.8138241296391413,-48.68644895807661,-39.65081789540823,9.03563106266838,-59.99749868025914,-11.311049722182531,-66.79680502741823,-54.071703471885414,12.725101555532817,-69.2495177983129,-2.4527127708946637,256.56775520961696,301.74591052295887,45.178155313341904,200.01250659870428,-56.555248610912685,sideways
32934,2023-08-24 21:00:00,0.2918566711489198,-0.3544674333236684,-0.6463241044725883,-0.04519747469212232,-0.3370541458410421,-9.586388173975834,-17.8882669114955,-8.301878737519665,-20.640279516824165,-11.053891342848331,-39.20325414025457,-32.268180481302835,6.935073658951737,-43.053319200449415,-3.8500650601948436,452.06805913012084,410.5586654425225,-41.50939368759833,396.79860241587915,-55.2694567142417,sideways
20584,2022-03-28 06:00:00,1.7215638601591279,2.6797717365846343,0.9582078764255064,2.3938846900766357,0.6723208299175079,246.3317523459506,349.01947163020407,102.68771928425346,320.00368972389646,73.67193737794585,-50.69675188564873,-26.082010691436686,24.614741194212044,-45.89043443830461,4.806317447344121,1731.658761729753,2245.09735815102,513.4385964212672,2100.0184486194826,368.3596868897296,strong_trend
42085,2024-09-09 04:00:00,0.17401237105752204,-0.906630539239397,-1.080642910296919,-0.9304428334667761,-1.1044552045242981,-18.477220974013562,-39.142649096778605,-20.665428122765043,-54.72154829563862,-36.24432732162506,-66.79680502741812,-54.16576436101843,12.631040666399684,-69.57035591127654,-2.7735508838584195,407.6138951299322,304.286754516107,-103.32714061382518,226.39225852180687,-181.22163660812532,sideways
27899,2023-01-27 01:00:00,-0.9178616423393241,-0.7029547515132343,0.21490689082608982,-1.1534001941169474,-0.23553855177762328,-66.21409625449408,-26.29076805347621,39.92332820101787,-56.61774785187872,9.596348402615362,-68.42403967729199,-28.89653998690964,39.52749969038234,-64.73302265747215,3.6910170198198387,168.9295187275296,368.54615973261895,199.61664100508935,216.91126074060637,47.98174201307677,sideways
22681,2022-06-23 15:00:00,1.0799884927438441,1.7767376714957723,0.6967491787519282,1.3397365788474627,0.25974808610361855,78.51209896112444,138.6098683948612,60.09776943373676,97.86784195634274,19.355742995218307,-62.58009353127867,-31.792799253881977,30.787294277396693,-50.306100600391005,12.273992930887665,892.5604948056222,1193.0493419743061,300.48884716868395,989.3392097817137,96.77871497609158,crash
23041,2022-07-08 15:00:00,0.778000684551025,1.5861255460362258,0.8081248614852008,0.9548316627562221,0.1768309782051971,32.36524230637949,113.28108764301712,80.91584533663763,52.496811882996376,20.131569576616883,-62.58009353127871,-31.7927992538819,30.787294277396814,-51.46882091564136,11.111272615637354,661.8262115318975,1066.4054382150855,404.57922668318804,762.4840594149819,100.6578478830844,crash
11623,2021-03-19 10:00:00,1.0311013604757102,1.394966608263216,0.36386524778750573,1.2011022088120036,0.17000084833629336,60.73197565987398,163.13972580260895,102.40775014273497,104.85952650586698,44.127550845993,-67.86283304393528,-55.67862230673606,12.184210737199223,-59.295522569020335,8.567310474914947,803.6598782993699,1315.6986290130449,512.038750713675,1024.297632529335,220.63775422996514,sideways
4712,2020-06-04 00:00:00,1.303730224489934,1.303730224489934,0.0,1.303730224489934,0.0,119.71436727269698,119.71436727269698,0.0,119.71436727269698,0.0,-80.92860580676054,-80.92860580676054,0.0,-80.92860580676054,0.0,1098.5718363634849,1098.5718363634849,0.0,1098.5718363634849,0.0,sideways
28368,2023-02-15 14:00:00,-0.19446626575360842,-0.1659666488248741,0.028499616928734317,-0.3413816562639357,-0.14691539051032726,-39.295779968181876,-10.873937763199626,28.421842204982248,-30.298832147883324,8.996947820298551,-66.67902688901147,-27.4528027638552,39.226224125156264,-59.913271117462095,6.765755771549372,303.5211001590906,445.63031118400187,142.10921102491125,348.5058392605834,44.98473910149278,sideways
45417,2025-01-26 00:00:00,0.9829060522869335,-0.11373917121266974,-1.0966452234996034,-0.019229311702701892,-1.0021353639896353,56.34892253239554,-10.745543445592276,-67.09446597798782,-14.714521067956621,-71.06344360035216,-42.997518824690985,-33.2744012249371,9.723117599753884,-46.05589506227703,-3.058376237586046,781.7446126619777,446.27228277203864,-335.4723298899391,426.4273946602169,-355.3172180017608,sideways
3264,2020-04-04 14:00:00,1.2357679704645739,1.2357679704645739,0.0,1.2357679704645739,0.0,109.93367696836943,109.93367696836943,0.0,109.93367696836943,0.0,-80.92860580676053,-80.92860580676053,0.0,-80.92860580676053,0.0,1049.668384841847,1049.668384841847,0.0,1049.668384841847,0.0,crash
43903,2024-11-23 22:00:00,0.16855162169332893,-1.0721566423902982,-1.240708264083627,-1.1439432851851172,-1.3124949068784462,-15.98636063203176,-39.66570169989916,-23.679341067867398,-56.45308051352602,-40.46671988149426,-62.842849062388325,-50.976591161937066,11.86625790045126,-69.0551704212061,-6.212321358817775,420.0681968398412,301.6714915005042,-118.39670533933702,217.73459743236987,-202.33359940747135,sideways
42334,2024-09-19 13:00:00,0.3207846247981605,-0.772830874474072,-1.0936154992722324,-0.7879155854898242,-1.1087002102879846,-7.710640705517147,-35.348225255276375,-27.63758454975923,-50.35586823576265,-42.645227530245506,-66.79680502741819,-54.16576436101804,12.631040666400146,-69.57035591127654,-2.7735508838583485,461.4467964724143,323.25887372361814,-138.18792274879615,248.22065882118676,-213.22613765122753,sideways
14156,2021-07-03 04:00:00,1.5691160212184863,2.174704258222613,0.6055882370041266,2.0092990493622236,0.44018302814373733,200.23710814997347,341.482114230201,141.2450060802275,304.3089159875456,104.07180783757215,-67.86283304393517,-47.7155628892866,20.147270154648567,-59.29552256902011,8.567310474915061,1501.1855407498674,2207.410571151005,706.2250304011377,2021.544579937728,520.3590391878606,crash
32310,2023-07-29 21:00:00,0.4650032123388425,-0.20456710251572324,-0.6695703148545658,0.06149084332558856,-0.40351236901325394,4.2805162812920905,-13.192709459395878,-17.47322574068797,-14.931736087591553,-19.212252368883643,-42.592644209883105,-30.10102531987907,12.491618890004034,-43.053319200449415,-0.4606749905663108,521.4025814064604,434.0364527030206,-87.36612870343981,425.34131956204226,-96.06126184441814,sideways
8451,2020-11-06 22:00:00,1.46070091633878,1.5911922434626522,0.13049132712387213,1.4916341809582825,0.03093326461950241,180.32638164227345,253.2661813423561,72.93979970008266,196.9803577003333,16.65397605805984,-80.92860580676056,-80.92860580676056,0.0,-80.92860580676056,0.0,1401.6319082113673,1766.3309067117805,364.69899850041315,1484.9017885016665,83.26988029029917,strong_trend
38777,2024-04-24 08:00:00,0.08824172722560475,-0.4479335522099559,-0.5361752794355606,-0.4128250746252024,-0.5010668018508071,-22.477559695481254,-23.526667280709425,-1.049107585228171,-33.5598787375712,-11.08231904208995,-64.88646065282587,-43.41712157937175,21.469339073454123,-54.89660517529267,9.989855477533204,387.61220152259375,382.3666635964529,-5.245537926140855,332.200606312144,-55.411595210449775,sideways
35833,2023-12-23 16:00:00,0.12347480024522547,-1.0327744329273638,-1.1562492331725893,0.0009595881556165281,-0.12251521208960894,-21.854845882923414,-40.54496143945507,-18.69011555653166,-20.038812955906604,1.8160329270168099,-51.42614009425679,-44.205249162583456,7.220890931673331,-52.36933722792736,-0.9431971336705729,390.7257705853829,297.27519280272463,-93.45057778265829,399.805935220467,9.080164635084088,sideways
18134,2021-12-16 04:00:00,1.134152823640567,1.6612902311892677,0.5271374075487008,1.587211400024348,0.4530585763837811,88.66652195425672,130.25502246078432,41.588500506527595,124.94917557978536,36.28265362552864,-48.66644236620752,-39.47157860607115,9.194863760136371,-39.40904866690622,9.257393699301296,943.3326097712836,1151.2751123039216,207.94250253263795,1124.7458778989267,181.41326812764305,crash
3474,2020-04-13 08:00:00,1.2792067298017844,1.2792067298017844,0.0,1.2792067298017844,0.0,122.96753548192103,122.96753548192103,0.0,122.96753548192103,0.0,-80.92860580676053,-80.92860580676053,0.0,-80.92860580676053,0.0,1114.8376774096052,1114.8376774096052,0.0,1114.8376774096052,0.0,sideways
49653,2025-07-21 12:00:00,0.6115271090816695,-0.4440721158698186,-1.055599224951488,-0.09086041561609795,-0.7023875246977674,20.64984151304632,-16.77357887716796,-37.423420390214275,-15.486870446687984,-36.1367119597343,-40.598383588600264,-31.283380969681062,9.315002618919202,-38.825270575622085,1.773113012978179,603.2492075652316,416.1321056141602,-187.1171019510714,422.56564776656006,-180.68355979867152,sideways
22797,2022-06-28 11:00:00,1.1148355234251979,1.8809718946023326,0.7661363711771347,1.4042692592276775,0.28943373580247966,84.665339806381,153.1807357071727,68.51539590079169,106.69562975105636,22.03028994467536,-62.58009353127869,-31.79279925388204,30.78729427739665,-50.30610060039109,12.273992930887601,923.326699031905,1265.9036785358635,342.57697950395846,1033.4781487552818,110.1514497233768,crash
45684,2025-02-06 03:00:00,1.2763338500848405,-0.10646153617638311,-1.3827953862612237,0.01375303488033048,-1.26258081520451,92.20913984160775,-10.267752820444432,-102.47689266205218,-12.805532753551052,-105.0146725951588,-42.99751882469094,-33.15821315906932,9.839305665621623,-45.65389531106343,-2.656376486372487,961.0456992080387,448.66123589777783,-512.3844633102609,435.97233623224474,-525.073362975794,sideways
34676,2023-11-05 11:00:00,0.3321000602086439,-0.3353687719788854,-0.6674688321875293,0.21684142797393324,-0.11525863223471067,-7.124658600925726,-18.576362682719893,-11.451704081794166,-7.3838168441777485,-0.2591582432520223,-41.52170678372807,-32.94995295217048,8.571753831557594,-46.01630807575228,-4.494601292024207,464.37670699537136,407.11818658640055,-57.25852040897081,463.08091577911125,-1.2957912162601133,sideways
39815,2024-06-06 14:00:00,-0.5734923123487994,-1.1022230142317915,-0.5287307018829921,-1.310096233788833,-0.7366039214400337,-54.072331043174515,-42.06601994944693,12.006311093727582,-61.33594181418525,-7.2636107710107325,-66.2577822845713,-53.693258627213325,12.56452365735798,-69.24951779831285,-2.9917355137415456,229.6383447841274,289.66990025276533,60.03155546863792,193.3202909290738,-36.31805385505362,sideways
38870,2024-04-28 05:00:00,0.019224792401903522,-0.4746919803492674,-0.4939167727511709,-0.4892584146263576,-0.5084832070282611,-26.651565175310964,-24.30831789012059,2.3432472851903725,-36.474995823808584,-9.82343064849762,-64.88646065282597,-43.417121579371575,21.4693390734544,-54.8966051752926,9.989855477533375,366.7421741234452,378.45841054939706,11.716236425951877,317.62502088095704,-49.11715324248814,sideways
9956,2021-01-08 21:00:00,0.8497644372225517,1.0821461747842471,0.23238173756169545,0.9284756356268402,0.07871119840428853,11.853668858927602,64.70869610568101,52.85502724675341,29.451481296715333,17.59781243778773,-78.18598481874771,-78.18598481874771,0.0,-78.18598481874771,0.0,559.268344294638,823.5434805284051,264.27513623376706,647.2574064835767,87.98906218893865,strong_trend
18614,2022-01-05 04:00:00,1.938339485882377,2.4651545432671975,0.5268150573848205,2.3035297845071248,0.3651902986247477,328.2936655311273,301.10885342112874,-27.184812109998575,276.4492535300845,-51.844412001042826,-44.784546839467886,-39.47157860607119,5.312968233396695,-39.40904866690621,5.375498172561677,2141.4683276556366,2005.5442671056437,-135.92406054999287,1882.2462676504224,-259.2220600052142,sideways
23873,2022-08-12 07:00:00,0.7847144922996183,1.5698869533251487,0.7851724610255304,0.7991213138155451,0.01440682151592676,33.653617797744516,108.93920337173557,75.28558557399106,36.76009934728146,3.1064815495369444,-65.10031878807652,-31.792799253881853,33.30751953419467,-59.78764925018674,5.312669537889782,668.2680889887226,1044.696016858678,376.4279278699553,683.8004967364074,15.532407747684715,sideways
25463,2022-10-17 13:00:00,0.4452427389821053,1.6160928400282946,1.1708501010461894,0.5867571692471399,0.14151443026503463,-4.59381615240898,114.18779295004775,118.78160910245673,18.49862472250965,23.09244087491863,-71.42744665120583,-35.465597027961614,35.96184962324421,-66.42510328507126,5.002343366134568,477.0309192379551,1070.9389647502387,593.9080455122836,592.4931236125483,115.46220437459317,sideways
2240,2020-02-21 21:00:00,0.7598589183593687,0.7598589183593687,0.0,0.7598589183593687,0.0,13.563876364357142,13.563876364357142,0.0,13.563876364357142,0.0,-80.92860580676054,-80.92860580676054,0.0,-80.92860580676054,0.0,567.8193818217857,567.8193818217857,0.0,567.8193818217857,0.0,sideways
27958,2023-01-29 12:00:00,-0.8410272484854393,-0.6476065147416273,0.19342073374381197,-1.0976586829700734,-0.2566314344846341,-64.2253554326436,-24.9557371280554,39.26961830458819,-55.22405103944934,9.001304393194253,-68.42403967729201,-28.89653998690953,39.527499690382484,-64.73302265747209,3.691017019819924,178.87322283678202,375.221314359723,196.348091522941,223.87974480275327,45.006521965971245,sideways
7892,2020-10-14 15:00:00,1.7134665163898404,1.7790484757997957,0.06558195940995537,1.7336748888618854,0.02020837247204499,336.38003556704456,389.0603949159554,52.68035934891083,352.0065910323445,15.62655546529993,-80.92860580676054,-80.92860580676054,0.0,-80.92860580676054,0.0,2181.9001778352226,2445.301974579777,263.4017967445543,2260.0329551617224,78.13277732649976,sideways
38025,2024-03-24 00:00:00,-0.17924006526007813,-0.77592334650878,-0.596683281248702,-0.5805401051032894,-0.4013000398432112,-38.159881716097274,-32.32527003663359,5.834611679463684,-40.51151210724282,-2.351630391145548,-64.88646065282593,-43.417121579371766,21.469339073454165,-54.89660517529272,9.989855477533212,309.2005914195136,338.373649816832,29.173058397318414,297.4424394637859,-11.758151955727726,sideways
34939,2023-11-16 10:00:00,0.782826767744353,0.1155613092648119,-0.6672654584795411,0.673677060947679,-0.10914970679667402,35.63627055476428,-3.394249565517582,-39.030520120281864,25.18777746468963,-10.448493090074649,-41.52170678372835,-32.94995295217055,8.5717538315578,-46.016308075752356,-4.494601292024008,678.1813527738215,483.0287521724121,-195.15260060140935,625.9388873234482,-52.24246545037329,sideways
47189,2025-04-09 20:00:00,0.8517156282642881,-0.2892832430396249,-1.140998871303913,0.034485081611735864,-0.8172305466525522,41.19009064766372,-14.666121184045245,-55.85621183170897,-11.841354319192309,-53.03144496685603,-40.4648407313661,-30.70498339062536,9.75985734074074,-42.44261410030715,-1.977773368941051,705.9504532383186,426.6693940797738,-279.2810591585448,440.7932284040385,-265.1572248342801,sideways
38096,2024-03-26 23:00:00,-0.2274726214575682,-0.8060253489105843,-0.5785527274530161,-0.7271198510728107,-0.49964722961524255,-40.42163330416065,-33.102505260365035,7.319128043795615,-45.19139985608114,-4.76976655192049,-64.88646065282602,-43.417121579371674,21.469339073454343,-54.89660517529262,9.989855477533396,297.89183347919675,334.4874736981748,36.595640218978076,274.0430007195943,-23.84883275960243,sideways
18754,2022-01-11 00:00:00,1.882696839177947,2.3990665759709926,0.5163697367930455,2.4102380540072934,0.5275412148293463,304.41065462526984,282.70250764914766,-21.70814697612218,311.1940558895992,6.78340126432937,-44.78454683946793,-39.47157860607115,5.312968233396781,-39.40904866690615,5.375498172561777,2022.0532731263493,1913.5125382457384,-108.5407348806109,2055.9702794479963,33.91700632164702,crash
49490,2025-07-14 17:00:00,0.9676702505550148,-0.14948894985896855,-1.1171592004139832,0.08362788179128205,-0.8840423687637327,50.88000874786731,-9.10569875965419,-59.9857075075215,-8.007387520237053,-58.88739626810436,-40.59838358860011,-31.28338096968133,9.31500261891878,-35.84519930805305,4.75318428054706,754.4000437393365,454.471506201729,-299.9285375376075,459.9630623988147,-294.4369813405218,sideways
21015,2022-04-15 05:00:00,1.6744162109419427,2.6634446107399143,0.9890283997979716,2.291931263825143,0.6175150528832003,229.4477964406341,345.724046570058,116.27625012942391,294.06572994223666,64.61793350160255,-59.03061078406044,-29.430012107632297,29.600598676428145,-50.30610060039105,8.724510183669395,1647.2389822031705,2228.62023285029,581.3812506471195,1970.3286497111833,323.0896675080128,crash
16666,2021-10-16 00:00:00,0.8864108408935508,1.4472748130197888,0.560863972126238,1.1964329620088787,0.3100221211153279,48.29017764443684,84.94056679937196,36.65038915493513,72.11211265611932,23.821935011682484,-54.37754927698706,-39.47157860607119,14.90597067091587,-40.87419568259434,13.50335359439272,741.4508882221842,924.7028339968598,183.25194577467562,860.5605632805966,119.10967505841245,strong_trend
46319,2025-03-04 14:00:00,1.3386032633143172,0.18947531914407723,-1.14912794417024,0.2254165663205957,-1.1131866969937216,94.62685112601447,0.4072826842669519,-94.21956844174753,-1.974862431636204,-96.60171355765067,-42.99751882469103,-31.929175682516654,11.068343142174374,-44.08168897223366,-1.084170147542629,973.1342556300724,502.03641342133477,-471.09784220873763,490.125687841819,-483.0085677882534,crash
18949,2022-01-19 03:00:00,2.157851028933631,2.6448090537369158,0.48695802480328476,2.811287793015327,0.6534367640816958,449.2894117926479,372.15565092449845,-77.13376086814947,477.7774809463916,28.48806915374371,-44.7845468394678,-39.471578606071056,5.312968233396745,-39.40904866690622,5.375498172561578,2746.4470589632397,2360.778254622492,-385.66880434074756,2888.887404731958,142.44034576871854,crash
3905,2020-05-01 09:00:00,1.1278974317526906,1.1278974317526906,0.0,1.1278974317526906,0.0,73.53387196443859,73.53387196443859,0.0,73.53387196443859,0.0,-80.92860580676054,-80.92860580676054,0.0,-80.92860580676054,0.0,867.669359822193,867.669359822193,0.0,867.669359822193,0.0,strong_trend
24018,2022-08-18 08:00:00,0.7724577701857608,1.5140569030994246,0.7415991329136639,0.8160621238383347,0.04360435365257387,32.03716339040093,102.1563171959678,70.11915380556687,38.300954360346864,6.263790969945937,-65.54809676141807,-32.02068236139633,33.52741440002173,-61.0450596542231,4.503037107194963,660.1858169520046,1010.7815859798391,350.5957690278344,691.5047718017344,31.31895484972972,sideways
40700,2024-07-13 11:00:00,-0.28854308036179505,-0.9441656759928574,-0.6556225956310624,-0.9093417022194827,-0.6207986218576877,-42.094393482956036,-37.965932559030755,4.128460923925282,-51.54104200735914,-9.446648524403102,-66.79680502741826,-54.16576436101819,12.631040666400068,-69.57035591127654,-2.7735508838582774,289.5280325852198,310.1703372048462,20.642304619626373,242.2947899632043,-47.233242622015524,sideways
9691,2020-12-28 20:00:00,1.3147357030261815,1.546042670043276,0.2313069670170944,1.3972619884877968,0.08252628546161533,124.3099775023266,231.63666612014896,107.32668861782236,159.6071613691548,35.29718386682819,-80.92860580676054,-80.92860580676054,0.0,-80.92860580676054,0.0,1121.549887511633,1658.1833306007447,536.6334430891118,1298.035806845774,176.48591933414104,sideways
23680,2022-08-04 06:00:00,0.801705887575662,1.5616653736404342,0.7599594860647723,0.7639861538961032,-0.03771973367955872,35.841998351115365,108.57157372725,72.72957537613463,33.615009296459284,-2.22698905465608,-63.77113581199112,-31.792799253881874,31.97833655810925,-58.64378031107715,5.127355500913971,679.2099917555769,1042.85786863625,363.64787688067315,668.0750464822964,-11.134945273280437,sideways
6645,2020-08-23 16:00:00,1.1623314102390527,1.1623314102390527,0.0,1.1623314102390527,0.0,66.26809781354694,66.26809781354694,0.0,66.26809781354694,0.0,-80.92860580676056,-80.92860580676056,0.0,-80.92860580676056,0.0,831.3404890677348,831.3404890677348,0.0,831.3404890677348,0.0,sideways
35114,2023-11-23 17:00:00,0.9899729874710989,0.24392796785961646,-0.7460450196114824,0.9094365952794203,-0.08053639219167852,61.91912332535019,1.6199914946538385,-60.29913183069635,46.470292562953205,-15.448830762396987,-41.521706783727986,-32.94995295217068,8.571753831557302,-46.01630807575231,-4.494601292024328,809.5956166267509,508.09995747326917,-301.49565915348177,732.351462814766,-77.24415381198492,sideways
24333,2022-08-31 11:00:00,0.5088121070591879,1.4025082826034772,0.8936961755442893,0.5859491082727278,0.07713700121353995,2.001312621083118,89.02109709636767,87.01978447528455,18.57697881915561,16.57566619807249,-69.26197569097579,-34.148530601082385,35.1134450898934,-63.81651601277885,5.44545967819694,510.0065631054156,945.1054854818384,435.0989223764228,592.884894095778,82.87833099036243,crash
16890,2021-10-25 08:00:00,0.78526349096257,1.2087426725489838,0.42347918158641384,1.0193252413904128,0.23406175042784283,35.963519935613355,62.68285413064418,26.719334195030825,53.926799075762986,17.96327914014963,-54.37754927698706,-39.471578606071176,14.905970670915885,-40.874195682594404,13.503353594392657,679.8175996780668,813.4142706532209,133.5966709751541,769.6339953788149,89.8163957007481,sideways
11606,2021-03-18 17:00:00,0.9895550938147876,1.3481178858811314,0.3585627920663438,1.1552652161794958,0.16571012236470828,51.77064438443675,147.8378837068019,96.06723932236515,92.94673714328307,41.17609275884632,-67.86283304393518,-55.67862230673597,12.184210737199216,-59.2955225690204,8.567310474914784,758.8532219221837,1239.1894185340095,480.3361966118258,964.7336857164154,205.88046379423167,sideways
28875,2023-03-08 17:00:00,0.08855020703547863,-0.09062188479293079,-0.17917209182840943,-0.1438310415047969,-0.23238124854027553,-24.12949668943235,-8.796130893967158,15.333365795465193,-25.000503473462455,-0.8710067840301043,-64.51603732040887,-27.452802763855424,37.06323455655345,-59.91327111746219,4.6027662029466825,379.35251655283827,456.01934553016423,76.66682897732596,374.9974826326877,-4.355033920150561,sideways
34262,2023-10-19 05:00:00,0.32994112988612767,-0.4152462878712367,-0.7451874177573643,0.01530887123810485,-0.3146322586480228,-7.2864633245075305,-20.96231849511183,-13.6758551706043,-18.398183046649496,-11.111719722141967,-41.52170678372815,-32.94995295217088,8.571753831557267,-46.01630807575231,-4.494601292024164,463.56768337746234,395.18840752444083,-68.37927585302151,408.0090847667525,-55.55859861070985,sideways
48098,2025-05-17 17:00:00,0.7510039861468911,-0.20107721869687883,-0.9520812048437699,0.19967648058088736,-0.5513275055660037,32.09628445360131,-11.373568858609161,-43.46985331221047,-3.69388977467503,-35.790174228276335,-36.4121954601701,-23.177873972111385,13.234321488058718,-28.85896755705589,7.553227903114212,660.4814222680066,443.13215570695417,-217.3492665610524,481.53055112662486,-178.9508711413817,sideways
22361,2022-06-10 07:00:00,1.5301751121670666,2.079389959113579,0.5492148469465126,1.6416015090570824,0.11142639689001577,180.92556302393695,190.9316522773779,10.006089253440962,146.44945280762823,-34.47611021630871,-62.58009353127867,-31.79279925388203,30.78729427739664,-50.30610060039105,12.273992930887623,1404.6278151196848,1454.6582613868895,50.03044626720475,1232.247264038141,-172.38055108154367,sideways
8219,2020-10-28 06:00:00,1.8233976151972031,1.8729627194166434,0.04956510421944027,1.811571645945191,-0.01182596925201218,428.6509584398633,475.5133229042013,46.862364464337986,417.52298634917616,-11.127972090687138,-80.92860580676053,-80.92860580676053,0.0,-80.92860580676053,0.0,2643.2547921993164,2877.566614521006,234.31182232168976,2587.6149317458808,-55.63986045343563,sideways
42593,2024-09-30 08:00:00,0.504604268998793,-0.726669623871806,-1.231273892870599,-0.6149441649921733,-1.1195484339909663,7.885574018281027,-33.771563472665036,-41.65713749094606,-43.9925019631313,-51.87807598141233,-66.79680502741815,-54.16576436101832,12.631040666399826,-69.5703559112765,-2.7735508838583485,539.4278700914051,331.1421826366748,-208.2856874547303,280.0374901843435,-259.39037990706163,sideways
32213,2023-07-25 20:00:00,0.43162673917454353,-0.2382261214849644,-0.6698528606595079,0.031148973745757924,-0.4004777654287856,1.427412886278745,-14.249233754198077,-15.676646640476822,-16.53854424635727,-17.965957132636014,-43.75068697849475,-30.101025319879138,13.64966165861561,-43.05331920044944,0.6973677780453116,507.1370644313937,428.7538312290096,-78.38323320238408,417.3072787682137,-89.82978566318002,sideways
35819,2023-12-23 02:00:00,0.11707012882626722,-1.0365331011812153,-1.1536032300074825,-0.008543031084820442,-0.12561315991108765,-22.28233941354568,-40.640980175978626,-18.358640762432945,-20.547734489647198,1.734604923898484,-51.42614009425679,-44.20524916258359,7.220890931673196,-52.36933722792705,-0.9431971336702603,388.5883029322716,296.7950991201069,-91.79320381216468,397.261327551764,8.673024619492423,sideways
4973,2020-06-14 21:00:00,1.3278769143934206,1.3278769143934206,0.0,1.3278769143934206,0.0,126.61030029413887,126.61030029413887,0.0,126.61030029413887,0.0,-80.92860580676056,-80.92860580676056,0.0,-80.92860580676056,0.0,1133.0515014706943,1133.0515014706943,0.0,1133.0515014706943,0.0,sideways
15978,2021-09-17 06:00:00,0.7598763876809895,1.291034407787012,0.5311580201060224,0.9550889138926336,0.1952125262116441,32.31686211975975,77.72300990530299,45.40614778554324,50.994510603626786,18.67764848386704,-56.74137856078807,-39.47157860607117,17.269799954716902,-45.209246898616286,11.532131662171786,661.5843105987988,888.6150495265149,227.03073892771613,754.9725530181339,93.38824241933514,sideways
39276,2024-05-15 03:00:00,0.1688402221777558,-0.47686040549340025,-0.6457006276711561,-0.44367608549990356,-0.6125163076776594,-16.915361426527987,-24.34488967280114,-7.429528246273154,-34.81668889920554,-17.90132747267755,-64.88646065282605,-43.417121579371745,21.4693390734543,-57.45404150260678,7.432419150219268,415.42319286736006,378.2755516359943,-37.14764123136575,325.9165555039723,-89.50663736338777,sideways
42571,2024-09-29 10:00:00,0.5080985603463463,-0.7158366494412121,-1.2239352097875584,-0.6342764171211351,-1.1423749774674814,8.207314004286005,-33.4540186013683,-41.6613326056543,-44.65589696405941,-52.86321096834541,-66.79680502741816,-54.165764361018276,12.631040666399883,-69.57035591127647,-2.773550883858306,541.0365700214301,332.7299069931585,-208.30666302827154,276.720515179703,-264.31605484172707,sideways
22262,2022-06-06 04:00:00,1.2902370061324875,1.9138419165528555,0.623604910420368,1.4808638288739675,0.19062682274148002,120.45608809719086,163.60757084175265,43.15148274456179,120.36699908957465,-0.08908900761620941,-61.02859814985151,-31.041311955724392,29.98728619412712,-50.30610060039103,10.722497549460485,1102.2804404859544,1318.0378542087633,215.7574137228089,1101.8349954478733,-0.4454450380810613,sideways
41165,2024-08-01 20:00:00,-0.28933882089526275,-0.9169273613783585,-0.6275885404830958,-1.2471290964575965,-0.9577902755623338,-43.23446805677297,-37.71030612680172,5.52416192997125,-60.92433521864999,-17.689867161877025,-66.79680502741815,-54.16576436101834,12.631040666399805,-69.57035591127648,-2.7735508838583343,283.82765971613514,311.4484693659914,27.620809649856255,195.37832390675,-88.44933580938513,sideways
43054,2024-10-19 13:00:00,0.6850968681168289,-0.5873126805818762,-1.2724095486987053,-0.3703646170779438,-1.0554614851947728,25.44565587345593,-28.610117382620636,-54.05577325607656,-34.117774590330605,-59.56343046378653,-66.79680502741813,-54.1657643610182,12.631040666399933,-69.57035591127647,-2.7735508838583343,627.2282793672797,356.9494130868968,-270.2788662803829,329.41112704834694,-297.81715231893276,sideways
19820,2022-02-24 10:00:00,1.6183653101084197,2.468873492078184,0.8505081819697642,2.20019671613954,0.5818314060311205,211.93005771656112,301.05044210769546,89.12038439113434,268.933203085775,57.00314536921388,-48.51899296376103,-26.08201069143665,22.43698227232438,-45.8798886474272,2.639104316333828,1559.6502885828056,2005.2522105384774,445.60192195567174,1844.666015428875,285.01572684606936,crash
45938,2025-02-16 17:00:00,1.5080643884613834,0.2107400152391162,-1.2973243732222672,0.2496193478430438,-1.2584450406183396,126.33438146755421,0.9134138770090283,-125.42096759054517,-1.0334920085423915,-127.3678734760966,-42.99751882469094,-31.92917568251672,11.068343142174221,-44.0816889722338,-1.0841701475428565,1131.671907337771,504.56706938504516,-627.1048379527258,494.832539957288,-636.839367380483,sideways
14748,2021-07-27 20:00:00,1.4469444801015325,2.2135056690526325,0.7665611889510999,1.9948676091981732,0.5479231290966406,163.74935063255438,334.8090508856244,171.05970025307002,287.8709716261276,124.1216209935732,-67.86283304393524,-47.715562889286666,20.147270154648574,-59.29552256902011,8.567310474915132,1318.746753162772,2174.045254428122,855.2985012653501,1939.354858130638,620.608104967866,strong_trend
12253,2021-04-14 16:00:00,0.7689008046704809,1.0552152756862327,0.2863144710157518,0.9375559658792719,0.16865516120879098,15.345130394113093,72.48890315873959,57.1437727646265,48.22673608207293,32.88160568795984,-67.86283304393514,-55.67862230673606,12.18421073719908,-59.29552256902015,8.56731047491499,576.7256519705654,862.444515793698,285.71886382313255,741.1336804103646,164.40802843979918,sideways
34911,2023-11-15 06:00:00,0.8544533729665953,0.1639138923983692,-0.6905394805682261,0.7103708016040438,-0.14408257136255154,44.18585107374015,-1.520938635900082,-45.70678970964023,28.298514504865757,-15.887336568874396,-41.52170678372825,-32.94995295217065,8.5717538315576,-46.01630807575264,-4.494601292024392,720.9292553687008,492.39530682049957,-228.53394854820118,641.4925725243288,-79.43668284437194,sideways
32571,2023-08-09 18:00:00,0.5391021021216313,-0.11162039323000306,-0.6507224953516344,0.2460297581798961,-0.2930723439417352,10.956324525644323,-10.167458718618205,-21.123783244262526,-4.437893131277926,-15.39421765692225,-41.121424505130875,-30.10102531987895,11.020399185251925,-43.053319200449415,-1.9318946953185403,554.7816226282216,449.16270640690897,-105.61891622131265,477.81053434361036,-76.97108828461126,sideways
7148,2020-09-13 15:00:00,1.5588181248407387,1.5588181248407387,0.0,1.5588181248407387,0.0,233.4728904573494,233.4728904573494,0.0,233.4728904573494,0.0,-80.92860580676056,-80.92860580676056,0.0,-80.92860580676056,0.0,1667.364452286747,1667.364452286747,0.0,1667.364452286747,0.0,crash
42596,2024-09-30 11:00:00,0.47688567903132173,-0.7523074664186691,-1.2291931454499907,-0.6217824730655187,-1.0986681520968404,5.418280541869813,-34.51393906020617,-39.93221960207598,-44.23349331762926,-49.65177385949907,-66.79680502741823,-54.16576436101814,12.63104066640009,-69.57035591127654,-2.773550883858306,527.091402709349,327.43030469896917,-199.66109801037987,278.8325334118537,-248.25886929749532,sideways
10225,2021-01-20 02:00:00,1.4199270706121745,1.7390817083263532,0.31915463771417873,1.5645794382885692,0.14465236767639467,174.11160484103974,336.9145645505472,162.80295970950746,239.79567366324153,65.6840688222018,-59.732004867984976,-55.67862230673612,4.053382561248853,-55.67862230673612,4.053382561248853,1370.5580242051988,2184.572822752736,814.0147985475373,1698.9783683162077,328.42034411100894,sideways
41172,2024-08-02 03:00:00,-0.2755546443840683,-0.9088913814170729,-0.6333367370330046,-1.2119106973766507,-0.9363560529925824,-42.59564508855354,-37.50039273273346,5.0952523558200795,-60.06841527187724,-17.472770183323703,-66.79680502741823,-54.165764361018084,12.631040666400146,-69.57035591127652,-2.7735508838582916,287.02177455723233,312.49803633633275,25.476261779100412,199.6579236406138,-87.36385091661853,sideways
376,2019-12-05 23:00:00,0.29037084557274256,0.29037084557274256,0.0,0.29037084557274256,0.0,-18.01079282413379,-18.01079282413379,0.0,-18.01079282413379,0.0,-58.419811399615405,-58.419811399615405,0.0,-58.419811399615405,0.0,409.946035879331,409.946035879331,0.0,409.946035879331,0.0,sideways
40760,2024-07-15 23:00:00,-0.6286817607626202,-1.169027585850947,-0.5403458250883267,-1.267197681434326,-0.6385159206717058,-55.71583581606785,-43.48217052061229,12.233665295455559,-60.79980206709422,-5.083966251026368,-66.7968050274182,-54.165764361018155,12.631040666400047,-69.57035591127652,-2.77355088385832,221.4208209196607,282.58914739693853,61.168326477277816,196.0009896645289,-25.41983125513181,strong_trend
40252,2024-06-24 19:00:00,-0.3976592568021988,-1.0531330371761296,-0.6554737803739308,-1.2833678444832988,-0.8857085876811,-47.4818746365507,-40.86710669247658,6.614767944074117,-60.69518419121034,-13.213309554659638,-66.79680502741823,-54.071703471885414,12.725101555532817,-69.2495177983129,-2.4527127708946637,262.59062681724646,295.6644665376171,33.07383972037064,196.52407904394832,-66.06654777329814,crash
39917,2024-06-10 20:00:00,-0.4180872532059148,-0.9670588743786046,-0.5489716211726898,-1.187767981966863,-0.7696807287609482,-48.250694884052436,-38.91337325547377,9.337321628578664,-58.58515885709073,-10.334463973038297,-66.79680502741816,-54.0717034718855,12.72510155553266,-69.2495177983129,-2.4527127708947347,258.7465255797378,305.43313372263117,46.68660814289336,207.0742057145463,-51.6723198651915,sideways
34008,2023-10-08 15:00:00,0.46322327832848786,-0.19002343543748879,-0.6532467137659766,0.20644296122943942,-0.25678031709904847,4.078368070189975,-13.113928229559669,-17.192296299749643,-7.141355419339779,-11.219723489529754,-39.203254140254586,-32.94995295217053,6.253301188084059,-44.01181397345284,-4.808559833198252,520.3918403509499,434.43035885220166,-85.96148149874824,464.2932229033011,-56.09861744764879,sideways
24121,2022-08-22 15:00:00,0.6404610387140816,1.445537036240081,0.8050759975259995,0.7220803023103602,0.08161926359627869,16.063439314894225,94.36516708705152,78.30172777215729,29.86408475594857,13.800645441054346,-65.54809676141804,-32.020682361396545,33.52741440002149,-61.04505965422338,4.5030371071946576,580.3171965744712,971.8258354352575,391.5086388607864,649.3204237797429,69.00322720527174,sideways
36070,2024-01-02 13:00:00,-0.15922340780206262,-1.3057809460617193,-1.1465575382596567,-0.18087920398575433,-0.021655796183691706,-37.14961722800989,-46.548234870703,-9.398617642693111,-28.701303217756603,8.448314010253284,-59.57185308323227,-47.46743980496504,12.10441327826723,-56.28856769346966,3.283285389762611,314.25191385995055,267.25882564648504,-46.99308821346551,356.49348391121697,42.24157005126642,strong_trend
14175,2021-07-03 23:00:00,1.644077146430322,2.2691222007266263,0.6250450542963042,2.09848020335,0.45440305691967775,224.61065590608436,377.32207239180934,152.71141648572498,337.13111685660084,112.52046095051648,-67.86283304393517,-47.71556288928678,20.14727015464839,-59.295522569020356,8.567310474914812,1623.0532795304218,2386.6103619590467,763.5570824286249,2185.6555842830044,562.6023047525825,sideways
39935,2024-06-11 14:00:00,-0.4553349873589414,-0.9930448736780451,-0.5377098863191037,-1.2218507788317723,-0.7665157914728309,-49.846218293794166,-39.73127505373818,10.114943240055986,-59.477830277283175,-9.631611983489009,-66.79680502741819,-54.07170347188555,12.725101555532639,-69.24951779831292,-2.4527127708947347,250.76890853102918,301.3436247313091,50.57471620027991,202.61084861358415,-48.15805991744503,sideways
28422,2023-02-17 20:00:00,-0.4603572118679053,-0.4627065337537215,-0.0023493218858162135,-0.517391701914948,-0.057034490047042696,-50.962430442260576,-19.33252024167086,31.629910200589716,-36.99391603498125,13.96851440727933,-66.67902688901138,-27.4528027638552,39.22622412515618,-59.91327111746215,6.76575577154923,245.18784778869713,403.3373987916457,158.14955100294856,315.03041982509376,69.84257203639663,strong_trend
23474,2022-07-26 16:00:00,0.8086156538042392,1.567586798482957,0.7589711446787178,0.825042577467631,0.016426923663391824,36.46232339747832,110.46685601336557,74.00453261588726,39.424051827629114,2.9617284301507922,-62.604788848313106,-31.79279925388181,30.811989594431296,-55.0218291672127,7.582959681100405,682.3116169873916,1052.334280066828,370.02266307943626,697.1202591381456,14.80864215075394,sideways
25862,2022-11-03 04:00:00,0.4422186941591793,1.5491762018446709,1.1069575076854916,0.5484526531085231,0.10623395894934379,-4.8337299739097395,105.92687262013709,110.76060259404683,15.50037081421356,20.3341007881233,-71.4274466512058,-35.46559702796116,35.96184962324464,-66.42510328507132,5.0023433661344825,475.8313501304513,1029.6343631006855,553.8030129702342,577.5018540710678,101.67050394061647,sideways
29092,2023-03-17 18:00:00,0.0750771042020441,-0.35056467427274585,-0.42564177847478996,-0.37905056737518733,-0.45412767157723144,-26.319955394183513,-18.409811127449437,7.910144266734076,-36.47338595957803,-10.153430565394519,-64.51603732040905,-32.79750896379251,31.718528356616545,-59.91327111746205,4.602766202947002,368.40022302908244,407.9509443627528,39.55072133367037,317.6330702021098,-50.76715282697262,strong_trend
1906,2020-02-07 17:00:00,0.4378326121380391,0.4378326121380391,0.0,0.4378326121380391,0.0,-23.994792811930544,-23.994792811930544,0.0,-23.994792811930544,0.0,-80.92860580676056,-80.92860580676056,0.0,-80.92860580676056,0.0,380.0260359403473,380.0260359403473,0.0,380.0260359403473,0.0,sideways
7150,2020-09-13 17:00:00,1.5557690812199947,1.5557690812199947,0.0,1.5557690812199947,0.0,231.70997789468038,231.70997789468038,0.0,231.70997789468038,0.0,-80.92860580676053,-80.92860580676053,0.0,-80.92860580676053,0.0,1658.549889473402,1658.549889473402,0.0,1658.549889473402,0.0,crash
12556,2021-04-27 12:00:00,0.9569782051110395,1.363043124695952,0.40606491958491253,1.2384597832059543,0.2814815780949148,51.87266164464634,146.8328795425662,94.96021789791985,115.1528443941225,63.280182749476154,-67.86283304393521,-47.71556288928658,20.14727015464863,-59.29552256902013,8.567310474915082,759.3633082232317,1234.164397712831,474.80108948959935,1075.7642219706124,316.40091374738074,crash
5858,2020-07-21 21:00:00,1.33175279679361,1.33175279679361,0.0,1.33175279679361,0.0,125.8769503544229,125.8769503544229,0.0,125.8769503544229,0.0,-80.92860580676054,-80.92860580676054,0.0,-80.92860580676054,0.0,1129.3847517721144,1129.3847517721144,0.0,1129.3847517721144,0.0,sideways
22487,2022-06-15 13:00:00,0.8780860239768276,1.5882161324193833,0.7101301084425558,1.0891383777048698,0.2110523537280422,46.80021430629473,111.94909901691732,65.14888471062258,66.16577762245706,19.36556331616233,-62.58009353127878,-31.792799253882077,30.7872942773967,-50.30610060039107,12.273992930887708,734.0010715314736,1059.7454950845865,325.74442355311294,830.8288881122853,96.82781658081171,crash
34190,2023-10-16 05:00:00,0.41527618998832116,-0.301952729590503,-0.7172289195788242,0.14979130028031262,-0.26548488970800854,-0.08502006705404241,-16.577459523260053,-16.49243945620601,-10.53946108651207,-10.454441019458027,-41.52170678372812,-32.94995295217077,8.571753831557352,-46.01630807575252,-4.494601292024399,499.5748996647298,417.11270238369974,-82.46219728103006,447.30269456743963,-52.27220509729017,sideways
33475,2023-09-16 10:00:00,0.5099302766130416,-0.2183599704159827,-0.7282902470290242,0.22719935484166434,-0.28273092177137726,8.154503828161141,-13.897731022003834,-22.052234850164975,-5.7662019817324435,-13.920705809893585,-39.203254140254415,-32.268180481302686,6.93507365895173,-43.053319200449444,-3.8500650601950284,540.7725191408057,430.5113448899808,-110.26117425082487,471.1689900913378,-69.60352904946791,sideways
24097,2022-08-21 15:00:00,0.650773033335476,1.4508726389161717,0.8000996055806957,0.731623533286253,0.08085049995077698,17.230521702099754,94.96356826350126,77.73304656140151,30.694407208519614,13.46388550641986,-65.54809676141807,-32.02068236139629,33.527414400021776,-61.0450596542233,4.503037107194764,586.1526085104988,974.8178413175062,388.66523280700744,653.4720360425981,67.31942753209933,sideways
43739,2024-11-17 02:00:00,0.15610448065318658,-1.054264287605936,-1.2103687682591227,-0.996448020251067,-1.1525525009042537,-17.767286492324907,-40.03734121246714,-22.270054720142234,-53.53208841948089,-35.764801927155986,-64.57912978307972,-52.895312227199696,11.683817555880026,-69.57035591127648,-4.991226128196757,411.16356753837545,299.8132939376643,-111.35027360071115,232.33955790259552,-178.82400963577993,sideways
28912,2023-03-10 06:00:00,0.005384371647669415,-0.1043726923375686,-0.10975706398523802,-0.15195380359924401,-0.15733817524691343,-29.354040013560446,-9.261442292054978,20.09259772150547,-25.476848913759753,3.8771910998006938,-64.5160373204091,-27.452802763855143,37.06323455655395,-59.913271117462145,4.6027662029469525,353.22979993219775,453.6927885397251,100.46298860752734,372.61575543120125,19.3859554990035,crash
4051,2020-05-07 11:00:00,1.0781512996894953,1.0781512996894953,0.0,1.0781512996894953,0.0,59.34517834138675,59.34517834138675,0.0,59.34517834138675,0.0,-80.92860580676054,-80.92860580676054,0.0,-80.92860580676054,0.0,796.7258917069338,796.7258917069338,0.0,796.7258917069338,0.0,sideways
39131,2024-05-09 02:00:00,0.04022905298372863,-0.5934704378849454,-0.6336994908686739,-0.5313740301733691,-0.5716030831570977,-24.98672452727022,-27.99287148395042,-3.006146956680201,-38.10850889271784,-13.121784365447624,-64.886460652826,-43.41712157937183,21.469339073454172,-57.45404150260667,7.4324191502193315,375.0663773636489,360.0356425802479,-15.030734783400987,309.4574555364108,-65.60892182723808,sideways
29391,2023-03-30 06:00:00,0.1981755989706538,-0.17591883402671105,-0.37409443299736483,-0.31678523971754424,-0.5149608386881981,-18.21242555671282,-12.372600384761279,5.83982517195154,-33.57197960630636,-15.359554049593537,-60.007749658703155,-27.69866749374348,32.309082164959676,-57.66212222869633,2.3456274300068216,408.9378722164359,438.1369980761936,29.199125859757714,332.14010196846823,-76.79777024796766,sideways
32467,2023-08-05 10:00:00,0.5418460727207366,-0.10903347258069498,-0.6508795453014316,0.2201459217259587,-0.3217001509947779,11.16468283796177,-10.094987052125049,-21.25966989008682,-6.006217733660391,-17.170900571622163,-41.1214245051308,-30.101025319878893,11.020399185251904,-43.05331920044944,-1.9318946953186398,555.8234141898089,449.5250647393748,-106.2983494504341,469.96891133169805,-85.85450285811083,sideways
28919,2023-03-10 13:00:00,-0.02049149622203625,-0.14730484323642895,-0.1268133470143927,-0.18077291970712542,-0.16028142348508917,-30.847873459007758,-10.60899862125142,20.238874837756338,-26.812210134679383,4.035663324328375,-64.51603732040891,-27.452802763855498,37.06323455655341,-59.913271117462166,4.602766202946746,345.7606327049612,446.9550068937429,101.1943741887817,365.9389493266031,20.178316621641898,crash
28316,2023-02-13 10:00:00,-0.1821645947216375,-0.1471201789894706,0.035044415732166906,-0.2845363729442568,-0.10237177822261931,-38.63478642307686,-10.298813951663144,28.33597247141372,-27.885176716823167,10.749609706253693,-66.67902688901155,-27.45280276385522,39.226224125156335,-59.913271117462074,6.765755771549479,306.82606788461567,448.50593024168427,141.6798623570686,360.57411641588413,53.748048531268466,sideways
4632,2020-05-31 16:00:00,1.1913437143968013,1.1913437143968013,0.0,1.1913437143968013,0.0,83.1904687141876,83.1904687141876,0.0,83.1904687141876,0.0,-80.92860580676056,-80.92860580676056,0.0,-80.92860580676056,0.0,915.9523435709381,915.9523435709381,0.0,915.9523435709381,0.0,sideways
28604,2023-02-25 10:00:00,-0.39434326914152523,-0.4419103017922173,-0.047567032650692065,-0.3647643103259356,0.02957895881558964,-47.42574752451362,-18.6328852269908,28.792862297522817,-31.476238914989953,15.949508609523665,-64.51603732040915,-27.45280276385531,37.063234556553844,-59.91327111746211,4.602766202947045,262.8712623774319,406.835573865046,143.9643114876141,342.61880542505025,79.74754304761836,sideways
40661,2024-07-11 20:00:00,-0.32999369779801113,-0.9447928183802945,-0.6147991205822834,-0.8295175334657666,-0.4995238356677555,-44.01913319368036,-37.98249461478667,6.036638578893694,-49.203024229722736,-5.183891036042375,-66.79680502741807,-54.16576436101832,12.631040666399755,-69.57035591127651,-2.7735508838584337,279.9043340315982,310.0875269260667,30.183192894468505,253.98487885138633,-25.919455180211855,crash
15547,2021-08-30 07:00:00,0.9554732596786023,1.6556019197825609,0.7001286601039586,1.3318431197491358,0.3763698600705335,58.11283219467798,138.0919779698206,79.97914577514261,102.28621547443831,44.17338327976033,-67.86283304393525,-47.715562889286915,20.14727015464834,-59.29552256902038,8.567310474914876,790.5641609733899,1190.459889849103,399.8957288757132,1011.4310773721916,220.86691639880166,sideways
30836,2023-05-29 11:00:00,0.25932120900680977,-0.21934792465856817,-0.47866913366537794,-0.37210764994800366,-0.6314288589548134,-14.655503273315574,-14.195602165988896,0.45990110732667766,-36.10860598821799,-21.453102714902414,-60.00774965870333,-30.10102531987893,29.906724338824404,-57.177230852127934,2.830518806575398,426.72248363342214,429.0219891700555,2.299505536633376,319.45697005891003,-107.26551357451211,sideways
1576,2020-01-24 23:00:00,0.720902547933611,0.720902547933611,0.0,0.720902547933611,0.0,12.511671699365511,12.511671699365511,0.0,12.511671699365511,0.0,-71.21920283263287,-71.21920283263287,0.0,-71.21920283263287,0.0,562.5583584968275,562.5583584968275,0.0,562.5583584968275,0.0,sideways
17775,2021-12-01 05:00:00,1.0145978378263716,1.6178977465530968,0.6032999087267252,1.5666737997553828,0.5520759619290112,67.49828846861834,123.49985691406675,56.00156844544841,121.59865878334561,54.10037031472727,-54.30918953445133,-39.47157860607115,14.83761092838018,-39.40904866690623,14.900140867545097,837.4914423430916,1117.4992845703337,280.007842227242,1107.9932939167281,270.5018515736365,crash
22338,2022-06-09 08:00:00,1.3183791112615628,1.9700012465416996,0.6516221352801368,1.5282343353788492,0.2098552241172864,126.649439535952,172.13006615047428,45.48062661452228,127.58177610146939,0.9323365655173887,-61.90716416145463,-31.42999396202625,30.477170199428382,-50.30610060039098,11.601063561063654,1133.2471976797601,1360.6503307523715,227.40313307261135,1137.908880507347,4.661682827586901,sideways
50269,2025-08-16 04:00:00,0.10179610610765225,-0.8654323543543929,-0.9672284604620451,-0.5494570155072096,-0.6512531216148618,-10.512515175201587,-25.7390837555015,-15.226568580299913,-31.501829864489604,-20.989314689288015,-44.132648215078326,-35.23759190097483,8.895056314103499,-45.05739279107217,-0.9247445759938415,447.43742412399206,371.3045812224925,-76.13284290149954,342.490850677552,-104.94657344644008,sideways
10976,2021-02-20 10:00:00,1.3914239385474343,1.6620834409284435,0.2706595023810092,1.4670782495823547,0.07565431103492037,163.69613693222718,281.7564407259371,118.06030379370995,193.08795879750429,29.39182186527711,-59.732004867985175,-55.67862230673617,4.053382561249002,-55.67862230673617,4.053382561249002,1318.480684661136,1908.7822036296855,590.3015189685495,1465.4397939875214,146.9591093263855,strong_trend
14146,2021-07-02 18:00:00,1.5616661955956248,2.1654261954399776,0.6037599998443528,2.0005065705347347,0.4388403749391099,197.90340770021172,338.05053638531126,140.14712868509955,301.16628013917506,103.26287243896334,-67.86283304393525,-47.715562889286836,20.147270154648417,-59.29552256902031,8.567310474914947,1489.5170385010586,2190.2526819265563,700.7356434254978,2005.8314006958753,516.3143621948168,crash
20897,2022-04-10 07:00:00,1.5448525099055577,2.5648527573082824,1.0200002474027248,2.098039179585353,0.5531866696797951,188.3381229538051,318.08096393696525,129.74284098316014,242.16900358054693,53.830880626741816,-58.490501581408985,-28.931558710388906,29.55894287102008,-49.6509741048533,8.839527476555688,1441.6906147690256,2090.404819684826,648.7142049158006,1710.8450179027345,269.1544031337089,sideways
50776,2025-09-06 07:00:00,1.2095202232672917,0.22699979395253161,-0.98252042931476,0.5893959352279432,-0.6201242880393485,73.29370232284458,2.4761039719374267,-70.81759835090716,18.322570058177167,-54.97113226466742,-45.0437115701096,-35.72666337916738,9.317048190942224,-45.95404219124292,-0.9103306211333191,866.4685116142228,512.3805198596872,-354.08799175453566,591.6128502908858,-274.855661323337,sideways
43653,2024-11-13 12:00:00,0.010579050994443926,-1.137910102541327,-1.1484891535357709,-1.1009832798538373,-1.1115623308482812,-27.155822664727115,-42.126562764033196,-14.97074009930608,-56.61918455866941,-29.463361893942295,-66.79680502741809,-52.895312227199895,13.901492800218193,-69.57035591127654,-2.773550883858448,364.22088667636444,289.36718617983405,-74.8537004965304,216.90407720665294,-147.3168094697115,sideways
1774,2020-02-02 05:00:00,0.3570970515975995,0.3570970515975995,0.0,0.3570970515975995,0.0,-30.785040108730122,-30.785040108730122,0.0,-30.785040108730122,0.0,-80.92860580676053,-80.92860580676053,0.0,-80.92860580676053,0.0,346.0747994563494,346.0747994563494,0.0,346.0747994563494,0.0,sideways
11966,2021-04-02 17:00:00,0.796679513909153,1.1246447035435105,0.3279651896343575,0.9270172429093317,0.1303377290001787,17.94551530470281,86.8852901338718,68.939774829169,44.613795479258215,26.668280174555406,-67.86283304393518,-55.67862230673606,12.184210737199123,-59.295522569020484,8.567310474914699,589.727576523514,934.426450669359,344.698874145845,723.0689773962911,133.34140087277706,sideways
42030,2024-09-06 21:00:00,0.1140028205361422,-0.926223025045749,-1.0402258455818914,-0.939793744356228,-1.0537965648923702,-22.46797729842731,-39.654162692979625,-17.186185394552314,-54.91708591412184,-32.44910861569453,-66.79680502741817,-54.16576436101818,12.631040666399997,-69.57035591127652,-2.7735508838583485,387.66011350786346,301.7291865351019,-85.93092697276154,225.41457042939078,-162.24554307847268,crash
2982,2020-03-23 20:00:00,0.9169146265014627,0.9169146265014627,0.0,0.9169146265014627,0.0,34.31324721372815,34.31324721372815,0.0,34.31324721372815,0.0,-80.92860580676056,-80.92860580676056,0.0,-80.92860580676056,0.0,671.5662360686407,671.5662360686407,0.0,671.5662360686407,0.0,crash
43769,2024-11-18 08:00:00,0.18747171151366454,-1.0385494181048018,-1.2260211296184664,-0.9804495005231766,-1.1679212120368412,-15.411738378547945,-39.57729372203846,-24.165555343490517,-53.04431262055278,-37.632574242004836,-64.57912978307961,-52.895312227199675,11.683817555879934,-69.57035591127648,-4.991226128196871,422.9413081072603,302.1135313898077,-120.8277767174526,234.77843689723613,-188.16287121002415,sideways
14393,2021-07-13 01:00:00,1.8521655053068953,2.52168846402399,0.6695229587170948,2.2944604663804795,0.44229496107358424,303.62474164127804,483.5458210804852,179.92107943920718,415.52070435003367,111.89596270875563,-67.86283304393513,-47.71556288928673,20.147270154648396,-59.29552256902015,8.567310474914976,2018.1237082063901,2917.729105402426,899.6053971960357,2577.603521750168,559.4798135437779,crash
46939,2025-03-30 10:00:00,0.9853872341752719,-0.04433393915490628,-1.029721173330178,0.2377835090531268,-0.747603725122145,54.5268351768071,-7.6437598469037855,-62.17059502371088,-1.9028075067571537,-56.42964268356425,-42.997518824690985,-31.929175682516675,11.06834314217431,-44.08168897223372,-1.0841701475427357,772.6341758840355,461.78120076548106,-310.8529751185544,490.48596246621423,-282.14821341782124,sideways
15017,2021-08-08 01:00:00,1.4054939921158902,2.193680274299435,0.7881862821835446,1.938719681532468,0.5332256894165779,151.69026907280903,312.17559265226276,160.48532357945373,261.36326032697343,109.6729912541644,-67.86283304393513,-47.71556288928694,20.147270154648183,-59.29552256902023,8.567310474914898,1258.4513453640452,2060.877963261314,802.4266178972689,1806.8163016348674,548.3649562708222,strong_trend
22216,2022-06-04 06:00:00,1.3161611934906976,1.9397237012097364,0.6235625077190388,1.5473940809523374,0.23123288746163984,126.04935740329752,167.6090367939444,41.55967939064688,130.03752946360382,3.9881720603062973,-61.02859814985146,-31.041311955724304,29.987286194127158,-50.30610060039105,10.722497549460414,1130.2467870164876,1338.045183969722,207.7983969532345,1150.1876473180191,19.94086030153153,crash
33858,2023-10-02 09:00:00,0.23186759379776792,-0.41576654306899413,-0.6476341368667621,-0.08657094739755379,-0.3184385411953217,-14.407600136389265,-20.13184259839408,-5.724242462004815,-23.02547295123054,-8.617872814841276,-39.20325414025455,-32.94995295217059,6.2533011880839595,-44.011813973452696,-4.808559833198146,427.9619993180537,399.3407870080296,-28.621212310024077,384.8726352438473,-43.0893640742064,sideways
6459,2020-08-15 22:00:00,1.288614173394086,1.288614173394086,0.0,1.288614173394086,0.0,108.6186947329681,108.6186947329681,0.0,108.6186947329681,0.0,-80.92860580676054,-80.92860580676054,0.0,-80.92860580676054,0.0,1043.0934736648405,1043.0934736648405,0.0,1043.0934736648405,0.0,sideways
28493,2023-02-20 19:00:00,-0.49014806325055144,-0.5274318111061197,-0.03728374785556826,-0.39833883392878716,0.09180922932176427,-51.52782195395464,-21.00948602089915,30.518335933055493,-32.673806196464064,18.85401575749058,-64.51603732040898,-27.452802763855498,37.06323455655348,-59.91327111746239,4.60276620294659,242.3608902302268,394.95256989550427,152.59167966527747,336.6309690176797,94.27007878745292,sideways
25832,2022-11-01 22:00:00,0.36458468477621364,1.527116249590438,1.1625315648142243,0.44837086881608357,0.08378618403986993,-11.826861624138441,103.31092135834119,115.13778298247964,7.889731429824121,19.716593053962562,-71.42744665120593,-35.4655970279611,35.961849623244824,-66.42510328507129,5.002343366134639,440.8656918793078,1016.554606791706,575.6889149123981,539.4486571491205,98.58296526981275,sideways
40097,2024-06-18 08:00:00,-0.5318788002644216,-1.1556618641260008,-0.6237830638615792,-1.3591680580564485,-0.8272892577920269,-52.76411547695042,-43.36012048333112,9.4039949936193,-62.524397870408244,-9.760282393457821,-66.79680502741809,-54.07170347188555,12.72510155553254,-69.24951779831292,-2.452712770894834,236.1794226152479,283.19939758334436,47.01997496809648,187.37801064795877,-48.80141196728911,sideways
50952,2025-09-13 15:00:00,0.6874688553881472,-0.29661857023593646,-0.9840874256240837,0.003009814245207068,-0.6844590411429401,26.312159302814674,-11.381414397881551,-37.69357370069623,-10.447818212927029,-36.7599775157417,-45.04371157010959,-35.72666337916745,9.317048190942145,-45.95404219124289,-0.9103306211332978,631.5607965140733,443.09292801059223,-188.4678685034811,447.76090893536485,-183.79988757870848,sideways
33980,2023-10-07 11:00:00,0.4541266683150986,-0.24696912722211445,-0.701095795537213,0.1943259779341113,-0.2598006903809873,3.323218127562133,-14.888676226829734,-18.211894354391866,-7.81509965099697,-11.138317778559102,-39.20325414025451,-32.94995295217063,6.253301188083881,-44.0118139734527,-4.808559833198196,516.6160906378107,425.5566188658513,-91.05947177195935,460.92450174501516,-55.691588892795494,sideways
20930,2022-04-11 16:00:00,1.597163730870804,2.6240910143703764,1.0269272834995724,2.196271206648028,0.5991074757772239,204.23387834527014,334.5839280182879,130.35004967301776,267.0571905079467,62.82331216267656,-59.030610784060386,-29.430012107632177,29.60059867642821,-50.306100600391034,8.724510183669352,1521.1693917263508,2172.9196400914398,651.750248365089,1835.2859525397334,314.11656081338265,crash
20787,2022-04-05 17:00:00,1.6675680453714714,2.676421785399369,1.0088537400278976,2.3469536571629397,0.6793856117914683,228.0041997521701,349.0382276192996,121.03402786712951,309.97187024599526,81.96767049382515,-55.79775469488405,-26.875414047411983,28.922340647472065,-46.50940786373914,9.288346831144906,1640.0209987608505,2245.191138096498,605.1701393356475,2049.8593512299763,409.83835246912577,sideways
21379,2022-04-30 09:00:00,1.5857165122706587,2.5630311389282725,0.9773146266576138,2.1782625705274454,0.5925460582567867,201.7936976671755,319.7914393408013,117.99774167362577,270.9765815335506,69.18288386637508,-59.53289890548723,-29.430012107632177,30.102886797855053,-50.30610060039105,9.226798305096182,1508.9684883358775,2098.9571967040065,589.988708368129,1854.882907667753,345.9144193318755,crash
41638,2024-08-21 13:00:00,0.3259185268424833,-0.48532928414637666,-0.8112478109888599,-0.56459455613749,-0.8905130829799732,-6.762367797652324,-25.85246090980605,-19.090093112153728,-41.60760472615227,-34.84523692849994,-66.79680502741815,-54.16576436101814,12.631040666400004,-69.57035591127654,-2.773550883858391,466.1881610117384,370.73769545096974,-95.45046556076863,291.96197636923864,-174.22618464249973,sideways
16430,2021-10-06 04:00:00,0.8960312160208228,1.5452205746607175,0.6491893586398947,1.2249997525065577,0.3289685364857349,49.59449501152173,97.07724489773328,47.48274988621155,76.5902906953644,26.995795683842672,-54.377549276987025,-39.471578606071255,14.90597067091577,-40.874195682594504,13.503353594392522,747.9724750576087,985.3862244886665,237.4137494310578,882.951453476822,134.97897841921338,strong_trend
8540,2020-11-10 15:00:00,1.5030517206891616,1.5832897547610691,0.08023803407190755,1.5261164778186438,0.023064757129482194,203.3860685850613,249.5618411581907,46.17577257312939,216.6311856362516,13.245117051190277,-80.92860580676054,-80.92860580676054,0.0,-80.92860580676054,0.0,1516.9303429253064,1747.8092057909535,230.87886286564708,1583.1559281812579,66.2255852559515,sideways
17099,2021-11-03 01:00:00,0.8419498448917342,1.20469744628972,0.3627476013979858,1.014758856318983,0.17280901142724892,42.70794294253519,61.956471004990135,19.248528062454945,53.00053944563281,10.29259650309762,-54.377549276987146,-39.471578606071276,14.90597067091587,-40.87419568259445,13.5033535943927,713.539714712676,809.7823550249507,96.24264031227472,765.002697228164,51.46298251548808,sideways
1161,2020-01-07 16:00:00,1.167287755902003,1.167287755902003,0.0,1.167287755902003,0.0,96.81061093341347,96.81061093341347,0.0,96.81061093341347,0.0,-58.419811399615405,-58.419811399615405,0.0,-58.419811399615405,0.0,984.0530546670674,984.0530546670674,0.0,984.0530546670674,0.0,sideways
5429,2020-07-04 00:00:00,1.36329292382369,1.36329292382369,0.0,1.36329292382369,0.0,139.03663517533965,139.03663517533965,0.0,139.03663517533965,0.0,-80.92860580676056,-80.92860580676056,0.0,-80.92860580676056,0.0,1195.1831758766982,1195.1831758766982,0.0,1195.1831758766982,0.0,sideways
4606,2020-05-30 14:00:00,1.2144152596215756,1.2144152596215756,0.0,1.2144152596215756,0.0,90.4019748555774,90.4019748555774,0.0,90.4019748555774,0.0,-80.92860580676056,-80.92860580676056,0.0,-80.92860580676056,0.0,952.009874277887,952.009874277887,0.0,952.009874277887,0.0,sideways
39466,2024-05-23 01:00:00,-0.5319819843663405,-1.0464238581242296,-0.5144418737578891,-1.2316691544068725,-0.699687170040532,-52.530991758858335,-40.51340852555497,12.017583233303363,-59.39387375446354,-6.862881995605207,-64.88646065282597,-51.4647973089062,13.421663343919775,-68.10150706122337,-3.2150464083973986,237.34504120570836,297.43295737222513,60.08791616651678,203.03063122768225,-34.314409978026106,sideways
36950,2024-02-08 05:00:00,0.29471670734304206,-0.4370075265908521,-0.7317242339338942,-0.11364235225523416,-0.40835905959827623,-10.8318909575568,-23.669377628767364,-12.837486671210565,-26.17600148038366,-15.344110522826861,-59.595710422393765,-43.929254856663036,15.666455565730729,-58.56299578559867,1.0327146367950917,445.840545212216,381.6531118561632,-64.1874333560528,369.1199925980817,-76.7205526141343,sideways
35641,2023-12-15 16:00:00,0.3894598450077213,-0.7315896691448828,-1.121049514152604,0.14537326828229,-0.2440865767254313,-3.078417104422737,-32.66774178792618,-29.589324683503445,-12.294027575275756,-9.215610470853019,-42.47172642944459,-37.932486306588785,4.5392401228558015,-46.034538774691946,-3.562812345247359,484.6079144778863,336.6612910603691,-147.94662341751723,438.5298621236212,-46.07805235426508,sideways
23625,2022-08-01 23:00:00,0.8545345805925293,1.6173169929386428,0.7627824123461135,0.837042112775513,-0.0174924678170163,43.000902586997604,115.46326814897641,72.4623655619788,40.43028799633155,-2.570614590666054,-62.60478884831306,-31.792799253881988,30.811989594431076,-56.441619771070314,6.163169077242749,715.004512934988,1077.316340744882,362.3118278098939,702.1514399816577,-12.853072953330297,sideways
36678,2024-01-27 21:00:00,0.30830372666488387,-0.6991723571680029,-1.0074760838328867,-0.27619540667181575,-0.5844991333366996,-9.644717643335966,-31.131016101513108,-21.486298458177142,-33.416364861543634,-23.77164721820767,-59.59571042239372,-43.929254856663135,15.666455565730587,-57.57293807833164,2.0227723440620835,451.77641178332016,344.3449194924344,-107.43149229088573,332.9181756922818,-118.85823609103835,sideways
8249,2020-10-29 12:00:00,1.8180705844695728,1.88652892389394,0.06845833942436719,1.8130724896878527,-0.004998094781720086,423.82484814426704,489.3268433892688,65.50199524500175,418.9387333094967,-4.886114834770353,-80.92860580676054,-80.92860580676054,0.0,-80.92860580676054,0.0,2619.124240721335,2946.634216946344,327.50997622500927,2594.693666547483,-24.43057417385171,sideways
46068,2025-02-22 03:00:00,1.5500877022491348,0.29881592106688537,-1.2512717811822496,0.33737879546116106,-1.2127089067879737,132.42133259277878,4.3276484738570264,-128.09368411892174,3.8489519499083524,-128.57238064287043,-42.99751882469095,-31.92917568251652,11.068343142174431,-44.08168897223375,-1.0841701475427996,1162.1066629638938,521.6382423692851,-640.4684205946087,519.2447597495418,-642.861903214352,sideways
25629,2022-10-24 11:00:00,0.35169469644479306,1.5867966160686902,1.235101919623897,0.592813091477092,0.24111839503229898,-12.787553393103545,110.5010288597256,123.28858225282914,18.997555290640488,31.785108683744035,-71.4274466512058,-35.46559702796153,35.96184962324427,-66.42510328507146,5.00234336613434,436.0622330344823,1052.505144298628,616.4429112641458,594.9877764532024,158.9255434187201,sideways
47983,2025-05-12 22:00:00,0.6171993353625556,-0.3467594573495721,-0.9639587927121276,0.05033256928294593,-0.5668667660796096,20.993653824616842,-15.915895779654143,-36.909549604270985,-11.437510826646157,-32.431164651263,-38.3237080177907,-25.649591401926585,12.674116615864115,-34.781682448704345,3.5420255690863556,604.9682691230842,420.42052110172926,-184.5477480213549,442.8124458667692,-162.15582325631493,sideways
7791,2020-10-10 10:00:00,1.598967603604838,1.6689820525314754,0.07001444892663744,1.6232359902043736,0.024268386599535674,257.57260370217693,303.93306236207474,46.3604586598978,273.04567760909026,15.473073906913328,-80.92860580676054,-80.92860580676054,0.0,-80.92860580676054,0.0,1787.8630185108848,2019.6653118103739,231.80229329948907,1865.2283880454515,77.36536953456675,sideways
25439,2022-10-16 13:00:00,0.4433790190689471,1.6172383389881677,1.1738593199192207,0.589548625039493,0.1461696059705459,-4.7443949425680865,114.29239412919299,119.03678907176108,18.727370135029318,23.471765077597404,-71.42744665120571,-35.46559702796153,35.961849623244184,-66.4251032850713,5.002343366134411,476.27802528715955,1071.461970645965,595.1839453588054,593.6368506751465,117.358825387987,sideways
35618,2023-12-14 17:00:00,0.4798040219969186,-0.6738822903638162,-1.1536863123607348,0.20032687922911593,-0.27947714276780267,4.545419540046525,-31.071914830118274,-35.6173343701648,-9.024113643824872,-13.569533183871396,-41.60815705432943,-37.666325366328756,3.9418316880006756,-46.016308075752434,-4.408151021423002,522.7270977002327,344.64042584940864,-178.08667185082402,454.8794317808756,-67.84766591935704,sideways
25352,2022-10-12 22:00:00,0.38445872693701816,1.5531760830150452,1.168717356078027,0.5374249221186072,0.152966195181589,-10.238595920034077,106.9088637488508,117.14745966888488,14.562588898625828,24.801184818659905,-71.4274466512059,-35.46559702796118,35.96184962324472,-66.42510328507132,5.002343366134582,448.80702039982964,1034.544318744254,585.7372983444244,572.8129444931292,124.00592409329954,sideways
22821,2022-06-29 11:00:00,0.9735703067359355,1.6956039131764356,0.7220336064405001,1.23322025500768,0.2596499482717446,60.941449188498865,126.23460793072891,65.29315874223005,83.6029922259714,22.66154303747254,-62.58009353127868,-31.792799253881988,30.78729427739669,-50.30610060039111,12.273992930887566,804.7072459424943,1131.1730396536445,326.46579371115024,918.014961129857,113.30771518736276,crash
8502,2020-11-09 01:00:00,1.418005737872394,1.5057152198874673,0.08770948201507323,1.4402958978042195,0.02229015993182548,161.8442723304265,206.15609649969963,44.31182416927314,173.2757729671399,11.431500636713395,-80.92860580676053,-80.92860580676053,0.0,-80.92860580676053,0.0,1309.2213616521324,1530.780482498498,221.55912084636566,1366.3788648356995,57.15750318356709,sideways
19489,2022-02-10 15:00:00,1.567718250099581,2.299758015212818,0.7320397651132369,2.108825274674466,0.5411070245748848,197.52406588318556,268.54583445864586,71.0217685754603,254.0496923237055,56.52562644051994,-48.518992963760965,-33.83551632375027,14.683476640010696,-45.8798886474272,2.639104316333764,1487.6203294159277,1842.7291722932293,355.10884287730164,1770.2484616185275,282.6281322025998,sideways
12213,2021-04-13 00:00:00,0.9184691053480398,1.186485671515529,0.26801656616748915,1.0660986703956745,0.1476295650476347,40.522511178740814,102.30135579530422,61.778844616563404,73.8457902240818,33.32327904534098,-67.86283304393514,-55.67862230673608,12.18421073719906,-59.29552256902014,8.567310474914997,702.6125558937041,1011.5067789765211,308.894223082817,869.228951120409,166.61639522670487,sideways
15422,2021-08-25 02:00:00,1.2777902586354022,2.0891614612317735,0.8113712025963713,1.7452477262443338,0.4674574676089316,115.4045885118574,224.76696830560007,109.36237979374268,178.03474703980805,62.630158527950655,-67.86283304393518,-47.71556288928692,20.14727015464826,-59.295522569020434,8.567310474914748,1077.022942559287,1623.8348415280004,546.8118989687134,1390.1737351990403,313.15079263975326,sideways
34972,2023-11-17 19:00:00,0.9208314801834259,0.19997906408872193,-0.720852416094704,0.8016457897365165,-0.11918569044690941,52.55491007927829,-0.038279101720861686,-52.59318918099915,36.303448221591,-16.25146185768729,-41.52170678372804,-32.94995295217051,8.57175383155753,-46.016308075752335,-4.494601292024292,762.7745503963914,499.80860449139567,-262.96594590499575,681.517241107955,-81.25730928843643,sideways
32240,2023-07-26 23:00:00,0.46500321233884195,-0.20456710251572355,-0.6695703148545655,0.061490843325588476,-0.4035123690132535,4.280516281292024,-13.192709459395235,-17.47322574068726,-14.931736087591641,-19.212252368883664,-42.599208967020154,-30.10102531987886,12.498183647141293,-43.053319200449344,-0.45411023342919066,521.4025814064602,434.0364527030238,-87.36612870343635,425.3413195620418,-96.06126184441837,sideways
31059,2023-06-07 18:00:00,0.3546260654541131,-0.2307294072767115,-0.5853554727308247,-0.24516582573657325,-0.5997918911906863,-7.066866706703168,-14.575333719173678,-7.5084670124705095,-30.48060926500209,-23.41374255829892,-60.00774965870317,-30.101025319878914,29.906724338824255,-57.177230852128005,2.8305188065751636,464.66566646648414,427.1233314041316,-37.54233506235255,347.59695367498955,-117.06871279149459,sideways
18507,2021-12-31 17:00:00,1.7073426507979361,2.3297324245015814,0.6223897737036452,2.154170775671833,0.446828124873897,235.83731150984465,266.41062679364893,30.573315283804277,239.40713413230665,3.5698226224619987,-44.78454683946791,-39.47157860607121,5.312968233396695,-39.409048666906386,5.375498172561521,1679.1865575492234,1832.0531339682448,152.86657641902138,1697.0356706615332,17.84911311230985,crash
49090,2025-06-28 01:00:00,1.1003539664452988,-0.011542972693491525,-1.1118969391387903,0.47209581100363796,-0.6282581554416609,64.79870850237681,-5.23033261042597,-70.02904111280279,11.768137813456514,-53.0305706889203,-37.50261718217535,-30.24147331187962,7.261143870295729,-33.27692739545564,4.2256897867197125,823.993542511884,473.84833694787017,-350.14520556401385,558.8406890672826,-265.1528534446014,sideways
4483,2020-05-25 11:00:00,1.3792882945732132,1.3792882945732132,0.0,1.3792882945732132,0.0,151.066548164646,151.066548164646,0.0,151.066548164646,0.0,-80.92860580676054,-80.92860580676054,0.0,-80.92860580676054,0.0,1255.33274082323,1255.33274082323,0.0,1255.33274082323,0.0,sideways
17524,2021-11-20 18:00:00,1.1472320901495319,1.852682974806553,0.7054508846570211,1.5697506592750425,0.42251856912551067,91.24777659999236,157.6513546658682,66.40357806587585,123.17548898121858,31.927712381226215,-54.377549276987125,-39.471578606071034,14.90597067091609,-40.85814881320711,13.519400463780016,956.2388829999619,1288.256773329341,332.01789032937916,1115.877444906093,159.63856190613103,sideways
6036,2020-07-29 07:00:00,1.1175600069419978,1.1175600069419978,0.0,1.1175600069419978,0.0,56.43339705500801,56.43339705500801,0.0,56.43339705500801,0.0,-80.92860580676053,-80.92860580676053,0.0,-80.92860580676053,0.0,782.16698527504,782.16698527504,0.0,782.16698527504,0.0,strong_trend
17337,2021-11-12 23:00:00,1.0581682619410124,1.8080092883842578,0.7498410264432454,1.5582463925888266,0.5000781306478141,74.67722239217184,148.93607199949906,74.25884960732722,120.69451643129115,46.01729403911931,-54.377549276987125,-39.47157860607109,14.905970670916034,-40.874195682594326,13.503353594392799,873.3861119608592,1244.6803599974953,371.2942480366361,1103.4725821564557,230.08647019559646,sideways
49202,2025-07-02 17:00:00,1.1489513347889093,-0.03807547153338133,-1.1870268063222906,0.36211840223158753,-0.7868329325573218,69.86840669792936,-5.976458246009475,-75.84486494393883,5.729249408482406,-64.13915728944696,-40.598383588600086,-31.283380969681318,9.315002618918768,-35.845199308053125,4.753184280546961,849.3420334896467,470.1177087699526,-379.2243247196941,528.646247042412,-320.6957864472347,sideways
18735,2022-01-10 05:00:00,1.8649744473053205,2.390614720193302,0.5256402728879817,2.3844070644454725,0.519432617140152,297.139323230924,280.608063493831,-16.531259737092967,303.8007584738084,6.661435242884409,-44.7845468394679,-39.47157860607117,5.312968233396731,-39.40904866690631,5.375498172561592,1985.69661615462,1903.040317469155,-82.65629868546489,2019.003792369042,33.30717621442204,crash
46475,2025-03-11 02:00:00,1.2496213337236362,0.09891098328116946,-1.1507103504424667,0.22417865717475793,-1.0254426765488782,83.08692089661281,-2.7457256564768495,-85.83264655308966,-2.0224328328343866,-85.1093537294472,-42.99751882469104,-31.929175682516654,11.068343142174388,-44.0816889722337,-1.0841701475426575,915.434604483064,486.27137171761575,-429.1632327654483,489.88783583582807,-425.546768647236,crash
25323,2022-10-11 17:00:00,0.3579737266227486,1.5071054563405866,1.1491317297178378,0.4994996728531245,0.1415259462303759,-12.512414236127468,101.32256503866115,113.83497927478862,11.660511823887498,24.172926060014966,-71.42744665120583,-35.46559702796144,35.96184962324439,-66.42510328507127,5.0023433661345535,437.43792881936264,1006.6128251933058,569.174896373943,558.3025591194375,120.86463030007491,crash
35791,2023-12-21 22:00:00,0.1600782661722234,-1.0079091466400076,-1.167987412812231,-0.004489331051007316,-0.16456759722323072,-19.708028852788072,-40.00418896768155,-20.29616011489348,-20.428313574573977,-0.7202847217859052,-51.42614009425678,-44.20524916258357,7.22089093167321,-52.36933722792724,-0.9431971336704592,401.45985573605964,299.9790551615922,-101.48080057446742,397.85843212713013,-3.601423608929508,sideways
23397,2022-07-23 11:00:00,0.8666210105340026,1.6111767149895977,0.744555704455595,0.8655104859405544,-0.0011105245934482921,44.415235144914014,116.14805483947124,71.73281969455724,43.462180563812744,-0.9530545811012701,-62.604788848313085,-31.792799253881967,30.811989594431118,-54.931102586529754,7.673686261783331,722.07617572457,1080.7402741973563,358.66409847278624,717.3109028190637,-4.765272905506322,sideways
13599,2021-06-09 23:00:00,1.1532398045670984,1.9793542226205636,0.8261144180534652,1.7651323400149224,0.611892535447824,94.07508969343819,290.5072498034689,196.43216011003068,234.543238469286,140.4681487758478,-67.86283304393523,-47.7155628892868,20.147270154648425,-59.29552256902031,8.567310474914919,970.375448467191,1952.5362490173443,982.1608005501533,1672.71619234643,702.3407438792391,crash
39091,2024-05-07 10:00:00,-0.1895437283107283,-0.7879671774527814,-0.5984234491420531,-0.6896322695185056,-0.5000885412077773,-37.6196702448753,-33.48574513232146,4.13392511255384,-43.537827091091316,-5.918156846216014,-64.88646065282599,-43.41712157937182,21.469339073454165,-57.13445364001417,7.752007012811816,311.90164877562347,332.5712743383927,20.669625562769227,282.3108645445434,-29.59078423108008,sideways
49575,2025-07-18 06:00:00,0.6512099962233898,-0.44107105787033074,-1.0922810540937204,-0.06752929003701853,-0.7187392862604084,23.654703944353116,-16.79251158689833,-40.447215531251445,-14.71226106000949,-38.366965004362605,-40.59838358860047,-31.283380969680863,9.315002618919607,-36.78559133546542,3.8127922531350507,618.2735197217656,416.03744206550834,-202.2360776562573,426.4386946999525,-191.83482502181312,sideways
13479,2021-06-04 23:00:00,1.121417113819901,1.8649216241133826,0.7435045102934816,1.6837651669547602,0.5623480531348592,87.99267784729683,264.76625307413696,176.77357522684014,217.94993046845326,129.95725262115644,-67.86283304393525,-47.71556288928684,20.14727015464841,-59.295522569020335,8.567310474914919,939.9633892364842,1823.8312653706848,883.8678761342006,1589.7496523422662,649.786263105782,crash
39834,2024-06-07 09:00:00,-0.580999399874803,-1.1065571536535157,-0.5255577537787127,-1.3167677784304654,-0.7357683785556625,-54.3443963830243,-42.16970027838973,12.17469610463457,-61.47779431908995,-7.1333979360656485,-66.72555296487228,-53.87850008929427,12.847052875578008,-69.24951779831281,-2.5239648334405302,228.27801808487843,289.1514986080513,60.8734805231729,192.61102840455027,-35.66698968032816,sideways
13357,2021-05-30 21:00:00,1.147308380159837,1.7703028213017624,0.6229944411419255,1.6012045212077834,0.4538961410479465,93.65492578481624,244.07808729004864,150.4231615052324,199.91700988675126,106.26208410193502,-67.86283304393511,-47.71556288928656,20.147270154648552,-59.29552256902015,8.567310474914962,968.2746289240812,1720.3904364502432,752.115807526162,1499.5850494337565,531.3104205096753,crash
36670,2024-01-27 13:00:00,0.3373092885638686,-0.6714508545084976,-1.0087601430723663,-0.259077249334418,-0.5963865378982867,-7.380730719319462,-30.344608750629398,-22.963878031309935,-32.65605365674017,-25.275322937420707,-59.59571042239372,-43.929254856663135,15.666455565730587,-57.572938078331504,2.0227723440622185,463.0963464034027,348.276956246853,-114.81939015654973,336.7197317162992,-126.37661468710354,sideways
40359,2024-06-29 06:00:00,-0.4865969946194799,-1.1218848459142385,-0.6352878512947586,-1.319727920536762,-0.8331309259172821,-50.309673142802325,-42.49672253256686,7.812950610235468,-61.50900628858176,-11.199333145779434,-66.79680502741809,-54.07170347188555,12.72510155553254,-69.57035591127647,-2.773550883858377,248.45163428598835,287.5163873371657,39.06475305117738,192.4549685570912,-55.99666572889714,crash
22985,2022-07-06 07:00:00,0.9022423182824374,1.6404178457541494,0.738175527471712,1.0482409422624068,0.14599862397996943,49.826911739114706,120.02355630616827,70.19664456705357,62.42231334683519,12.595401607720483,-62.58009353127867,-31.792799253881967,30.787294277396704,-50.306100600391055,12.273992930887616,749.1345586955736,1100.1177815308413,350.9832228352677,812.111566734176,62.977008038602435,crash
37694,2024-03-10 05:00:00,-0.34351393735776803,-0.9554803568514568,-0.6119664194936888,-0.8455690394590535,-0.5020551021012855,-48.234902711715854,-39.349135519676736,8.885767192039118,-51.13565108558511,-2.9007483738692557,-64.88646065282599,-43.41712157937169,21.4693390734543,-54.89660517529269,9.989855477533297,258.8254864414207,303.2543224016163,44.42883596019561,244.32174457207446,-14.503741869346243,sideways
13925,2021-06-23 13:00:00,1.4738672808830982,2.06835756291247,0.594490282029372,1.9112623249526264,0.4373950440695282,172.52863201155483,308.43864239822426,135.91001038666943,274.04773473868283,101.519102727128,-67.86283304393514,-47.71556288928673,20.14727015464841,-59.29552256902013,8.567310474915011,1362.6431600577741,2042.1932119911212,679.550051933347,1870.2386736934143,507.59551363564015,crash
4053,2020-05-07 13:00:00,1.0834372977338116,1.0834372977338116,0.0,1.0834372977338116,0.0,60.668050428118406,60.668050428118406,0.0,60.668050428118406,0.0,-80.92860580676057,-80.92860580676057,0.0,-80.92860580676057,0.0,803.340252140592,803.340252140592,0.0,803.340252140592,0.0,sideways
4930,2020-06-13 02:00:00,1.226434863608702,1.226434863608702,0.0,1.226434863608702,0.0,91.28921587489015,91.28921587489015,0.0,91.28921587489015,0.0,-80.92860580676056,-80.92860580676056,0.0,-80.92860580676056,0.0,956.4460793744507,956.4460793744507,0.0,956.4460793744507,0.0,sideways
22866,2022-07-01 08:00:00,0.9226164832771898,1.6505926441242258,0.727976160847036,1.194508184063365,0.2718917007861751,52.94875439883884,121.03018816416156,68.08143376532271,79.0547826269031,26.106028228064268,-62.580093531278735,-31.792799253881864,30.78729427739687,-50.306100600391034,12.273992930887701,764.7437719941942,1105.1509408208078,340.40716882661366,895.2739131345155,130.53014114032135,crash
46169,2025-02-26 08:00:00,1.48350528034007,0.27333782537005064,-1.2101674549700192,0.2954766080701865,-1.1880286722698834,121.98838927523043,3.3295322116627446,-118.6588570635677,1.506197687202171,-120.48219158802826,-42.99751882469097,-31.929175682516544,11.068343142174427,-44.081688972233735,-1.084170147542764,1109.9419463761521,516.6476610583137,-593.2942853178384,507.53098843601083,-602.4109579401413,crash
6525,2020-08-18 16:00:00,1.215061410501022,1.215061410501022,0.0,1.215061410501022,0.0,82.29133457950857,82.29133457950857,0.0,82.29133457950857,0.0,-80.92860580676056,-80.92860580676056,0.0,-80.92860580676056,0.0,911.4566728975428,911.4566728975428,0.0,911.4566728975428,0.0,sideways
23313,2022-07-19 23:00:00,0.9138441682024916,1.6595574204363122,0.7457132522338206,1.0049572441753833,0.09111307597289175,51.427163317001416,122.53670640213099,71.10954308512957,57.987861672253736,6.56069835525232,-62.60478884831312,-31.79279925388194,30.81198959443118,-54.84770234835787,7.75708649995525,757.1358165850071,1112.683532010655,355.5477154256479,789.9393083612687,32.80349177626158,strong_trend
36012,2023-12-31 03:00:00,0.020439686164944727,-1.1225557965064084,-1.142995482671353,-0.0391059647054402,-0.05954565087038492,-27.230948720402214,-42.4458020270506,-15.214853306648383,-21.7921960545462,5.438752665856015,-56.38459752537032,-46.338046413013345,10.046551112356973,-55.46185371888524,0.9227438064850801,363.8452563979889,287.77098986474704,-76.07426653324188,391.039019727269,27.193763329280102,sideways
10351,2021-01-25 08:00:00,1.5085660565991899,1.7973555990582535,0.28878954245906363,1.6208136299510043,0.11224757335181446,213.3710518663603,373.77039316184585,160.39934129548556,268.45906034680456,55.08800848044427,-59.732004867985,-55.67862230673604,4.053382561248959,-55.67862230673604,4.053382561248959,1566.8552593318016,2368.851965809229,801.9967064774276,1842.2953017340226,275.440042402221,crash
36912,2024-02-06 15:00:00,0.3227757733873562,-0.5190999590231419,-0.8418757324104981,-0.09996403372537391,-0.42273980711273007,-8.658292892032826,-26.139220527426943,-17.480927635394117,-25.50072404279661,-16.842431150763783,-59.595710422393736,-43.929254856662645,15.666455565731091,-58.5629957855986,1.0327146367951343,456.70853553983585,369.3038973628653,-87.40463817697054,372.496379786017,-84.21215575381888,sideways
15650,2021-09-03 14:00:00,0.33980261706400816,0.7942049494334338,0.4544023323694256,0.5429967629109224,0.2031941458469142,-10.401545164289205,34.920569309695004,45.32211447398421,14.630369271720456,25.03191443600966,-67.86283304393528,-47.7155628892869,20.147270154648382,-59.29552256902031,8.567310474914976,447.992274178554,674.602846548475,226.610572369921,573.1518463586023,125.15957218004826,sideways
41364,2024-08-10 03:00:00,0.0053944059332253205,-0.7083350407529567,-0.713729446686182,-0.8497096145931918,-0.8551040205264171,-28.263652068864452,-32.04504185149308,-3.7813897826286293,-50.657450732875816,-22.393798664011364,-66.79680502741826,-54.16576436101824,12.631040666400018,-69.57035591127656,-2.773550883858306,358.68173965567775,339.7747907425346,-18.90694891314314,246.7127463356209,-111.96899332005685,sideways
29628,2023-04-09 03:00:00,0.26890235140791746,-0.08514440267666028,-0.35404675408457775,-0.11100217482106228,-0.37990452622897974,-13.301541396293215,-9.26749798997346,4.034043406319755,-24.563808141075484,-11.262266744782268,-60.00774965870323,-27.698667493743567,32.30908216495966,-57.662122228696276,2.3456274300069566,433.4922930185339,453.6625100501327,20.17021703159878,377.1809592946226,-56.31133372391133,sideways
27975,2023-01-30 05:00:00,-0.674770068207742,-0.5298208839927594,0.1449491842149826,-1.0134973967817142,-0.33872732857397225,-59.20629433344007,-21.844546272598762,37.36174806084131,-52.98240206669133,6.2238922667487415,-67.35795657843848,-27.816589015944302,39.54136756249417,-63.87583682397218,3.4821197544662965,203.96852833279965,390.77726863700616,186.8087403042065,235.08798966654336,31.119461333743715,sideways
9042,2020-12-01 14:00:00,1.761166242531012,1.834002126891951,0.07283588436093913,1.7066775682359876,-0.05448867429502435,373.7115475720493,432.86301338571633,59.151465813667016,331.5777806194131,-42.13376695263622,-80.92860580676054,-80.92860580676054,0.0,-80.92860580676054,0.0,2368.5577378602466,2664.3150669285815,295.7573290683349,2157.8889030970654,-210.66883476318117,sideways
23693,2022-08-04 19:00:00,0.7401281293882793,1.5298535721675641,0.7897254427792848,0.7345550355485613,-0.005573093839718046,27.907319988479216,104.74108453318749,76.83376454470827,30.992186655457623,3.0848666669784066,-63.77113581199099,-31.792799253881977,31.97833655810901,-58.64378031107735,5.127355500913637,639.536599942396,1023.7054226659375,384.16882272354144,654.9609332772881,15.424333334892026,sideways
43817,2024-11-20 08:00:00,0.18606834779974588,-1.0051429451291012,-1.191211292928847,-1.007126196503271,-1.1931945443030167,-15.298040711958393,-38.656782318477546,-23.358741606519153,-53.5621874706643,-38.264146758705905,-64.57912978307967,-52.89531222719969,11.683817555879976,-69.57035591127645,-4.991226128196786,423.50979644020805,306.7160884076123,-116.79370803259576,232.1890626466785,-191.32073379352954,sideways
998,2019-12-31 21:00:00,0.5133186894818174,0.5133186894818174,0.0,0.5133186894818174,0.0,-0.8958976884730352,-0.8958976884730352,0.0,-0.8958976884730352,0.0,-58.419811399615455,-58.419811399615455,0.0,-58.419811399615455,0.0,495.52051155763485,495.52051155763485,0.0,495.52051155763485,0.0,sideways
38799,2024-04-25 06:00:00,0.13676707885982434,-0.37011869844519146,-0.5068857773050158,-0.3459867734132093,-0.4827538522730337,-19.328563415434765,-20.98133462545607,-1.6527712100213066,-30.861051225441795,-11.53248781000703,-64.88646065282599,-43.41712157937193,21.46933907345406,-54.896605175292656,9.989855477533332,403.3571829228262,395.0933268727196,-8.263856050106597,345.69474387279104,-57.662439050035175,sideways
25205,2022-10-06 19:00:00,0.3213896595580877,1.45559510613093,1.1342054465728424,0.4475164457111601,0.12612678615307243,-15.490526186847653,95.16824297293869,110.65876915978635,7.85954392903887,23.350070115886524,-71.4274466512059,-35.46559702796138,35.96184962324452,-66.42510328507149,5.002343366134411,422.54736906576176,975.8412148646935,553.2938457989317,539.2977196451943,116.75035057943256,sideways
36801,2024-02-02 00:00:00,0.14887768727687362,-0.809035770011394,-0.9579134572882677,-0.2827024152006163,-0.4315801024774899,-20.928036962628827,-34.09557781334828,-13.167540850719451,-33.83626760929016,-12.908230646661334,-59.59571042239371,-43.92925485666307,15.666455565730637,-57.572938078331724,2.022772344061984,395.3598151868559,329.5221109332586,-65.83770425359728,330.8186619535492,-64.54115323330666,sideways
33929,2023-10-05 08:00:00,0.4062005970193937,-0.27887500188690567,-0.6850755989062993,0.13192640129972016,-0.27427419571967354,-0.7376806140530823,-15.898534884154813,-15.16085427010173,-11.438230565880081,-10.700549951827,-39.20325414025445,-32.94995295217065,6.253301188083803,-44.011813973452995,-4.808559833198544,496.3115969297346,420.50732557922595,-75.80427135050866,442.8088471705996,-53.502749759134986,sideways
22102,2022-05-30 12:00:00,1.5486490532721509,2.318086561912507,0.769437508640356,1.952842160535908,0.40419310726375723,186.4897230108407,244.40942236784716,57.919699357006465,209.54433702172156,23.05461401088087,-61.02859814985153,-31.041311955724403,29.98728619412713,-50.306100600391055,10.722497549460478,1432.4486150542034,1722.0471118392359,289.59849678503247,1547.7216851086077,115.27307005440434,crash
15788,2021-09-09 08:00:00,0.39980770829529855,0.8806273005508457,0.48081959225554716,0.6075378408773038,0.20773013258200523,-4.540204615640575,41.32288854446398,45.863093160104555,20.069867650892427,24.610072266533003,-62.44311971267674,-39.47157860607109,22.97154110660565,-52.43099094194218,10.012128770734563,477.29897692179713,706.6144427223198,229.3154658005227,600.3493382544622,123.05036133266503,sideways
32088,2023-07-20 15:00:00,0.5228522968649417,-0.193436179581116,-0.7162884764460578,0.0939622539771326,-0.42889004288780913,9.384521952843695,-12.838192214449561,-22.222714167293255,-13.149585354803628,-22.534107307647325,-43.880991187464915,-30.10102531987893,13.779965867585986,-43.05331920044936,0.827671987015556,546.9226097642185,435.80903892775217,-111.1135708364663,434.25207322598186,-112.6705365382366,sideways
7172,2020-09-14 15:00:00,1.5308865035046997,1.5308865035046997,0.0,1.5308865035046997,0.0,217.64081040232867,217.64081040232867,0.0,217.64081040232867,0.0,-80.92860580676053,-80.92860580676053,0.0,-80.92860580676053,0.0,1588.2040520116434,1588.2040520116434,0.0,1588.2040520116434,0.0,sideways
29877,2023-04-19 12:00:00,0.12227337010797579,-0.29992442460838203,-0.4221977947163578,-0.46440355072533857,-0.5866769208333144,-23.38788024775039,-16.023284024360184,7.364596223390208,-39.298868632684645,-15.910988384934253,-60.007749658703126,-27.698667493743468,32.30908216495966,-57.63610379356132,2.371645865141808,383.06059876124806,419.8835798781991,36.82298111695104,303.50565683657675,-79.55494192467131,sideways
4843,2020-06-09 11:00:00,1.2609111554776393,1.2609111554776393,0.0,1.2609111554776393,0.0,103.0281021673019,103.0281021673019,0.0,103.0281021673019,0.0,-80.92860580676054,-80.92860580676054,0.0,-80.92860580676054,0.0,1015.1405108365095,1015.1405108365095,0.0,1015.1405108365095,0.0,sideways
33240,2023-09-06 15:00:00,0.39180411543861743,-0.22142222464450453,-0.6132263400831219,0.12502711525940494,-0.26677700017921246,-1.8967772225061852,-13.974874773606437,-12.078097551100253,-11.605794357327316,-9.709017134821131,-39.20325414025455,-32.26818048130268,6.935073658951872,-43.05331920044934,-3.850065060194787,490.5161138874691,430.1256261319678,-60.39048775550128,441.9710282133634,-48.54508567410568,sideways
32161,2023-07-23 16:00:00,0.5153580556722072,-0.19867350726656957,-0.7140315629387768,0.08014348984930396,-0.4352145658229032,8.711455873877938,-13.002585089478124,-21.714040963356062,-13.890933381905523,-22.60238925578346,-43.88099118746508,-30.101025319879128,13.77996586758595,-43.05331920044958,0.8276719870154992,543.5572793693897,434.9870745526094,-108.57020481678029,430.54533309047235,-113.01194627891732,sideways
4319,2020-05-18 15:00:00,1.1680821674880628,1.1680821674880628,0.0,1.1680821674880628,0.0,80.6862235987501,80.6862235987501,0.0,80.6862235987501,0.0,-80.92860580676054,-80.92860580676054,0.0,-80.92860580676054,0.0,903.4311179937505,903.4311179937505,0.0,903.4311179937505,0.0,sideways
38747,2024-04-23 02:00:00,0.09498359773871314,-0.4461071701855312,-0.5410907679242444,-0.4068025825182311,-0.5017861802569442,-22.114310692542006,-23.58827173699489,-1.473961044452885,-33.430296541795336,-11.31598584925333,-64.886460652826,-43.41712157937185,21.46933907345415,-54.89660517529269,9.989855477533311,389.42844653729,382.0586413150255,-7.3698052222644606,332.8485172910233,-56.57992924626666,sideways
21269,2022-04-25 19:00:00,1.6227680153616684,2.6043316030574615,0.9815635876957931,2.2218581529556105,0.5990901375939421,211.87365729581353,327.7768813160085,115.90322402019495,277.48774872496614,65.61409142915261,-59.030610784060464,-29.430012107632198,29.600598676428266,-50.306100600391076,8.724510183669388,1559.3682864790676,2138.8844065800427,579.5161201009751,1887.4387436248307,328.07045714576316,crash
40250,2024-06-24 17:00:00,-0.3862684256529229,-1.0352599191864784,-0.6489914935335555,-1.250066402883946,-0.8637979772310231,-46.989585077185424,-40.41840391874712,6.571181158438307,-59.89474483953454,-12.905159762349115,-66.79680502741816,-54.07170347188539,12.725101555532767,-69.2495177983129,-2.4527127708947347,265.05207461407286,297.9079804062644,32.85590579219155,200.52627580232732,-64.52579881174555,crash
2128,2020-02-17 00:00:00,0.4959303089266115,0.4959303089266115,0.0,0.4959303089266115,0.0,-19.26064369180045,-19.26064369180045,0.0,-19.26064369180045,0.0,-80.92860580676056,-80.92860580676056,0.0,-80.92860580676056,0.0,403.69678154099773,403.69678154099773,0.0,403.69678154099773,0.0,sideways
9179,2020-12-07 07:00:00,1.749662949236793,1.8470711027468114,0.09740815351001841,1.7018205507913682,-0.047842398445424816,364.35060534931597,443.69929647433287,79.3486911250169,327.9595838380127,-36.39102151130328,-80.92860580676056,-80.92860580676056,0.0,-80.92860580676056,0.0,2321.75302674658,2718.4964823716646,396.7434556250846,2139.7979191900636,-181.9551075565164,sideways
25268,2022-10-09 10:00:00,0.33490386280327294,1.47325337768597,1.138349514882697,0.46694158482953707,0.13203772202626413,-14.382636251564307,97.14048893604435,111.52312518760866,9.273545197198963,23.65618144876327,-71.42744665120593,-35.465597027961095,35.96184962324483,-66.4251032850712,5.002343366134724,428.0868187421785,985.7024446802217,557.6156259380432,546.3677259859949,118.28090724381639,sideways
9628,2020-12-26 05:00:00,1.3913011446949788,1.6282468135060475,0.2369456688110687,1.4792469944694349,0.08794584977445608,154.4665820280355,278.94826520842776,124.48168318039225,196.55240419067727,42.08582216264176,-80.92860580676054,-80.92860580676054,0.0,-80.92860580676054,0.0,1272.3329101401775,1894.7413260421388,622.4084159019612,1482.7620209533864,210.4291108132088,sideways
16873,2021-10-24 15:00:00,0.7745095619687082,1.2050392594369916,0.4305296974682834,1.007093488981298,0.23258392701258968,34.71832469695209,62.380108503109845,27.661783806157757,52.81349268787976,18.09516799092767,-54.37754927698708,-39.47157860607102,14.905970670916062,-40.87419568259434,13.503353594392742,673.5916234847605,811.9005425155492,138.30891903078873,764.0674634393988,90.47583995463833,sideways
33790,2023-09-29 13:00:00,0.40370992607872946,-0.19046878279921045,-0.5941787088779399,0.144801659118152,-0.25890826696057745,-1.3631892423140557,-13.255000178614107,-11.891810936300052,-10.933110147005575,-9.56992090469152,-39.20325414025459,-32.94995295217096,6.253301188083633,-44.01181397345275,-4.80855983319816,493.1840537884297,433.7249991069295,-59.45905468150022,445.33444926497214,-47.84960452345757,sideways
7392,2020-09-23 19:00:00,1.7721593320072644,1.7721593320072644,0.0,1.7721593320072644,0.0,383.13613167423676,383.13613167423676,0.0,383.13613167423676,0.0,-80.92860580676054,-80.92860580676054,0.0,-80.92860580676054,0.0,2415.6806583711837,2415.6806583711837,0.0,2415.6806583711837,0.0,sideways
34665,2023-11-05 00:00:00,0.3594538466332029,-0.31253759471685477,-0.6719914413500576,0.25176254793049974,-0.10769129870270316,-4.963401125576583,-17.841696591096746,-12.878295465520162,-5.228590115871756,-0.2651889902951732,-41.52170678372826,-32.949952952170506,8.571753831557757,-46.01630807575261,-4.494601292024349,475.1829943721171,410.7915170445163,-64.3914773276008,473.8570494206412,-1.3259449514758899,sideways
5289,2020-06-28 01:00:00,1.353515207861998,1.353515207861998,0.0,1.353515207861998,0.0,135.49637967609533,135.49637967609533,0.0,135.49637967609533,0.0,-80.92860580676053,-80.92860580676053,0.0,-80.92860580676053,0.0,1177.4818983804767,1177.4818983804767,0.0,1177.4818983804767,0.0,sideways
8961,2020-11-28 04:00:00,1.7329373454752635,1.8250279196647048,0.09209057418944133,1.703004707302872,-0.029932638172391446,351.37715836061176,425.3300509739361,73.95289261332437,328.8193153795193,-22.55784298109245,-80.92860580676053,-80.92860580676053,0.0,-80.92860580676053,0.0,2256.8857918030585,2626.650254869681,369.7644630666223,2144.0965768975966,-112.7892149054619,sideways
30059,2023-04-27 02:00:00,0.15002383037418962,-0.3567815953865797,-0.5068054257607694,-0.5385727678398333,-0.688596598214023,-20.865456980522556,-17.37255017030246,3.492906810220095,-41.47156058836866,-20.606103607846105,-60.00774965870315,-27.69866749374352,32.30908216495963,-57.17723085212805,2.8305188065750997,395.6727150973872,413.1372491484877,17.464534051100486,292.6421970581567,-103.03051803923051,sideways
40588,2024-07-08 19:00:00,-0.6818121705664062,-1.2317227754909938,-0.5499106049245877,-1.2413033432636198,-0.5594911726972136,-57.24836892507126,-44.72879200521247,12.519576919858793,-59.98799385731741,-2.7396249322461514,-66.79680502741826,-54.16576436101814,12.631040666400118,-69.57035591127656,-2.773550883858306,213.75815537464368,276.35603997393764,62.59788459929396,200.06003071341297,-13.698124661230707,crash
8726,2020-11-18 09:00:00,1.6578635548052458,1.7120078283508438,0.05414427354559792,1.6769013337120113,0.0190377789067655,296.8440099727913,335.43648416550303,38.592474192711734,310.23543148895527,13.391421516163973,-80.92860580676054,-80.92860580676054,0.0,-80.92860580676054,0.0,1984.2200498639565,2177.182420827515,192.96237096355867,2051.177157444776,66.95710758081964,strong_trend
15345,2021-08-21 21:00:00,1.162823577630622,1.935981613431506,0.773158035800884,1.6095039315721422,0.4466803539415203,92.9996007131308,194.42446490801916,101.42486419488836,152.0583668041118,59.05876609098101,-67.86283304393514,-47.71556288928682,20.147270154648318,-59.2955225690202,8.56731047491494,964.998003565654,1472.1223245400959,507.12432097444184,1260.291834020559,295.293830454905,sideways
47321,2025-04-15 08:00:00,0.7540775821107139,-0.38721696919290916,-1.141294551303623,-0.06002858915885809,-0.814106171269572,32.421762773577,-17.545638699652056,-49.96740147322906,-16.353520735885883,-48.77528350946288,-39.59578998759099,-30.450472521543848,9.145317466047143,-42.231213901214026,-2.635423913623036,662.108813867885,412.2718065017397,-249.83700736614531,418.23239632057056,-243.87641754731447,sideways
50624,2025-08-30 23:00:00,1.0786925763182402,0.047389313361103975,-1.0313032629571361,0.4275665610660313,-0.6511260152522089,60.32700361106298,-2.5605668645613866,-62.887570475624365,9.469085504596887,-50.85791810646609,-45.04371157010958,-35.72666337916735,9.31704819094223,-45.95404219124287,-0.9103306211332907,801.6350180553148,487.1971656771931,-314.43785237812176,547.3454275229844,-254.2895905323304,sideways
29722,2023-04-13 01:00:00,0.05118641806702846,-0.35055527587207563,-0.4017416939391041,-0.43966239021764586,-0.4908488082846743,-27.96933257461548,-17.555748677059658,10.41358389755582,-38.84316461369946,-10.873832039083979,-60.007749658703105,-27.6986674937435,32.309082164959605,-57.66212222869625,2.345627430006857,360.1533371269226,412.2212566147017,52.06791948777908,305.7841769315027,-54.36916019541991,sideways
22866,2022-07-01 08:00:00,0.9226164832771898,1.6505926441242258,0.727976160847036,1.194508184063365,0.2718917007861751,52.94875439883884,121.03018816416156,68.08143376532271,79.0547826269031,26.106028228064268,-62.580093531278735,-31.792799253881864,30.78729427739687,-50.306100600391034,12.273992930887701,764.7437719941942,1105.1509408208078,340.40716882661366,895.2739131345155,130.53014114032135,crash
17743,2021-11-29 21:00:00,1.0826588948010336,1.660074811085,0.5774159162839665,1.5948030099109503,0.5121441151099166,79.35234219799032,129.63741652247992,50.2850743244896,125.90921011146037,46.55686791347004,-54.37754927698719,-39.471578606071176,14.905970670916012,-39.40904866690632,14.968500610080866,896.7617109899517,1148.1870826123998,251.4253716224481,1129.546050557302,232.78433956735023,crash
31328,2023-06-18 23:00:00,0.2290878662547187,-0.31416991146610734,-0.5432577777208261,-0.25931670035784166,-0.4884045666125604,-16.164642960868925,-16.65510824039922,-0.4904652795302944,-30.739571549816613,-14.574928588947689,-60.00774965870335,-30.101025319878815,29.90672433882453,-57.177230852127934,2.8305188065754123,419.1767851956554,416.7244587980039,-2.4523263976514613,346.3021422509169,-72.87464294473847,sideways
30226,2023-05-04 01:00:00,0.06217229623734797,-0.4026424964424278,-0.46481479267977577,-0.6322294476678292,-0.6944017439051772,-26.625700276452193,-18.723810249878902,7.901890026573291,-44.71973834700591,-18.094038070553715,-60.00774965870315,-27.698667493743446,32.309082164959705,-57.17723085212787,2.8305188065752773,366.87149861773906,406.3809487506055,39.50945013286645,276.40130826497045,-90.47019035276861,sideways
15077,2021-08-10 13:00:00,1.3839292667303829,2.1976795943051766,0.8137503275747937,1.92331287007023,0.5393836033398471,145.54639047075514,308.1835664459572,162.63717597520204,253.53547324592313,107.98908277516799,-67.86283304393515,-47.715562889286744,20.14727015464841,-59.29552256902013,8.567310474915026,1227.7319523537758,2040.9178322297857,813.18587987601,1767.6773662296157,539.9454138758399,sideways
1166,2020-01-07 21:00:00,1.1531229097145703,1.1531229097145703,0.0,1.1531229097145703,0.0,93.67302663091013,93.67302663091013,0.0,93.67302663091013,0.0,-58.41981139961546,-58.41981139961546,0.0,-58.41981139961546,0.0,968.3651331545507,968.3651331545507,0.0,968.3651331545507,0.0,strong_trend
7749,2020-10-08 16:00:00,1.6741470313208136,1.7036488923034048,0.02950186098259122,1.6917028337786837,0.01755580245787014,307.49923108536353,328.99125460130796,21.492023515944425,320.1687680622209,12.669536976857387,-80.92860580676054,-80.92860580676054,0.0,-80.92860580676054,0.0,2037.4961554268177,2144.9562730065395,107.46011757972178,2100.8438403111045,63.347684884286764,sideways
49032,2025-06-25 15:00:00,1.1700483486252813,0.09122907734564771,-1.0788192712796336,0.5109421511726903,-0.659106197452591,72.34107049387804,-2.0789596754839157,-74.42003016936195,14.023102616242312,-58.31796787763572,-36.76154543449297,-25.539051993237884,11.22249344125509,-29.63393016479312,7.127615269699852,861.7053524693902,489.6052016225804,-372.10015084680975,570.1155130812116,-291.5898393881786,sideways
21389,2022-04-30 19:00:00,1.5388091600727292,2.5118089442887723,0.9729997842160432,2.1176978593030493,0.5788886992303202,187.5373366376308,306.07321097827025,118.53587434063945,255.20103690660258,67.66370026897178,-59.53289890548733,-29.430012107632166,30.102886797855163,-50.30610060039109,9.226798305096239,1437.6866831881541,2030.3660548913513,592.6793717031971,1776.0051845330129,338.31850134485876,crash
24670,2022-09-14 12:00:00,0.38267308104066977,1.4342422718418368,1.051569190801167,0.527777733943801,0.14510465290313124,-9.615364422400152,92.3062442449396,101.92160866733975,14.069981309066204,23.685345731466356,-70.23826878024919,-35.46559702796108,34.772671752288105,-65.2588030045334,4.979465775715781,451.92317788799926,961.531221224698,509.60804333669876,570.349906545331,118.42672865733175,crash
23893,2022-08-13 03:00:00,0.7553860815459916,1.5362295537826702,0.7808434722366786,0.7612595132134752,0.005873431667483553,29.861524037207275,104.92689643285114,75.06537239564386,33.32871868013652,3.4671946429292433,-65.10031878807658,-31.79279925388193,33.30751953419465,-59.78764925018676,5.312669537889818,649.3076201860364,1024.6344821642556,375.3268619782192,666.6435934006826,17.335973214646174,sideways
40038,2024-06-15 21:00:00,-0.4577102248086249,-1.0063353844573228,-0.548625159648698,-1.2459072407474396,-0.7881970159388147,-49.90267058001828,-40.08655438924728,9.816116190770998,-60.09758859922501,-10.194918019206732,-66.79680502741812,-54.07170347188542,12.725101555532696,-69.2495177983129,-2.4527127708947773,250.4866470999086,299.5672280537636,49.08058095385499,199.51205700387493,-50.974590096033666,sideways
3322,2020-04-07 00:00:00,1.1645988995140943,1.1645988995140943,0.0,1.1645988995140943,0.0,89.17859385410534,89.17859385410534,0.0,89.17859385410534,0.0,-80.92860580676056,-80.92860580676056,0.0,-80.92860580676056,0.0,945.8929692705267,945.8929692705267,0.0,945.8929692705267,0.0,crash
4231,2020-05-14 23:00:00,1.1439127770498223,1.1439127770498223,0.0,1.1439127770498223,0.0,75.77553128998547,75.77553128998547,0.0,75.77553128998547,0.0,-80.92860580676054,-80.92860580676054,0.0,-80.92860580676054,0.0,878.8776564499274,878.8776564499274,0.0,878.8776564499274,0.0,strong_trend
14110,2021-07-01 06:00:00,1.5502295803117958,2.150125516731322,0.599895936419526,1.9863011925488685,0.4360716122370727,194.4739759522859,333.0077460786351,138.53377012634917,296.54809739353936,102.07412144125345,-67.86283304393518,-47.71556288928702,20.14727015464816,-59.2955225690204,8.567310474914784,1472.3698797614295,2165.0387303931752,692.6688506317457,1982.7404869676968,510.3706072062673,crash
24893,2022-09-23 19:00:00,0.3009855862559221,1.3902406036062884,1.0892550173503663,0.4094390334290963,0.10845344717317423,-16.557348247551616,87.61214181064842,104.16949005820004,5.318078341534327,21.875426589085944,-71.42744665120584,-35.46559702796136,35.96184962324448,-66.42510328507146,5.002343366134383,417.21325876224194,938.0607090532421,520.8474502910002,526.5903917076716,109.37713294542971,crash
34329,2023-10-22 00:00:00,0.4496590308517095,-0.3357354780332645,-0.785394508884974,0.16614530642299025,-0.28351372442871925,2.4504471726778165,-18.52491308946925,-20.975360262147067,-10.141305636788633,-12.591752809466449,-41.521706783728206,-32.94995295217063,8.57175383155758,-46.0163080757526,-4.494601292024392,512.252235863389,407.37543455265376,-104.87680131073529,449.2934718160568,-62.95876404733224,sideways
25100,2022-10-02 10:00:00,0.4238239780974672,1.5016229707274336,1.0777989926299663,0.5908489410784885,0.16702496298102132,-6.179520272810867,100.12130061603987,106.30082088885074,18.89903583117798,25.078556103988845,-71.42744665120591,-35.465597027961124,35.96184962324479,-66.42510328507129,5.002343366134625,469.10239863594563,1000.6065030801993,531.5041044442537,594.4951791558899,125.39278051994427,crash
22566,2022-06-18 20:00:00,0.8537521384923235,1.5999931432646386,0.7462410047723151,1.072557736806092,0.21880559831376845,43.35290478942178,114.67217888965054,71.31927410022877,64.69813066199457,21.34522587257279,-62.58009353127877,-31.79279925388179,30.78729427739698,-50.30610060039105,12.273992930887722,716.7645239471088,1073.3608944482526,356.5963705011437,823.4906533099728,106.72612936286396,crash
47971,2025-05-12 10:00:00,0.5945284183512836,-0.38704777827128434,-0.9815761966225679,0.046160081117940496,-0.5483683372333431,19.19404553008228,-17.095489432060884,-36.289534962143165,-11.65973025450423,-30.85377578458651,-38.808630622326525,-26.53960112881264,12.269029493513884,-35.56237670561922,3.2462539167073032,595.9702276504114,414.5225528396956,-181.4476748107158,441.70134872747883,-154.26887892293257,sideways
8236,2020-10-28 23:00:00,1.8383157698101207,1.8925932177467137,0.05427744793659306,1.8297816498662933,-0.008534119943827356,442.66434595816963,495.5575530130769,52.89320705490729,434.22429784685687,-8.440048111312763,-80.92860580676054,-80.92860580676054,0.0,-80.92860580676054,0.0,2713.321729790848,2977.7877650653845,264.46603527453635,2671.1214892342846,-42.200240556563585,sideways
29245,2023-03-24 03:00:00,-0.08955016558803598,-0.40902819261289103,-0.31947802702485506,-0.5501026877496753,-0.46055252216163933,-36.24790900241152,-19.66104950351726,16.58685949889426,-42.88957113124481,-6.641662128833289,-61.12678964724723,-28.005692891397736,33.12109675584949,-57.662122228696546,3.4646674185506825,318.7604549879424,401.6947524824137,82.93429749447131,285.552144343776,-33.20831064416643,sideways
27736,2023-01-20 06:00:00,-1.236804311622239,-0.8771620092455134,0.35964230237672556,-1.498523012234178,-0.261718700611939,-74.3917363209426,-30.87907448388313,43.51266183705947,-65.36705965375006,9.024676667192537,-76.56931573279225,-34.64160157761018,41.927714155182066,-72.43809173806869,4.131223994723555,128.041318395287,345.60462758058435,217.56330918529736,173.1647017312497,45.1233833359627,sideways
24219,2022-08-26 17:00:00,0.6120214256836765,1.449833550505351,0.8378121248216746,0.6855451505180854,0.07352372483440894,12.893438156751014,94.3298064668389,81.43636831008789,26.728873854219138,13.835435697468125,-65.79611318607957,-32.0206823613965,33.77543082468306,-61.04505965422325,4.751053531856314,564.4671907837551,971.6490323341945,407.18184155043946,633.6443692710957,69.1771784873406,crash
41310,2024-08-07 21:00:00,-0.23650718487437716,-0.909529543347382,-0.6730223584730048,-1.130616797058041,-0.8941096121836638,-40.97017997815215,-37.63825060014013,3.3319293780120205,-58.37195238482562,-17.401772406673466,-66.79680502741816,-54.16576436101814,12.631040666400018,-69.57035591127652,-2.7735508838583627,295.1491001092392,311.80874699929933,16.659646890060117,208.14023807587193,-87.00886203336728,crash
13656,2021-06-12 08:00:00,1.468960862027875,2.2149904974185204,0.7460296353906455,2.0305823893306996,0.5616215273028247,171.93209049397868,380.68859145001124,208.75650095603257,328.4282472713604,156.49615677738174,-67.86283304393518,-47.71556288928681,20.147270154648375,-59.29552256902013,8.567310474915054,1359.6604524698935,2403.442957250056,1043.7825047801628,2142.141236356802,782.4807838869085,crash
48787,2025-06-15 10:00:00,1.3632759761896698,0.3799366304530977,-0.983339345736572,0.6605406230370746,-0.7027353531525952,94.75901882840463,7.25674252393238,-87.50227630447226,23.14676169541281,-71.61225713299183,-36.76154543449327,-23.177873972111374,13.583671462381897,-28.523748058502086,8.237797375991185,973.7950941420231,536.2837126196619,-437.51138152236126,615.733808477064,-358.0612856649591,sideways
16960,2021-10-28 06:00:00,0.9091934338883156,1.3132177888542498,0.40402435496593414,1.21060846084305,0.30141502695473443,51.12355100691914,71.66944828599891,20.545897279079767,72.59349399038064,21.469942983461493,-54.37754927698724,-39.4715786060711,14.90597067091614,-40.87419568259424,13.503353594392998,755.6177550345957,858.3472414299945,102.7294863953988,862.9674699519032,107.34971491730755,sideways
27878,2023-01-26 04:00:00,-1.0004945086141173,-0.7765549382690269,0.22393957034509038,-1.2177514276441337,-0.21725691903001643,-68.31415107590475,-28.1268150638601,40.187336012044646,-58.204024533090426,10.11012654281432,-69.71056370254507,-29.42465289641746,40.28591080612762,-65.86461621258748,3.845947489957595,158.42924462047625,359.3659246806995,200.93668006022324,208.97987733454787,50.55063271407161,sideways
26633,2022-12-05 07:00:00,-0.07013869954958794,1.0221365469361408,1.0922752464857286,-0.14315197250206824,-0.0730132729524803,-32.603741879347915,41.94525652017904,74.54899839952697,-25.16704053559763,7.436701343750286,-74.43600390285545,-35.46559702796127,38.970406874894174,-72.84314185040976,1.5928620524456818,336.98129060326045,709.7262826008952,372.7449919976347,374.16479732201185,37.1835067187514,crash
43467,2024-11-05 18:00:00,0.6536579648334966,-0.5980235395974592,-1.2516815044309557,-0.5382760557493704,-1.191934020582867,22.262372239555404,-28.83204221290664,-51.09441445246205,-40.028333921521465,-62.29070616107687,-66.79680502741815,-54.1657643610183,12.631040666399848,-69.57035591127647,-2.77355088385832,611.311861197777,355.8397889354668,-255.47207226231023,299.8583303923927,-311.45353080538433,sideways
22451,2022-06-14 01:00:00,0.8855317150346317,1.595410377333247,0.7098786622986154,1.0971273361145715,0.2115956210799398,47.857867912906,112.8136314474776,64.9557635345716,67.0544676518179,19.1965997389119,-62.58009353127856,-31.792799253882066,30.78729427739649,-50.306100600391034,12.273992930887523,739.28933956453,1064.068157237388,324.77881767285805,835.2723382590896,95.98299869455957,crash
14555,2021-07-19 19:00:00,1.532793347412952,2.273961119357538,0.7411677719445859,2.0495928067405096,0.5167994593275576,189.153180963679,371.49719920086216,182.34401823718315,314.48359352026654,125.33041255658753,-67.86283304393528,-47.715562889286964,20.147270154648318,-59.29552256902044,8.56731047491484,1445.765904818395,2357.4859960043104,911.7200911859154,2072.4179676013327,626.6520627829377,crash
1105,2020-01-05 08:00:00,1.1097587604515131,1.1097587604515131,0.0,1.1097587604515131,0.0,84.52670189410301,84.52670189410301,0.0,84.52670189410301,0.0,-58.419811399615384,-58.419811399615384,0.0,-58.419811399615384,0.0,922.633509470515,922.633509470515,0.0,922.633509470515,0.0,sideways
18602,2022-01-04 16:00:00,1.938987854733067,2.4267608210131115,0.4877729662800445,2.2654698685675903,0.32648201383452324,328.62633183138064,291.9284267815579,-36.69790504982274,267.3549546925524,-61.27137713882826,-44.78454683946791,-39.471578606071176,5.312968233396731,-39.409048666906166,5.375498172561741,2143.131659156903,1959.6421339077895,-183.4895252491135,1836.774773462762,-306.35688569414106,sideways
42266,2024-09-16 17:00:00,0.30529564007807625,-0.7434291680090662,-1.0487248080871425,-0.7582116943070123,-1.0635073343850885,-8.999203229537144,-34.53951450916921,-25.540311279632064,-49.56652364590287,-40.567320416365725,-66.79680502741817,-54.165764361018155,12.631040666400018,-69.57035591127647,-2.7735508838582916,455.00398385231426,327.30242745415393,-127.70155639816033,252.16738177048563,-202.83660208182863,sideways
507,2019-12-11 10:00:00,0.3386799794575249,0.3386799794575249,0.0,0.3386799794575249,0.0,-14.213053236490214,-14.213053236490214,0.0,-14.213053236490214,0.0,-58.41981139961532,-58.41981139961532,0.0,-58.41981139961532,0.0,428.93473381754893,428.93473381754893,0.0,428.93473381754893,0.0,crash
45840,2025-02-12 15:00:00,1.4458646447547543,0.03592665558704107,-1.4099379891677133,0.1290326075312278,-1.3168320372235265,116.19510238744839,-5.377125181640096,-121.57222756908848,-7.202668732433127,-123.39777111988151,-42.997518824690964,-31.929175682516643,11.06834314217432,-44.08168897223382,-1.0841701475428565,1080.975511937242,473.1143740917995,-607.8611378454424,463.98665633783435,-616.9888555994075,sideways
27766,2023-01-21 12:00:00,-1.3112055244525034,-0.9776175279029005,0.3335879965496029,-1.5703502966189362,-0.25914477216643284,-75.81404493533132,-33.14546871747973,42.668576217851594,-66.72906649391915,9.084978441412176,-76.5693157327922,-34.64160157761014,41.927714155182066,-72.4380917380689,4.1312239947233,120.92977532334334,334.27265641260135,213.34288108925801,166.35466753040424,45.42489220706091,strong_trend
7174,2020-09-14 17:00:00,1.525450314050242,1.525450314050242,0.0,1.525450314050242,0.0,214.654481461235,214.654481461235,0.0,214.654481461235,0.0,-80.92860580676053,-80.92860580676053,0.0,-80.92860580676053,0.0,1573.272407306175,1573.272407306175,0.0,1573.272407306175,0.0,sideways
15457,2021-08-26 13:00:00,1.2830971816831742,2.120740310585738,0.8376431289025639,1.7637302339337144,0.4806330522505402,116.54764326469498,231.97804539236725,115.43040212767227,182.05310819642838,65.5054649317334,-67.86283304393514,-47.7155628892868,20.14727015464834,-59.29552256902024,8.567310474914898,1082.738216323475,1659.8902269618363,577.1520106383614,1410.2655409821418,327.5273246586669,sideways
28340,2023-02-14 10:00:00,-0.18242674464576897,-0.1473143677688456,0.03511237687692337,-0.32890258059377286,-0.1464758359480039,-38.65262362022748,-10.3054608153906,28.34716280483688,-29.79569385301357,8.85692976721391,-66.67902688901157,-27.45280276385531,39.22622412515626,-59.913271117462074,6.765755771549493,306.73688189886263,448.472695923047,141.73581402418438,351.0215307349321,44.28464883606949,sideways
16148,2021-09-24 08:00:00,0.7822957599830798,1.3175235188759349,0.5352277588928551,1.040195996747285,0.25790023676420515,35.09490211329294,79.13769745110038,44.04279533780744,59.20041782358905,24.10551571029611,-54.377549276987104,-39.47157860607102,14.905970670916084,-41.75786031964965,12.619688957337452,675.4745105664647,895.6884872555019,220.21397668903717,796.0020891179453,120.52757855148059,crash
5553,2020-07-09 04:00:00,1.2172680192030698,1.2172680192030698,0.0,1.2172680192030698,0.0,85.97251221004798,85.97251221004798,0.0,85.97251221004798,0.0,-80.92860580676053,-80.92860580676053,0.0,-80.92860580676053,0.0,929.86256105024,929.86256105024,0.0,929.86256105024,0.0,sideways
34066,2023-10-11 01:00:00,0.35750501568609955,-0.2985364184513392,-0.6560414341374388,0.06831576846954655,-0.289189247216553,-4.678401344618976,-16.494584277349055,-11.81618293273008,-14.954138746382284,-10.275737401763308,-39.20325414025454,-32.94995295217069,6.253301188083853,-44.011813973452675,-4.808559833198132,476.6079932769051,417.52707861325473,-59.08091466365039,425.2293062680886,-51.37868700881654,sideways
34386,2023-10-24 09:00:00,0.3283657164003652,-0.42472055142873416,-0.7530862678290994,0.036581829642006854,-0.29178388675835837,-7.6856684804025965,-21.31101824654319,-13.625349766140591,-17.643253385917824,-9.957584905515226,-41.521706783727886,-32.94995295217088,8.571753831557004,-46.0163080757524,-4.494601292024512,461.57165759798704,393.44490876728406,-68.12674883070298,411.7837330704109,-49.78792452757614,strong_trend
6080,2020-07-31 03:00:00,1.1334996615351376,1.1334996615351376,0.0,1.1334996615351376,0.0,60.558748930691685,60.558748930691685,0.0,60.558748930691685,0.0,-80.92860580676053,-80.92860580676053,0.0,-80.92860580676053,0.0,802.7937446534585,802.7937446534585,0.0,802.7937446534585,0.0,sideways
14385,2021-07-12 17:00:00,1.8745338782894003,2.5289968913815684,0.654463013092168,2.3013934938466574,0.42685961555725704,313.122473798059,487.1471198970293,174.02464609897032,418.7021924790069,105.5797186809479,-67.8628330439351,-47.715562889286744,20.147270154648353,-59.29552256902024,8.567310474914855,2065.612368990295,2935.7355994851464,870.1232304948512,2593.5109623950343,527.8985934047391,crash
12474,2021-04-23 23:00:00,0.9978847370958308,1.3929385224438917,0.3950537853480609,1.2694470467834573,0.2715623096876265,59.3406748532882,156.21270147601862,96.87202662273043,123.32880285084218,63.98812799755398,-67.86283304393524,-47.715562889286865,20.147270154648375,-59.29552256902036,8.567310474914876,796.703374266441,1281.0635073800931,484.3601331136522,1116.6440142542108,319.9406399877698,crash
33730,2023-09-27 01:00:00,0.4432220531083341,-0.1565557484062549,-0.599777801514589,0.1494710310799831,-0.293751022028351,2.041261429670871,-12.122803012628314,-14.164064442299185,-10.577125109464857,-12.618386539135727,-39.203254140254565,-32.949952952170634,6.253301188083931,-44.01181397345266,-4.808559833198096,510.20630714835437,439.38598493685845,-70.82032221149592,447.1143744526757,-63.09193269567868,sideways
37356,2024-02-25 03:00:00,-0.18558015772175246,-0.8234413189684698,-0.6378611612467173,-0.6981662718567822,-0.5125861141350296,-40.51233944313686,-35.463027279937535,5.049312163199325,-49.23958344725015,-8.727244004113288,-64.88646065282609,-45.12259160731743,19.763869045508656,-61.35688190028541,3.5295787525406794,297.43830278431574,322.6848636003123,25.246560815996588,253.80208276374927,-43.63622002056647,sideways
37187,2024-02-18 02:00:00,-0.09098145298821235,-0.7307213111476587,-0.6397398581594463,-0.5094333054181015,-0.41845185242988914,-35.56560620553378,-32.50772569900708,3.0578805065267005,-42.676510533222775,-7.110904327688992,-61.81131719435451,-43.929254856663,17.882062337691508,-58.56299578559858,3.2483214087559276,322.17196897233106,337.4613715049646,15.289402532633517,286.6174473338861,-35.55452163844495,sideways
48019,2025-05-14 10:00:00,0.6798161020806337,-0.2844076112292567,-0.9642237133098903,0.11563960045629118,-0.5641765016243425,26.09559856314878,-14.087104413514783,-40.18270297666356,-8.155894803931007,-34.25149336707979,-36.412195460170224,-24.62463261198884,11.787562848181384,-32.68272787080488,3.729467589365342,630.477992815744,429.5644779324261,-200.91351488331787,459.220525980345,-171.257466835399,sideways
39317,2024-05-16 20:00:00,0.08816039756961669,-0.5251288114606009,-0.6132892090302176,-0.5956220528592971,-0.6837824504289138,-22.00062573216104,-25.795355480612447,-3.794729748451406,-40.187174368836295,-18.186548636675255,-64.88646065282586,-43.41712157937179,21.469339073454073,-57.45404150260667,7.432419150219189,389.9968713391948,371.0232225969378,-18.973648742257012,299.06412815581854,-90.93274318337626,sideways
16403,2021-10-05 01:00:00,0.9097433941848848,1.5725025985823986,0.6627592043975138,1.2385509491906541,0.3288075550057693,51.41444644315341,100.7776375892588,49.36319114610539,78.43192275354755,27.017476310394144,-54.37754927698717,-39.4715786060712,14.90597067091597,-40.87419568259448,13.503353594392685,757.072232215767,1003.888187946294,246.81595573052698,892.1596137677378,135.0873815519708,sideways
5511,2020-07-07 10:00:00,1.3087697780377543,1.3087697780377543,0.0,1.3087697780377543,0.0,117.62692454674406,117.62692454674406,0.0,117.62692454674406,0.0,-80.92860580676056,-80.92860580676056,0.0,-80.92860580676056,0.0,1088.1346227337203,1088.1346227337203,0.0,1088.1346227337203,0.0,sideways
31440,2023-06-23 15:00:00,-0.04298602948122419,-0.5620386843347486,-0.5190526548535244,-0.5560958815514866,-0.5131098520702624,-33.60844247286073,-24.026097047280636,9.582345425580094,-42.735642297021045,-9.127199824160314,-60.00774965870326,-30.101025319878904,29.906724338824358,-57.17723085212789,2.8305188065753697,331.9577876356963,379.86951476359684,47.91172712790052,286.32178851489476,-45.63599912080156,strong_trend
46855,2025-03-26 22:00:00,1.0596307595450405,-0.006380409435722711,-1.0660111689807632,0.13454731639962236,-0.9250834431454181,62.31397948326454,-6.395490198398878,-68.70946968166342,-7.171572890937861,-69.4855523742024,-42.99751882469109,-31.929175682516554,11.068343142174538,-44.081688972233714,-1.084170147542622,811.5698974163226,468.0225490080056,-343.547348408317,464.1421355453107,-347.42776187101197,sideways
49881,2025-07-31 00:00:00,0.5584156953208707,-0.4912664160472257,-1.0496821113680963,-0.08529502646577736,-0.643710721786648,16.833179925230368,-17.91906459782072,-34.75224452305109,-15.188450005177012,-32.02162993040738,-40.59838358860024,-32.38709169035445,8.21129189824579,-41.59337140206165,-0.9949878134614067,584.1658996261518,410.40467701089636,-173.76122261525546,424.0577499741149,-160.1081496520369,sideways
11775,2021-03-25 18:00:00,0.9973989611244293,1.3441117451092193,0.34671278398479,1.1557177174504554,0.1583187563260261,53.67428783207626,146.47625418239394,92.80196635031768,93.20264342490255,39.52835559282629,-67.86283304393525,-55.67862230673607,12.184210737199187,-59.295522569020356,8.567310474914898,768.3714391603813,1232.3812709119698,464.0098317515884,966.0132171245127,197.6417779641314,crash
12095,2021-04-08 02:00:00,0.8130741983275707,1.1484814884368133,0.33540729010924264,0.9735118664308755,0.16043766810330484,21.502002470773583,92.8882064725272,71.38620400175361,54.23589656441443,32.73389409364085,-67.86283304393521,-55.67862230673608,12.18421073719913,-59.2955225690203,8.567310474914912,607.510012353868,964.441032362636,356.931020008768,771.1794828220721,163.66947046820417,sideways
1913,2020-02-08 00:00:00,0.4221517307564979,0.4221517307564979,0.0,0.4221517307564979,0.0,-25.503430989212195,-25.503430989212195,0.0,-25.503430989212195,0.0,-80.92860580676053,-80.92860580676053,0.0,-80.92860580676053,0.0,372.482845053939,372.482845053939,0.0,372.482845053939,0.0,sideways
7225,2020-09-16 20:00:00,1.5680627428750076,1.5680627428750076,0.0,1.5680627428750076,0.0,238.92058742199893,238.92058742199893,0.0,238.92058742199893,0.0,-80.92860580676054,-80.92860580676054,0.0,-80.92860580676054,0.0,1694.6029371099946,1694.6029371099946,0.0,1694.6029371099946,0.0,sideways
28381,2023-02-16 03:00:00,-0.43784651675008934,-0.4178687900173524,0.019977726732736956,-0.49093617903961284,-0.0530896622895235,-50.204673436262624,-18.120778417177508,32.08389501908512,-35.99021892634222,14.214454509920401,-66.67902688901133,-27.452802763855498,39.226224125155824,-59.91327111746241,6.765755771548918,248.9766328186869,409.39610791411246,160.41947509542555,320.0489053682889,71.07227254960199,strong_trend
27970,2023-01-30 00:00:00,-0.7239321098904778,-0.5846961910208719,0.13923591886960596,-1.0605387760841867,-0.3366066661937088,-60.82597032515269,-23.325844567985875,37.50012575716681,-54.25968016584434,6.566290159308352,-68.22211758615072,-28.713028681145424,39.50908890500529,-64.50238463934603,3.719732946804683,195.87014837423652,383.37077716007065,187.50062878583412,228.7015991707783,32.83145079654179,sideways
18973,2022-01-20 03:00:00,2.160389804865865,2.647993488270379,0.4876036834045139,2.8142740197569327,0.6538842148910677,450.5046234473516,372.95801069732903,-77.54661275002258,478.7593296385568,28.254706191205173,-44.78454683946784,-39.47157860607102,5.312968233396823,-39.40904866690623,5.375498172561613,2752.523117236758,2364.790053486645,-387.73306375011316,2893.796648192784,141.27353095602575,crash
15854,2021-09-12 02:00:00,0.5262431047773264,1.0879333213039069,0.5616902165265805,0.7938479242953747,0.26760481951804826,7.3243030799132525,58.742952071005796,51.418648991092546,35.903476022421835,28.57917294250858,-56.741378560788036,-39.47157860607125,17.269799954716788,-45.20924689861634,11.532131662171693,536.6215153995663,793.714760355029,257.09324495546264,679.5173801121092,142.8958647125429,sideways
42445,2024-09-24 04:00:00,0.368617569021461,-0.7993307628338886,-1.1679483318553496,-0.7640753602401943,-1.1326929292616552,-3.760878361931197,-35.87766824469143,-32.11678988276023,-49.2785649470015,-45.5176865850703,-66.79680502741812,-54.16576436101829,12.631040666399826,-69.57035591127651,-2.773550883858391,481.195608190344,320.61165877654287,-160.58394941380112,253.6071752649925,-227.5884329253515,sideways
23531,2022-07-29 01:00:00,0.8301098860001616,1.5340490884796991,0.7039392024795376,0.8134562522375124,-0.016653633762649167,39.507474187442185,105.70103043837209,66.1935562509299,38.26059931958052,-1.2468748678616635,-62.60478884831306,-31.79279925388201,30.811989594431054,-55.02182916721274,7.58295968110032,697.5373709372109,1028.5051521918604,330.9677812546495,691.3029965979026,-6.2343743393082605,strong_trend
41343,2024-08-09 06:00:00,-0.06713198591110855,-0.7738094706078855,-0.7066774846967769,-0.9568983301979981,-0.8897663442868895,-32.341984555987494,-33.90909947573885,-1.5671149197513543,-53.80734118113277,-21.465356625145276,-66.79680502741813,-54.16576436101829,12.63104066639984,-69.57035591127647,-2.7735508838583343,338.2900772200625,330.4545026213058,-7.83557459875675,230.96329409433616,-107.32678312572637,sideways
49270,2025-07-05 13:00:00,1.3353621694862108,0.14435211788767852,-1.1910100515985322,0.4654096692911303,-0.8699525001950805,91.320056213675,-0.40983378988243,-91.72989000355743,11.406638453605478,-79.91341776006952,-40.59838358860014,-31.28338096968133,9.315002618918815,-35.84519930805323,4.753184280546911,956.600281068375,497.95083105058785,-458.64945001778716,557.0331922680274,-399.5670888003476,sideways
16222,2021-09-27 10:00:00,0.8221532951745715,1.396791992927447,0.5746386977528756,1.1020056962844207,0.2798524011098492,40.080239863137265,85.74832384449358,45.66808398135632,65.0753090322982,24.995069169160928,-54.37754927698708,-39.471578606071255,14.905970670915828,-40.87419568259452,13.503353594392564,700.4011993156863,928.7416192224679,228.34041990678156,825.376545161491,124.97534584580467,crash
10370,2021-01-26 03:00:00,1.6416289544706277,1.9369488036976725,0.2953198492270448,1.7583495095319226,0.11672055506129486,282.5670335197559,478.38441937103795,195.81738585128204,349.81911651005817,67.25208299030226,-59.732004867985154,-55.678622306736095,4.053382561249059,-55.678622306736095,4.053382561249059,1912.8351675987797,2891.92209685519,979.0869292564103,2249.0955825502906,336.26041495151094,crash
48742,2025-06-13 13:00:00,1.299764994067667,0.323394797703761,-0.976370196363906,0.6167622028229138,-0.6830027912447532,86.93509492086922,5.369567432658151,-81.56552748821107,20.398435055894847,-66.53665986497437,-36.76154543449315,-23.177873972111396,13.583671462381755,-28.523748058502086,8.237797375991065,934.675474604346,526.8478371632907,-407.82763744105534,601.9921752794743,-332.68329932487177,sideways
32472,2023-08-05 15:00:00,0.5418460727207367,-0.10903347258069468,-0.6508795453014313,0.22014592172595834,-0.32170015099477833,11.164682837961903,-10.09498705212517,-21.259669890087075,-6.006217733660224,-17.170900571622127,-41.121424505130896,-30.101025319878893,11.020399185252003,-43.05331920044936,-1.9318946953184621,555.8234141898096,449.52506473937416,-106.29834945043541,469.9689113316989,-85.85450285811066,sideways
14881,2021-08-02 09:00:00,1.3992961064037033,2.194274230933688,0.7949781245299845,1.953347302105461,0.5540511957017578,150.22311066496576,318.51699938999224,168.29388872502648,269.3796594810917,119.15654881612596,-67.86283304393508,-47.71556288928679,20.147270154648297,-59.295522569020186,8.567310474914898,1251.1155533248289,2092.5849969499614,841.4694436251325,1846.8982974054586,595.7827440806298,sideways
31809,2023-07-09 00:00:00,0.360196162636016,-0.27733440389655134,-0.6375305665325673,-0.22945164641612853,-0.5896478090521445,-5.553732733634931,-15.742630407945391,-10.18889767431046,-29.237933112656066,-23.684200379021135,-54.458505149926765,-30.101025319879092,24.357479830047673,-47.15918475912913,7.299320390797632,472.23133633182533,421.28684796027306,-50.94448837155227,353.81033443671964,-118.42100189510569,sideways
26346,2022-11-23 08:00:00,-0.15725772367921206,0.8174796756986342,0.9747373993778463,-0.2728732580080646,-0.11561553432885255,-37.25240184708753,30.32176306843839,67.57416491552593,-30.762767100695953,6.48963474639158,-72.79093982463495,-35.4655970279611,37.325342796673844,-70.38122602443873,2.409713800196215,313.7379907645623,651.608815342192,337.87082457762966,346.18616449652023,32.44817373195792,crash
46319,2025-03-04 14:00:00,1.3386032633143172,0.18947531914407723,-1.14912794417024,0.2254165663205957,-1.1131866969937216,94.62685112601447,0.4072826842669519,-94.21956844174753,-1.974862431636204,-96.60171355765067,-42.99751882469103,-31.929175682516654,11.068343142174374,-44.08168897223366,-1.084170147542629,973.1342556300724,502.03641342133477,-471.09784220873763,490.125687841819,-483.0085677882534,crash
13093,2021-05-19 21:00:00,0.9559770729551011,1.4702041742131717,0.5142271012580706,1.32646813780647,0.37049106485136885,54.8522203933411,167.54577712098765,112.69355672764655,133.20732254103876,78.35510214769766,-67.86283304393517,-47.715562889286765,20.147270154648403,-59.29552256902021,8.567310474914962,774.2611019667055,1337.7288856049383,563.4677836382328,1166.0366127051939,391.7755107384884,crash
50711,2025-09-03 14:00:00,1.0730080725822515,0.12257215676946899,-0.9504359158127825,0.4183991375206199,-0.6546089350616315,59.64169875056298,-0.4639265180276797,-60.10562526859066,9.001168717773588,-50.64053003278939,-45.043711570109956,-35.72666337916722,9.317048190942735,-45.95404219124285,-0.9103306211328928,798.2084937528149,497.6803674098616,-300.52812634295327,545.005843588868,-253.20265016394694,sideways
47880,2025-05-08 15:00:00,0.7813325950199984,-0.27083623619699504,-1.0521688312169934,-0.0275663315364409,-0.8088989265564394,34.820464457896286,-13.772249762168842,-48.592714220065126,-14.91269199443962,-49.733156452335905,-38.95610307157818,-26.539601128812517,12.41650194276566,-35.78813127705123,3.1679717945269488,674.1023222894814,431.1387511891558,-242.96357110032562,425.4365400278019,-248.6657822616795,sideways
9243,2020-12-09 23:00:00,1.6909121046267395,1.823310419805927,0.13239831517918743,1.6722773613850932,-0.018634743241646268,320.51274113999824,422.61769232665836,102.10495118666012,307.4210670982825,-13.091674041715748,-80.92860580676056,-80.92860580676056,0.0,-80.92860580676056,0.0,2102.5637056999913,2613.088461633292,510.52475593330064,2037.1053354914125,-65.4583702085788,sideways
8420,2020-11-05 15:00:00,1.6582350011918927,1.780830608812319,0.1225956076204262,1.6832746637648852,0.025039662572992505,295.90953554203566,390.57889503891374,94.66935949687809,314.02317062448003,18.113635082444375,-80.92860580676054,-80.92860580676054,0.0,-80.92860580676054,0.0,1979.547677710178,2452.8944751945687,473.34679748439066,2070.1158531224,90.56817541222199,strong_trend
27272,2022-12-31 22:00:00,-0.3425682260446753,0.34307776777689725,0.6856459938215725,-0.6507720490998046,-0.3082038230551293,-47.560714897139825,6.012607641549206,53.57332253868903,-44.54268789142199,3.0180270057178333,-74.95301295734778,-35.46559702796115,39.48741592938663,-72.84314185040952,2.1098711069382574,262.19642551430087,530.063038207746,267.8666126934451,277.28656054289,15.090135028589145,sideways
2297,2020-02-24 06:00:00,1.0218908730757243,1.0218908730757243,0.0,1.0218908730757243,0.0,59.581428446633545,59.581428446633545,0.0,59.581428446633545,0.0,-80.92860580676053,-80.92860580676053,0.0,-80.92860580676053,0.0,797.9071422331677,797.9071422331677,0.0,797.9071422331677,0.0,sideways
15284,2021-08-19 08:00:00,1.151874659462488,1.931110534538478,0.77923587507599,1.6162259623217134,0.46435130285922543,90.93127466802065,193.3953860672473,102.46411139922665,153.28122743453036,62.349952766509716,-67.86283304393524,-47.71556288928672,20.147270154648517,-59.29552256902011,8.567310474915132,954.6563733401032,1466.9769303362366,512.3205569961334,1266.4061371726518,311.74976383254864,sideways
22256,2022-06-05 22:00:00,1.3052004812865612,1.9330374509126496,0.6278369696260884,1.50223917161815,0.19703869033158883,123.76058404104432,166.66234724908583,42.9017632080415,123.67015964610997,-0.0904243949343595,-61.02859814985151,-31.041311955724172,29.98728619412734,-50.30610060039107,10.722497549460442,1118.8029202052217,1333.3117362454293,214.50881604020765,1118.3507982305498,-0.45212197467185433,crash
49585,2025-07-18 16:00:00,0.7284762724010484,-0.3542131912791393,-1.0826894636801878,-0.00727803034529084,-0.7357543027463392,29.715744827990598,-14.497004772014677,-44.212749600005274,-12.075672434286133,-41.79141726227673,-40.5983835886004,-31.28338096968112,9.31500261891928,-36.785591335465604,3.812792253134795,648.578724139953,427.5149761399266,-221.0637480000264,439.6216378285693,-208.9570863113837,sideways
50761,2025-09-05 16:00:00,1.232726858723792,0.23797163197582333,-0.9947552267479687,0.6183026323713966,-0.6144242263523955,75.69805057285623,2.7917371006221714,-72.90631347223406,19.964226162484657,-55.733824410371575,-45.0437115701098,-35.72666337916724,9.317048190942558,-45.95404219124297,-0.9103306211331699,878.4902528642812,513.9586855031108,-364.53156736117035,599.8211308124232,-278.6691220518579,sideways
7751,2020-10-08 18:00:00,1.6730368226994443,1.7045717825088849,0.031534959809440544,1.692388337563819,0.019351514864374586,306.71296370636173,329.68006067999306,22.967096973631328,320.6698507915014,13.95688708513967,-80.92860580676054,-80.92860580676054,0.0,-80.92860580676054,0.0,2033.5648185318087,2148.400303399965,114.83548486815653,2103.3492539575072,69.78443542569858,sideways
45611,2025-02-03 02:00:00,0.8658547040035053,-0.42003904712961265,-1.2858937511331179,-0.21324513244011184,-1.079099836443617,43.808192738140164,-20.19521808363335,-64.00341082177351,-22.891821954079038,-66.7000146922192,-42.997518824691014,-33.158213159069405,9.839305665621609,-45.76125303653452,-2.7637342118435058,719.0409636907008,399.02390958183327,-320.0170541088675,385.5408902296048,-333.50007346109595,strong_trend
4651,2020-06-01 11:00:00,1.1162087659437412,1.1162087659437412,0.0,1.1162087659437412,0.0,61.29735681389881,61.29735681389881,0.0,61.29735681389881,0.0,-80.92860580676054,-80.92860580676054,0.0,-80.92860580676054,0.0,806.486784069494,806.486784069494,0.0,806.486784069494,0.0,sideways
38292,2024-04-04 03:00:00,0.04588939462392689,-0.5129961633866087,-0.5588855580105356,-0.5621882825860649,-0.6080776772099918,-25.60149153006487,-25.64072509966342,-0.039233569598550844,-39.347086474273496,-13.745594944208626,-64.88646065282605,-43.417121579371745,21.4693390734543,-54.89660517529269,9.989855477533354,371.99254234967566,371.7963745016829,-0.19616784799274,303.2645676286325,-68.72797472104315,sideways
43256,2024-10-27 23:00:00,0.6174418098815921,-0.6492845344979722,-1.2667263443795642,-0.48628268788772705,-1.1037244977693192,18.74211493313598,-30.35302434004038,-49.09513927317636,-38.20473151602456,-56.94684644916054,-66.7968050274182,-54.165764361018056,12.631040666400146,-69.57035591127652,-2.77355088385832,593.7105746656799,348.2348782997981,-245.47569636588184,308.9763424198772,-284.73423224580273,sideways
45565,2025-02-01 04:00:00,1.1223941870847052,-0.07927984012375691,-1.201674027208462,0.024252283500551888,-1.0981419035841533,72.41076849196139,-9.592231227948744,-82.00299971991014,-12.53983725255946,-84.95060574452086,-42.99751882469106,-33.27440122493718,9.723117599753884,-46.055895062277095,-3.0583762375860317,862.053842459807,452.0388438602563,-410.0149985995507,437.3008137372027,-424.7530287226043,sideways
11428,2021-03-11 07:00:00,0.874563277975297,1.1956097184295642,0.3210464404542672,1.0160252375940189,0.14146195961872188,29.496423581364173,103.81060841797716,74.314184836613,60.762590701936084,31.26616712057191,-64.04769995751467,-55.67862230673608,8.369077650778586,-55.67862230673608,8.369077650778586,647.4821179068209,1019.0530420898858,371.5709241830649,803.8129535096804,156.33083560285945,sideways
45701,2025-02-06 20:00:00,1.1038497614459903,-0.32645666491145986,-1.43030642635745,-0.13718281752571274,-1.2410325789717032,70.19645776452535,-17.205957070437083,-87.40241483496243,-19.547512835857017,-89.74397060038237,-42.997518824690985,-32.840237623979895,10.15728120071109,-45.39536344746106,-2.397844622770073,850.9822888226267,413.9702146478146,-437.01207417481214,402.2624358207149,-448.7198530019118,sideways
5932,2020-07-24 23:00:00,1.2388774679103771,1.2388774679103771,0.0,1.2388774679103771,0.0,92.768136568655,92.768136568655,0.0,92.768136568655,0.0,-80.92860580676053,-80.92860580676053,0.0,-80.92860580676053,0.0,963.840682843275,963.840682843275,0.0,963.840682843275,0.0,sideways
26540,2022-12-01 10:00:00,-0.21957562683321866,0.8724876900322834,1.092063316865502,-0.3317562703226506,-0.11218064348943194,-40.23379886817883,32.911949451865794,73.14574832004462,-33.31834730924223,6.915451558936603,-74.4360039028554,-35.46559702796115,38.97040687489425,-72.84314185040957,1.5928620524458381,298.83100565910587,664.559747259329,365.72874160022315,333.4082634537889,34.57725779468302,crash
24018,2022-08-18 08:00:00,0.7724577701857608,1.5140569030994246,0.7415991329136639,0.8160621238383347,0.04360435365257387,32.03716339040093,102.1563171959678,70.11915380556687,38.300954360346864,6.263790969945937,-65.54809676141807,-32.02068236139633,33.52741440002173,-61.0450596542231,4.503037107194963,660.1858169520046,1010.7815859798391,350.5957690278344,691.5047718017344,31.31895484972972,sideways
16160,2021-09-24 20:00:00,0.8068400166645466,1.3574808005324048,0.5506407838678582,1.074448479828848,0.2676084631643014,38.10690741442908,83.1316578886573,45.02475047422822,62.74986709907466,24.642959684645582,-54.37754927698717,-39.47157860607112,14.905970670916048,-41.75786031964963,12.619688957337537,690.5345370721454,915.6582894432865,225.1237523711411,813.7493354953733,123.21479842322788,crash
1131,2020-01-06 10:00:00,0.9491785551558586,0.9491785551558586,0.0,0.9491785551558586,0.0,53.92487054985213,53.92487054985213,0.0,53.92487054985213,0.0,-58.41981139961532,-58.41981139961532,0.0,-58.41981139961532,0.0,769.6243527492607,769.6243527492607,0.0,769.6243527492607,0.0,sideways
39489,2024-05-24 00:00:00,-0.4356011177267047,-0.9906825768571265,-0.5550814591304218,-1.2218044259156218,-0.786203308188917,-48.605349127251365,-39.09720602461739,9.508143102633973,-59.214815650665244,-10.609466523413879,-64.88646065282586,-51.46479730890623,13.421663343919633,-68.10150706122337,-3.2150464083975123,256.9732543637432,304.51396987691305,47.54071551316986,203.9259217466738,-53.0473326170694,sideways
17165,2021-11-05 19:00:00,0.8955146839068641,1.2974999196003896,0.4019852356935255,1.269406300567651,0.37389161666078696,49.22441155078603,69.43385763243988,20.20944608165385,78.02012858514315,28.795717034357125,-54.37754927698698,-39.471578606071,14.905970670915984,-40.87419568259429,13.503353594392692,746.1220577539301,847.1692881621993,101.04723040826923,890.1006429257158,143.97858517178565,sideways
33845,2023-10-01 20:00:00,0.3393622122888169,-0.25352714342834753,-0.5928893557171644,0.04758831619315318,-0.29177389609566373,-6.460203680287968,-15.268819421021007,-8.808615740733039,-16.28682497222367,-9.826621291935702,-39.20325414025445,-32.94995295217073,6.253301188083718,-44.01181397345307,-4.808559833198622,467.6989815985602,423.65590289489495,-44.04307870366523,418.56587513888167,-49.133106459678515,sideways
20983,2022-04-13 21:00:00,1.6254869564308905,2.6395636385381733,1.0140766821072829,2.226763332275635,0.6012763758447446,213.12873802614365,338.8586301416944,125.72989211555074,275.1818235781076,62.05308555196393,-59.030610784060464,-29.430012107632276,29.600598676428188,-50.30610060039105,8.724510183669416,1565.6436901307181,2194.293150708472,628.6494605777536,1875.909117890538,310.2654277598199,sideways
19113,2022-01-25 23:00:00,1.7714296726357235,2.3659533769090317,0.5945237042733083,2.3600820598278376,0.5886523871921141,267.39107564446846,286.96058194020935,19.569506295740894,319.98045483115305,52.589379186684596,-44.78454683946785,-37.75089731738635,7.033649522081504,-37.68658979846924,7.097957040998608,1836.9553782223422,1934.8029097010467,97.84753147870447,2099.9022741557656,262.9468959334233,crash
45335,2025-01-22 14:00:00,0.7752622843025248,-0.22819260692878593,-1.0034548912313106,-0.3695660422789309,-1.1448283265814556,35.07756853749089,-14.536909093020844,-49.614477630511736,-29.834030183916337,-64.91159872140723,-42.99751882469104,-33.2744012249369,9.72311759975414,-49.94980195404456,-6.952283129353518,675.3878426874544,427.31545453489576,-248.07238815255863,350.8298490804183,-324.5579936070361,sideways
4832,2020-06-09 00:00:00,1.2428118035221845,1.2428118035221845,0.0,1.2428118035221845,0.0,96.94611073206194,96.94611073206194,0.0,96.94611073206194,0.0,-80.92860580676054,-80.92860580676054,0.0,-80.92860580676054,0.0,984.7305536603097,984.7305536603097,0.0,984.7305536603097,0.0,sideways
37679,2024-03-09 14:00:00,-0.316464499545578,-0.9293617832193638,-0.6128972836737858,-0.8140369899186326,-0.4975724903730546,-47.041960497305844,-38.6752677325328,8.366692764773042,-50.205263449998114,-3.16330295269227,-64.88646065282602,-43.417121579371894,21.469339073454123,-54.89660517529271,9.989855477533304,264.7901975134708,306.623661337336,41.8334638238652,248.9736827500094,-15.816514763461385,sideways
38199,2024-03-31 06:00:00,-0.08259247327064921,-0.7108945546788976,-0.6283020814082484,-0.6851995196942923,-0.602607046423643,-32.79584813044926,-30.57050943313344,2.2253386973158165,-43.316045311199666,-10.520197180750408,-64.88646065282596,-43.41712157937193,21.46933907345403,-54.89660517529265,9.989855477533311,336.0207593477537,347.1474528343328,11.126693486579086,283.41977344400163,-52.600985903752076,sideways
19437,2022-02-08 11:00:00,1.498757833797823,2.237307511413987,0.7385496776161642,1.9444000528582703,0.44564221906044743,177.01761938110286,253.56037880184502,76.54275942074216,214.59042989921366,37.5728105181108,-45.28267357963143,-33.835516323750234,11.447157255881194,-42.477663719731204,2.805009859900224,1385.0880969055145,1767.801894009225,382.7137971037105,1572.9521494960684,187.8640525905539,sideways
13425,2021-06-02 17:00:00,1.2233275152722842,1.9453477155488321,0.7220202002765479,1.766179139925933,0.5428516246536488,110.49048885119169,301.05896406516706,190.56847521397538,249.5846138824493,139.09412503125762,-67.86283304393517,-47.715562889286836,20.147270154648332,-59.29552256902024,8.567310474914926,1052.4524442559584,2005.2948203258354,952.842376069877,1747.9230694122466,695.4706251562882,crash
271,2019-12-01 14:00:00,0.4133088209650336,0.4133088209650336,0.0,0.4133088209650336,0.0,-6.435024715211057,-6.435024715211057,0.0,-6.435024715211057,0.0,-58.41981139961534,-58.41981139961534,0.0,-58.41981139961534,0.0,467.8248764239447,467.8248764239447,0.0,467.8248764239447,0.0,sideways
47919,2025-05-10 06:00:00,0.7277047054271655,-0.3125134869593317,-1.0402181923864973,0.040010856616530005,-0.6876938488106354,30.139657216890182,-14.976927213979273,-45.11658443086945,-11.841007403687765,-41.98066462057795,-38.956103071578156,-26.539601128812528,12.416501942765628,-35.788131277051015,3.1679717945271406,650.698286084451,425.1153639301036,-225.58292215434733,440.7949629815612,-209.90332310288977,sideways
48478,2025-06-02 13:00:00,1.146428934674996,0.19155107544303984,-0.9548778592319562,0.5283544043841604,-0.6180745302908357,69.67390215030267,1.0061114876456667,-68.667790662657,15.058941448327579,-54.614960701975086,-36.76154543449313,-23.177873972111406,13.583671462381723,-28.52374805850205,8.237797375991079,848.3695107515133,505.03055743822836,-343.33895331328495,575.2947072416379,-273.07480350987544,sideways
12326,2021-04-17 17:00:00,0.8404686479642951,1.1731648157961299,0.33269616783183475,1.052187648076257,0.21171900011196199,27.002239982406493,99.11952105170289,72.1172810692964,71.11151010426096,44.109270121854465,-67.86283304393518,-55.67862230673606,12.184210737199123,-59.295522569020434,8.567310474914748,635.0111999120325,995.5976052585145,360.586405346482,855.5575505213047,220.54635060927228,sideways
1632,2020-01-27 07:00:00,0.5180578615918368,0.5180578615918368,0.0,0.5180578615918368,0.0,-13.82546003707683,-13.82546003707683,0.0,-13.82546003707683,0.0,-74.36954953712826,-74.36954953712826,0.0,-74.36954953712826,0.0,430.8726998146158,430.8726998146158,0.0,430.8726998146158,0.0,sideways
6279,2020-08-08 10:00:00,0.9493273321675253,0.9493273321675253,0.0,0.9493273321675253,0.0,17.927159109019964,17.927159109019964,0.0,17.927159109019964,0.0,-80.92860580676054,-80.92860580676054,0.0,-80.92860580676054,0.0,589.6357955450998,589.6357955450998,0.0,589.6357955450998,0.0,sideways
3460,2020-04-12 18:00:00,1.2203856628921428,1.2203856628921428,0.0,1.2203856628921428,0.0,104.5013931941829,104.5013931941829,0.0,104.5013931941829,0.0,-80.92860580676053,-80.92860580676053,0.0,-80.92860580676053,0.0,1022.5069659709145,1022.5069659709145,0.0,1022.5069659709145,0.0,sideways
42513,2024-09-27 00:00:00,0.49620437409699963,-0.7300919187181873,-1.226296292815187,-0.6172181027087945,-1.113422476805794,7.076832646590048,-33.90117798158989,-40.97801062817994,-44.2319897115352,-51.30882235812525,-66.79680502741809,-54.16576436101824,12.631040666399848,-69.5703559112765,-2.7735508838584053,535.3841632329502,330.49411009205056,-204.89005314089962,278.840051442324,-256.5441117906262,sideways
45623,2025-02-03 14:00:00,0.9266676157567819,-0.38253772865924,-1.3092053444160219,-0.18671478726704066,-1.1133824030238226,50.00913605981794,-19.00484819826135,-69.01398425807929,-21.736625667792218,-71.74576172761016,-42.99751882469104,-33.15821315906933,9.839305665621715,-45.65389531106342,-2.6563764863723804,750.0456802990897,404.9757590086933,-345.0699212903964,391.3168716610389,-358.7288086380508,sideways
7840,2020-10-12 11:00:00,1.6151731334604609,1.6755917931526847,0.06041865969222382,1.630278703273314,0.015105569812853048,267.7818825897275,308.59796940676165,40.81608681703415,277.6404247291933,9.858542139465783,-80.92860580676056,-80.92860580676056,0.0,-80.92860580676056,0.0,1838.9094129486377,2042.9898470338085,204.08043408517074,1888.2021236459664,49.29271069732863,sideways
38197,2024-03-31 04:00:00,-0.033720352682709925,-0.6673827630331159,-0.633662410350406,-0.6214102075643403,-0.5876898548816304,-30.06794737186652,-29.347235815351315,0.7207115565152051,-41.181728935789785,-11.113781563923265,-64.88646065282587,-43.41712157937183,21.469339073454044,-54.89660517529265,9.989855477533226,349.6602631406674,353.26382092324343,3.603557782576047,294.0913553210511,-55.5689078196163,sideways
9169,2020-12-06 21:00:00,1.7673864736780256,1.849877230154104,0.0824907564760784,1.719789744008503,-0.04759672966952255,378.4430641324813,446.23160469350927,67.78854056102796,340.94762073646956,-37.49544339601175,-80.92860580676053,-80.92860580676053,0.0,-80.92860580676053,0.0,2392.2153206624066,2731.158023467546,338.94270280513956,2204.738103682348,-187.47721698005853,sideways
18783,2022-01-12 05:00:00,1.9378767984692642,2.426098316072351,0.48822151760308685,2.4797705324306243,0.5418937339613601,328.71616948317774,289.6662520896207,-39.04991739355705,333.60461477462565,4.888445291447908,-44.78454683946792,-39.47157860607108,5.312968233396845,-39.4090486669063,5.37549817256162,2143.5808474158885,1948.3312604481036,-195.2495869677848,2168.0230738731284,24.44222645723994,crash
30659,2023-05-22 02:00:00,0.41586451395040525,-0.14198695640448802,-0.5578514703548932,-0.3028338734360867,-0.7186983873864919,-1.8253944715235781,-11.629410954857144,-9.804016483333566,-32.98908442856714,-31.163689957043562,-60.00774965870301,-30.101025319879028,29.906724338823985,-57.17723085212805,2.8305188065749647,490.8730276423821,441.8529452257143,-49.02008241666783,335.0545778571643,-155.8184497852178,sideways
36825,2024-02-03 00:00:00,0.17916444997334308,-0.7065665889204593,-0.8857310388938024,-0.2470291859485637,-0.4261936359219068,-18.90364502416182,-31.354931508334303,-12.451286484172485,-32.299604939102565,-13.395959914940747,-59.59571042239372,-43.929254856663,15.666455565730722,-58.562995785598716,1.0327146367950064,405.4817748791909,343.2253424583285,-62.25643242086238,338.5019753044872,-66.97979957470369,sideways
44735,2024-12-28 14:00:00,0.9101673599268666,-0.032361818425017924,-0.9425291783518845,-0.162607645585818,-1.0727750055126846,50.32979388634149,-8.471739831305625,-58.80153371764712,-22.48457940120693,-72.81437328754842,-55.6370441779505,-35.76830792188434,19.868736256066157,-57.86277704622778,-2.2257328682772766,751.6489694317074,457.64130084347187,-294.00766858823556,387.57710299396535,-364.0718664377421,sideways
2290,2020-02-23 23:00:00,0.9765151843513451,0.9765151843513451,0.0,0.9765151843513451,0.0,50.2473838306841,50.2473838306841,0.0,50.2473838306841,0.0,-80.92860580676056,-80.92860580676056,0.0,-80.92860580676056,0.0,751.2369191534206,751.2369191534206,0.0,751.2369191534206,0.0,sideways
10048,2021-01-12 17:00:00,1.0698941782407534,1.328104592901717,0.2582104146609636,1.1705578507448506,0.10066367250409725,58.655691790477114,139.21717801601727,80.56148622554016,88.01082625245442,29.355134461977308,-68.04630165395322,-68.04630165395322,0.0,-68.04630165395322,0.0,793.2784589523856,1196.0858900800863,402.80743112770074,940.0541312622721,146.77567230988655,crash
14348,2021-07-11 04:00:00,1.7722600798318113,2.4531119648792234,0.6808518850474121,2.229484435333381,0.4572243555015698,270.145649208652,450.9941943673863,180.84854515873428,386.7636866066723,116.6180373980203,-67.86283304393517,-47.71556288928661,20.14727015464856,-59.29552256902005,8.567310474915118,1850.72824604326,2754.9709718369313,904.2427257936713,2433.8184330333615,583.0901869901015,crash
15873,2021-09-12 21:00:00,0.6332936716043558,1.166200218818294,0.5329065472139383,0.8730404715922018,0.23974679998784598,18.12169475691714,66.0833919796637,47.961697222746565,43.21338170837652,25.091686951459376,-56.74137856078807,-39.47157860607111,17.26979995471696,-45.20924689861621,11.532131662171864,590.6084737845857,830.4169598983185,239.80848611373278,716.0669085418826,125.45843475729691,sideways
51051,2025-09-17 18:00:00,0.6446560889350424,-0.3464705184766043,-0.9911266074116467,-0.03270839635926314,-0.6773644852943056,23.10147516961225,-12.62083838536202,-35.72231355497427,-11.92464389069594,-35.02611906030819,-45.0437115701098,-35.72666337916728,9.317048190942522,-45.95404219124273,-0.9103306211329283,615.5073758480612,436.89580807318987,-178.61156777487133,440.3767805465203,-175.1305953015409,sideways
39765,2024-06-04 12:00:00,-0.4982983712800688,-1.0209464766371985,-0.5226481053571297,-1.2406469043320232,-0.7423485330519544,-51.19914826387667,-39.99920461753711,11.199943646339563,-59.72809959887444,-8.528951334997764,-65.01981025989645,-52.50384858537115,12.515961674525293,-69.2495177983129,-4.229707538416449,244.00425868061666,300.00397691231444,55.999718231697784,201.3595020056278,-42.644756674988855,sideways
16389,2021-10-04 11:00:00,0.9441941795171964,1.609600311619465,0.6654061321022686,1.2786140013855245,0.3344198218683281,56.12974901745203,107.03019362750767,50.900444610055644,83.98859534629672,27.85884632884469,-54.37754927698708,-39.47157860607107,14.905970670916012,-40.87419568259429,13.503353594392792,780.6487450872601,1035.1509681375385,254.50222305027842,919.9429767314837,139.2942316442236,sideways
49710,2025-07-23 21:00:00,0.6444657330609395,-0.4401424032725456,-1.0846081363334852,-0.022563049883594255,-0.6670287829445337,23.08418636122742,-16.567188803354902,-39.65137516458232,-12.508448835151519,-35.592635196378936,-40.598383588600115,-31.55990918217231,9.038474406427806,-39.33365913909187,1.2647244495082433,615.4209318061371,417.16405598322547,-198.25687582291164,437.4577558242424,-177.96317598189472,sideways
25540,2022-10-20 18:00:00,0.3635969988250634,1.5925947603542703,1.228997761529207,0.5711091939129216,0.20751219508785818,-11.908751542775242,111.26876531441835,123.17751685719358,17.242983971915947,29.15173551469119,-71.4274466512059,-35.46559702796125,35.961849623244646,-66.42510328507122,5.0023433661346814,440.45624228612377,1056.3438265720918,615.8875842859679,586.2149198595797,145.75867757345594,sideways
25613,2022-10-23 19:00:00,0.33937219884056646,1.57744299121126,1.2380707923706935,0.5882518687221271,0.24887966988156063,-13.82244961866631,109.3710099427304,123.19345956139671,18.628632059519724,32.451081678186036,-71.42744665120586,-35.465597027961635,35.96184962324422,-66.42510328507147,5.002343366134383,430.8877519066684,1046.8550497136519,615.9672978069834,593.1431602975986,162.25540839093014,sideways
22184,2022-06-02 22:00:00,1.411342869352088,2.058471680607786,0.6471288112556981,1.6784679608495947,0.26712509149750674,149.09050057178516,190.89371242132333,41.80321184953817,153.6964563897703,4.605955817985148,-61.02859814985149,-31.04131195572437,29.98728619412712,-50.30610060039103,10.722497549460464,1245.4525028589258,1454.4685621066167,209.01605924769092,1268.4822819488516,23.029779089925796,crash
7360,2020-09-22 11:00:00,1.7164290271840343,1.7164290271840343,0.0,1.7164290271840343,0.0,338.6277595293297,338.6277595293297,0.0,338.6277595293297,0.0,-80.92860580676053,-80.92860580676053,0.0,-80.92860580676053,0.0,2193.1387976466485,2193.1387976466485,0.0,2193.1387976466485,0.0,sideways
47795,2025-05-05 02:00:00,0.7420953859931979,-0.321299973867799,-1.0633953598609969,-0.09155186257266987,-0.8336472485658678,31.374752031894324,-15.290747176004905,-46.66549920789923,-17.78620706688059,-49.16095909877491,-38.956103071578184,-26.539601128812595,12.416501942765588,-35.788131277051015,3.167971794527169,656.8737601594717,423.5462641199755,-233.32749603949617,411.06896466559704,-245.80479549387462,sideways
712,2019-12-19 23:00:00,0.5151371758294334,0.5151371758294334,0.0,0.5151371758294334,0.0,1.1692843769013361,1.1692843769013361,0.0,1.1692843769013361,0.0,-58.419811399615426,-58.419811399615426,0.0,-58.419811399615426,0.0,505.8464218845067,505.8464218845067,0.0,505.8464218845067,0.0,sideways
8914,2020-11-26 05:00:00,1.7021135838988113,1.790863635034497,0.08875005113568579,1.6692079592636935,-0.032905624635117814,328.35663271518325,396.39892946531637,68.04229675013312,305.1525974036931,-23.204035311490145,-80.92860580676054,-80.92860580676054,0.0,-80.92860580676054,0.0,2141.783163575916,2481.994647326582,340.2114837506656,2025.7629870184655,-116.02017655745067,sideways
11747,2021-03-24 14:00:00,1.027880439517676,1.374530359133901,0.34664991961622516,1.1857121096300125,0.15783167011233656,60.18564266354258,156.25075992616343,96.06511726262084,100.864478250057,40.678835586514424,-67.86283304393521,-55.67862230673602,12.184210737199194,-59.29552256902036,8.567310474914848,800.9282133177129,1281.2537996308172,480.3255863131043,1004.322391250285,203.39417793257212,sideways
14286,2021-07-08 14:00:00,1.7823546009442195,2.418858809201419,0.6365042082571994,2.216683544087446,0.43432894314322645,274.0975832004068,436.23610084456163,162.13851764415483,381.7182351806136,107.62065198020679,-67.86283304393514,-47.71556288928694,20.147270154648197,-59.29552256902038,8.567310474914763,1870.4879160020341,2681.1805042228084,810.6925882207743,2408.5911759030682,538.1032599010341,crash
6742,2020-08-27 17:00:00,1.3544285353382424,1.3544285353382424,0.0,1.3544285353382424,0.0,133.99460632438434,133.99460632438434,0.0,133.99460632438434,0.0,-80.92860580676056,-80.92860580676056,0.0,-80.92860580676056,0.0,1169.9730316219216,1169.9730316219216,0.0,1169.9730316219216,0.0,sideways
918,2019-12-28 13:00:00,0.6556095286675421,0.6556095286675421,0.0,0.6556095286675421,0.0,15.604164787288322,15.604164787288322,0.0,15.604164787288322,0.0,-58.419811399615455,-58.419811399615455,0.0,-58.419811399615455,0.0,578.0208239364416,578.0208239364416,0.0,578.0208239364416,0.0,sideways
34663,2023-11-04 22:00:00,0.35674549700900043,-0.3143007354055752,-0.6710462324145756,0.24830549215126888,-0.10844000485773156,-5.179948483766195,-17.897857576761123,-12.717909092994928,-5.444533222900039,-0.26458473913384406,-41.52170678372826,-32.94995295217059,8.571753831557672,-46.01630807575259,-4.494601292024328,474.10025758116905,410.5107121161944,-63.58954546497466,472.7773338854998,-1.3229236956692603,sideways
49582,2025-07-18 13:00:00,0.6804687009042429,-0.38256813365331765,-1.0630368345575607,-0.025538779144543704,-0.7060074800487867,25.9173123434981,-15.24819885798837,-41.16551120148647,-12.87891106147292,-38.796223404971016,-40.59838358860019,-31.28338096968125,9.315002618918943,-36.78559133546564,3.8127922531345533,629.5865617174906,423.75900571005815,-205.8275560074324,435.6054446926354,-193.98111702485517,sideways
6231,2020-08-06 10:00:00,0.918362222478067,0.918362222478067,0.0,0.918362222478067,0.0,12.048363035831677,12.048363035831677,0.0,12.048363035831677,0.0,-80.92860580676054,-80.92860580676054,0.0,-80.92860580676054,0.0,560.2418151791584,560.2418151791584,0.0,560.2418151791584,0.0,sideways
15168,2021-08-14 12:00:00,1.571524632854753,2.4190087856819993,0.8474841528272463,2.1112542893097865,0.5397296564550336,196.74662291002153,375.98096854808193,179.2343456380604,308.8129274857809,112.06630457575937,-67.8628330439353,-47.715562889286836,20.14727015464846,-59.295522569020264,8.567310474915033,1483.7331145501075,2379.9048427404095,896.171728190302,2044.0646374289045,560.3315228787969,sideways
25899,2022-11-04 17:00:00,0.4843052565570397,1.5807906666779303,1.0964854101208905,0.559861436738127,0.07555618018108734,-0.6609068268988327,109.52808977227382,110.18899659917265,16.45550545355936,17.116412280458192,-71.42744665120576,-35.46559702796127,35.96184962324448,-66.42510328507132,5.00234336613444,496.6954658655058,1047.6404488613691,550.9449829958633,582.2775272677968,85.582061402291,sideways
47443,2025-04-20 10:00:00,0.8089600303170322,-0.3184731001823436,-1.1274331304993759,-0.004817707108208586,-0.8137777374252408,37.33658528730351,-15.632707573422422,-52.96929286072593,-13.926763532229868,-51.26334881953338,-38.95610307157816,-28.54408896421755,10.412014107360612,-40.661541449604975,-1.7054383780268125,686.6829264365175,421.8364621328879,-264.8464643036296,430.36618233885065,-256.31674409766686,sideways
35512,2023-12-10 07:00:00,0.5330699520805786,-0.5866932920441628,-1.1197632441247414,0.24411843881267972,-0.2889515132678989,9.567414306863743,-28.415329691620272,-37.98274399848401,-6.156065268428634,-15.723479575292377,-41.52170678372805,-35.02171065565807,6.499996128069981,-46.01630807575236,-4.4946012920243135,547.8370715343187,357.9233515418986,-189.9137199924201,469.21967365785684,-78.6173978764619,sideways
39192,2024-05-11 15:00:00,0.23783833922122,-0.35598808130404397,-0.5938264205252639,-0.3676311115649208,-0.6054694507861408,-11.957178281959347,-20.14023964309284,-8.183061361133493,-31.551993634997878,-19.59481535303853,-64.88646065282605,-43.41712157937163,21.469339073454414,-57.4540415026066,7.432419150219445,440.2141085902033,399.2988017845358,-40.91530680566751,342.2400318250106,-97.9740767651927,sideways
29725,2023-04-13 04:00:00,0.03906629031502471,-0.3592195288591038,-0.39828581917412853,-0.4445072603779498,-0.48357355069297453,-28.714836911684593,-17.81364641685057,10.901190494834022,-39.03291424009,-10.318077328405408,-60.00774965870309,-27.69866749374352,32.30908216495957,-57.66212222869657,2.345627430006523,356.425815441577,410.9317679157472,54.50595247417016,304.83542879955,-51.590386642027,sideways
21332,2022-04-28 10:00:00,1.5548253410191808,2.5754496485995593,1.0206243075803785,2.16099889193471,0.606173550915529,192.28092553785766,324.03145726962003,131.75053173176238,266.1746534961454,73.89372795828777,-59.53289890548725,-29.4300121076321,30.102886797855152,-50.30610060039107,9.226798305096182,1461.4046276892882,2120.1572863481,658.7526586588119,1830.873267480727,369.4686397914388,crash
10218,2021-01-19 19:00:00,1.4498132223558577,1.7673844894371806,0.3175712670813229,1.593038795898175,0.14322557354231735,186.69133084726798,355.74554746707577,169.0542166198078,254.44084012145862,67.74950927419064,-59.732004867985125,-55.6786223067361,4.053382561249023,-55.6786223067361,4.053382561249023,1433.4566542363398,2278.727737335379,845.2710830990393,1772.2042006072932,338.7475463709534,sideways
44211,2024-12-06 18:00:00,0.5794944741730986,-0.4814444263457264,-1.060938900518825,-0.5595102369528752,-1.1390047111259738,16.136085421841727,-23.399942646873196,-39.53602806871493,-38.17019078666413,-54.30627620850586,-55.63704417795049,-39.36138120433426,16.275662973616235,-57.862777046227755,-2.2257328682772624,580.6804271092086,383.00028676563403,-197.68014034357458,309.1490460666794,-271.53138104252923,sideways
41132,2024-07-31 11:00:00,-0.2638960443562619,-0.9021286840594981,-0.6382326397032362,-1.1645647333413167,-0.9006686889850548,-42.038118162664176,-37.32051057711448,4.717607585549693,-58.97409188128573,-16.935973718621554,-66.79680502741824,-54.16576436101816,12.631040666400082,-69.57035591127658,-2.7735508838583343,289.80940918667915,313.39744711442756,23.588037927748417,205.12954059357133,-84.67986859310781,sideways
1283,2020-01-12 18:00:00,1.165480962364562,1.165480962364562,0.0,1.165480962364562,0.0,97.0392906023779,97.0392906023779,0.0,97.0392906023779,0.0,-58.41981139961534,-58.41981139961534,0.0,-58.41981139961534,0.0,985.1964530118895,985.1964530118895,0.0,985.1964530118895,0.0,sideways
36594,2024-01-24 09:00:00,0.4537997968789677,-0.6120962631481377,-1.0658960600271055,-0.12695798079555765,-0.5807577776745254,2.285038548299556,-28.66998561513857,-30.95502416343813,-26.40343972642698,-28.68847827472654,-59.59571042239374,-43.929254856663015,15.666455565730729,-56.2956633479771,3.3000470744166464,511.42519274149777,356.65007192430716,-154.7751208171906,367.9828013678651,-143.4423913736327,crash
4316,2020-05-18 12:00:00,1.1438559582559922,1.1438559582559922,0.0,1.1438559582559922,0.0,73.86874485393562,73.86874485393562,0.0,73.86874485393562,0.0,-80.92860580676056,-80.92860580676056,0.0,-80.92860580676056,0.0,869.3437242696781,869.3437242696781,0.0,869.3437242696781,0.0,sideways
37800,2024-03-14 15:00:00,-0.19451437371635535,-0.8998160948280625,-0.7053017211117071,-0.7534567876533746,-0.5589424139370193,-40.760049847716374,-37.88650647267823,2.873543375038146,-47.94746944061372,-7.187419592897349,-64.88646065282602,-43.417121579371745,21.46933907345427,-54.89660517529262,9.989855477533396,296.19975076141816,310.56746763660885,14.367716875190695,260.2626527969314,-35.93709796448678,sideways
42249,2024-09-16 00:00:00,0.32049053499131913,-0.7346002693529454,-1.0550908043442646,-0.754238874972888,-1.074729409964207,-7.841380217265592,-34.288039395498934,-26.446659178233343,-49.441286941613406,-41.59990672434781,-66.79680502741812,-54.16576436101834,12.631040666399777,-69.5703559112765,-2.773550883858377,460.79309891367205,328.5598030225053,-132.23329589116673,252.79356529193296,-207.9995336217391,sideways
6703,2020-08-26 02:00:00,1.1879552795656276,1.1879552795656276,0.0,1.1879552795656276,0.0,75.21549617361852,75.21549617361852,0.0,75.21549617361852,0.0,-80.92860580676054,-80.92860580676054,0.0,-80.92860580676054,0.0,876.0774808680926,876.0774808680926,0.0,876.0774808680926,0.0,sideways
22191,2022-06-03 05:00:00,1.425919625859842,2.0833249582795315,0.6574053324196893,1.6926762665300237,0.26675664067018157,152.6794065037261,195.02085052260526,42.341444018879145,156.09204186960324,3.4126353658771222,-61.028598149851554,-31.041311955724606,29.98728619412695,-50.30610060039111,10.722497549460442,1263.3970325186306,1475.1042526130263,211.70722009439578,1280.4602093480162,17.06317682938561,crash
6330,2020-08-10 13:00:00,0.9965324526618482,0.9965324526618482,0.0,0.9965324526618482,0.0,27.601984576779316,27.601984576779316,0.0,27.601984576779316,0.0,-80.92860580676054,-80.92860580676054,0.0,-80.92860580676054,0.0,638.0099228838966,638.0099228838966,0.0,638.0099228838966,0.0,sideways
29017,2023-03-14 15:00:00,-0.11043859447053356,-0.2554354867606162,-0.14499689229008267,-0.2796806844317641,-0.16924208996123052,-36.05812643085867,-13.928608281829968,22.129518149028705,-31.506419149438734,4.551707281419937,-64.51603732040911,-27.45280276385541,37.0632345565537,-59.913271117462386,4.602766202946725,319.70936784570665,430.3569585908502,110.64759074514353,342.4679042528063,22.758536407099655,strong_trend
47446,2025-04-20 13:00:00,0.8032640689657645,-0.3235243222568036,-1.126788391222568,-0.011703768883009882,-0.8149678378487744,36.821278339787476,-15.781317571800779,-52.60259591158825,-14.249722899934014,-51.07100123972149,-38.95610307157812,-28.544088964217508,10.412014107360612,-40.661541449605174,-1.7054383780270541,684.1063916989374,421.0934121409961,-263.01297955794126,428.75138550032995,-255.35500619860744,sideways
4136,2020-05-11 00:00:00,1.1347190272674168,1.1347190272674168,0.0,1.1347190272674168,0.0,73.65005761907399,73.65005761907399,0.0,73.65005761907399,0.0,-80.92860580676054,-80.92860580676054,0.0,-80.92860580676054,0.0,868.25028809537,868.25028809537,0.0,868.25028809537,0.0,sideways
20336,2022-03-17 22:00:00,2.008742583533151,2.9448012992048627,0.9360587156717117,2.6381269433767227,0.6293843598435718,361.2195996098226,424.621588363088,63.401988753265414,390.4081196279217,29.188520018099098,-48.51899296376104,-26.082010691436665,22.43698227232438,-45.89043443830461,2.628558525456434,2306.097998049113,2623.10794181544,317.00994376632707,2452.0405981396084,145.9426000904955,sideways
49777,2025-07-26 16:00:00,0.6458373474385559,-0.4026658623930641,-1.04850320983162,0.0196206839244324,-0.6262166635141235,23.17490579838242,-15.594145988088338,-38.769051786470754,-10.553804356657281,-33.7287101550397,-40.59838358860036,-31.623078455582743,8.97530513301762,-39.38965334697303,1.208730241627336,615.874528991912,422.0292700595583,-193.84525893235372,447.2309782167136,-168.64355077519843,sideways
15394,2021-08-23 22:00:00,1.1656088763291406,1.9245993979250386,0.7589905215958981,1.5984761690735947,0.4328672927444541,93.50385427702612,191.74708182012168,98.24322754309556,149.76624475285666,56.26239047583054,-67.86283304393525,-47.715562889286865,20.14727015464839,-59.29552256902031,8.567310474914947,967.5192713851307,1458.7354091006084,491.21613771547777,1248.8312237642833,281.3119523791527,sideways
6763,2020-08-28 14:00:00,1.2918143009445648,1.2918143009445648,0.0,1.2918143009445648,0.0,110.31100429640652,110.31100429640652,0.0,110.31100429640652,0.0,-80.92860580676056,-80.92860580676056,0.0,-80.92860580676056,0.0,1051.5550214820325,1051.5550214820325,0.0,1051.5550214820325,0.0,sideways
24992,2022-09-27 22:00:00,0.2984360049203795,1.3843406646774028,1.0859046597570232,0.4056939957569134,0.10725799083653387,-16.768901743601283,86.99694169416618,103.76584343776747,5.05106372487929,21.819965468480575,-71.42744665120588,-35.46559702796118,35.9618496232447,-66.42510328507133,5.0023433661345535,416.1554912819936,934.9847084708309,518.8292171888373,525.2553186243964,109.09982734240282,crash
26004,2022-11-09 02:00:00,0.020163987395160295,0.8479732782956718,0.8278092909005115,-0.07634990494553773,-0.09651389234069802,-33.66220244100776,33.158783100097125,66.82098554110487,-21.777493458485853,11.884708982521904,-71.4274466512059,-35.46559702796104,35.96184962324486,-66.66543021530961,4.762016435896285,331.6889877949612,665.7939155004856,334.1049277055244,391.1125327075707,59.42354491260954,crash
33906,2023-10-04 09:00:00,0.43587384740774704,-0.25922668107835123,-0.6951005284860983,0.14962731816896557,-0.28624652923878147,1.7668559694053787,-15.275602717776183,-17.04245868718156,-10.424383878429177,-12.191239847834556,-39.203254140254565,-32.94995295217075,6.253301188083817,-44.01181397345273,-4.808559833198167,508.8342798470269,423.6219864111191,-85.21229343590778,447.8780806078541,-60.956199239172804,sideways
16048,2021-09-20 04:00:00,0.8555357666035054,1.4356002923472047,0.5800645257436993,1.0906646672493436,0.23512890064583825,44.267327238229036,91.86953048519437,47.60220324696534,64.63188533532245,20.364558097093415,-54.3775492769872,-39.471578606071056,14.905970670916147,-41.75786031964962,12.61968895733758,721.3366361911452,959.3476524259719,238.01101623482668,823.1594266766123,101.82279048546707,sideways
48882,2025-06-19 09:00:00,1.4603644849981117,0.44209051201267774,-1.018273972985434,0.7289716122283928,-0.7313928727697189,107.63752445131965,9.374296529377958,-98.26322792194169,27.53288898881685,-80.1046354625028,-36.761545434493115,-23.177873972111396,13.58367146238172,-28.523748058502086,8.237797375991029,1038.1876222565982,546.8714826468898,-491.31613960970833,637.6644449440843,-400.5231773125139,sideways
26651,2022-12-06 01:00:00,0.0882435771753802,1.265291892648264,1.1770483154728837,0.0422557905655221,-0.0459877866098581,-23.269601939725458,58.04628911208527,81.31589105181072,-15.943570034479537,7.326031905245921,-74.43600390285545,-35.46559702796137,38.970406874894074,-72.84314185040965,1.5928620524457955,383.6519903013727,790.2314455604263,406.57945525905365,420.2821498276023,36.63015952622965,crash
14652,2021-07-23 20:00:00,1.5118078832415092,2.2814815122064984,0.7696736289649893,2.0952537508169473,0.5834458675754381,182.71156412633104,370.3285344110798,187.61697028474873,329.41165722321284,146.7000930968818,-67.86283304393523,-47.71556288928666,20.147270154648567,-59.29552256902008,8.567310474915146,1413.5578206316552,2351.642672055399,938.0848514237439,2147.058286116064,733.500465484409,sideways
49120,2025-06-29 07:00:00,1.0678701895692198,-0.05262888745837236,-1.1204990770275922,0.45543323751007814,-0.6124369520591416,61.396357494176755,-6.436438431954494,-67.83279592613125,10.816774559360653,-50.5795829348161,-38.059422697799846,-30.42792239504344,7.6315003027564075,-33.455263382518865,4.604159315280981,806.9817874708838,467.81780784022754,-339.16397963065623,554.0838727968032,-252.89791467408054,sideways
47305,2025-04-14 16:00:00,0.8258911234520212,-0.3132934249992138,-1.139184548451235,0.020881965387293203,-0.805009158064728,38.82943552619154,-15.403950687722324,-54.23338621391386,-12.589110445093688,-51.418545971285226,-39.59578998759105,-30.450472521543958,9.14531746604709,-42.23121390121409,-2.6354239136230433,694.1471776309577,422.9802465613884,-271.1669310695693,437.0544477745316,-257.0927298564261,sideways
25533,2022-10-20 11:00:00,0.4022694043122779,1.6126768411170624,1.2104074368047846,0.5798041251802216,0.1775347208679437,-8.50888011708566,113.70811782049431,122.21699793757998,17.93784183942597,26.44672195651163,-71.4274466512058,-35.46559702796163,35.96184962324417,-66.42510328507146,5.00234336613434,457.4555994145717,1068.5405891024716,611.0849896878999,589.6892091971299,132.23360978255823,sideways
1271,2020-01-12 06:00:00,1.1951504682492042,1.1951504682492042,0.0,1.1951504682492042,0.0,104.16810887683891,104.16810887683891,0.0,104.16810887683891,0.0,-58.41981139961532,-58.41981139961532,0.0,-58.41981139961532,0.0,1020.8405443841946,1020.8405443841946,0.0,1020.8405443841946,0.0,sideways
30534,2023-05-16 21:00:00,0.14047717720624775,-0.34311452041222895,-0.4835916976184767,-0.5961959717128658,-0.7366731489191135,-22.276476694623703,-17.971241722038446,4.305234972585257,-44.06341097234833,-21.786934277724626,-60.007749658703126,-30.10102531987918,29.906724338823945,-57.17723085212787,2.830518806575256,388.6176165268815,410.1437913898078,21.526174862926325,279.6829451382584,-108.93467138862309,sideways
28399,2023-02-16 21:00:00,-0.443220376942243,-0.42145380006352456,0.021766576878718413,-0.5338945283077556,-0.09067415136551266,-50.26546990616409,-18.1860105258559,32.079459380308194,-37.61709740458464,12.648372501579452,-66.67902688901137,-27.4528027638554,39.226224125155966,-59.91327111746221,6.765755771549159,248.67265046917956,409.0699473707205,160.39729690154095,311.9145129770768,63.24186250789725,strong_trend
7581,2020-10-01 16:00:00,1.7551870960904443,1.7551870960904443,0.0,1.7551870960904443,0.0,369.18498875657093,369.18498875657093,0.0,369.18498875657093,0.0,-80.92860580676053,-80.92860580676053,0.0,-80.92860580676053,0.0,2345.924943782855,2345.924943782855,0.0,2345.924943782855,0.0,sideways
32429,2023-08-03 20:00:00,0.5340315211138877,-0.12669118263216847,-0.6607227037460562,0.20986135559257754,-0.32417016552131017,10.442859905301273,-10.678765087110841,-21.121624992412116,-6.616545275063634,-17.059405180364905,-41.12142450513072,-30.10102531987908,11.020399185251637,-43.05331920044944,-1.931894695318718,552.2142995265064,446.6061745644458,-105.60812496206057,466.91727362468185,-85.2970259018245,sideways
43008,2024-10-17 15:00:00,0.6555045657399375,-0.6039957614692537,-1.2595003272091914,-0.4081496708719299,-1.0636542366118675,22.39238816747726,-29.12369889937636,-51.51608706685362,-35.72130617411284,-58.113694341590104,-66.7968050274182,-54.165764361018255,12.631040666399947,-69.57035591127652,-2.77355088385832,611.9619408373864,354.3815055031182,-257.58043533426815,321.3934691294358,-290.56847170795055,sideways
5416,2020-07-03 11:00:00,1.342920681103783,1.342920681103783,0.0,1.342920681103783,0.0,130.91272171168703,130.91272171168703,0.0,130.91272171168703,0.0,-80.92860580676054,-80.92860580676054,0.0,-80.92860580676054,0.0,1154.5636085584351,1154.5636085584351,0.0,1154.5636085584351,0.0,sideways
36999,2024-02-10 06:00:00,0.09246681639440177,-0.6225655316662331,-0.7150323480606349,-0.3513338927067597,-0.44380070910116143,-24.885029428878024,-29.4064866110901,-4.521457182212075,-36.91963779249856,-12.034608363620539,-59.5957104223937,-43.92925485666302,15.66645556573068,-58.56299578559872,1.032714636794978,375.5748528556099,352.9675669445495,-22.607285911060387,315.4018110375072,-60.17304181810272,sideways
7178,2020-09-14 21:00:00,1.540165702847367,1.540165702847367,0.0,1.540165702847367,0.0,222.8068783099333,222.8068783099333,0.0,222.8068783099333,0.0,-80.92860580676056,-80.92860580676056,0.0,-80.92860580676056,0.0,1614.0343915496665,1614.0343915496665,0.0,1614.0343915496665,0.0,sideways
38303,2024-04-04 14:00:00,0.04588939462392726,-0.5129961633866084,-0.5588855580105356,-0.5621882825860651,-0.6080776772099924,-25.601491530064624,-25.640725099663975,-0.039233569599350204,-39.34708647427362,-13.745594944208992,-64.88646065282602,-43.41712157937189,21.46933907345413,-54.89660517529265,9.989855477533368,371.99254234967685,371.79637450168013,-0.19616784799671905,303.26456762863194,-68.72797472104492,sideways
21438,2022-05-02 20:00:00,1.570620138155791,2.455951347750749,0.8853312095949579,2.068355262818421,0.49773512466263026,196.3479962761077,289.8756791555421,93.52768287943442,241.7574514099868,45.409455133879106,-59.53289890548723,-29.430012107632187,30.102886797855042,-50.306100600391005,9.226798305096224,1481.7399813805384,1949.3783957777105,467.638414397172,1708.7872570499342,227.04727566939573,crash
333,2019-12-04 04:00:00,0.3000408841113813,0.3000408841113813,0.0,0.3000408841113813,0.0,-17.163424963788255,-17.163424963788255,0.0,-17.163424963788255,0.0,-58.419811399615405,-58.419811399615405,0.0,-58.419811399615405,0.0,414.1828751810587,414.1828751810587,0.0,414.1828751810587,0.0,crash
49424,2025-07-11 23:00:00,0.9949392405500255,-0.12025467347598853,-1.115193914026014,0.1027580558041917,-0.8921811847458337,53.519595252270456,-8.276381784011965,-61.79597703628242,-7.145326693975706,-60.66492194624616,-40.59838358860001,-31.28338096968092,9.315002618919088,-35.845199308052976,4.753184280547032,767.5979762613523,458.61809107994014,-308.97988518141216,464.27336653012145,-303.32460973123085,sideways
8489,2020-11-08 12:00:00,1.4180412249176622,1.5066064989472616,0.08856527402959946,1.4376698412426159,0.019628616324953718,161.49703857770513,206.340363506491,44.843324928785876,171.70717776112699,10.210139183421859,-80.92860580676053,-80.92860580676053,0.0,-80.92860580676053,0.0,1307.4851928885257,1531.7018175324552,224.21662464392944,1358.5358888056348,51.050695917109124,sideways
30488,2023-05-14 23:00:00,0.035452922513427514,-0.41759394926639376,-0.4530468717798213,-0.7137614496559364,-0.7492143721693638,-29.00829971949811,-20.218057022211454,8.790242697286654,-48.042799400337124,-19.034499680839016,-60.00774965870329,-30.101025319878982,29.906724338824308,-57.17723085212798,2.830518806575313,354.95850140250946,398.90971488894274,43.95121348643329,259.7860029983144,-95.17249840419504,sideways
9282,2020-12-11 14:00:00,1.6530535283536842,1.7897037158537052,0.136650187500021,1.6408439699773218,-0.012209558376362395,294.4976883400964,394.35589246433824,99.85820412424187,286.662055042497,-7.835633297599372,-80.92860580676056,-80.92860580676056,0.0,-80.92860580676056,0.0,1972.4884417004819,2471.7794623216914,499.29102062120955,1933.310275212485,-39.178166487996805,sideways
47726,2025-05-02 05:00:00,0.7506201705748142,-0.317403097505596,-1.0680232680804103,-0.08278799137198846,-0.8334081619468027,32.12062858605502,-15.27056650931421,-47.39119509536923,-17.42121419854261,-49.541842784597634,-38.95610307157812,-26.539601128812496,12.416501942765624,-35.78813127705107,3.1679717945270482,660.6031429302751,423.64716745342895,-236.95597547684616,412.89392900728694,-247.70921392298817,sideways
37766,2024-03-13 05:00:00,-0.15837358265292142,-0.8766723152290695,-0.7182987325761481,-0.7514173051157235,-0.593043722462802,-39.30143745149862,-37.36054702805428,1.940890423444344,-48.0069121409591,-8.70547468946048,-64.8864606528259,-43.417121579371575,21.46933907345433,-54.8966051752926,9.989855477533304,303.4928127425069,313.1972648597286,9.704452117221706,259.9654392952045,-43.52737344730241,sideways
41144,2024-07-31 23:00:00,-0.263896044356262,-0.9021286840594983,-0.6382326397032363,-1.1645647333413165,-0.9006686889850545,-42.03811816266412,-37.320510577114554,4.717607585549565,-58.97409188128567,-16.935973718621554,-66.79680502741822,-54.1657643610182,12.631040666400018,-69.57035591127654,-2.77355088385832,289.80940918667943,313.3974471144272,23.58803792774779,205.12954059357165,-84.67986859310778,sideways
22101,2022-05-30 11:00:00,1.5585971648603962,2.3257248506889487,0.7671276858285525,1.9666911984591953,0.40809403359879903,189.35926538725784,246.0225779799527,56.663312592694865,212.56575933499695,23.20649394773912,-61.02859814985149,-31.04131195572435,29.98728619412714,-50.30610060039109,10.7224975494604,1446.7963269362892,1730.1128898997636,283.3165629634743,1562.8287966749847,116.03246973869545,crash
23907,2022-08-13 17:00:00,0.7321556594306117,1.5196143122017063,0.7874586527710946,0.7137264598135454,-0.01842919961706624,26.92776281732918,102.98574825454838,76.0579854372192,29.15403921774562,2.226276400416438,-65.10031878807642,-31.792799253882087,33.307519534194334,-60.46312038642494,4.637198401651482,634.6388140866459,1014.928741272742,380.28992718609607,645.7701960887281,11.131382002082205,sideways
32445,2023-08-04 12:00:00,0.5418460727207369,-0.10903347258069498,-0.6508795453014319,0.22014592172595848,-0.32170015099477844,11.164682837961525,-10.094987052125692,-21.259669890087217,-6.0062177336608125,-17.170900571622337,-41.121424505130754,-30.10102531987916,11.020399185251595,-43.053319200449515,-1.9318946953187606,555.8234141898076,449.52506473937154,-106.29834945043609,469.96891133169595,-85.85450285811169,sideways
40142,2024-06-20 05:00:00,-0.4803369467059465,-1.0922381281148523,-0.6119011814089058,-1.307443290842347,-0.8271063441364005,-50.76302465875161,-41.7900799854664,8.972944673285213,-61.334611899192936,-10.571587240441325,-66.79680502741815,-54.07170347188539,12.725101555532753,-69.24951779831292,-2.4527127708947773,246.18487670624194,291.049600072668,44.86472336642606,193.3269405040353,-52.857936202206645,sideways
43324,2024-10-30 19:00:00,0.5377766497904397,-0.6991451814938168,-1.2369218312842565,-0.6095374269745439,-1.1473140767649836,11.234212468817972,-31.773630119561737,-43.00784258837971,-42.606245619019745,-53.84045808783772,-66.79680502741824,-54.16576436101808,12.631040666400168,-69.57035591127652,-2.7735508838582774,556.1710623440898,341.13184940219134,-215.03921294189848,286.9687719049013,-269.2022904391885,sideways
912,2019-12-28 07:00:00,0.6294873354117382,0.6294873354117382,0.0,0.6294873354117382,0.0,12.574245498210201,12.574245498210201,0.0,12.574245498210201,0.0,-58.4198113996154,-58.4198113996154,0.0,-58.4198113996154,0.0,562.8712274910511,562.8712274910511,0.0,562.8712274910511,0.0,sideways
33942,2023-10-05 21:00:00,0.423589297164138,-0.26727504226285337,-0.6908643394269913,0.15457516491808537,-0.26901413224605264,0.7157149041285393,-15.533187165734908,-16.248902069863448,-10.141512137638575,-10.857227041767114,-39.20325414025453,-32.94995295217079,6.253301188083739,-44.01181397345278,-4.808559833198252,503.5785745206427,422.33406417132545,-81.24451034931724,449.29243931180713,-54.28613520883556,sideways
5582,2020-07-10 09:00:00,1.238677178551929,1.238677178551929,0.0,1.238677178551929,0.0,92.94285000981435,92.94285000981435,0.0,92.94285000981435,0.0,-80.92860580676053,-80.92860580676053,0.0,-80.92860580676053,0.0,964.7142500490718,964.7142500490718,0.0,964.7142500490718,0.0,sideways
14728,2021-07-27 00:00:00,1.4628966039327078,2.2255698322641804,0.7626732283314726,2.0132905019223477,0.5503938979896399,168.17378237069357,339.01331742085574,170.83953505016217,294.04031622841086,125.86653385771729,-67.86283304393528,-47.71556288928681,20.147270154648474,-59.2955225690202,8.567310474915082,1340.8689118534678,2195.066587104279,854.197675250811,1970.2015811420542,629.3326692885864,strong_trend
42426,2024-09-23 09:00:00,0.3188648778153683,-0.8355886940878703,-1.1544535719032387,-0.8157151205674834,-1.1345799983828517,-7.6775758987543075,-36.879144269600125,-29.20156837084582,-50.92637502194597,-43.24879912319167,-66.79680502741816,-54.16576436101819,12.631040666399969,-69.57035591127651,-2.7735508838583485,461.61212050622845,315.6042786519994,-146.00784185422907,245.3681248902702,-216.24399561595826,sideways
12814,2021-05-08 06:00:00,1.0348444354882047,1.528452332793337,0.4936078973051323,1.39411226473629,0.3592678292480853,68.21323907388349,193.211190765693,124.99795169180952,155.57868067794294,87.36544160405946,-67.86283304393518,-47.71556288928698,20.147270154648204,-59.29552256902038,8.567310474914805,841.0661953694174,1466.055953828465,624.9897584590475,1277.8934033897146,436.82720802029723,sideways
40758,2024-07-15 21:00:00,-0.599025973156414,-1.1519235860627248,-0.5528976129063108,-1.255397621617565,-0.656371648461151,-54.69823783651102,-43.08979804623777,11.608439790273252,-60.527656466306134,-5.829418629795114,-66.79680502741812,-54.16576436101812,12.631040666399997,-69.57035591127652,-2.7735508838584053,226.50881081744487,284.5510097688111,58.04219895136626,197.36171766846934,-29.14709314897553,strong_trend
23683,2022-08-04 09:00:00,0.7650459964263896,1.542698368857641,0.7776523724312514,0.7477608621836169,-0.01728513424277267,31.03192925064753,106.30570573377636,75.27377648312884,32.16345016209481,1.1315209114472822,-63.771135811990874,-31.79279925388202,31.978336558108854,-58.64378031107709,5.127355500913787,655.1596462532376,1031.5285286688818,376.3688824156442,660.8172508104741,5.657604557236482,sideways
11900,2021-03-30 23:00:00,0.9790928412991546,1.3181259886064411,0.3390331473072865,1.1226388069218987,0.14354596562274402,50.6578976548657,138.30282452517847,87.64492687031276,85.5581118332457,34.900214178380004,-67.86283304393518,-55.6786223067361,12.18421073719908,-59.29552256902002,8.56731047491516,753.2894882743285,1191.5141226258922,438.22463435156374,927.7905591662285,174.50107089189999,sideways
17097,2021-11-02 23:00:00,0.9460212893381201,1.2828281076999262,0.33680681836180604,1.1138223696527982,0.1678010803146781,55.86471756100331,68.55790892012182,12.693191359118508,62.232332524011525,6.367614963008215,-54.37754927698706,-39.47157860607111,14.905970670915949,-40.874195682594326,13.503353594392735,779.3235878050166,842.789544600609,63.46595679559243,811.1616626200577,31.838074815041068,sideways
27149,2022-12-26 19:00:00,-0.03273544521632254,0.8766735009989013,0.9094089462152238,-0.27034775605537154,-0.237612310839049,-32.81430534850676,32.8811023209981,65.69540766950486,-31.32847564659482,1.4858297019119355,-74.95301295734774,-35.46559702796148,39.48741592938626,-72.8431418504098,2.1098711069379448,335.92847325746624,664.4055116049905,328.4770383475242,343.3576217670259,7.429148509559639,sideways
39138,2024-05-09 09:00:00,0.07967956040570084,-0.5709150306723947,-0.6505945910780955,-0.5202292945030235,-0.5999088549087244,-22.59096166962844,-27.32789387381245,-4.736932204184008,-37.70583557841043,-15.114873908781988,-64.88646065282602,-43.41712157937161,21.469339073454407,-57.45404150260667,7.432419150219346,387.0451916518578,363.3605306309378,-23.684661020920032,311.47082210794787,-75.57436954390994,sideways
30998,2023-06-05 05:00:00,0.26520569696514396,-0.28655150487284814,-0.5517572018379922,-0.36566959516438474,-0.6308752921295286,-14.144193192212938,-16.359149814869735,-2.2149566226567963,-35.729521001297506,-21.585327809084568,-60.00774965870313,-30.101025319878982,29.90672433882415,-57.17723085212789,2.830518806575242,429.2790340389353,418.2042509256513,-11.074783113284013,321.35239499351246,-107.92663904542286,sideways
47736,2025-05-02 15:00:00,0.7750139953680272,-0.2837903027759018,-1.058804298143929,-0.053132532646320854,-0.8281465280143481,34.262115368321176,-14.300151102735803,-48.56226647105698,-16.08272996499084,-50.344845333312016,-38.95610307157812,-26.539601128812507,12.416501942765613,-35.788131277051235,3.167971794526885,671.3105768416059,428.499244486321,-242.8113323552849,419.5863501750458,-251.72422666656007,sideways
44386,2024-12-14 01:00:00,0.7617432788765647,-0.26718113318554876,-1.0289244120621135,-0.32877372740981464,-1.0905170062863794,33.937041056266025,-16.607769294685692,-50.54481035095172,-29.660610121651786,-63.59765117791781,-55.637044177950415,-35.76830792188452,19.868736256065894,-57.86277704622789,-2.2257328682774755,669.6852052813301,416.96115352657154,-252.7240517547586,351.69694939174104,-317.9882558895891,sideways
38535,2024-04-14 06:00:00,0.08974549139406578,-0.4308284260306872,-0.520573917424753,-0.39833110938304894,-0.48807660077711473,-22.402961635184106,-22.933308282944875,-0.5303466477607692,-32.99526946019764,-10.592307825013535,-64.88646065282595,-43.417121579371894,21.46933907345405,-54.89660517529262,9.989855477533325,387.9851918240795,385.33345858527565,-2.6517332388038426,335.0236526990118,-52.9615391250677,sideways
30850,2023-05-30 01:00:00,0.283161341545763,-0.20264035947585965,-0.4858017010216227,-0.3379635196812557,-0.6211248612270187,-12.83700806017829,-13.653639332120227,-0.8166312719419366,-34.677908986090536,-21.840900925912244,-60.00774965870305,-30.10102531987905,29.906724338824,-57.17723085212779,2.830518806575256,435.81495969910856,431.7318033393989,-4.083156359709676,326.61045506954736,-109.2045046295612,sideways
14826,2021-07-31 02:00:00,1.4769739947629659,2.204735614601003,0.727761619838037,2.033196341121008,0.5562223463580422,171.76241807151672,327.02711166791164,155.26469359639492,297.94234293170916,126.17992486019244,-67.86283304393517,-47.715562889286915,20.147270154648254,-59.295522569020335,8.567310474914834,1358.8120903575837,2135.135558339558,776.3234679819743,1989.7117146585458,630.8996243009622,strong_trend
21103,2022-04-18 21:00:00,1.617600851250038,2.635735966430486,1.0181351151804479,2.2534960302714238,0.6358951790213858,210.5586436288912,337.7799925810851,127.22134895219389,286.22372970782556,75.66508607893437,-59.030610784060435,-29.43001210763221,29.600598676428227,-50.306100600391055,8.72451018366938,1552.793218144456,2188.899962905425,636.1067447609691,1931.118648539128,378.3254303946719,sideways
6081,2020-07-31 04:00:00,1.1235759820944016,1.1235759820944016,0.0,1.1235759820944016,0.0,57.836465008975615,57.836465008975615,0.0,57.836465008975615,0.0,-80.92860580676053,-80.92860580676053,0.0,-80.92860580676053,0.0,789.1823250448781,789.1823250448781,0.0,789.1823250448781,0.0,sideways
19140,2022-01-27 02:00:00,1.7280628434234753,2.3421548325078456,0.6140919890843703,2.295984491735418,0.5679216483119427,251.39155459845827,281.10425632293715,29.712701724478876,301.69071789566766,50.29916329720939,-44.784546839467865,-37.750897317386276,7.033649522081589,-37.68658979846906,7.097957040998807,1756.9577729922914,1905.521281614686,148.56350862239447,2008.4535894783385,251.49581648604703,crash
47390,2025-04-18 05:00:00,0.8283428465197804,-0.28688482365550216,-1.1152276701752826,0.018274337329676288,-0.8100685091901041,39.099092435304115,-14.694053974947641,-53.79314641025176,-12.822143854897428,-51.92123629020154,-38.95610307157812,-28.544088964217394,10.412014107360726,-40.661541449605174,-1.7054383780270541,695.4954621765206,426.5297301252618,-268.96573205125884,435.8892807255129,-259.6061814510077,sideways
21784,2022-05-17 06:00:00,1.543586414559895,2.4127828997841005,0.8691964852242056,2.0418631214058274,0.4982767068459324,187.5514769754981,279.1156463959747,91.56416942047659,236.56371229816705,49.01223532266894,-59.532898905487286,-29.597484350976245,29.93541455451104,-50.30610060039105,9.226798305096239,1437.7573848774905,1895.5782319798734,457.8208471023829,1682.8185614908352,245.06117661334474,crash
5817,2020-07-20 04:00:00,1.3331213616200022,1.3331213616200022,0.0,1.3331213616200022,0.0,126.49692304764004,126.49692304764004,0.0,126.49692304764004,0.0,-80.92860580676054,-80.92860580676054,0.0,-80.92860580676054,0.0,1132.4846152382001,1132.4846152382001,0.0,1132.4846152382001,0.0,sideways
33347,2023-09-11 02:00:00,0.4525879911795027,-0.19614832306733282,-0.6487363142468355,0.17164054189474937,-0.28094744928475335,3.1594906336175566,-13.142725547291867,-16.302216180909426,-8.930681563509724,-12.09017219712728,-39.203254140254415,-32.26818048130272,6.935073658951694,-43.05331920044947,-3.850065060195057,515.7974531680878,434.28637226354067,-81.51108090454716,455.3465921824514,-60.45086098563644,sideways
49239,2025-07-04 06:00:00,1.2921249333816325,0.11271524944287427,-1.1794096839387582,0.418997088881566,-0.8731278445000665,86.0713936809864,-1.3943458039968548,-87.46573948498326,8.829025898066245,-77.24236778292016,-40.598383588600484,-31.283380969680884,9.3150026189196,-35.84519930805323,4.753184280547252,930.356968404932,493.02827098001575,-437.32869742491624,544.1451294903312,-386.2118389146008,sideways
44373,2024-12-13 12:00:00,0.7568357481794425,-0.2694488888623768,-1.0262846370418193,-0.33344978076418613,-1.0902855289436286,33.41741470048849,-16.691486194826368,-50.10890089531486,-29.93350103025977,-63.35091573074826,-55.6370441779505,-35.768307921884634,19.868736256065866,-57.86277704622778,-2.2257328682772766,667.0870735024424,416.54256902586815,-250.54450447657428,350.3324948487012,-316.75457865374125,sideways
14019,2021-06-27 11:00:00,1.4804964295252023,2.0794896730037187,0.5989932434785163,1.9210270000715464,0.44053057054634404,174.17535773021405,310.9065901216144,136.73123239140034,276.30787900409155,102.1325212738775,-67.86283304393521,-47.71556288928688,20.147270154648332,-59.295522569020285,8.567310474914926,1370.8767886510702,2054.532950608072,683.6561619570018,1881.5393950204577,510.6626063693875,crash
23217,2022-07-15 23:00:00,1.0307313432570646,1.6982773499179642,0.6675460066608996,1.0298811909568248,-0.0008501523002397704,70.42754055054911,127.88963920251194,57.46209865196283,60.670106274981705,-9.757434275567405,-62.604788848313106,-31.792799253882052,30.811989594431054,-54.84770234835792,7.757086499955186,852.1377027527456,1139.4481960125597,287.31049325981417,803.3505313749085,-48.78717137783701,sideways
27162,2022-12-27 08:00:00,-0.0395352604817475,0.885447782211151,0.9249830426928984,-0.2795542689325871,-0.24001900845083962,-33.20389979901122,33.368343018828824,66.57224281784005,-31.726686083125,1.4772137158862186,-74.95301295734764,-35.4655970279612,39.48741592938644,-72.84314185040948,2.109871106938158,333.9805010049439,666.8417150941441,332.8612140892002,341.366569584375,7.3860685794310825,sideways
12677,2021-05-02 13:00:00,0.954749755438775,1.4311350101253233,0.47638525468654824,1.3031932719244683,0.34844351648569327,51.72731426021686,165.6777501820423,113.95043592182545,131.57904955705163,79.85173529683478,-67.86283304393513,-47.715562889286744,20.147270154648382,-59.29552256902015,8.567310474914976,758.6365713010844,1328.3887509102115,569.7521796091271,1157.895247785258,399.25867648417375,sideways
13744,2021-06-16 00:00:00,1.6605175598588549,2.2731164547500424,0.6125988948911876,2.112738867307443,0.45222130744858813,235.7800026298886,403.23346727404015,167.45346464415155,360.860748565073,125.08074593518438,-67.8628330439353,-47.71556288928666,20.147270154648638,-59.29552256902018,8.567310474915118,1678.9000131494429,2516.1673363702007,837.2673232207578,2304.3037428253647,625.4037296759218,sideways
12105,2021-04-08 12:00:00,0.8673207692993119,1.173444105966686,0.3061233366673741,1.0315309480015087,0.16421017870219679,30.83378645035704,98.97058925088882,68.13680280053178,66.08175950797137,35.24797305761433,-67.86283304393513,-55.678622306736116,12.18421073719901,-59.29552256902014,8.567310474914983,654.1689322517852,994.8529462544441,340.68401400265884,830.4087975398569,176.23986528807166,sideways
50874,2025-09-10 09:00:00,1.0310077749465085,0.07385888981844205,-0.9571488851280665,0.38208506365555817,-0.6489227112909504,55.361462839005696,-1.825752678473036,-57.187215517478734,7.171813049262954,-48.189649789742745,-45.043711570109814,-35.72666337916749,9.317048190942323,-45.95404219124292,-0.9103306211331059,776.8073141950284,490.87123660763484,-285.9360775873936,535.8590652463148,-240.94824894871363,sideways
38160,2024-03-29 15:00:00,-0.04946195495524912,-0.6942359859827942,-0.6447740310275452,-0.6075859561970338,-0.5581240012417847,-31.108463200618232,-30.054432185413894,1.0540310152043375,-41.00118763838837,-9.892724437770141,-64.88646065282597,-43.417121579371674,21.4693390734543,-54.89660517529262,9.989855477533354,344.4576839969088,349.7278390729305,5.270155076021695,294.9940618080582,-49.46362218885065,sideways
43011,2024-10-17 18:00:00,0.6495719338208259,-0.6075890620804967,-1.2571609959013226,-0.41638739189420104,-1.0659593257150268,21.795730749649334,-29.22928936416812,-51.025020113817455,-36.034661931392286,-57.830392681041616,-66.79680502741813,-54.16576436101826,12.631040666399869,-69.57035591127645,-2.77355088385832,608.9786537482466,353.8535531791594,-255.12510056908724,319.8266903430386,-289.15196340520805,sideways
41769,2024-08-27 00:00:00,0.41578587340985235,-0.5147090058853475,-0.9304948792951999,-0.558020794049897,-0.9738066674597494,0.06990186088013939,-26.990336820092242,-27.060238680972382,-41.829797794584664,-41.8996996554648,-66.79680502741812,-54.1657643610183,12.63104066639982,-69.57035591127647,-2.7735508838583485,500.34950930440067,365.0483158995388,-135.30119340486186,290.85101102707665,-209.49849827732402,sideways
49062,2025-06-26 21:00:00,1.0784170688426389,-0.008920596668800612,-1.0873376655114395,0.4644480285559001,-0.6139690402867388,62.56734380649327,-5.142394684384977,-67.70973849087825,11.326965360517537,-51.240378445975736,-36.7615454344931,-28.519650309081833,8.241895125411268,-32.11836044357064,4.643184990922464,812.8367190324664,474.2880265780751,-338.54869245439124,556.6348268025877,-256.2018922298787,sideways
5385,2020-07-02 04:00:00,1.3706553407324462,1.3706553407324462,0.0,1.3706553407324462,0.0,142.14592238411333,142.14592238411333,0.0,142.14592238411333,0.0,-80.92860580676054,-80.92860580676054,0.0,-80.92860580676054,0.0,1210.7296119205666,1210.7296119205666,0.0,1210.7296119205666,0.0,sideways
45097,2025-01-12 16:00:00,0.8040162961544293,-0.03150418920257004,-0.8355204853569993,-0.24132179281361474,-1.045338088968044,38.38994123728903,-8.432747207823732,-46.82268844511276,-26.10068944279995,-64.49063068008898,-55.63704417795052,-35.76830792188444,19.86873625606608,-57.86277704622782,-2.225732868277298,691.9497061864452,457.83626396088135,-234.1134422255638,369.4965527860002,-322.45315340044493,sideways
3404,2020-04-10 10:00:00,1.1940028781286556,1.1940028781286556,0.0,1.1940028781286556,0.0,96.8571327979428,96.8571327979428,0.0,96.8571327979428,0.0,-80.92860580676053,-80.92860580676053,0.0,-80.92860580676053,0.0,984.285663989714,984.285663989714,0.0,984.285663989714,0.0,sideways
24318,2022-08-30 20:00:00,0.4863090681537576,1.3748007817170815,0.8884917135633239,0.552407839221196,0.06609877106743839,-0.27258037478427033,86.36595095457157,86.63853132935584,15.933568115122476,16.206148489906745,-69.02466402952268,-34.06797711253837,34.95668691698431,-63.537162902252106,5.487501127270576,498.6370981260786,931.8297547728579,433.19265664677926,579.6678405756123,81.0307424495337,crash
30406,2023-05-11 13:00:00,0.12335636444271943,-0.21279648068366622,-0.33615284512638566,-0.5607196614567439,-0.6840760258994634,-23.202619581603944,-13.501860405531996,9.700759176071948,-42.419906345221435,-19.21728676361749,-60.007749658703126,-29.04330241356713,30.964447245135997,-57.17723085212791,2.8305188065752134,383.98690209198026,432.49069797234,48.503795880359746,287.90046827389284,-96.08643381808741,sideways
18305,2021-12-23 07:00:00,1.4101767009837192,1.931667041980229,0.5214903409965099,1.7924799776092872,0.38230327662556807,147.65872553838727,172.00919570948403,24.35047017109676,157.47009648442548,9.81137094603821,-44.78454683946788,-39.47157860607111,5.3129682333967665,-39.40904866690621,5.37549817256167,1238.2936276919363,1360.0459785474202,121.75235085548388,1287.3504824221272,49.056854730190935,crash
7477,2020-09-27 08:00:00,1.756569964824191,1.756569964824191,0.0,1.756569964824191,0.0,370.3231873593915,370.3231873593915,0.0,370.3231873593915,0.0,-80.92860580676057,-80.92860580676057,0.0,-80.92860580676057,0.0,2351.6159367969576,2351.6159367969576,0.0,2351.6159367969576,0.0,sideways
9836,2021-01-03 21:00:00,1.2030257219869043,1.470160160934606,0.2671344389477017,1.3186864353038503,0.11566071331694605,88.245236840331,194.40158346394276,106.15634662361175,130.14318167787633,41.897944837545325,-80.92860580676056,-80.92860580676056,0.0,-80.92860580676056,0.0,941.2261842016551,1472.007917319714,530.7817331180588,1150.7159083893816,209.48972418772655,strong_trend
42183,2024-09-13 06:00:00,0.42243283923773145,-0.6882522850584003,-1.1106851242961318,-0.6285447843751101,-1.0509776236128414,0.38084092124512914,-32.97053477917666,-33.35137570042179,-45.30088228928093,-45.68172321052606,-66.79680502741815,-54.165764361018276,12.631040666399869,-69.57035591127644,-2.7735508838582916,501.9042046062256,335.1473261041167,-166.75687850210892,273.4955885535953,-228.4086160526303,sideways
16303,2021-09-30 21:00:00,0.9714093361157533,1.6459288726632533,0.6745195365475,1.3131913627607585,0.34178202664500523,59.974907590309186,112.12892675733693,52.15401916702774,88.519860714722,28.544953124412814,-54.377549276987146,-39.47157860607112,14.905970670916027,-40.874195682594475,13.50335359439267,799.8745379515459,1060.6446337866846,260.7700958351387,942.59930357361,142.72476562206407,crash
15874,2021-09-12 22:00:00,0.6373235877203391,1.1680825229393463,0.5307589352190072,0.876393323930453,0.23906973621011385,18.550392514958002,66.26422136397754,47.713828849019535,43.531516597511775,24.981124082553773,-56.74137856078809,-39.47157860607109,17.269799954717,-45.20924689861631,11.532131662171786,592.75196257479,831.3211068198877,238.56914424509773,717.6575829875588,124.90562041276883,sideways
47231,2025-04-11 14:00:00,0.828006364801951,-0.3337072806112188,-1.1617136454131698,0.005875513311372569,-0.8221308514905784,39.01073212412645,-15.983303680996762,-54.99403580512321,-13.202138882802272,-52.21287100692872,-40.464840731366166,-30.70498339062532,9.759857340740847,-42.44261410030711,-1.9777733689409445,695.0536606206323,420.08348159501617,-274.9701790256161,433.98930558598863,-261.06435503464365,sideways
7359,2020-09-22 10:00:00,1.7164290271840343,1.7164290271840343,0.0,1.7164290271840343,0.0,338.6277595293297,338.6277595293297,0.0,338.6277595293297,0.0,-80.92860580676054,-80.92860580676054,0.0,-80.92860580676054,0.0,2193.1387976466485,2193.1387976466485,0.0,2193.1387976466485,0.0,sideways
46817,2025-03-25 08:00:00,1.075476776653315,0.0029520135894764033,-1.0725247630638386,0.1262162502724622,-0.9492605263808529,64.06888071209298,-6.085762306257547,-70.15464301835053,-7.561557016265952,-71.63043772835893,-42.99751882469101,-31.929175682516643,11.068343142174363,-44.08168897223369,-1.084170147542686,820.3444035604649,469.57118846871225,-350.77321509175266,462.19221491867023,-358.1521886417947,sideways
47109,2025-04-06 12:00:00,0.9051483525223171,-0.23143472681263805,-1.1365830793349552,0.10122835993629578,-0.8039199925860213,46.20430021445154,-12.884915548935872,-59.089215763387415,-8.568096315269347,-54.77239652972089,-40.4648407313661,-30.70498339062546,9.759857340740641,-42.44261410030721,-1.977773368941108,731.0215010722577,435.57542225532063,-295.4460788169371,457.15951842365325,-273.86198264860445,sideways
30617,2023-05-20 08:00:00,0.31643809892299757,-0.20514802524327727,-0.5215861241662748,-0.385704451221751,-0.7021425501447486,-9.791333592693373,-13.660561602997722,-3.869228010304349,-36.30075374375716,-26.50942015106379,-60.00774965870326,-30.10102531987897,29.90672433882429,-57.177230852128204,2.830518806575057,451.0433320365331,431.6971919850114,-19.34614005152173,318.4962312812142,-132.54710075531892,sideways
8467,2020-11-07 14:00:00,1.4367663942984248,1.5313103140597484,0.09454391976132359,1.4569724264290629,0.020206032130638096,169.0594646521673,218.75724021610736,49.69777556394007,179.86906828112677,10.80960362895948,-80.92860580676053,-80.92860580676053,0.0,-80.92860580676053,0.0,1345.2973232608365,1593.7862010805368,248.4888778197003,1399.345341405634,54.048018144797425,sideways
7972,2020-10-17 23:00:00,1.6760358725362667,1.7775215521203451,0.10148567958407839,1.7170621486554176,0.041026276119150884,308.84783319560427,387.74659261845585,78.89875942285158,339.1453406230257,30.297507427421408,-80.92860580676053,-80.92860580676053,0.0,-80.92860580676053,0.0,2044.2391659780212,2438.732963092279,394.49379711425786,2195.726703115128,151.48753713710698,sideways
14564,2021-07-20 04:00:00,1.4755695286009494,2.2255367593060753,0.7499672307051259,2.003648204762482,0.5280786761615328,172.2844925735163,352.51043242825216,180.22593985473586,297.792713204157,125.5082206306407,-67.86283304393525,-47.71556288928668,20.147270154648574,-59.29552256902013,8.567310474915125,1361.4224628675815,2262.552162141261,901.1296992736793,1988.963566020785,627.5411031532035,crash
29535,2023-04-05 06:00:00,0.18612870118533928,-0.22015412746754956,-0.40628282865288884,-0.22188281725910836,-0.4080115184444476,-19.33993187426104,-13.666740816452904,5.673191057808136,-29.817802156093222,-10.477870281832182,-60.00774965870309,-27.6986674937435,32.30908216495959,-57.66212222869637,2.345627430006722,403.3003406286948,431.66629591773545,28.36595528904064,350.9109892195339,-52.389351409160895,sideways
7857,2020-10-13 04:00:00,1.6152296024476351,1.6756679669836503,0.06043836453601514,1.6303403488367174,0.015110746389082275,267.84507698241026,308.6681770536041,40.823100071193835,277.70531307313536,9.860236090725095,-80.92860580676053,-80.92860580676053,0.0,-80.92860580676053,0.0,1839.2253849120511,2043.3408852680204,204.1155003559693,1888.5265653656768,49.30118045362565,sideways
23307,2022-07-19 17:00:00,0.9108960558460546,1.6625397842110718,0.7516437283650172,1.0099786529234118,0.09908259707735723,50.97387143794625,122.94221280707447,71.96834136912821,58.53923260842362,7.565361170477367,-62.60478884831304,-31.79279925388201,30.811989594431033,-54.847702348357785,7.757086499955257,754.8693571897312,1114.7110640353724,359.84170684564117,792.6961630421181,37.82680585238688,strong_trend
5907,2020-07-23 22:00:00,1.240333704621714,1.240333704621714,0.0,1.240333704621714,0.0,93.27663401037829,93.27663401037829,0.0,93.27663401037829,0.0,-80.92860580676053,-80.92860580676053,0.0,-80.92860580676053,0.0,966.3831700518914,966.3831700518914,0.0,966.3831700518914,0.0,sideways
27636,2023-01-16 02:00:00,-1.2394688537721559,-0.8604109952256142,0.3790578585465417,-1.489729154120175,-0.25026030034801905,-74.57716432233093,-31.182820435172175,43.394343887158755,-65.56220609611248,9.014958226218454,-75.7330001445517,-35.46559702796108,40.267403116590614,-72.84314185040945,2.8898582941422433,127.11417838834532,344.0858978241391,216.9717194357938,172.1889695194376,45.07479113109227,strong_trend
1081,2020-01-04 08:00:00,1.023432331672058,1.023432331672058,0.0,1.023432331672058,0.0,68.13283786493602,68.13283786493602,0.0,68.13283786493602,0.0,-58.419811399615384,-58.419811399615384,0.0,-58.419811399615384,0.0,840.6641893246801,840.6641893246801,0.0,840.6641893246801,0.0,sideways
36268,2024-01-10 19:00:00,0.36336399138799946,-0.9452325203611723,-1.3085965117491718,-0.18422846197153067,-0.5475924533595301,-3.224090197891649,-37.54061368067468,-34.31652348278303,-27.94261450739771,-24.718524309506062,-59.595710422393765,-43.929254856662816,15.66645556573095,-56.29566334797711,3.3000470744166535,483.8795490105418,312.29693159662656,-171.58261741391522,360.28692746301147,-123.59262154753031,sideways
2833,2020-03-17 15:00:00,0.9775659435094076,0.9775659435094076,0.0,0.9775659435094076,0.0,46.731495407734094,46.731495407734094,0.0,46.731495407734094,0.0,-80.92860580676053,-80.92860580676053,0.0,-80.92860580676053,0.0,733.6574770386704,733.6574770386704,0.0,733.6574770386704,0.0,crash
9965,2021-01-09 06:00:00,0.8740239093649761,1.1162258746449616,0.2422019652799855,0.9618516449128522,0.08782773554787615,16.426600355520925,73.63128639597825,57.204686040457325,36.464119714674716,20.03751935915379,-78.13283543270964,-78.13283543270964,0.0,-78.13283543270964,0.0,582.1330017776046,868.1564319798912,286.0234302022866,682.3205985733736,100.18759679576897,sideways
8933,2020-11-27 00:00:00,1.7290339144968594,1.8289461400002311,0.09991222550337175,1.7069873470951276,-0.02204656740173183,348.40474655383787,428.86959032809466,80.46484377425679,331.70859011222467,-16.696156441613198,-80.92860580676056,-80.92860580676056,0.0,-80.92860580676056,0.0,2242.0237327691893,2644.347951640473,402.32421887128385,2158.5429505611232,-83.4807822080661,sideways
42507,2024-09-26 18:00:00,0.4886077091871551,-0.7341177293404068,-1.2227254385275619,-0.6190096124588881,-1.1076173216460432,6.381955078048507,-34.024117440784565,-40.40607251883307,-44.3351006893646,-50.71705576741311,-66.79680502741812,-54.16576436101832,12.631040666399798,-69.57035591127647,-2.7735508838583485,531.9097753902425,329.8794127960772,-202.03036259416535,278.32449655317697,-253.58527883706557,sideways
2730,2020-03-13 08:00:00,1.0814919778739287,1.0814919778739287,0.0,1.0814919778739287,0.0,70.1964173064052,70.1964173064052,0.0,70.1964173064052,0.0,-80.92860580676054,-80.92860580676054,0.0,-80.92860580676054,0.0,850.982086532026,850.982086532026,0.0,850.982086532026,0.0,crash
21957,2022-05-24 11:00:00,1.5107885815721662,2.3790519097943634,0.8682633282221972,1.9740208595862527,0.4632322780140865,178.31104610984113,271.5274209875077,93.21637487766657,221.2517121169725,42.94066600713137,-60.370424971181414,-30.743250852722646,29.62717411845877,-50.306100600391105,10.06432437079031,1391.5552305492056,1857.6371049375384,466.08187438833284,1606.2585605848626,214.70333003565702,crash
30238,2023-05-04 13:00:00,0.04545174085637447,-0.40612879000707164,-0.45158053086344613,-0.6348716507432055,-0.68032339159958,-27.677019638596857,-18.82557071855331,8.851448920043548,-44.801461893192304,-17.124442254595447,-60.007749658703105,-27.69866749374349,32.30908216495962,-57.177230852127835,2.83051880657527,361.6149018070157,405.87214640723346,44.257244600217746,275.99269053403845,-85.62221127297727,sideways
26394,2022-11-25 08:00:00,-0.15323456259038246,0.8362651453915647,0.9894997079819472,-0.29779821043706056,-0.1445636478466781,-36.8977007253551,31.050361359016797,67.9480620843719,-31.66820692026865,5.229493805086452,-72.79093982463496,-35.46559702796122,37.32534279667374,-71.10737553339882,1.683564291236138,315.51149637322453,655.251806795084,339.7403104218595,341.65896539865673,26.1474690254322,crash
34819,2023-11-11 10:00:00,0.6430456277197238,0.07634864953287684,-0.566696978186847,0.4346073705389154,-0.20843825718080844,20.45456529500642,-4.68431886290287,-25.138884157909292,6.831828326980882,-13.622736968025539,-41.52170678372828,-32.949952952170456,8.571753831557821,-46.01630807575246,-4.494601292024186,602.2728264750322,476.5784056854857,-125.69442078954648,534.1591416349044,-68.1136848401278,sideways
41080,2024-07-29 07:00:00,-0.22966143739398712,-0.882300432463555,-0.6526389950695679,-1.1197214282703896,-0.8900599908764024,-40.36459361984607,-36.788775717995016,3.575817901851053,-57.789557115476164,-17.424963495630095,-66.79680502741819,-54.165764361018134,12.631040666400054,-69.57035591127656,-2.773550883858377,298.17703190076963,316.0561214100249,17.879089509255266,211.0522144226192,-87.12481747815045,sideways
20134,2022-03-09 12:00:00,1.7613978321434016,2.711518907571123,0.9501210754277214,2.2341405580365934,0.4727427258931918,258.28083645160706,359.0911712784147,100.81033482680766,272.2812185640053,14.000382112398256,-48.518992963761065,-26.082010691436665,22.4369822723244,-45.89043443830466,2.6285585254564054,1791.4041822580352,2295.4558563920737,504.0516741340384,1861.4060928200265,70.00191056199128,strong_trend
42365,2024-09-20 20:00:00,0.23687898916872435,-0.9010937596498598,-1.1379727488185842,-0.9034673116356776,-1.140346300804402,-13.822287839765735,-38.67314475930218,-24.850856919536447,-53.666437583555734,-39.84414974379,-66.79680502741816,-54.165764361018276,12.631040666399883,-69.57035591127647,-2.773550883858306,430.8885608011713,306.6342762034891,-124.25428459768222,231.66781208222133,-199.22074871894998,sideways
16265,2021-09-29 05:00:00,0.9141681748196623,1.5510785636310276,0.6369103888113653,1.2324843504263217,0.31831617560665937,52.04594506994509,101.61501345005965,49.56906838011456,79.17610216866693,27.13015709872184,-54.37754927698706,-39.47157860607105,14.905970670916012,-40.874195682594326,13.503353594392735,760.2297253497254,1008.0750672502983,247.84534190057286,895.8805108433346,135.6507854936092,crash
50355,2025-08-19 18:00:00,0.3048066991141746,-0.7506289516178316,-1.0554356507320062,-0.301202570353775,-0.6060092694679495,0.6202554588743858,-23.2227169912525,-23.842972450126886,-23.228515612631373,-23.84877107150576,-45.04371157010978,-35.72666337916731,9.317048190942465,-45.95404219124282,-0.910330621133042,503.1012772943719,383.8864150437375,-119.21486225063444,383.85742193684314,-119.24385535752879,sideways
25807,2022-10-31 21:00:00,0.28164055357949463,1.495618040596013,1.2139774870165185,0.42374194601352044,0.1421013924340258,-18.5326828645757,99.5922326818118,118.1249155463875,6.099909319260033,24.632592183835733,-71.42744665120577,-35.46559702796153,35.96184962324424,-66.42510328507126,5.002343366134511,407.3365856771215,997.9611634090589,590.6245777319375,530.4995465963002,123.16296091917872,sideways
37648,2024-03-08 07:00:00,-0.31216166865332157,-0.9080866466194709,-0.5959249779661493,-0.7982669865915608,-0.48610531793823925,-46.9819675949824,-38.171216221859375,8.810751373123026,-49.85013272478677,-2.8681651298043676,-64.88646065282602,-43.417121579371646,21.46933907345437,-54.89660517529265,9.989855477533368,265.090162025088,309.14391889070316,44.053756865615185,250.74933637606617,-14.34082564902181,sideways
44758,2024-12-29 13:00:00,0.9401278239031067,0.00617546985218918,-0.9339523540509175,-0.12008477910488465,-1.0602126030079912,53.9020401915238,-7.101890035398128,-61.00393022692193,-20.6795944846314,-74.5816346761552,-55.63704417795049,-35.768307921884436,19.868736256066057,-57.86277704622784,-2.2257328682773476,769.510200957619,464.49054982300936,-305.0196511346096,396.602027576843,-372.90817338077596,sideways
40545,2024-07-07 00:00:00,-0.7114749879011978,-1.325167690681155,-0.6136927027799571,-1.2710226360091523,-0.5595476481079545,-58.37031165107685,-47.09675747115602,11.27355417992083,-60.852382165759856,-2.4820705146830093,-66.79680502741816,-54.071703471885534,12.725101555532625,-69.57035591127647,-2.773550883858306,208.14844174461575,264.51621264421993,56.36777089960418,195.7380891712007,-12.410352573415054,crash
43537,2024-11-08 16:00:00,0.2929674682828607,-0.8638569311766356,-1.1568243994594964,-0.7504792060388953,-1.043446674321756,-8.782557824589743,-36.11973089973253,-27.337173075142786,-47.086913261930874,-38.30435543734113,-66.79680502741807,-54.16576436101823,12.63104066639984,-69.57035591127651,-2.7735508838584337,456.0872108770513,319.40134550133735,-136.68586537571395,264.5654336903456,-191.52177718670566,sideways
27443,2023-01-08 01:00:00,-0.5250509762716727,0.26033045962467,0.7853814358963427,-0.7143367540587882,-0.18928577778711542,-54.6477084147012,2.652248883163333,57.29995729786453,-46.98055503686397,7.667153377837231,-74.9530129573476,-35.46559702796143,39.48741592938617,-72.84314185040955,2.1098711069380442,226.761457926494,513.2612444158167,286.4997864893227,265.09722481568014,38.33576688918615,sideways
2223,2020-02-21 04:00:00,0.7896161176652169,0.7896161176652169,0.0,0.7896161176652169,0.0,18.31250351125977,18.31250351125977,0.0,18.31250351125977,0.0,-80.92860580676056,-80.92860580676056,0.0,-80.92860580676056,0.0,591.5625175562989,591.5625175562989,0.0,591.5625175562989,0.0,sideways
25222,2022-10-07 12:00:00,0.31037090273169615,1.452606077240453,1.142235174508757,0.43142238756683354,0.12105148483513739,-16.410966663466418,94.83715624308249,111.2481229065489,6.684784632330731,23.09575129579715,-71.42744665120577,-35.46559702796114,35.96184962324463,-66.42510328507136,5.002343366134411,417.9451666826679,974.1857812154125,556.2406145327445,533.4239231616536,115.47875647898576,sideways
9284,2020-12-11 16:00:00,1.6651129591188796,1.7967225528426325,0.13160959372375292,1.650050974940361,-0.015061984178518673,302.6034256957348,400.1097899397068,97.50636424397197,292.6282997967784,-9.975125898956435,-80.92860580676053,-80.92860580676053,0.0,-80.92860580676053,0.0,2013.017128478674,2500.5489496985338,487.5318212198597,1963.1414989838918,-49.87562949478229,sideways
45480,2025-01-28 15:00:00,0.9089052654404625,-0.16292788633611605,-1.0718331517765785,-0.10946505071814856,-1.018370316158611,48.391194206303155,-12.385652663704882,-60.776846870008036,-18.820381328307345,-67.2115755346105,-42.99751882469097,-33.27440122493696,9.723117599754012,-46.055895062276996,-3.0583762375860246,741.9559710315158,438.0717366814756,-303.8842343500402,405.89809335846326,-336.05787767305253,sideways
12109,2021-04-08 16:00:00,0.9316771612977616,1.233169985114973,0.30149282381721154,1.091315504590697,0.15963834329293547,42.60635610194712,114.15829660200725,71.55194050006014,79.10296783473565,36.49661173278853,-67.86283304393511,-55.67862230673606,12.184210737199052,-59.29552256902018,8.567310474914933,713.0317805097355,1070.7914830100362,357.7597025003007,895.5148391736783,182.48305866394276,sideways
11666,2021-03-21 05:00:00,1.0189447982821909,1.3880617453235666,0.36911694704137576,1.185494448146,0.16654964986380905,58.15175580753229,160.7842891818354,102.63253337430311,100.76894277518207,42.61718696764978,-67.86283304393528,-55.6786223067361,12.18421073719918,-59.29552256902038,8.567310474914905,790.7587790376615,1303.921445909177,513.1626668715155,1003.8447138759103,213.08593483824882,sideways
12756,2021-05-05 20:00:00,0.8447263310528089,1.3642833017132312,0.5195569706604223,1.235485094190469,0.39075876313766,33.17577308225006,145.39710923998575,112.22133615773569,113.90134959703944,80.72557651478938,-67.8628330439353,-47.715562889286765,20.14727015464853,-59.29552256902013,8.567310474915168,665.8788654112503,1226.9855461999289,561.1066807886785,1069.506747985197,403.62788257394675,sideways
32868,2023-08-22 03:00:00,0.24424250725508526,-0.41009870127599385,-0.6543412085310791,-0.09080973026389838,-0.3350522375189836,-13.127207094599957,-19.546933263546595,-6.419726168946639,-22.883033981971924,-9.755826887371967,-40.60997763015269,-31.299090405478978,9.310887224673714,-43.05331920044938,-2.4433415702966883,434.36396452700023,402.265333682267,-32.098630844733236,385.5848300901404,-48.77913443685986,sideways
29219,2023-03-23 01:00:00,-0.12472040221667009,-0.4890767864826381,-0.364356384265968,-0.5966256594587861,-0.471905257242116,-38.206554127992,-22.129290016446834,16.077264111545166,-44.64416555118049,-6.437611423188493,-62.08064738314418,-29.772264938134374,32.30838244500981,-57.877723991659224,4.202923391484958,308.96722936004,389.3535499177658,80.38632055772581,276.77917224409754,-32.188057115942456,sideways
48535,2025-06-04 22:00:00,1.4335912839609257,0.48254909272940955,-0.9510421912315161,0.7449057345886574,-0.6886855493722683,104.1131839585038,10.86152523185624,-93.25165872664756,28.7605767608347,-75.3526071976691,-36.761545434493435,-23.177873972111364,13.583671462382071,-28.52374805850205,8.237797375991384,1020.565919792519,554.3076261592812,-466.2582936332378,643.8028838041735,-376.76303598834556,sideways
21292,2022-04-26 18:00:00,1.6935788105648613,2.6953568438497713,1.00177803328491,2.3223550739881453,0.6287762634232841,235.55333241123387,354.4373121589934,118.88397974775953,306.7776081326263,71.22427572139244,-59.03061078406038,-29.43001210763212,29.60059867642826,-50.30610060039109,8.724510183669288,1677.7666620561693,2272.186560794967,594.4198987387979,2033.8880406631317,356.1213786069625,crash
14439,2021-07-14 23:00:00,1.6307673958933755,2.409897936683441,0.7791305407900655,2.163093605995557,0.5323262101021813,220.36631122834967,429.98721624181246,209.6209050134628,358.78437174076197,138.4180605124123,-67.86283304393527,-47.7155628892868,20.147270154648467,-59.295522569020335,8.567310474914933,1601.8315561417485,2649.9360812090626,1048.1045250673142,2293.92185870381,692.0903025620614,crash
2519,2020-03-04 13:00:00,1.0030857033055767,1.0030857033055767,0.0,1.0030857033055767,0.0,53.25822135984299,53.25822135984299,0.0,53.25822135984299,0.0,-80.92860580676053,-80.92860580676053,0.0,-80.92860580676053,0.0,766.291106799215,766.291106799215,0.0,766.291106799215,0.0,crash
361,2019-12-05 08:00:00,0.29451168893442126,0.29451168893442126,0.0,0.29451168893442126,0.0,-17.63350927295835,-17.63350927295835,0.0,-17.63350927295835,0.0,-58.41981139961542,-58.41981139961542,0.0,-58.41981139961542,0.0,411.83245363520825,411.83245363520825,0.0,411.83245363520825,0.0,sideways
19111,2022-01-25 21:00:00,1.828736929571534,2.392362949362689,0.5636260197911547,2.446810098835401,0.6180731692638668,289.40389723797244,293.63620351109824,4.2323062731258005,345.1442528595627,55.740355621590254,-44.78454683946793,-37.75089731738637,7.033649522081561,-37.68658979846925,7.097957040998679,1947.0194861898622,1968.1810175554913,21.161531365629116,2225.7212642978134,278.7017781079512,crash
47357,2025-04-16 20:00:00,0.8893450304988978,-0.20476428560667898,-1.0941093161055768,0.08499224838761618,-0.8043527821112816,44.7540344332465,-12.094176767537522,-56.84821120078402,-9.512443160934048,-54.26647759418055,-38.9561030715782,-29.253137253426907,9.702965818151291,-41.23669089724665,-2.280587825668455,723.7701721662326,439.5291161623124,-284.24105600392016,452.43778419532975,-271.3323879709028,sideways
26791,2022-12-11 21:00:00,-0.039628663053259856,1.1841126371876447,1.2237413002409046,-0.07439677935062976,-0.0347681162973699,-31.277173714009955,52.68561919293502,83.96279290694497,-22.135829892085912,9.141343821924043,-74.43600390285543,-35.46559702796153,38.970406874893904,-72.84314185040964,1.5928620524457955,343.61413142995025,763.4280959646751,419.81396453472485,389.3208505395704,45.70671910962017,sideways
45706,2025-02-07 01:00:00,1.1346806571146342,-0.26866039403338615,-1.4033410511480202,-0.09727665380325401,-1.2319573109178883,73.91608395917078,-15.396501721680744,-89.31258568085153,-17.789231949106053,-91.70531590827683,-42.99751882469091,-32.84023762397978,10.157281200711125,-45.39536344746102,-2.3978446227701156,869.5804197958539,423.01749139159625,-446.56292840425766,411.0538402544697,-458.5265795413842,sideways
5200,2020-06-24 08:00:00,1.3952952846830635,1.3952952846830635,0.0,1.3952952846830635,0.0,153.07924691389906,153.07924691389906,0.0,153.07924691389906,0.0,-80.92860580676056,-80.92860580676056,0.0,-80.92860580676056,0.0,1265.3962345694954,1265.3962345694954,0.0,1265.3962345694954,0.0,sideways
4773,2020-06-06 13:00:00,1.2608382314770132,1.2608382314770132,0.0,1.2608382314770132,0.0,103.30614500759152,103.30614500759152,0.0,103.30614500759152,0.0,-80.92860580676054,-80.92860580676054,0.0,-80.92860580676054,0.0,1016.5307250379576,1016.5307250379576,0.0,1016.5307250379576,0.0,sideways
42633,2024-10-02 00:00:00,0.5481441296555443,-0.6865995500319344,-1.2347436796874787,-0.5024521425994748,-1.050596272255019,11.801887346401863,-32.66557701334756,-44.46746435974942,-40.05717541143466,-51.859062757836526,-66.79680502741809,-54.16576436101834,12.631040666399748,-69.57035591127654,-2.773550883858448,559.0094367320094,336.6721149332622,-222.33732179874715,299.7141229428267,-259.29531378918267,sideways
5460,2020-07-05 07:00:00,1.363405997830965,1.363405997830965,0.0,1.363405997830965,0.0,138.99365195881637,138.99365195881637,0.0,138.99365195881637,0.0,-80.92860580676053,-80.92860580676053,0.0,-80.92860580676053,0.0,1194.9682597940819,1194.9682597940819,0.0,1194.9682597940819,0.0,sideways
2657,2020-03-10 07:00:00,1.1408919092236594,1.1408919092236594,0.0,1.1408919092236594,0.0,85.34034461797837,85.34034461797837,0.0,85.34034461797837,0.0,-80.92860580676053,-80.92860580676053,0.0,-80.92860580676053,0.0,926.7017230898919,926.7017230898919,0.0,926.7017230898919,0.0,crash
20670,2022-03-31 20:00:00,1.6974298861831587,2.657156327848278,0.9597264416651192,2.344370079073487,0.6469401928903282,238.14964949464917,342.62918421860496,104.4795347239558,308.2969780939087,70.14732859925954,-54.36878782006538,-26.08201069143665,28.286777128628728,-45.89043443830465,8.478353381760726,1690.7482474732458,2213.1459210930248,522.397673619779,2041.4848904695434,350.73664299629763,sideways
47307,2025-04-14 18:00:00,0.811203930997717,-0.32792246864843494,-1.139126399646152,0.003684246669208756,-0.8075196843285083,37.49538545718713,-15.832828205362226,-53.32821366254936,-13.40412299972572,-50.899508456912855,-39.595789987591026,-30.45047252154397,9.145317466047057,-42.23121390121409,-2.6354239136230646,687.4769272859356,420.83585897318886,-266.64106831274677,432.9793850013714,-254.49754228456425,sideways
35263,2023-11-29 22:00:00,0.8624530020258032,-0.02649219714843442,-0.8889451991742376,0.8176684556925133,-0.044784546333289876,45.19356193841455,-9.259658501126044,-54.45322043954059,37.88387334840502,-7.309688590009529,-41.5217067837283,-32.94995295217063,8.571753831557672,-46.0163080757527,-4.494601292024399,725.9678096920727,453.70170749436977,-272.26610219770293,689.4193667420251,-36.548442950047615,sideways
5069,2020-06-18 21:00:00,1.3111995992116066,1.3111995992116066,0.0,1.3111995992116066,0.0,120.07820757674654,120.07820757674654,0.0,120.07820757674654,0.0,-80.92860580676056,-80.92860580676056,0.0,-80.92860580676056,0.0,1100.3910378837327,1100.3910378837327,0.0,1100.3910378837327,0.0,sideways
42820,2024-10-09 19:00:00,0.558620699886798,-0.6769811251211852,-1.2356018250079832,-0.45016388706372035,-1.0087845869505183,12.69139986768999,-32.437739597502144,-45.12913946519213,-38.33973907838123,-51.031138946071216,-66.79680502741824,-54.1657643610182,12.631040666400047,-69.57035591127652,-2.7735508838582774,563.4569993384499,337.81130201248925,-225.64569732596067,308.30130460809386,-255.15569473035606,sideways
43150,2024-10-23 13:00:00,0.6285509452193199,-0.6379195423422196,-1.2664704875615396,-0.4524922295143305,-1.0810431747336504,19.828338997744055,-30.059065253875506,-49.88740425161956,-36.940461629648226,-56.76880062739228,-66.7968050274182,-54.16576436101816,12.63104066640004,-69.57035591127652,-2.77355088385832,599.1416949887202,349.70467373062246,-249.4370212580978,315.2976918517589,-283.84400313696136,sideways
40957,2024-07-24 04:00:00,-0.24011730915121707,-0.8419791809220719,-0.6018618717708548,-1.1045150749093435,-0.8643977657581264,-40.69649184464228,-35.68048575696186,5.016006087680424,-57.125544058676894,-16.429052214034613,-66.7968050274182,-54.16576436101823,12.631040666399969,-69.57035591127647,-2.773550883858263,296.5175407767886,321.5975712151907,25.080030438402105,214.3722797066155,-82.14526107017312,sideways
46172,2025-02-26 11:00:00,1.5060732971106705,0.30713449329314346,-1.198938803817527,0.31889490815666593,-1.1871783889540046,125.59635452431573,4.625314030252303,-120.97104049406343,2.7791143705735433,-122.81724015374219,-42.99751882469094,-31.92917568251663,11.068343142174314,-44.08168897223375,-1.0841701475428067,1127.9817726215786,523.1265701512615,-604.8552024703171,513.8955718528678,-614.0862007687108,crash
12270,2021-04-15 09:00:00,0.8319736630407086,1.1264317806483657,0.29445811760765706,1.0068958120731888,0.17492214903248016,25.43555867920384,88.1082276228542,62.672668943650365,61.649057418257435,36.21349873905359,-67.86283304393515,-55.67862230673606,12.184210737199095,-59.29552256902038,8.567310474914777,627.1777933960192,940.541138114271,313.3633447182518,808.2452870912872,181.067493695268,sideways
50106,2025-08-09 09:00:00,0.36946313491726185,-0.5905272208505024,-0.9599903557677643,-0.3296274016289528,-0.6990905365462147,4.424875741720924,-20.20281407433999,-24.627689816060915,-24.4560947788247,-28.880970520545624,-43.026044550689114,-34.45901475914642,8.567029791542694,-43.94608342811902,-0.9200388774299029,522.1243787086046,398.9859296283,-123.13844908030455,377.7195261058765,-144.40485260272806,sideways
16404,2021-10-05 02:00:00,0.9362689951051086,1.616481669154789,0.6802126740496803,1.2762986218656251,0.3400296267605165,54.986069620089964,105.43763146870226,50.4515618486123,82.64084472752542,27.654775107435455,-54.377549276987146,-39.47157860607105,14.905970670916098,-40.87419568259414,13.503353594393005,774.9303481004498,1027.1881573435114,252.25780924306162,913.2042236376271,138.27387553717733,sideways
41025,2024-07-27 00:00:00,-0.24945843335476858,-0.8925809293440293,-0.6431224959892607,-1.1497779779502857,-0.9003195445955171,-41.23421217420241,-37.03581935294221,4.1983928212601995,-58.41952399767516,-17.185311823472745,-66.79680502741812,-54.16576436101824,12.631040666399876,-69.5703559112765,-2.773550883858377,293.82893912898794,314.82090323528894,20.991964106300998,207.90238001162416,-85.92655911736378,sideways
29635,2023-04-09 10:00:00,0.2729392770107471,-0.07719502614181913,-0.3501343031525662,-0.10557414711456566,-0.37851342412531275,-12.997363567886966,-9.004435629967865,3.9929279379191005,-24.299143493140775,-11.30177992525381,-60.007749658703055,-27.69866749374349,32.30908216495956,-57.662122228696354,2.345627430006701,435.0131821605652,454.9778218501607,19.964639689595515,378.5042825342961,-56.508899626269056,sideways
39871,2024-06-08 22:00:00,-0.5839404546567847,-1.1334162873006628,-0.5494758326438781,-1.3383134418974336,-0.7543729872406489,-54.44862355313076,-42.78991588476018,11.658707668370582,-61.94686705946777,-7.498243506337012,-66.79680502741816,-53.908026104555695,12.888778922862464,-69.24951779831294,-2.4527127708947773,227.7568822343462,286.05042057619914,58.29353834185295,190.26566470266116,-37.49121753168504,sideways
32114,2023-07-21 17:00:00,0.5227955826961527,-0.19351300462431634,-0.716308587320469,0.09384244583211858,-0.4289531368640341,9.381754220432125,-12.839930850533188,-22.221685070965314,-13.151782911672772,-22.533537132104897,-43.88099118746488,-30.101025319878982,13.779965867585897,-43.05331920044936,0.8276719870155205,546.9087711021606,435.80034574733406,-111.10842535482652,434.24108544163613,-112.66768566052446,sideways
32864,2023-08-21 23:00:00,0.2516307424101495,-0.40507600863179266,-0.6567067510419422,-0.0879019780018463,-0.3395327204119958,-12.593430427486574,-19.398859598110462,-6.8054291706238885,-22.741100401453018,-10.147669973966444,-40.60997763015277,-31.299090405478992,9.310887224673777,-43.05331920044936,-2.443341570296589,437.0328478625671,403.0057020094477,-34.02714585311941,386.29449799273493,-50.73834986983218,sideways
31524,2023-06-27 03:00:00,0.006454832759170018,-0.5194338156853967,-0.5258886484445667,-0.5024894738238872,-0.5089443065830572,-30.834138552046042,-22.821641743138898,8.012496808907144,-40.68734123340699,-9.853202681360948,-60.007749658703204,-30.10102531987885,29.906724338824354,-56.705880344463345,3.301869314239859,345.8293072397698,385.8917912843055,40.06248404453572,296.56329383296503,-49.266013406804746,sideways
39847,2024-06-07 22:00:00,-0.5825665167813807,-1.1165914616729793,-0.5340249448915986,-1.3235968985060556,-0.7410303817246748,-54.39806916353626,-42.39461321266044,12.003455950875825,-61.62363171236387,-7.225562548827604,-66.79680502741812,-53.908026104555695,12.888778922862421,-69.24951779831287,-2.452712770894749,228.00965418231866,288.0269339366978,60.01727975437913,191.8818414381807,-36.12781274413797,sideways
37803,2024-03-14 18:00:00,-0.1945143737163552,-0.8998160948280625,-0.7053017211117073,-0.753456787653375,-0.5589424139370198,-40.760049847716694,-37.88650647267865,2.8735433750380466,-47.94746944061388,-7.187419592897186,-64.88646065282597,-43.41712157937187,21.4693390734541,-54.89660517529262,9.989855477533354,296.1997507614165,310.56746763660675,14.36771687519024,260.26265279693064,-35.93709796448587,sideways
6882,2020-09-02 13:00:00,1.5257173535947195,1.5257173535947195,0.0,1.5257173535947195,0.0,215.11144841270396,215.11144841270396,0.0,215.11144841270396,0.0,-80.92860580676054,-80.92860580676054,0.0,-80.92860580676054,0.0,1575.5572420635199,1575.5572420635199,0.0,1575.5572420635199,0.0,sideways
42254,2024-09-16 05:00:00,0.30440562780914787,-0.7438884971618374,-1.0482941249709852,-0.7606480764399332,-1.065053704249081,-9.072150332699847,-34.55409025897369,-25.48193992627384,-49.645986194863866,-40.57383586216402,-66.79680502741813,-54.16576436101816,12.631040666399969,-69.57035591127652,-2.773550883858391,454.63924833650077,327.22954870513155,-127.40969963136922,251.77006902568067,-202.8691793108201,sideways
27420,2023-01-07 02:00:00,-0.5167426435844634,0.26657895636626766,0.783321599950731,-0.6967394866605959,-0.1799968430761325,-54.23032897943185,2.9056231403204347,57.13595211975229,-46.37555823261431,7.854770746817543,-74.95301295734774,-35.465597027961095,39.48741592938664,-72.84314185040957,2.109871106938172,228.84835510284074,514.5281157016021,285.6797605987614,268.12220883692845,39.27385373408771,sideways
16526,2021-10-10 04:00:00,1.0646270517987542,1.69092013366968,0.6262930818709258,1.4093705879758518,0.34474353617709763,73.25266755409243,111.69278014517272,38.44011259108029,97.16219479892804,23.909527244835616,-54.37754927698706,-39.47157860607121,14.905970670915849,-40.87419568259456,13.5033535943925,866.2633377704622,1058.4639007258636,192.20056295540144,985.8109739946402,119.54763622417806,sideways
26303,2022-11-21 13:00:00,-0.28033886217230214,0.7464838172337971,1.0268226794060993,-0.30454752350279907,-0.024208661330496928,-43.6230640626317,26.320997794078018,69.94406185670971,-32.112885239002885,11.510178823628813,-72.79093982463503,-35.465597027961515,37.32534279667352,-70.11975497253302,2.671184852102016,281.8846796868415,631.6049889703901,349.7203092835486,339.43557380498555,57.55089411814407,crash
49463,2025-07-13 14:00:00,0.9939096845668013,-0.11617322946029633,-1.1100829140270976,0.12072181598222086,-0.8731878685845804,53.43910319284115,-8.159601358051638,-61.59870455089279,-6.319647953551932,-59.75875114639308,-40.5983835886005,-31.283380969680973,9.315002618919525,-35.845199308053246,4.753184280547252,767.1955159642058,459.20199320974183,-307.993522754464,468.40176023224035,-298.79375573196546,sideways
43866,2024-11-22 09:00:00,0.10398846079159821,-1.107997057113359,-1.2119855179049572,-1.0944751290440398,-1.198463589835638,-20.37405374050384,-40.58699369705943,-20.212939956555587,-55.603253539386884,-35.229199798883045,-64.57912978307976,-51.280434249378956,13.298695533700808,-69.57035591127647,-4.9912261281967005,398.1297312974808,297.06503151470287,-101.06469978277795,221.98373230306555,-176.14599899441527,sideways
42645,2024-10-02 12:00:00,0.5771921752895066,-0.6592838374294996,-1.2364760127190062,-0.4732438334588238,-1.0504360087483304,14.532925799173114,-31.858101138580487,-46.3910269377536,-38.965531949639185,-53.4984577488123,-66.79680502741812,-54.16576436101834,12.631040666399777,-69.5703559112765,-2.773550883858377,572.6646289958655,340.70949430709754,-231.955134688768,305.1723402518041,-267.49228874406145,sideways
23673,2022-08-03 23:00:00,0.7783823620488973,1.564363982379413,0.7859816203305158,0.766279126835198,-0.01210323521369927,32.73794300751338,108.89360246549691,76.15565945798353,33.82130717342069,1.0833641659073123,-63.53435432138522,-31.792799253881977,31.741555067503246,-58.37348789194583,5.160866429439395,663.6897150375669,1044.4680123274845,380.77829728991765,669.1065358671035,5.4168208295366185,sideways
40110,2024-06-18 21:00:00,-0.5177315759638869,-1.1313509000099236,-0.6136193240460367,-1.3340671655419034,-0.8163355895780166,-52.218240209525476,-42.74579528547869,9.472444924046783,-61.94433822224622,-9.726098012720747,-66.79680502741819,-54.071703471885456,12.725101555532731,-69.24951779831292,-2.4527127708947347,238.9087989523726,286.2710235726065,47.36222462023392,190.2783088887689,-48.6304900636037,sideways
19698,2022-02-19 08:00:00,1.6093134259068262,2.3761541511829054,0.7668407252760792,2.1123170621366976,0.5030036362298713,208.8964513488051,281.4931551286847,72.59670377987959,250.01613556029034,41.119684211485236,-48.51899296376105,-33.83551632375019,14.68347664001086,-45.87988864742725,2.6391043163337997,1544.4822567440256,1907.4657756434235,362.98351889939795,1750.0806778014517,205.5984210574261,sideways
35098,2023-11-23 01:00:00,0.9784688590675583,0.23496523653753362,-0.7435036225300247,0.8790472152953681,-0.0994216437721902,60.328542674756605,1.2501318399203099,-59.0784108348363,43.53658810904524,-16.791954565711364,-41.521706783727865,-32.949952952170726,8.571753831557139,-46.0163080757524,-4.494601292024534,801.6427133737831,506.25065919960156,-295.3920541741815,717.6829405452262,-83.95977282855688,sideways
32714,2023-08-15 17:00:00,0.5091263944202201,-0.21340173875734275,-0.7225281331775628,0.1908557795660535,-0.31827061485416663,8.218741214761117,-13.54558849652091,-21.764329711282027,-7.778892074820587,-15.997633289581703,-41.12142450513083,-30.10102531987896,11.020399185251872,-43.0533192004493,-1.9318946953184692,541.0937060738056,432.27205751739547,-108.82164855641014,461.10553962589705,-79.98816644790855,sideways
12777,2021-05-06 17:00:00,0.8699168418465966,1.3872195157633058,0.5173026739167093,1.2573180369193089,0.3874011950727123,37.42440503520492,151.42671402407692,114.00230898887199,119.15707817855478,81.73267314334987,-67.86283304393513,-47.71556288928682,20.147270154648304,-59.29552256902015,8.567310474914976,687.1220251760246,1257.1335701203845,570.0115449443599,1095.7853908927739,408.66336571674924,sideways
13630,2021-06-11 06:00:00,1.318614093383121,2.0987193272164033,0.7801052338332823,1.8990425651416636,0.5804284717585426,131.28616874425725,332.69105576349034,201.4048870192331,278.04942768899014,146.76325894473288,-67.86283304393521,-47.715562889286964,20.147270154648247,-59.295522569020456,8.567310474914756,1156.4308437212862,2163.4552788174515,1007.0244350961652,1890.2471384449507,733.8162947236644,crash
3127,2020-03-29 21:00:00,1.0262584135574837,1.0262584135574837,0.0,1.0262584135574837,0.0,56.00671894899891,56.00671894899891,0.0,56.00671894899891,0.0,-80.92860580676056,-80.92860580676056,0.0,-80.92860580676056,0.0,780.0335947449946,780.0335947449946,0.0,780.0335947449946,0.0,crash
7149,2020-09-13 16:00:00,1.5557690812199947,1.5557690812199947,0.0,1.5557690812199947,0.0,231.70997789468015,231.70997789468015,0.0,231.70997789468015,0.0,-80.92860580676053,-80.92860580676053,0.0,-80.92860580676053,0.0,1658.5498894734008,1658.5498894734008,0.0,1658.5498894734008,0.0,crash
22180,2022-06-02 18:00:00,1.3982376323251853,2.041927584446549,0.6436899521213639,1.668184337578038,0.2699467052528528,145.86759845495396,188.05011857301673,42.18252011806277,151.9036731844404,6.036074729486444,-61.02859814985149,-31.04131195572434,29.98728619412715,-50.30610060039103,10.722497549460464,1229.3379922747697,1440.2505928650837,210.912600590314,1259.518365922202,30.18037364743236,crash
24444,2022-09-05 02:00:00,0.5790191834195463,1.5188280132515257,0.9398088298319794,0.6679848842931294,0.08896570087358313,9.280543751918536,101.61153272836145,92.33098897644291,25.252434098775822,15.971890346857286,-69.40839884592337,-34.44965857367309,34.95874027225028,-63.90862335552742,5.499775490395955,546.4027187595926,1008.0576636418073,461.65494488221464,626.2621704938791,79.8594517342865,crash
8446,2020-11-06 17:00:00,1.5013755408454914,1.6317939212820174,0.13041838043652598,1.5326454367978983,0.03126989595240692,200.95589701994982,278.91318284874046,77.95728582879065,218.83545681784992,17.8795597979001,-80.92860580676054,-80.92860580676054,0.0,-80.92860580676054,0.0,1504.779485099749,1894.5659142437023,389.7864291439532,1594.1772840892497,89.39779898950064,strong_trend
21324,2022-04-28 02:00:00,1.5548253410191804,2.5754496485995593,1.020624307580379,2.16099889193471,0.6061735509155295,192.28092553785902,324.03145726961986,131.75053173176084,266.1746534961469,73.89372795828788,-59.53289890548722,-29.430012107632177,30.102886797855046,-50.30610060039103,9.226798305096196,1461.4046276892952,2120.157286348099,658.752658658804,1830.8732674807345,369.4686397914393,crash
30904,2023-06-01 07:00:00,0.2671063749883655,-0.24233515091203725,-0.5094415259004027,-0.3601023137262158,-0.6272086887145814,-14.05417686332201,-14.940786967305897,-0.8866101039838874,-35.590085238519976,-21.535908375197966,-60.007749658703304,-30.101025319878893,29.90672433882441,-57.17723085212798,2.830518806575327,429.72911568339,425.29606516347053,-4.433050519919448,322.0495738074001,-107.67954187598986,sideways
11896,2021-03-30 19:00:00,0.958534521245437,1.30300800858407,0.34447348733863303,1.1078808696430906,0.1493463483976536,46.49603716255122,133.80912000075264,87.31308283820142,82.05902058936132,35.562983426810106,-67.86283304393525,-55.6786223067361,12.184210737199152,-59.29552256902018,8.567310474915075,732.4801858127561,1169.0456000037632,436.5654141910071,910.2951029468067,177.81491713405057,sideways
17301,2021-11-11 11:00:00,1.1063568445596823,1.8796673304546871,0.7733104858950048,1.6272788502117996,0.5209220056521173,82.95930163719463,160.73903203635993,77.7797303991653,131.15844211658975,48.199140479395126,-54.37754927698709,-39.47157860607109,14.905970670915998,-40.874195682594326,13.503353594392763,914.7965081859732,1303.6951601817996,388.8986519958264,1155.7922105829489,240.99570239697573,sideways
18798,2022-01-12 20:00:00,1.8666985973044057,2.3579814644723043,0.4912828671678986,2.512405764081892,0.6457071667774865,298.7734968927226,272.45757698136356,-26.31591991135906,345.3514039764869,46.57790708376427,-44.78454683946792,-39.47157860607129,5.3129682333966315,-39.409048666906244,5.375498172561677,1993.867484463613,1862.287884906818,-131.57959955679507,2226.7570198824346,232.88953541882165,crash
25834,2022-11-02 00:00:00,0.37182081811993223,1.5334090553892603,1.161588237269328,0.4588992269129498,0.08707840879301759,-11.193441788902913,104.0362610799757,115.22970286887862,8.664791693807405,19.858233482710318,-71.4274466512058,-35.4655970279611,35.961849623244696,-66.42510328507129,5.002343366134511,444.0327910554854,1020.1813053998785,576.1485143443931,543.323958469037,99.29116741355165,sideways
18741,2022-01-10 11:00:00,1.8719143983302668,2.393908885086177,0.5219944867559101,2.394632657599739,0.5227182592694724,299.95549780879213,281.41887030129146,-18.53662750750067,306.66417028930493,6.708672480512803,-44.78454683946782,-39.47157860607107,5.312968233396752,-39.40904866690621,5.375498172561613,1999.7774890439605,1907.0943515064573,-92.68313753750317,2033.3208514465246,33.54336240256407,crash
37696,2024-03-10 07:00:00,-0.3373548190313049,-0.9452656249854852,-0.6079108059541802,-0.8370481369714652,-0.4996933179401603,-47.961953524747216,-39.086006677871374,8.875946846875841,-50.877997086913474,-2.9160435621662586,-64.88646065282603,-43.41712157937167,21.469339073454364,-54.8966051752926,9.989855477533432,260.1902323762639,304.5699666106431,44.379734234379214,245.6100145654326,-14.5802178108313,sideways
16752,2021-10-19 14:00:00,0.9920631154478169,1.471106799033205,0.47904368358538807,1.2963229713687352,0.3042598559209183,62.425377008080375,87.19483267286468,24.769455664784303,82.53876288846183,20.113385880381458,-54.37754927698719,-39.471578606071034,14.905970670916155,-40.87419568259415,13.50335359439304,812.1268850404018,935.9741633643234,123.84727832392161,912.6938144423091,100.56692940190726,sideways
22194,2022-06-03 08:00:00,1.4270847881266495,2.0839023936727865,0.656817605546137,1.6943395484105983,0.2672547602839488,152.97334593645968,195.12383067182438,42.1504847353647,156.3899511870129,3.416605250553232,-61.02859814985152,-31.04131195572434,29.98728619412718,-50.30610060039103,10.722497549460492,1264.8667296822985,1475.6191533591218,210.75242367682335,1281.9497559350646,17.083026252766103,crash
19410,2022-02-07 08:00:00,1.5342783793310752,2.3036315617893557,0.7693531824582804,2.0231907970850496,0.4889124177539743,187.45002814360618,269.45410858980136,82.00408044619519,233.04168183651151,45.59165369290534,-44.78454683946785,-33.83551632375023,10.949030515717624,-40.440222240497725,4.344324598970125,1437.250140718031,1847.2705429490068,410.02040223097583,1665.2084091825577,227.95826846452678,sideways
9356,2020-12-14 16:00:00,1.6289648120776499,1.795956071119544,0.16699125904189405,1.6436413904291833,0.014676578351533465,278.81063632543965,399.3612503653918,120.55061403995217,288.4833771561908,9.672740830751138,-80.92860580676056,-80.92860580676056,0.0,-80.92860580676056,0.0,1894.0531816271982,2496.806251826959,602.7530701997607,1942.4168857809539,48.363704153755634,sideways
35077,2023-11-22 04:00:00,0.9099042322007077,0.15732193396874355,-0.7525822982319641,0.8058705970820393,-0.10403363511866837,51.17233217694643,-1.7606921365424855,-52.93302431348892,36.6715375463508,-14.500794630595635,-41.521706783728305,-32.94995295217085,8.571753831557459,-46.01630807575256,-4.494601292024257,755.8616608847321,491.19653931728755,-264.6651215674446,683.357687731754,-72.50397315297812,sideways
12043,2021-04-05 22:00:00,0.7215079470021811,1.075703231230663,0.3541952842284818,0.864022057263151,0.14251411026096983,7.550029914828227,76.24900430232185,68.69897438749362,34.27947072529855,26.729440810470326,-67.86283304393528,-55.67862230673604,12.184210737199244,-59.295522569020356,8.567310474914926,537.7501495741411,881.2450215116093,343.49487193746813,671.3973536264928,133.64720405235164,sideways
15185,2021-08-15 05:00:00,1.5614122103240673,2.4074743453968948,0.8460621350728275,2.099909164552678,0.5384969542286107,193.54940702986588,370.85264089814115,177.30323386827527,304.40828364870976,110.85887661884388,-67.86283304393513,-47.715562889286886,20.14727015464824,-59.295522569020264,8.567310474914862,1467.7470351493293,2354.263204490706,886.5161693413766,2022.0414182435488,554.2943830942195,sideways
40550,2024-07-07 05:00:00,-0.6884821405712864,-1.2771147271022358,-0.5886325865309494,-1.2411331959150207,-0.5526510553437343,-57.580710296614825,-45.96130952589862,11.619400770716204,-60.109858901910286,-2.529148605295461,-66.79680502741817,-54.071703471885435,12.725101555532738,-69.57035591127652,-2.7735508838583485,212.09644851692585,270.1934523705069,58.09700385358107,199.45070549044857,-12.645743026477277,crash
48535,2025-06-04 22:00:00,1.4335912839609257,0.48254909272940955,-0.9510421912315161,0.7449057345886574,-0.6886855493722683,104.1131839585038,10.86152523185624,-93.25165872664756,28.7605767608347,-75.3526071976691,-36.761545434493435,-23.177873972111364,13.583671462382071,-28.52374805850205,8.237797375991384,1020.565919792519,554.3076261592812,-466.2582936332378,643.8028838041735,-376.76303598834556,sideways
34314,2023-10-21 09:00:00,0.36093340164923904,-0.3947136848814208,-0.7556470865306598,0.05547183938573472,-0.3054615622635043,-4.8614937671202725,-20.339875817431828,-15.478382050311556,-16.289515153562995,-11.428021386442722,-41.52170678372803,-32.94995295217065,8.57175383155738,-46.01630807575238,-4.494601292024349,475.69253116439864,398.3006209128408,-77.39191025155782,418.55242423218505,-57.1401069322136,sideways
46873,2025-03-27 16:00:00,1.1599945873390767,0.05139688537408855,-1.1085977019649882,0.26282216320218993,-0.8971724241368868,73.67533002416597,-4.451342354926602,-78.12667237909258,-0.5161184571813471,-74.19144848134732,-42.99751882469099,-31.929175682516586,11.068343142174406,-44.081688972233756,-1.084170147542764,868.3766501208298,477.743288225367,-390.6333618954628,497.41940771409327,-370.95724240673655,sideways
43693,2024-11-15 04:00:00,0.08450291536111271,-1.0970561651681474,-1.1815590805292602,-1.0530622013543633,-1.137565116715476,-22.33457488841144,-41.06226027640202,-18.727685387990583,-55.119545068642694,-32.784970180231255,-64.57912978307962,-52.89531222719981,11.683817555879813,-69.57035591127651,-4.991226128196885,388.3271255579428,294.6886986179899,-93.63842693995286,224.40227465678655,-163.92485090115625,sideways
24599,2022-09-11 13:00:00,0.5278341135000439,1.4918939316836617,0.9640598181836177,0.6078477435218813,0.08001363002183737,3.9200369300083304,98.66093983378792,94.74090290377958,20.323503217604234,16.403466287595904,-70.0662147008727,-35.46559702796149,34.60061767291121,-65.25880300453339,4.807411696339315,519.6001846500417,993.3046991689396,473.7045145188979,601.6175160880211,82.01733143797946,sideways
39401,2024-05-20 08:00:00,-0.3277850264389543,-0.9199773450303784,-0.5921923185914242,-1.0547942791897513,-0.727009252750797,-44.20586964895297,-37.16010647991913,7.04576316903384,-54.62192046823884,-10.416050819285871,-64.8864606528259,-48.82068461222484,16.065776040601065,-64.92552051722052,-0.039059864394616284,278.97065175523517,314.1994676004044,35.22881584516921,226.89039765880577,-52.0802540964294,sideways
16796,2021-10-21 10:00:00,0.8465857045196202,1.2211548359801845,0.37456913146056425,1.0547738426917463,0.2081881381721261,43.271598056243946,63.976702781148795,20.70510472490485,57.43141543273158,14.159817376487638,-54.377549276987104,-39.47157860607102,14.905970670916084,-40.87419568259409,13.503353594393012,716.3579902812197,819.8835139057439,103.52552362452423,787.157077163658,70.79908688243825,sideways
23555,2022-07-30 01:00:00,0.8501869372258304,1.5673519521491142,0.7171650149232838,0.7987517931470028,-0.051435144078827544,42.33934052143837,109.55025203838215,67.21091151694378,36.867366655340646,-5.471973866097727,-62.60478884831295,-31.79279925388211,30.81198959443084,-55.1778420545202,7.426946793792752,711.6967026071918,1047.751260191911,336.0545575847191,684.3368332767033,-27.35986933048855,sideways
27388,2023-01-05 18:00:00,-0.5416944318662269,0.26040010750227005,0.802094539368497,-0.7187779900266189,-0.177083558160392,-55.10609936053137,2.684865908993528,57.7909652695249,-47.02862937783527,8.077469982696094,-74.9530129573477,-35.46559702796116,39.487415929386536,-72.84314185040954,2.109871106938158,224.46950319734316,513.4243295449677,288.95482634762453,264.85685311082364,40.38734991348048,sideways
49131,2025-06-29 18:00:00,1.043671883877407,-0.08203875687463394,-1.125710640752041,0.4349236458209474,-0.6087482380564597,58.91618595267896,-7.299109392969849,-66.21529534564881,9.65787059839014,-49.25831535428882,-38.43462753751836,-30.553290228942732,7.8813373085756275,-33.57517599364589,4.859451543872467,794.5809297633948,463.50445303515073,-331.0764767282441,548.2893529919508,-246.29157677144406,sideways
43405,2024-11-03 04:00:00,0.5135012389801455,-0.6994231196747576,-1.2129243586549032,-0.6251414122347779,-1.1386426512149235,9.028901925201914,-31.792439749468315,-40.82134167467023,-43.15019553045556,-52.17909745565748,-66.7968050274181,-54.1657643610183,12.631040666399805,-69.5703559112765,-2.773550883858391,545.1445096260096,341.0378012526584,-204.10670837335118,284.2490223477222,-260.8954872782874,sideways
25026,2022-09-29 08:00:00,0.31022656761779793,1.3904041737508426,1.0801776061330446,0.4226988677909328,0.11247230017313486,-15.825569785167225,87.64447384957658,103.4700436347438,6.241700731420985,22.06727051658821,-71.42744665120581,-35.465597027961195,35.96184962324462,-66.42510328507124,5.002343366134568,420.87215107416387,938.222369247883,517.3502181737191,531.2085036571049,110.336352582941,sideways
33381,2023-09-12 12:00:00,0.43542767617741396,-0.20951746716174754,-0.6449451433391615,0.16542925212668805,-0.26999842405072594,1.6679340768439577,-13.623384064030441,-15.291318140874399,-9.299743209422108,-10.967677286266065,-39.20325414025447,-32.26818048130286,6.935073658951609,-43.05331920044942,-3.85006506019495,508.3396703842198,431.8830796798478,-76.45659070437199,453.5012839528895,-54.83838643133032,sideways
10350,2021-01-25 07:00:00,1.5067150452317188,1.795424644187773,0.2887095989560542,1.6189052712726235,0.11219022604090467,212.50118079941635,372.45527756667013,159.9540967672538,267.43627322578493,54.935092426368584,-59.732004867985125,-55.67862230673606,4.053382561249066,-55.67862230673606,4.053382561249066,1562.5059039970818,2362.276387833351,799.770483836269,1837.1813661289248,274.675462131843,crash
41146,2024-08-01 01:00:00,-0.2606627293671692,-0.9002449579812261,-0.6395822286140569,-1.160214595135911,-0.8995518657687418,-41.88542038419961,-37.270972750770234,4.6144476334293785,-58.86601110766969,-16.98059072347008,-66.7968050274182,-54.16576436101818,12.631040666400025,-69.57035591127647,-2.773550883858263,290.57289807900196,313.6451362461488,23.07223816714685,205.6699444616515,-84.90295361735045,sideways
28288,2023-02-12 06:00:00,-0.3338084938454731,-0.25620489316792366,0.07760360067754946,-0.5005194907688104,-0.1667109969233373,-45.61617274918449,-13.543180784298592,32.0729919648859,-35.98253848962775,9.633634259556743,-66.67902688901155,-27.452802763855356,39.22622412515619,-59.913271117462116,6.765755771549436,271.91913625407756,432.28409607850705,160.3649598244295,320.0873075518613,48.168171297783715,sideways
27249,2022-12-30 23:00:00,-0.33686631734302735,0.3570429363744564,0.6939092537174838,-0.6425796035465445,-0.3057132862035172,-47.332310532188295,6.584864549976621,53.91717508216492,-44.30113821870603,3.0311723134822657,-74.95301295734774,-35.46559702796138,39.48741592938636,-72.84314185040975,2.1098711069379874,263.3384473390585,532.9243227498831,269.5858754108246,278.4943089064699,15.155861567411364,sideways
39196,2024-05-11 19:00:00,0.25234057980672503,-0.34736541093109835,-0.5997059907378234,-0.3573173043784216,-0.6096578841851465,-10.928437983596684,-19.86177871163176,-8.933340728035077,-31.14363702996482,-20.215199046368138,-64.88646065282609,-43.417121579371724,21.469339073454364,-57.454041502606756,7.4324191502193315,445.35781008201656,400.6911064418412,-44.66670364017534,344.2818148501759,-101.07599523184064,sideways
32375,2023-08-01 14:00:00,0.4922311431682483,-0.18608432852767512,-0.6783154716959234,0.0973110305846418,-0.3949201125836065,6.676109067011238,-12.60274269149626,-19.2788517585075,-12.977498358536488,-19.653607425547726,-41.29402833094065,-30.10102531987907,11.193003011061577,-43.05331920044942,-1.7592908695087743,533.3805453350562,436.9862865425187,-96.39425879253753,435.11250820731755,-98.2680371277387,sideways
3706,2020-04-23 00:00:00,1.1157361002688961,1.1157361002688961,0.0,1.1157361002688961,0.0,71.30198326503417,71.30198326503417,0.0,71.30198326503417,0.0,-80.92860580676056,-80.92860580676056,0.0,-80.92860580676056,0.0,856.5099163251708,856.5099163251708,0.0,856.5099163251708,0.0,sideways
14739,2021-07-27 11:00:00,1.4533148319883373,2.2218716958611795,0.7685568638728422,2.0026595213517213,0.549344689363384,165.50341674930468,337.70075022662394,172.19733347731926,290.45050908230417,124.94709233299949,-67.86283304393524,-47.71556288928681,20.14727015464843,-59.295522569020356,8.567310474914883,1327.5170837465234,2188.5037511331197,860.9866673865963,1952.252545411521,624.7354616649975,strong_trend
9039,2020-12-01 11:00:00,1.677091884072133,1.7479264876630707,0.07083460359093774,1.6215227655415452,-0.05556911853058777,310.60017796364986,361.8710463104018,51.27086834675197,274.0797842816693,-36.52039368198058,-80.92860580676056,-80.92860580676056,0.0,-80.92860580676056,0.0,2053.000889818249,2309.355231552009,256.35434173376007,1870.3989214083465,-182.6019684099026,strong_trend
37591,2024-03-05 22:00:00,-0.2501099676320585,-0.9099037827431987,-0.6597938151111402,-0.6852777112361041,-0.43516774360404564,-44.242388145015134,-38.20933480352509,6.033053341490046,-46.19103139655635,-1.9486432515412133,-64.88646065282596,-43.41712157937192,21.469339073454037,-54.89660517529267,9.98985547753329,278.78805927492436,308.95332598237457,30.1652667074502,269.0448430172183,-9.74321625770608,sideways
1797,2020-02-03 04:00:00,0.35449823500518757,0.35449823500518757,0.0,0.35449823500518757,0.0,-30.975118530456093,-30.975118530456093,0.0,-30.975118530456093,0.0,-80.92860580676056,-80.92860580676056,0.0,-80.92860580676056,0.0,345.12440734771957,345.12440734771957,0.0,345.12440734771957,0.0,sideways
10353,2021-01-25 10:00:00,1.5409378876724817,1.8312891340516273,0.29035124637914556,1.6542604920433346,0.11332260437085284,228.98315781747002,397.3735738975561,168.3904160800861,286.81564387460867,57.83248605713865,-59.73200486798501,-55.678622306736145,4.053382561248867,-55.678622306736145,4.053382561248867,1644.91578908735,2486.867869487781,841.9520804004308,1934.0782193730436,289.1624302856935,crash
30560,2023-05-17 23:00:00,0.1259879527267834,-0.3599783209559932,-0.48596627368277656,-0.5671370245947609,-0.6931249773215443,-23.328498498502714,-18.47756717814142,4.850931320361294,-43.09514880809174,-19.76665030958903,-60.007749658703304,-30.10102531987886,29.906724338824443,-57.17723085212797,2.830518806575334,383.35750750748645,407.6121641092929,24.25465660180646,284.5242559595413,-98.83325154794517,sideways
35540,2023-12-11 11:00:00,0.5749329450669015,-0.5606467199338029,-1.1355796650007044,0.29988736351352896,-0.27504558155337255,13.538300970984984,-27.637988119302104,-41.176289090287085,-2.599225759610957,-16.13752673059594,-41.52170678372812,-35.02171065565821,6.49999612806991,-46.01630807575239,-4.494601292024271,567.6915048549249,361.8100594034895,-205.8814454514354,487.00387120194523,-80.68763365297968,sideways
25745,2022-10-29 07:00:00,0.24816496002372967,1.5118202946042192,1.2636553345804895,0.4157748680812536,0.1676099080575239,-21.19476528790957,101.57664816559104,122.7714134535006,5.489298635958639,26.68406392386821,-71.42744665120586,-35.46559702796135,35.961849623244504,-66.42510328507147,5.002343366134383,394.02617356045215,1007.8832408279552,613.857067267503,527.4464931797932,133.420319619341,sideways
44027,2024-11-29 02:00:00,0.3836121779367222,-0.685145460561739,-1.0687576384984612,-0.8185517953236501,-1.2021639732603724,-0.6092044852297196,-29.88802292633056,-29.27881844110084,-47.46980683663732,-46.8606023514076,-56.36425436468093,-44.56250880915659,11.801745555524342,-63.85213912043992,-7.487884755758991,496.9539775738514,350.5598853683472,-146.3940922055042,262.6509658168134,-234.30301175703795,sideways
47005,2025-04-02 04:00:00,1.0163229776209595,-0.018531687622129277,-1.0348546652430888,0.22726434298050016,-0.7890586346404593,57.56487216476802,-6.699595633574873,-64.26446779834289,-2.399015950641592,-59.96388811540961,-42.99751882469106,-31.929175682516696,11.068343142174367,-44.081688972233735,-1.0841701475426717,787.8243608238402,466.50202183212565,-321.3223389917145,488.00492024679204,-299.8194405770481,sideways
6757,2020-08-28 08:00:00,1.32538727093567,1.32538727093567,0.0,1.32538727093567,0.0,122.73656420825478,122.73656420825478,0.0,122.73656420825478,0.0,-80.92860580676056,-80.92860580676056,0.0,-80.92860580676056,0.0,1113.6828210412739,1113.6828210412739,0.0,1113.6828210412739,0.0,sideways
48722,2025-06-12 17:00:00,1.347002601555253,0.36059404683110435,-0.9864085547241486,0.6458208615649282,-0.7011817399903247,92.71295887735435,6.602235733120243,-86.11072314423411,22.211024412310643,-70.50193446504372,-36.761545434493094,-23.177873972111364,13.58367146238173,-28.523748058502065,8.237797375991029,963.5647943867718,533.0111786656012,-430.5536157211707,611.0551220615532,-352.5096723252186,sideways
31426,2023-06-23 01:00:00,-0.04682897619822166,-0.5646725603380812,-0.5178435841398595,-0.5438311224154146,-0.49700214621719296,-33.84342049104725,-24.103431059012415,9.739989432034832,-42.299551272944456,-8.456130781897208,-60.007749658703105,-30.10102531987897,29.906724338824134,-57.177230852127806,2.8305188065752986,330.7828975447637,379.4828447049379,48.69994716017419,288.5022436352777,-42.280653909486034,sideways
32543,2023-08-08 14:00:00,0.5855494025269131,-0.07930520443983774,-0.6648546069667509,0.25811495492779735,-0.3274344475991158,15.284736140505451,-9.112654047165725,-24.397390187671178,-3.7216278346168252,-19.006363975122277,-41.12142450513079,-30.10102531987896,11.02039918525183,-43.053319200449494,-1.9318946953187037,576.4236807025272,454.4367297641714,-121.98695093835585,481.3918608269159,-95.03181987561135,sideways
4864,2020-06-10 08:00:00,1.244540424593539,1.244540424593539,0.0,1.244540424593539,0.0,97.34217954534479,97.34217954534479,0.0,97.34217954534479,0.0,-80.92860580676056,-80.92860580676056,0.0,-80.92860580676056,0.0,986.7108977267239,986.7108977267239,0.0,986.7108977267239,0.0,sideways
31809,2023-07-09 00:00:00,0.360196162636016,-0.27733440389655134,-0.6375305665325673,-0.22945164641612853,-0.5896478090521445,-5.553732733634931,-15.742630407945391,-10.18889767431046,-29.237933112656066,-23.684200379021135,-54.458505149926765,-30.101025319879092,24.357479830047673,-47.15918475912913,7.299320390797632,472.23133633182533,421.28684796027306,-50.94448837155227,353.81033443671964,-118.42100189510569,sideways
37121,2024-02-15 08:00:00,-0.09398876080623775,-0.7214832737002289,-0.6274945128939912,-0.4870552966244105,-0.39306653581817275,-35.80027639834664,-32.250289006256494,3.549987392090145,-41.95941303401044,-6.159136635663799,-60.008305991496314,-43.92925485666317,16.079051134833144,-58.56299578559877,1.4453102058975418,320.9986180082668,338.74855496871754,17.749936960450725,290.2029348299478,-30.795683178318995,sideways
29708,2023-04-12 11:00:00,0.0563864779745439,-0.3463495776665195,-0.4027360556410634,-0.44012419895956506,-0.49651067693410894,-27.760562934508382,-17.45460076161327,10.30596217289511,-38.8836664958204,-11.123103561312018,-60.00774965870317,-27.698667493743567,32.309082164959605,-57.66212222869625,2.345627430006921,361.1971853274581,412.72699619193367,51.529810864475564,305.581667520898,-55.61551780656009,sideways
4321,2020-05-18 17:00:00,1.1569760742117916,1.1569760742117916,0.0,1.1569760742117916,0.0,77.4994718651387,77.4994718651387,0.0,77.4994718651387,0.0,-80.92860580676053,-80.92860580676053,0.0,-80.92860580676053,0.0,887.4973593256935,887.4973593256935,0.0,887.4973593256935,0.0,sideways
26764,2022-12-10 18:00:00,-0.03962866305325989,1.184112637187645,1.2237413002409048,-0.07439677935062988,-0.03476811629736999,-31.277173714009955,52.685619192935704,83.96279290694565,-22.135829892085734,9.14134382192422,-74.43600390285545,-35.46559702796118,38.970406874894266,-72.8431418504095,1.5928620524459518,343.61413142995025,763.4280959646785,419.81396453472826,389.3208505395713,45.706719109621076,sideways
47875,2025-05-08 10:00:00,0.7854370497466366,-0.27150978740522186,-1.0569468371518584,-0.03359284167706206,-0.8190298914236986,35.181786369720335,-13.790116788487872,-48.97190315820821,-15.175826564913864,-50.3576129346342,-38.956103071578184,-26.539601128812574,12.41650194276561,-35.78813127705105,3.1679717945271335,675.9089318486017,431.0494160575606,-244.85951579104108,424.1208671754307,-251.788064673171,sideways
37004,2024-02-10 11:00:00,0.1261912959780812,-0.6019224030301609,-0.7281136990082421,-0.32050783041736125,-0.44669912639544246,-22.678932191100575,-28.79244766393495,-6.113515472834376,-35.598227274888984,-12.919295083788409,-59.595710422393786,-43.92925485666278,15.666455565731006,-58.56299578559877,1.0327146367950135,386.6053390444971,356.0377616803253,-30.567577364171825,322.0088636255551,-64.59647541894202,sideways
7028,2020-09-08 15:00:00,1.5565638541941027,1.5565638541941027,0.0,1.5565638541941027,0.0,232.3514763894094,232.3514763894094,0.0,232.3514763894094,0.0,-80.92860580676053,-80.92860580676053,0.0,-80.92860580676053,0.0,1661.757381947047,1661.757381947047,0.0,1661.757381947047,0.0,crash
49102,2025-06-28 13:00:00,1.1010207372870886,-0.014851487991419835,-1.1158722252785085,0.4716942106801487,-0.6293265266069399,64.86583343030273,-5.328864529969401,-70.19469796027212,11.745133988032318,-53.12069944227041,-37.50261718217541,-30.241473311879584,7.261143870295829,-33.27692739545576,4.225689786719656,824.3291671515136,473.355677350153,-350.97348980136064,558.7256699401617,-265.60349721135196,sideways
49048,2025-06-26 07:00:00,1.1011066654422859,0.03261395564408071,-1.068492709798205,0.4553551895921132,-0.6457514758501727,64.92059299253509,-3.8803372546842962,-68.80093024721938,10.807383298291985,-54.11320969424311,-36.76154543449298,-27.302652447832255,9.458892986660725,-31.300543820291082,5.461001614201898,824.6029649626755,480.5983137265785,-344.004651236097,554.0369164914599,-270.5660484712156,sideways
8664,2020-11-15 19:00:00,1.5583353991657216,1.6288748095060506,0.07053941034032896,1.5775705582625739,0.01923515909685225,233.9139426878287,277.87126310109,43.9573204132613,245.9052072467505,11.991264558921813,-80.92860580676054,-80.92860580676054,0.0,-80.92860580676054,0.0,1669.5697134391435,1889.35631550545,219.7866020663066,1729.5260362337526,59.95632279460915,sideways
40966,2024-07-24 13:00:00,-0.2694603960293727,-0.8648096539021047,-0.595349257872732,-1.1209734583233628,-0.8515130622939902,-42.10964129209,-36.294613595533995,5.815027696556001,-57.55971671499793,-15.450075422907936,-66.79680502741815,-54.165764361018134,12.631040666400011,-69.5703559112765,-2.7735508838583485,289.45179353955,318.52693202233,29.075138482780005,212.20141642501036,-77.25037711453965,sideways
20804,2022-04-06 10:00:00,1.6666981673057457,2.6547409711507877,0.988042803845042,2.315037330088816,0.6483391627830704,227.6581870044685,342.99938339179204,115.34119638732355,300.59655511204386,72.93836810757537,-55.87209056208522,-26.875414047412004,28.996676514673215,-46.50940786373923,9.362682698345992,1638.2909350223424,2214.99691695896,576.7059819366175,2002.9827755602194,364.69184053787694,sideways
30368,2023-05-09 23:00:00,0.11912154156485258,-0.24386153976600908,-0.36298308133086166,-0.5868541763891427,-0.7059757179539953,-23.439984134295134,-14.400463264907891,9.039520869387243,-43.30380258294,-19.863818448644867,-60.00774965870328,-29.043302413566852,30.96444724513643,-57.17723085212801,2.83051880657527,382.80007932852436,427.99768367546056,45.1976043469362,283.4809870853,-99.31909224322436,sideways
22772,2022-06-27 10:00:00,1.0087561927629933,1.7004323204328582,0.6916761276698649,1.2515797128105448,0.24282352004755148,66.56521057750875,128.3650120886232,61.79980151111444,86.43618304893133,19.870972471422576,-62.58009353127869,-31.792799253881732,30.78729427739696,-50.30610060039103,12.273992930887665,832.8260528875437,1141.825060443116,308.99900755557223,932.1809152446566,99.35486235711289,crash
40032,2024-06-15 15:00:00,-0.4586577315045182,-1.0068784978037681,-0.54822076629925,-1.2429553933811552,-0.7842976618766371,-49.941681476706776,-40.1004299355223,9.841251541184477,-60.02796312296246,-10.086281646255685,-66.79680502741823,-54.071703471885456,12.725101555532774,-69.24951779831291,-2.452712770894678,250.29159261646612,299.4978503223885,49.20625770592238,199.86018438518772,-50.4314082312784,sideways
50981,2025-09-14 20:00:00,0.6909302861014234,-0.2741217504543035,-0.9650520365557269,0.07350378014141525,-0.6174265059600081,26.564223812019037,-10.826230799963943,-37.39045461198298,-7.330240721815839,-33.89446453383488,-45.04371157010978,-35.7266633791671,9.317048190942678,-45.95404219124299,-0.9103306211332125,632.8211190600952,445.86884600018027,-186.9522730599149,463.3487963909208,-169.47232266917433,sideways
40671,2024-07-12 06:00:00,-0.30802013652751187,-0.951201679476091,-0.6431815429485792,-0.8455326138847946,-0.5375124773572828,-43.03241720043034,-38.154726730426205,4.877690470004133,-49.70915557350003,-6.676738373069689,-66.79680502741817,-54.16576436101823,12.63104066639994,-69.57035591127638,-2.7735508838582064,284.8379139978483,309.226366347869,24.388452350020657,251.45422213249984,-33.38369186534848,crash
47641,2025-04-28 16:00:00,0.8575333374294767,-0.19072565138605016,-1.048258988815527,0.05154208598690307,-0.8059912514425737,41.85762376890225,-11.815288269134506,-53.672912038036756,-11.335342157520156,-53.1929659264224,-38.95610307157816,-27.197755674271274,11.758347397306888,-36.05849737225213,2.8976056993260357,709.2881188445112,440.92355865432745,-268.3645601901838,443.32328921239923,-265.964829632112,sideways
48391,2025-05-29 22:00:00,1.1221329046632398,0.1649884552724398,-0.9571444493908,0.5529639433432235,-0.5691689613200163,67.13155199169856,0.1445234469432899,-66.98702854475526,16.548165274219386,-50.58338671747917,-36.48954731082937,-23.177873972111385,13.311673338717988,-28.523748058502065,7.965799252327308,835.6577599584928,500.72261723471644,-334.9351427237763,582.7408263710969,-252.91693358739587,sideways
4609,2020-05-30 17:00:00,1.1988676313848365,1.1988676313848365,0.0,1.1988676313848365,0.0,85.5630257839913,85.5630257839913,0.0,85.5630257839913,0.0,-80.92860580676053,-80.92860580676053,0.0,-80.92860580676053,0.0,927.8151289199566,927.8151289199566,0.0,927.8151289199566,0.0,sideways
12961,2021-05-14 09:00:00,0.997571280844036,1.4897230658244782,0.4921517849804422,1.3532691405787136,0.3556978597346776,61.30989440971493,178.70301728658498,117.39312287687005,142.9325745482485,81.62268013853358,-67.86283304393508,-47.71556288928682,20.14727015464826,-59.2955225690202,8.567310474914883,806.5494720485747,1393.5150864329248,586.9656143843501,1214.6628727412426,408.11340069266794,crash
36924,2024-02-07 03:00:00,0.31926527578388253,-0.49471364385529687,-0.8139789196391793,-0.08143082216220103,-0.4006960979460836,-8.92760304593072,-25.365036253047958,-16.437433207117238,-24.552731691568653,-15.625128645637933,-59.59571042239374,-43.92925485666286,15.666455565730885,-58.56299578559867,1.0327146367950704,455.3619847703464,373.1748187347602,-82.18716603558619,377.23634154215677,-78.12564322818963,sideways
30183,2023-05-02 06:00:00,0.10585500083831234,-0.3826425249801613,-0.48849752581847367,-0.6183676502286592,-0.7242226510669716,-23.797090433261626,-18.132804828650052,5.664285604611575,-44.253621198663375,-20.456530765401748,-60.007749658703126,-27.69866749374338,32.30908216495975,-57.177230852128034,2.8305188065750926,381.0145478336919,409.33597585674977,28.321428023057877,278.73189400668315,-102.28265382700874,sideways
2565,2020-03-06 11:00:00,1.0246924158403532,1.0246924158403532,0.0,1.0246924158403532,0.0,57.862812611648096,57.862812611648096,0.0,57.862812611648096,0.0,-80.92860580676054,-80.92860580676054,0.0,-80.92860580676054,0.0,789.3140630582404,789.3140630582404,0.0,789.3140630582404,0.0,sideways
4861,2020-06-10 05:00:00,1.244536407452602,1.244536407452602,0.0,1.244536407452602,0.0,97.33937482304955,97.33937482304955,0.0,97.33937482304955,0.0,-80.92860580676054,-80.92860580676054,0.0,-80.92860580676054,0.0,986.6968741152477,986.6968741152477,0.0,986.6968741152477,0.0,sideways
26627,2022-12-05 01:00:00,-0.043837344044686206,1.0480526379213906,1.0918899819660768,-0.10602350789216575,-0.06218616384747954,-31.12782243285842,43.540393162449,74.66821559530742,-23.3700045550556,7.757817877802818,-74.43600390285529,-35.46559702796151,38.97040687489378,-72.84314185040957,1.5928620524457244,344.3608878357079,717.701965812245,373.3410779765371,383.14997722472197,38.789089389014066,crash
31518,2023-06-26 21:00:00,-0.02085186368752454,-0.565557311157795,-0.5447054474702704,-0.5293099610298275,-0.508458097342303,-32.4007663760104,-24.131304322025613,8.269462053984789,-41.69383542938774,-9.293069053377337,-60.00774965870308,-30.10102531987895,29.906724338824127,-56.705880344463345,3.301869314239731,337.996168119948,379.3434783898719,41.34731026992392,291.5308228530613,-46.465345266886686,sideways
8579,2020-11-12 06:00:00,1.5738048279392653,1.6550959503205775,0.0812911223813122,1.5975248690659962,0.023720041126730873,242.89231393412643,295.080990820775,52.18867688664858,257.86218006935246,14.969866135226027,-80.92860580676056,-80.92860580676056,0.0,-80.92860580676056,0.0,1714.4615696706323,1975.404954103875,260.9433844332427,1789.3109003467623,74.84933067612997,sideways
8761,2020-11-19 20:00:00,1.6566492600776073,1.7231179849220346,0.06646872484442734,1.6784900351580714,0.021840775080464114,296.02187427411246,343.7036260393204,47.681751765207935,311.3507486947103,15.328874420597856,-80.92860580676056,-80.92860580676056,0.0,-80.92860580676056,0.0,1980.1093713705623,2218.5181301966018,238.4087588260395,2056.753743473552,76.64437210298956,sideways
6616,2020-08-22 11:00:00,1.1859488969832657,1.1859488969832657,0.0,1.1859488969832657,0.0,73.33218315631666,73.33218315631666,0.0,73.33218315631666,0.0,-80.92860580676054,-80.92860580676054,0.0,-80.92860580676054,0.0,866.6609157815833,866.6609157815833,0.0,866.6609157815833,0.0,sideways
28898,2023-03-09 16:00:00,0.0527775187219463,-0.1160421220919365,-0.1688196408138828,-0.11242441273989873,-0.16520193146184503,-26.567504463041068,-9.63061990846058,16.936884554580487,-23.578217206332496,2.9892872567085718,-64.51603732040905,-27.45280276385523,37.06323455655382,-59.91327111746203,4.6027662029470235,367.1624776847947,451.8469004576971,84.6844227729024,382.1089139683375,14.946436283542823,sideways
401,2019-12-07 00:00:00,0.2611551533064101,0.2611551533064101,0.0,0.2611551533064101,0.0,-20.340656152579573,-20.340656152579573,0.0,-20.340656152579573,0.0,-58.4198113996154,-58.4198113996154,0.0,-58.4198113996154,0.0,398.29671923710214,398.29671923710214,0.0,398.29671923710214,0.0,sideways
29280,2023-03-25 15:00:00,-0.04491194965570084,-0.348559431038027,-0.30364748138232617,-0.5168983571381853,-0.4719864074824845,-33.61446530910369,-17.774529421714004,15.83993588738969,-41.5820007981693,-7.967535489065604,-60.007749658703325,-27.6986674937434,32.309082164959925,-57.66212222869635,2.345627430006978,331.9276734544815,411.12735289143,79.19967943694849,292.08999600915354,-39.837677445327984,sideways
24344,2022-08-31 22:00:00,0.5385678196888347,1.476717666296549,0.9381498466077144,0.6357494656086016,0.09718164591976686,5.039872956826219,96.937872035158,91.89799907833178,22.588467943935875,17.548594987109656,-69.40102785899208,-34.35152943723339,35.04949842175869,-63.81651601277871,5.584511846213367,525.1993647841311,984.6893601757901,459.4899953916589,612.9423397196794,87.7429749355482,crash
23836,2022-08-10 18:00:00,0.8678009104536212,1.6370250534632251,0.769224143009604,0.8490949780305446,-0.01870593242307661,45.035311767988986,117.24952270172264,72.21421093373365,41.44039616013833,-3.594915607850659,-65.06588528657285,-31.79279925388183,33.27308603269102,-59.6251222224427,5.440763064130152,725.176558839945,1086.2476135086133,361.07105466866835,707.2019808006917,-17.974578039253288,sideways
34746,2023-11-08 09:00:00,0.5353285365404362,-0.17078044506710013,-0.7061089816075363,0.3423379553178919,-0.1929905812225443,10.01405527550463,-13.349603163483758,-23.363658438988388,0.5537610213391497,-9.460294254165479,-41.52170678372807,-32.94995295217069,8.57175383155738,-46.0163080757523,-4.494601292024228,550.0702763775231,433.2519841825812,-116.81829219494188,502.76880510669577,-47.301471270827335,sideways
26733,2022-12-09 11:00:00,0.07162753253919617,1.2477481138918904,1.1761205813526943,0.011531616488184635,-0.060095916051011534,-24.587893639640335,56.97715169507704,81.56504533471738,-17.723649032639464,6.86424460700087,-74.43600390285542,-35.465597027961515,38.970406874893904,-72.84314185040974,1.5928620524456818,377.06053180179833,784.8857584753853,407.82522667358694,411.38175483680266,34.32122303500432,sideways
37225,2024-02-19 16:00:00,-0.1314667800451,-0.7845667382710695,-0.6530999582259694,-0.5865683873600376,-0.45510160731493754,-37.885133609057796,-34.29864425479274,3.586489354265055,-45.62824516825907,-7.7431115592012745,-62.599200025106505,-43.92925485666295,18.669945168443554,-59.59589190519703,3.0033081199094767,310.574331954711,328.50677872603626,17.93244677132526,271.85877415870465,-38.71555779600635,sideways
39076,2024-05-06 19:00:00,-0.10310408278874302,-0.7198223976317973,-0.6167183148430543,-0.6420278336469609,-0.5389237508582179,-33.421473225437936,-31.659669898174737,1.7618033272631983,-41.98772063917108,-8.566247413733144,-64.88646065282607,-43.41712157937169,21.469339073454385,-57.134453640014236,7.752007012811838,332.89263387281034,341.7016505091263,8.80901663631596,290.06139680414464,-42.8312370686657,sideways
47065,2025-04-04 16:00:00,0.898357315678022,-0.2648922995717999,-1.163249615249822,0.07195723374537173,-0.8264000819326502,45.532818889032576,-13.862530131190297,-59.39534902022287,-9.973786468607404,-55.506605357639984,-40.4648407313661,-30.704983390625163,9.75985734074094,-42.442614100307175,-1.9777733689410724,727.6640944451628,430.6873493440485,-296.9767451011143,450.13106765696295,-277.5330267881999,sideways
40882,2024-07-21 01:00:00,-0.2688135104200674,-0.8976994360864791,-0.6288859256664117,-1.0862215423316661,-0.8174080319115987,-41.56311773588223,-37.0642482617523,4.498869474129933,-56.525317145948364,-14.962199410066134,-66.79680502741817,-54.16576436101822,12.631040666399954,-69.57035591127658,-2.7735508838584053,292.1844113205889,314.6787586912385,22.49434737064962,217.3734142702582,-74.81099705033068,sideways
26481,2022-11-28 23:00:00,-0.22235390251153062,0.8992530547581674,1.121606957269698,-0.3385913203596518,-0.11623741784812117,-40.16286474943402,34.50262676086033,74.66549151029434,-33.30173154736362,6.861133202070398,-73.65100606746095,-35.46559702796136,38.185409039499596,-72.18301289983029,1.4679931676306666,299.18567625282986,672.5131338043017,373.3274575514718,333.4913422631819,34.30566601035201,crash
25174,2022-10-05 12:00:00,0.34525742887854416,1.4469693044634369,1.1017118755848927,0.4823322167493523,0.13707478787080812,-13.468539112994948,94.23075042264877,107.69928953564371,10.440208483859582,23.908747596854532,-71.4274466512058,-35.46559702796118,35.96184962324462,-66.4251032850714,5.002343366134397,432.65730443502525,971.1537521132439,538.4964476782186,552.2010424192979,119.54373798427264,sideways
12056,2021-04-06 11:00:00,0.8124391400330021,1.1282017378446318,0.31576259781162974,0.9586449035794803,0.14620576354647818,21.429281929212184,88.0856971995394,66.65641527032722,51.326465500873276,29.897183571661092,-67.86283304393524,-55.67862230673617,12.184210737199066,-59.29552256902015,8.56731047491509,607.1464096460609,940.4284859976971,333.2820763516362,756.6323275043663,149.48591785830547,sideways
30670,2023-05-22 13:00:00,0.45835964620793934,-0.09244923332978598,-0.5508088795377253,-0.27161933129102434,-0.7299789774989637,1.8759947928913334,-9.973920978246797,-11.84991577113813,-31.639072447197737,-33.51506724008907,-60.00774965870308,-30.101025319878982,29.906724338824095,-57.177230852127956,2.830518806575121,509.37997396445667,450.13039510876604,-59.24957885569063,341.8046377640113,-167.57533620044535,sideways
7117,2020-09-12 08:00:00,1.5646743754410342,1.5646743754410342,0.0,1.5646743754410342,0.0,236.85999828564914,236.85999828564914,0.0,236.85999828564914,0.0,-80.92860580676056,-80.92860580676056,0.0,-80.92860580676056,0.0,1684.2999914282457,1684.2999914282457,0.0,1684.2999914282457,0.0,crash
47634,2025-04-28 09:00:00,0.8047230316375639,-0.21318409486087905,-1.017907126498443,-0.012136706117105236,-0.8168597377546691,36.987777911507514,-12.495508211595684,-49.4832861231032,-14.379120878887885,-51.366898790395396,-38.9561030715781,-27.19775567427134,11.758347397306757,-36.05849737225215,2.8976056993259505,684.9388895575375,437.52245894202156,-247.416430615516,428.10439560556057,-256.834493951977,sideways
43225,2024-10-26 16:00:00,0.6024304249739342,-0.675392979021273,-1.2778234039952072,-0.5030568797954562,-1.1054873047693903,17.323127708722108,-30.995229252804933,-48.318356961527044,-38.712293000513995,-56.03542070923611,-66.79680502741807,-54.16576436101821,12.631040666399862,-69.5703559112765,-2.7735508838584195,586.6156385436105,345.0238537359753,-241.59178480763524,306.43853499743,-280.17710354618055,sideways
6124,2020-08-01 23:00:00,0.9718118277467823,0.9718118277467823,0.0,0.9718118277467823,0.0,21.612114318342424,21.612114318342424,0.0,21.612114318342424,0.0,-80.92860580676056,-80.92860580676056,0.0,-80.92860580676056,0.0,608.0605715917121,608.0605715917121,0.0,608.0605715917121,0.0,strong_trend
40203,2024-06-22 18:00:00,-0.28706259144925605,-0.9796903436221093,-0.6926277521728532,-1.1588624454903467,-0.8717998540410906,-42.57935757716949,-39.025317204600604,3.5540403725688847,-57.70428893746007,-15.124931360290581,-66.7968050274182,-54.071703471885556,12.725101555532646,-69.24951779831288,-2.452712770894678,287.1032121141526,304.87341397699697,17.770201862844374,211.47855531269965,-75.62465680145294,sideways
5990,2020-07-27 09:00:00,1.1915828792439083,1.1915828792439083,0.0,1.1915828792439083,0.0,77.37548307703224,77.37548307703224,0.0,77.37548307703224,0.0,-80.92860580676054,-80.92860580676054,0.0,-80.92860580676054,0.0,886.8774153851612,886.8774153851612,0.0,886.8774153851612,0.0,strong_trend
36892,2024-02-05 19:00:00,0.31870137218419414,-0.5274003675421101,-0.8461017397263042,-0.10515090540547802,-0.42385227758967214,-8.97859581801519,-26.39822404870371,-17.41962823068852,-25.761966544477012,-16.783370726461822,-59.59571042239378,-43.92925485666282,15.666455565730956,-58.5629957855986,1.032714636795177,455.1070209099241,368.00887975648146,-87.09814115344261,371.19016727761493,-83.91685363230914,sideways
4486,2020-05-25 14:00:00,1.3809141765540502,1.3809141765540502,0.0,1.3809141765540502,0.0,151.7082312299952,151.7082312299952,0.0,151.7082312299952,0.0,-80.92860580676054,-80.92860580676054,0.0,-80.92860580676054,0.0,1258.541156149976,1258.541156149976,0.0,1258.541156149976,0.0,sideways
24972,2022-09-27 02:00:00,0.29843600492037936,1.3843406646774028,1.0859046597570234,0.40569399575691334,0.10725799083653398,-16.768901743601283,86.99694169416614,103.76584343776742,5.051063724879334,21.819965468480618,-71.42744665120591,-35.465597027961124,35.96184962324479,-66.42510328507129,5.002343366134625,416.1554912819936,934.9847084708307,518.8292171888371,525.2553186243966,109.09982734240305,strong_trend
33651,2023-09-23 18:00:00,0.5589324734295665,-0.08676536202611285,-0.6456978354556794,0.3275825201897915,-0.23134995323977503,12.545875854649413,-9.772067980570299,-22.31794383521971,0.3320278013771327,-12.21384805327228,-39.203254140254465,-32.949952952170435,6.253301188084031,-44.01181397345291,-4.808559833198444,562.7293792732471,451.1396600971485,-111.58971917609858,501.6601390068857,-61.06924026636142,sideways
37280,2024-02-21 23:00:00,-0.20466394504712732,-0.8063313558082468,-0.6016674107611195,-0.6961250169806972,-0.49146107193356986,-41.49911999459921,-34.82101764288166,6.6781023517175555,-49.23719451587883,-7.738074521279614,-64.02503278718297,-43.92925485666257,20.0957779305204,-60.46160318899406,3.563429598188904,292.50440002700395,325.8949117855917,33.39051175858776,253.81402742060587,-38.690372606398086,sideways
21412,2022-05-01 18:00:00,1.5618235106438987,2.451666380251384,0.8898428696074854,2.070431624405755,0.5086081137618561,193.67681825904407,288.81081218503704,95.13399392599297,242.17306459881658,48.49624633977251,-59.53289890548723,-29.430012107632198,30.10288679785503,-50.306100600391034,9.226798305096196,1468.3840912952205,1944.054060925185,475.6699696299645,1710.8653229940828,242.4812316988623,crash
47142,2025-04-07 21:00:00,0.8714697002051814,-0.28949951734191587,-1.1609692175470974,0.06062439449994543,-0.810845305705236,43.01703725039279,-14.63209494640314,-57.64913219679593,-10.561317581130314,-53.5783548315231,-40.46484073136604,-30.70498339062535,9.759857340740687,-42.44261410030723,-1.9777733689411932,715.0851862519639,426.8395252679843,-288.24566098397963,447.19341209434845,-267.8917741576155,sideways
39608,2024-05-28 23:00:00,-0.5706423687774617,-1.0688486203116447,-0.4982062515341831,-1.4035031542304166,-0.8328607854529549,-53.676740046231906,-41.020736664940785,12.656003381291121,-63.07499557668448,-9.398255530452573,-65.0198102598966,-51.46479730890615,13.555012950990452,-69.24951779831291,-4.2297075384163065,231.61629976884043,294.8963166752961,63.28001690645564,184.62502211657764,-46.991277652262795,sideways
10653,2021-02-06 22:00:00,1.5903244659596738,1.8681618234537256,0.2778373574940518,1.6931815756191742,0.10285710965950035,253.0036720482516,415.6482245368854,162.6445524886338,305.43971175746,52.43603970920839,-59.732004867984976,-55.67862230673607,4.05338256124891,-55.67862230673607,4.05338256124891,1765.0183602412578,2578.241122684427,813.2227624431691,2027.1985587872998,262.180198546042,strong_trend
34334,2023-10-22 05:00:00,0.46447736563172143,-0.32591745788564697,-0.7903948235173683,0.16718977750431424,-0.2972875881274072,3.7313371713391774,-18.217481070482766,-21.948818241821943,-10.084353045510163,-13.81569021684934,-41.52170678372802,-32.949952952170825,8.571753831557196,-46.01630807575236,-4.494601292024342,518.6566858566958,408.91259464758616,-109.74409120910968,449.5782347724492,-69.07845108424664,sideways
37368,2024-02-25 15:00:00,-0.16239414706678038,-0.8093501466711556,-0.6469559996043752,-0.7153369729236208,-0.5529428258568404,-39.35189124118722,-35.08320970803579,4.26868153315143,-49.78274685612119,-10.430855614933975,-64.88646065282602,-45.12259160731721,19.763869045508805,-61.35688190028527,3.5295787525407434,303.2405437940639,324.58395145982104,21.343407665757127,251.08626571939402,-52.15427807466989,sideways
17066,2021-11-01 16:00:00,1.0780309360085225,1.372868578017741,0.29483764200921847,1.222768945826524,0.14473800981800156,74.36190632074558,76.50249308251709,2.140586761771516,73.29287425970834,-1.069032061037234,-54.37754927698706,-39.47157860607119,14.90597067091587,-40.87419568259444,13.503353594392621,871.8095316037279,882.5124654125855,10.702933808857551,866.4643712985417,-5.345160305186255,sideways
37762,2024-03-13 01:00:00,-0.1583735826529215,-0.8766723152290695,-0.7182987325761481,-0.7514173051157236,-0.593043722462802,-39.3014374514988,-37.36054702805417,1.9408904234446283,-48.00691214095899,-8.705474689460189,-64.88646065282603,-43.41712157937154,21.469339073454492,-54.896605175292635,9.989855477533396,303.492812742506,313.19726485972916,9.704452117223184,259.96543929520504,-43.52737344730093,sideways
45953,2025-02-17 08:00:00,1.4529146231196488,0.17139403142702841,-1.2815205916926204,0.2222873974661596,-1.2306272256534891,117.69105857278252,-0.5567626333666587,-118.24782120614918,-2.4819490641138753,-120.1730076368964,-42.99751882469097,-31.929175682516707,11.068343142174264,-44.08168897223368,-1.0841701475427072,1088.4552928639125,497.2161868331667,-591.2391060307458,487.59025467943064,-600.8650381844818,sideways
41797,2024-08-28 04:00:00,0.3224720250055245,-0.685637761232356,-1.0081097862378805,-0.678394000904366,-1.0008660259098905,-7.453469789320066,-32.25367393376217,-24.800204144442105,-46.08515443146476,-38.63168464214469,-66.79680502741812,-54.165764361018375,12.631040666399741,-69.57035591127655,-2.7735508838584337,462.73265105339965,338.73163033118914,-124.00102072221051,269.5742278426762,-193.15842321072347,crash
39005,2024-05-03 20:00:00,-0.006467396943697654,-0.5545012387167207,-0.5480338417730231,-0.5773532895245482,-0.5708858925808505,-28.14461807455545,-27.0803332142616,1.0642848602938493,-39.843738496140666,-11.699120421585217,-64.88646065282589,-43.41712157937165,21.469339073454236,-57.013642596420375,7.872818056405514,359.2769096272228,364.598333928692,5.3214243014692215,300.78130751929666,-58.49560210792612,sideways
32455,2023-08-04 22:00:00,0.5418460727207369,-0.10903347258069468,-0.6508795453014316,0.22014592172595865,-0.3217001509947783,11.164682837961815,-10.094987052125182,-21.259669890086997,-6.00621773366049,-17.170900571622305,-41.12142450513087,-30.10102531987894,11.020399185251929,-43.05331920044944,-1.9318946953185687,555.8234141898091,449.5250647393741,-106.29834945043501,469.96891133169754,-85.85450285811157,sideways
13838,2021-06-19 22:00:00,1.6395628975324397,2.251537862579556,0.6119749650471165,2.091085586101875,0.45152268856943545,227.69903019671455,391.1225144339558,163.42348423724127,349.7695490430061,122.07051884629158,-67.86283304393521,-47.715562889286986,20.147270154648226,-59.29552256902042,8.567310474914791,1638.4951509835728,2455.612572169779,817.1174211862062,2248.8477452150305,610.3525942314577,sideways
40677,2024-07-12 12:00:00,-0.2849100309015775,-0.9366680533920989,-0.6517580224905214,-0.8436517710833971,-0.5587417401818195,-41.96824453593716,-37.781444723694456,4.186799812242704,-49.6566932292561,-7.688448693318939,-66.79680502741815,-54.16576436101839,12.631040666399755,-69.57035591127656,-2.7735508838584195,290.1587773203142,311.0927763815277,20.933999061213513,251.7165338537195,-38.442243466594675,crash
18629,2022-01-05 19:00:00,1.9532416180165904,2.4981105290995593,0.544868911082969,2.3270748113742767,0.3738331933576864,334.6329973735324,309.13570203638903,-25.497295337143385,282.0212171896267,-52.611780183905694,-44.78454683946781,-39.47157860607107,5.312968233396738,-39.40904866690629,5.375498172561521,2173.1649868676623,2045.6785101819453,-127.48647668571698,1910.1060859481336,-263.0589009195287,sideways
27222,2022-12-29 20:00:00,-0.416608740803152,0.16208517847686502,0.578693919280017,-0.7464520993161005,-0.32984335851294844,-51.12745512709127,-1.4726375009917358,49.65481762609953,-48.31470396209624,2.812751164995028,-74.95301295734771,-35.46559702796125,39.48741592938646,-72.84314185040962,2.109871106938087,244.36272436454362,492.63681249504134,248.27408813049772,258.4264801895188,14.063755824975203,sideways
16084,2021-09-21 16:00:00,0.7722835701215258,1.3113384952676659,0.5390549251461401,1.0348376583358179,0.26255408821429205,33.88729215336181,78.51523598052994,44.627943827168124,58.64723372217468,24.75994156881287,-54.37754927698717,-39.47157860607099,14.905970670916176,-41.757860319649645,12.619688957337523,669.4364607668091,892.5761799026498,223.13971913584066,793.2361686108734,123.7997078440643,crash
16011,2021-09-18 15:00:00,0.7599015327643447,1.2955638965821317,0.535662363817787,0.9568077382720843,0.19690620550773963,32.35617092862577,77.77580801217603,45.419637083550256,51.039368184603305,18.683197255977532,-54.377549276987146,-39.471578606071176,14.90597067091597,-41.75786031964994,12.619688957337203,661.7808546431288,888.8790400608801,227.09818541775132,755.1968409230166,93.41598627988776,sideways
8062,2020-10-21 17:00:00,1.7801675222592457,1.8172452321434684,0.037077709884222765,1.7688839115347819,-0.011283610724463822,390.2097421303512,422.597465368156,32.387723237804835,380.5460967943689,-9.663645335982267,-80.92860580676054,-80.92860580676054,0.0,-80.92860580676054,0.0,2451.0487106517558,2612.98732684078,161.9386161890243,2402.7304839718445,-48.31822667991128,strong_trend
49172,2025-07-01 11:00:00,1.00932145157517,-0.08157834348531175,-1.0908997950604817,0.2705629988368684,-0.7387584527383017,54.99476370039802,-7.2203610961361075,-62.21512479653413,0.9708384215399324,-54.02392527885809,-40.0974949398882,-31.11438504804309,8.98310989184511,-35.746633993601016,4.350860946287185,774.9738185019901,463.8981945193195,-311.0756239826706,504.85419210769965,-270.11962639429044,sideways
7559,2020-09-30 18:00:00,1.7267092934103836,1.7267092934103836,0.0,1.7267092934103836,0.0,346.57287699653045,346.57287699653045,0.0,346.57287699653045,0.0,-80.92860580676054,-80.92860580676054,0.0,-80.92860580676054,0.0,2232.864384982652,2232.864384982652,0.0,2232.864384982652,0.0,sideways
4412,2020-05-22 12:00:00,1.273011940266229,1.273011940266229,0.0,1.273011940266229,0.0,112.37369836782452,112.37369836782452,0.0,112.37369836782452,0.0,-80.92860580676056,-80.92860580676056,0.0,-80.92860580676056,0.0,1061.8684918391225,1061.8684918391225,0.0,1061.8684918391225,0.0,sideways
47884,2025-05-08 19:00:00,0.8359736623824359,-0.25155352384227625,-1.0875271862247122,0.0654419879001911,-0.7705316744822448,39.799982720861315,-13.216736376034156,-53.01671909689547,-10.592353254518294,-50.39233597537961,-38.95610307157816,-26.539601128812475,12.416501942765688,-35.78813127705109,3.1679717945270696,698.9999136043066,433.9163181198292,-265.08359548447737,447.0382337274085,-251.96167987689807,sideways
28390,2023-02-16 12:00:00,-0.4446089303890669,-0.42277684387707776,0.021832086511989146,-0.47836245106509834,-0.033753520676031434,-50.48336048012679,-18.25792675387994,32.22543372624685,-35.56318235198488,14.920178128141913,-66.6790268890114,-27.452802763855487,39.22622412515591,-59.91327111746219,6.765755771549209,247.58319759936603,408.7103662306003,161.12716863123427,322.1840882400756,74.60089064070957,strong_trend
22399,2022-06-11 21:00:00,1.2416826807414763,1.8141328009033062,0.57245012016183,1.3619893242319123,0.12030664349043607,110.02561108771447,146.80739639717535,36.781785309460886,102.11890841666632,-7.906702671048151,-62.58009353127875,-31.792799253882176,30.787294277396573,-50.306100600391034,12.273992930887715,1050.1280554385723,1234.0369819858768,183.90892654730442,1010.5945420833316,-39.53351335524076,sideways
37724,2024-03-11 11:00:00,-0.21298540541820185,-0.9088018935491008,-0.6958164881308989,-0.7910277753240513,-0.5780423699058495,-42.22864155730679,-38.25420162079756,3.9744399365092278,-49.464982468937755,-7.236340911630968,-64.88646065282609,-43.41712157937175,21.469339073454336,-54.896605175292756,9.989855477533332,288.85679221346606,308.7289918960122,19.872199682546125,252.67508765531122,-36.18170455815485,sideways
19607,2022-02-15 13:00:00,1.568152117794448,2.313462447117712,0.7453103293232641,2.181554861988458,0.6134027441940102,195.71805446943222,266.4565234112561,70.7384689418239,268.2687581515343,72.5507036821021,-48.51899296376099,-33.835516323750255,14.683476640010731,-45.8798886474272,2.6391043163337855,1478.590272347161,1832.2826170562805,353.6923447091194,1841.3437907576715,362.7535184105104,sideways
6543,2020-08-19 10:00:00,1.2169931844473312,1.2169931844473312,0.0,1.2169931844473312,0.0,82.91459447477149,82.91459447477149,0.0,82.91459447477149,0.0,-80.92860580676056,-80.92860580676056,0.0,-80.92860580676056,0.0,914.5729723738575,914.5729723738575,0.0,914.5729723738575,0.0,sideways
37324,2024-02-23 19:00:00,-0.17967747291320385,-0.8197451202851526,-0.6400676473719487,-0.6637227239297463,-0.48404525101654244,-40.24936591350061,-35.37071590545047,4.878650008050144,-48.1527488918824,-7.903382978381792,-64.56726624507861,-44.97374423380756,19.593522011271055,-61.252067791859986,3.3151984532186276,298.7531704324969,323.14642047274765,24.393250040250734,259.236255540588,-39.516914891908925,sideways
9002,2020-11-29 21:00:00,1.789150917448073,1.850641242734074,0.061490325286000846,1.7237492642687195,-0.06540165317935354,396.7351169677855,448.20832844872723,51.47321148094176,344.00629761427945,-52.728819353506026,-80.92860580676054,-80.92860580676054,0.0,-80.92860580676054,0.0,2483.6755848389275,2741.041642243636,257.3660574047085,2220.0314880713972,-263.6440967675303,sideways
28286,2023-02-12 04:00:00,-0.33380849384547295,-0.2562048931679235,0.07760360067754946,-0.5063423634776917,-0.17253386963221873,-45.616172749183946,-13.543180784298626,32.07299196488532,-36.19341756908542,9.422755180098527,-66.67902688901131,-27.45280276385522,39.226224125156094,-59.913271117462116,6.765755771549195,271.9191362540803,432.2840960785069,160.3649598244266,319.0329121545729,47.11377590049261,sideways
48546,2025-06-05 09:00:00,1.48733076636081,0.5219610102310822,-0.9653697561297278,0.7690706928948763,-0.7182600734659337,111.45136250370894,12.258376725146647,-99.19298577856229,30.38295570203351,-81.06840680167542,-36.76154543449307,-23.177873972111453,13.58367146238162,-28.523748058502097,8.237797375990976,1057.2568125185446,561.2918836257332,-495.9649288928114,651.9147785101676,-405.342034008377,sideways
47885,2025-05-08 20:00:00,0.8259145344590043,-0.25706341512426845,-1.0829779495832728,0.060862940193956286,-0.765051594265048,38.87307455723712,-13.377446888945222,-52.25052144618234,-10.8146678846205,-49.687742441857615,-38.9561030715782,-26.53960112881255,12.416501942765649,-35.78813127705109,3.167971794527105,694.3653727861856,433.1127655552739,-261.25260723091174,445.9266605768975,-248.4387122092881,strong_trend
18454,2021-12-29 12:00:00,1.6161809723147622,2.2657683101285966,0.6495873378138344,2.088679674383523,0.472498702068761,204.8703492140894,243.21724282514845,38.346893611059045,218.25301057221785,13.382661358128445,-44.78454683946792,-39.47157860607121,5.31296823339671,-39.40904866690615,5.37549817256177,1524.351746070447,1716.0862141257423,191.73446805529534,1591.2650528610893,66.91330679064231,crash
39913,2024-06-10 16:00:00,-0.4452355058786564,-0.9827353494843264,-0.5374998436056699,-1.1894531107112534,-0.744217604832597,-49.35744939504636,-39.310267282871166,10.047182112175193,-58.62676176139734,-9.26931236635098,-66.79680502741815,-54.07170347188555,12.725101555532596,-69.2495177983129,-2.452712770894749,253.2127530247682,303.44866358564417,50.235910560875965,206.8661911930133,-46.34656183175491,sideways
31339,2023-06-19 10:00:00,0.27475772264005743,-0.19928983042183382,-0.4740475530618913,-0.19482279495353236,-0.46958051759358976,-12.89886411762432,-13.34058748508241,-0.44172336745809027,-28.041554270531112,-15.142690152906791,-60.007749658703126,-30.10102531987897,29.906724338824155,-57.177230852128055,2.8305188065750713,435.5056794118784,433.2970625745879,-2.208616837290492,359.7922286473445,-75.71345076453395,sideways
24520,2022-09-08 06:00:00,0.5517667183821016,1.5045171973188236,0.952750478936722,0.6277389574270891,0.07597223904498751,6.385535928503594,100.00473055505803,93.61919462655443,21.934306606284704,15.54877067778111,-69.55563383609432,-34.72880264161584,34.82683119447847,-64.6662220720476,4.889411764046713,531.927679642518,1000.0236527752902,468.0959731327722,609.6715330314236,77.74385338890556,crash
7157,2020-09-14 00:00:00,1.5557690812199947,1.5557690812199947,0.0,1.5557690812199947,0.0,231.70997789467953,231.70997789467953,0.0,231.70997789467953,0.0,-80.92860580676056,-80.92860580676056,0.0,-80.92860580676056,0.0,1658.5498894733976,1658.5498894733976,0.0,1658.5498894733976,0.0,crash
19251,2022-01-31 17:00:00,1.56457056173035,2.264079037962211,0.6995084762318609,2.0671932132134505,0.5026226514831005,197.37057370769256,262.49731198723646,65.1267382795439,244.0178472861752,46.64727357848264,-44.7845468394679,-37.75089731738637,7.033649522081532,-37.68658979846927,7.0979570409986295,1486.8528685384629,1812.4865599361824,325.63369139771953,1720.0892364308759,233.236367892413,crash
33346,2023-09-11 01:00:00,0.459796093192487,-0.1850768394772943,-0.6448729326697813,0.17918694403770485,-0.28060914915478213,3.7811759929526234,-12.785588992991004,-16.566764985943628,-8.494514736341173,-12.275690729293796,-39.20325414025455,-32.268180481302736,6.935073658951815,-43.05331920044938,-3.8500650601948294,518.9058799647631,436.07205503504497,-82.83382492971816,457.52742631829415,-61.378453646468984,sideways
50468,2025-08-24 11:00:00,0.5298068372242373,-0.5989747260750531,-1.1287815632992904,-0.04633415132631492,-0.5761409885505522,14.852519014856668,-19.840063532627184,-34.69258254748385,-13.185672580016972,-28.038191594873638,-45.04371157010966,-35.72666337916741,9.317048190942245,-45.95404219124295,-0.9103306211332907,574.2625950742834,400.79968233686407,-173.4629127374193,434.07163709991516,-140.1909579743682,sideways
250,2019-11-30 17:00:00,0.2737817301160645,0.2737817301160645,0.0,0.2737817301160645,0.0,-17.969550283905157,-17.969550283905157,0.0,-17.969550283905157,0.0,-58.419811399615455,-58.419811399615455,0.0,-58.419811399615455,0.0,410.15224858047424,410.15224858047424,0.0,410.15224858047424,0.0,sideways
36714,2024-01-29 09:00:00,0.26729459788816573,-0.7427960227592635,-1.0100906206474292,-0.2875704786804625,-0.5548650765686283,-12.66066505561686,-32.36204109578467,-19.70137604016781,-33.946888184396244,-21.286223128779383,-59.59571042239371,-43.929254856663,15.666455565730708,-57.57293807833149,2.0227723440622185,436.6966747219157,338.1897945210767,-98.50688020083902,330.2655590780188,-106.43111564389693,sideways
43291,2024-10-29 10:00:00,0.522955151908617,-0.7069452917364201,-1.229900443645037,-0.6309701786138273,-1.1539253305224442,9.844379578779371,-32.01485390122688,-41.85923348000625,-43.479488499985465,-53.32386807876483,-66.79680502741812,-54.165764361018276,12.63104066639984,-69.57035591127647,-2.7735508838583485,549.2218978938969,339.9257304938656,-209.29616740003127,282.6025575000727,-266.6193403938242,sideways
48655,2025-06-09 22:00:00,1.433280156933314,0.3482662667622103,-1.0850138901711037,0.6551378730036562,-0.7781422839296578,104.36234840708116,6.207049913191209,-98.15529849388994,22.8558544646565,-81.50649394242465,-36.76154543449336,-23.177873972111385,13.583671462381972,-28.523748058502065,8.237797375991292,1021.8117420354058,531.0352495659561,-490.77649246944975,614.2792723232825,-407.5324697121233,sideways
21678,2022-05-12 20:00:00,1.5747087046921622,2.4276337815862727,0.8529250768941106,2.068793756477309,0.49408505178514694,196.75861513727196,282.548129598659,85.78951446138703,242.9824485893963,46.22383345212435,-59.53289890548722,-29.43001210763215,30.10288679785507,-50.30610060039103,9.226798305096196,1483.7930756863598,1912.740647993295,428.9475723069352,1714.9122429469817,231.1191672606219,crash
6060,2020-07-30 07:00:00,1.1159851175573923,1.1159851175573923,0.0,1.1159851175573923,0.0,55.8386674239133,55.8386674239133,0.0,55.8386674239133,0.0,-80.92860580676056,-80.92860580676056,0.0,-80.92860580676056,0.0,779.1933371195665,779.1933371195665,0.0,779.1933371195665,0.0,sideways
13860,2021-06-20 20:00:00,1.5973631780667912,2.201094564751553,0.6037313866847618,2.0427220559363075,0.44535887786951633,213.02127624743963,369.1249655810283,156.10368933358865,329.62421394462336,116.60293769718373,-67.86283304393521,-47.71556288928666,20.147270154648552,-59.29552256902011,8.567310474915104,1565.106381237198,2345.624827905141,780.518446667943,2148.1210697231168,583.0146884859187,sideways
43506,2024-11-07 09:00:00,0.4405949300039045,-0.7752709051325091,-1.2158658351364136,-0.6861967220823367,-1.1267916520862413,2.7749276137631895,-33.75632913063931,-36.5312567444025,-45.057306432694254,-47.832234046457444,-66.79680502741819,-54.165764361018276,12.631040666399912,-69.57035591127655,-2.7735508838583627,513.8746380688159,331.2183543468035,-182.6562837220124,274.7134678365287,-239.1611702322872,sideways
44908,2025-01-04 19:00:00,0.8761191526506705,0.005602954468115234,-0.8705161981825553,-0.1572223587882461,-1.0333415114389166,46.31490035201369,-7.102814095653976,-53.41771444766766,-22.319806961799937,-68.63470731381362,-55.637044177950514,-35.768307921884436,19.86873625606608,-57.86277704622781,-2.225732868277298,731.5745017600684,464.4859295217301,-267.0885722383383,388.4009651910003,-343.1735365690681,sideways
32587,2023-08-10 10:00:00,0.49333450550596436,-0.19765150149492539,-0.6909860070008897,0.19360170498427906,-0.29973280052168527,6.793504877055101,-13.03948290172291,-19.832987778778012,-7.592544889410124,-14.386049766465225,-41.12142450513079,-30.10102531987904,11.020399185251751,-43.05331920044944,-1.9318946953186469,533.9675243852755,434.80258549138546,-99.16493889389005,462.0372755529494,-71.93024883232613,sideways
6278,2020-08-08 09:00:00,0.9668811411728899,0.9668811411728899,0.0,0.9668811411728899,0.0,21.49981579500664,21.49981579500664,0.0,21.49981579500664,0.0,-80.92860580676054,-80.92860580676054,0.0,-80.92860580676054,0.0,607.4990789750332,607.4990789750332,0.0,607.4990789750332,0.0,sideways
6236,2020-08-06 15:00:00,0.9365504452334977,0.9365504452334977,0.0,0.9365504452334977,0.0,15.585400082722645,15.585400082722645,0.0,15.585400082722645,0.0,-80.92860580676054,-80.92860580676054,0.0,-80.92860580676054,0.0,577.9270004136132,577.9270004136132,0.0,577.9270004136132,0.0,sideways
24459,2022-09-05 17:00:00,0.5716372564438063,1.5149592806903736,0.9433220242465673,0.6571166527221051,0.08547939627829881,8.491525106167174,101.1741017519646,92.68257664579743,24.34809648718761,15.856571381020437,-69.40839884592323,-34.44965857367318,34.95874027225005,-63.97072175693518,5.437677088988053,542.4576255308359,1005.870508759823,463.4128832289871,621.740482435938,79.28285690510211,crash
30090,2023-04-28 09:00:00,0.20793885988177754,-0.314990491222352,-0.5229293511041295,-0.5155658284575163,-0.7235046883392938,-16.90867913645825,-16.141862657296045,0.7668164791622054,-40.63286347212185,-23.724184335663598,-60.00774965870308,-27.69866749374342,32.309082164959655,-57.177230852127806,2.83051880657527,415.45660431770875,419.2906867135198,3.8340823958110377,296.83568263939077,-118.62092167831798,sideways
1656,2020-01-28 07:00:00,0.33243212331162864,0.33243212331162864,0.0,0.33243212331162864,0.0,-32.09381075286032,-32.09381075286032,0.0,-32.09381075286032,0.0,-78.7697405602636,-78.7697405602636,0.0,-78.7697405602636,0.0,339.5309462356984,339.5309462356984,0.0,339.5309462356984,0.0,sideways
35095,2023-11-22 22:00:00,0.9484844603024107,0.23620954887256276,-0.712274911429848,0.8512112538507702,-0.0972732064516405,56.270966914633405,1.303514885797119,-54.967452028836284,40.90597016758824,-15.364996747045168,-41.521706783728206,-32.94995295217063,8.57175383155758,-46.01630807575262,-4.494601292024413,781.3548345731671,506.5175744289856,-274.83726014418147,704.5298508379411,-76.82498373522594,sideways
27852,2023-01-25 02:00:00,-1.0870481952023856,-0.8383960904701102,0.2486521047322754,-1.3370230277000843,-0.2499748324976987,-70.59163545834495,-29.691329765608778,40.900305692736175,-61.20819467865813,9.383440779686822,-71.77976097175905,-30.881621874860176,40.89813909689887,-68.19654613768866,3.5832148340703895,147.04182270827528,351.54335117195615,204.50152846368087,193.95902660670933,46.91720389843405,sideways
629,2019-12-16 12:00:00,0.26016408943393543,0.26016408943393543,0.0,0.26016408943393543,0.0,-21.0049826750206,-21.0049826750206,0.0,-21.0049826750206,0.0,-58.419811399615384,-58.419811399615384,0.0,-58.419811399615384,0.0,394.975086624897,394.975086624897,0.0,394.975086624897,0.0,crash
4894,2020-06-11 14:00:00,1.2402256760037773,1.2402256760037773,0.0,1.2402256760037773,0.0,95.84166510833228,95.84166510833228,0.0,95.84166510833228,0.0,-80.92860580676054,-80.92860580676054,0.0,-80.92860580676054,0.0,979.2083255416613,979.2083255416613,0.0,979.2083255416613,0.0,sideways
23239,2022-07-16 21:00:00,1.0125036516682073,1.7044694161240777,0.6919657644558703,1.103689179721702,0.09118552805349478,67.31184759234023,128.72827514454613,61.4164275522059,69.1040318300671,1.7921842377268717,-62.604788848313135,-31.792799253882166,30.81198959443097,-54.84770234835772,7.757086499955413,836.5592379617012,1143.6413757227306,307.08213776102934,845.5201591503355,8.960921188634302,sideways
36961,2024-02-08 16:00:00,0.22615710850994555,-0.5073980065690487,-0.7335551150789942,-0.19234066789051707,-0.4184977764004626,-15.918615863877505,-25.923773092238132,-10.005157228360627,-29.968145018241888,-14.049529154364382,-59.59571042239376,-43.9292548566631,15.666455565730658,-58.562995785598694,1.0327146367950633,420.4069206806125,370.3811345388093,-50.02578614180317,350.15927490879056,-70.24764577182191,sideways
42220,2024-09-14 19:00:00,0.35251154457863954,-0.7206352756959401,-1.0731468202745797,-0.7202347559874824,-1.072746300566122,-5.31607154851751,-33.89987819992584,-28.583806651408327,-48.34867640434549,-43.032604855827984,-66.79680502741829,-54.165764361018155,12.631040666400132,-69.57035591127658,-2.7735508838582916,473.4196422574125,330.5006090003708,-142.9190332570417,258.2566179782725,-215.16302427913996,sideways
22061,2022-05-28 19:00:00,1.5455060912509826,2.3324529728015673,0.7869468815505847,1.945822604175991,0.40031651292500836,185.58515845547782,247.50252521799166,61.917366762513836,207.70218459663076,22.117026141152934,-61.02859814985146,-31.04131195572434,29.987286194127122,-50.30610060039111,10.72249754946035,1427.925792277389,1737.5126260899583,309.58683381256924,1538.5109229831537,110.58513070576464,crash
15108,2021-08-11 20:00:00,1.342861917825505,2.14129413337379,0.798432215548285,1.8615151880759075,0.5186532702504025,135.19023502186772,288.7783712876219,153.58813626575417,234.60926311567417,99.41902809380645,-67.86283304393525,-47.715562889286744,20.14727015464851,-59.295522569020044,8.56731047491521,1175.9511751093385,1943.8918564381092,767.9406813287708,1673.0463155783707,497.09514046903223,sideways
49531,2025-07-16 10:00:00,1.054920625698297,-0.08321735588833033,-1.1381379815866273,0.16354652082970586,-0.8913741048685911,59.48856493007184,-7.224585984503329,-66.71315091457517,-4.326445461693352,-63.81501039176519,-40.5983835886004,-31.28338096968095,9.315002618919447,-36.492807360222265,4.105576228378133,797.4428246503592,463.8770700774834,-333.5657545728758,478.3677726915332,-319.07505195882595,sideways
23455,2022-07-25 21:00:00,1.0150475506016083,1.675048406222239,0.6600008556206307,0.946593558775058,-0.06845399182655032,67.74381917678076,124.0916840799283,56.34786490314754,51.5173427462059,-16.226476430574863,-62.604788848313085,-31.79279925388211,30.811989594430976,-55.021829167212765,7.58295968110032,838.7190958839038,1120.4584203996415,281.7393245157376,757.5867137310295,-81.13238215287436,sideways
16132,2021-09-23 16:00:00,0.7822957599830798,1.3175235188759349,0.5352277588928551,1.040195996747285,0.25790023676420515,35.09490211329289,79.13769745110055,44.04279533780766,59.200417823589355,24.105515710296466,-54.377549276987125,-39.471578606071034,14.90597067091609,-41.757860319649545,12.61968895733758,675.4745105664645,895.6884872555028,220.2139766890383,796.0020891179468,120.52757855148229,crash
22625,2022-06-21 07:00:00,1.0172696872258777,1.7451634441372008,0.7278937569113231,1.2238964772581182,0.2066267900322405,67.91212897091134,134.10271074108496,66.19058177017362,82.67665050253645,14.764521531625107,-62.58009353127871,-31.7927992538819,30.787294277396814,-50.30610060039101,12.273992930887701,839.5606448545567,1170.5135537054248,330.9529088508681,913.3832525126822,73.82260765812555,crash
618,2019-12-16 01:00:00,0.333978895166899,0.333978895166899,0.0,0.333978895166899,0.0,-14.910407446676743,-14.910407446676743,0.0,-14.910407446676743,0.0,-58.419811399615426,-58.419811399615426,0.0,-58.419811399615426,0.0,425.4479627666163,425.4479627666163,0.0,425.4479627666163,0.0,crash
15444,2021-08-26 00:00:00,1.3404185993231026,2.1764536226511915,0.8360350233280889,1.8248388958736075,0.4844202965505049,128.80689227181225,244.9737131595621,116.16682088774985,195.33384991126485,66.5269576394526,-67.86283304393524,-47.71556288928673,20.14727015464851,-59.295522569020086,8.567310474915153,1144.0344613590612,1724.8685657978106,580.8341044387494,1476.6692495563243,332.6347881972631,sideways
26371,2022-11-24 09:00:00,-0.19406719378544549,0.7406371503086387,0.9347043440940842,-0.346670660380342,-0.15260346659489651,-38.999504695992414,25.741496033160892,64.74100072915331,-33.73701340307446,5.262491292917957,-72.79093982463492,-35.46559702796148,37.32534279667344,-71.10737553339888,1.6835642912360385,305.00247652003793,628.7074801658044,323.7050036457665,331.3149329846277,26.312456464589786,crash
46980,2025-04-01 03:00:00,0.9996477273245793,-0.02825997628559931,-1.0279077036101787,0.22904418549272695,-0.7706035418318523,55.808969957661894,-7.013844681192694,-62.82281463885459,-2.284002422335618,-58.09297237999751,-42.997518824690914,-31.929175682516597,11.068343142174317,-44.08168897223379,-1.0841701475428778,779.0448497883094,464.93077659403656,-314.11407319427286,488.5799878883219,-290.4648618999875,sideways
37761,2024-03-13 00:00:00,-0.1583735826529216,-0.8766723152290692,-0.7182987325761476,-0.7514173051157238,-0.5930437224628022,-39.3014374514987,-37.36054702805427,1.9408904234444293,-48.00691214095916,-8.705474689460459,-64.88646065282589,-43.41712157937171,21.46933907345418,-54.89660517529269,9.989855477533197,303.4928127425065,313.19726485972865,9.70445211722216,259.9654392952042,-43.527373447302296,sideways
39964,2024-06-12 19:00:00,-0.46859957801969715,-1.0126264640339917,-0.5440268860142945,-1.2640996013982462,-0.795500023378549,-50.31144118736339,-40.238167764287546,10.073273423075847,-60.51780973609233,-10.206368548728939,-66.79680502741823,-54.07170347188539,12.725101555532838,-69.24951779831291,-2.452712770894678,248.44279406318307,298.80916117856225,50.36636711537918,197.41095131953836,-51.03184274364472,sideways
27872,2023-01-25 22:00:00,-1.0672175626903122,-0.8243712292121558,0.24284633347815643,-1.309244974687334,-0.24202741199702182,-70.1053374105878,-29.34570240056503,40.75963501002276,-60.56673162925838,9.538605781329416,-69.71056370254529,-29.424652896417502,40.28591080612779,-65.86461621258744,3.845947489957851,149.473312947061,353.27148799717486,203.79817505011385,197.16634185370813,47.69302890664713,sideways
5656,2020-07-13 11:00:00,1.2433108934867039,1.2433108934867039,0.0,1.2433108934867039,0.0,94.39327424865596,94.39327424865596,0.0,94.39327424865596,0.0,-80.92860580676054,-80.92860580676054,0.0,-80.92860580676054,0.0,971.9663712432798,971.9663712432798,0.0,971.9663712432798,0.0,sideways
19996,2022-03-03 18:00:00,1.7242416828039637,2.6979903813637027,0.973748698559739,2.313346680695393,0.5891049978914293,246.47796470259445,358.01941143703067,111.54144673443622,296.26721138093205,49.789246678337605,-48.518992963761,-26.082010691436665,22.436982272324336,-45.87988864742726,2.639104316333743,1732.3898235129723,2290.0970571851535,557.7072336721812,1981.3360569046604,248.9462333916881,sideways
51000,2025-09-15 15:00:00,0.6486613776751418,-0.29116576398534,-0.9398271416604818,-0.02862261555285186,-0.6772839932279936,23.39354066677486,-11.244100264889356,-34.637640931664215,-11.715679923088517,-35.10922058986338,-45.04371157010956,-35.72666337916741,9.317048190942145,-45.95404219124285,-0.9103306211332907,616.9677033338743,443.7794986755532,-173.18820465832107,441.4216003845574,-175.5461029493169,sideways
2259,2020-02-22 16:00:00,0.7448620006543472,0.7448620006543472,0.0,0.7448620006543472,0.0,11.218432368615261,11.218432368615261,0.0,11.218432368615261,0.0,-80.92860580676054,-80.92860580676054,0.0,-80.92860580676054,0.0,556.0921618430763,556.0921618430763,0.0,556.0921618430763,0.0,sideways
44972,2025-01-07 11:00:00,0.8310637843825875,-0.014256254960900338,-0.8453200393434879,-0.197811993158206,-1.0288757775407935,41.32285553417987,-7.82761736333899,-49.15047289751886,-24.19573809829355,-65.51859363247343,-55.63704417795058,-35.76830792188447,19.868736256066107,-57.86277704622789,-2.225732868277312,706.6142776708994,460.86191318330503,-245.75236448759432,379.0213095085322,-327.59296816236713,sideways
35013,2023-11-19 12:00:00,0.9303600101345377,0.20925614095773534,-0.7211038691768024,0.7616702550896969,-0.16868975504484085,53.852843258697526,0.31397519505840243,-53.53886806363912,32.730092893480304,-21.12275036521722,-41.52170678372825,-32.94995295217087,8.57175383155738,-46.01630807575275,-4.494601292024498,769.2642162934876,501.569875975292,-267.6943403181956,663.6504644674015,-105.61375182608606,sideways
14522,2021-07-18 10:00:00,1.6296259473961252,2.390737301765835,0.7611113543697099,2.1274859191869835,0.4978599717908583,220.02174468403268,420.52631506849457,200.50457038446189,344.23361192259233,124.21186723855965,-67.86283304393518,-47.715562889286836,20.147270154648346,-59.295522569020335,8.567310474914848,1600.1087234201634,2602.631575342473,1002.5228519223094,2221.1680596129618,621.0593361927984,crash
39795,2024-06-05 18:00:00,-0.6208909046245386,-1.1295885446426135,-0.5086976400180749,-1.3935332015345439,-0.7726422969100053,-55.74416631542283,-42.71282194441738,13.031344371005453,-63.17958658997276,-7.4354202745499265,-66.25778228457129,-53.69325862721344,12.564523657357853,-69.24951779831285,-2.9917355137415598,221.27916842288587,286.43589027791313,65.15672185502726,184.1020670501362,-37.17710137274966,sideways
42808,2024-10-09 07:00:00,0.5894468313428552,-0.6592569052715784,-1.2487037366144338,-0.40923876302675355,-0.9986855943696088,15.633122607504868,-31.91261953840032,-47.54574214590519,-36.730145161640515,-52.36326776914538,-66.79680502741823,-54.16576436101821,12.631040666400018,-69.57035591127656,-2.7735508838583343,578.1656130375244,340.43690230799837,-237.72871072952603,316.3492741917974,-261.816338845727,sideways
2210,2020-02-20 15:00:00,0.8098083283606436,0.8098083283606436,0.0,0.8098083283606436,0.0,21.638882665662408,21.638882665662408,0.0,21.638882665662408,0.0,-80.92860580676054,-80.92860580676054,0.0,-80.92860580676054,0.0,608.1944133283121,608.1944133283121,0.0,608.1944133283121,0.0,sideways
5443,2020-07-04 14:00:00,1.3718599258966926,1.3718599258966926,0.0,1.3718599258966926,0.0,142.47941204946494,142.47941204946494,0.0,142.47941204946494,0.0,-80.92860580676053,-80.92860580676053,0.0,-80.92860580676053,0.0,1212.3970602473246,1212.3970602473246,0.0,1212.3970602473246,0.0,sideways
34054,2023-10-10 13:00:00,0.342252116926113,-0.29566997539380585,-0.6379220923199189,0.048377111785183134,-0.2938750051409299,-5.8783489918843745,-16.418648913687683,-10.540299921803308,-16.02473116783214,-10.146382175947766,-39.20325414025455,-32.949952952170925,6.253301188083626,-44.01181397345284,-4.808559833198288,470.6082550405781,417.9067554315616,-52.70149960901654,419.8763441608393,-50.73191087973879,sideways
51106,2025-09-20 01:00:00,0.9034581314368287,0.07206303387251488,-0.8313950975643138,0.29156514835914465,-0.611892983077684,43.999753096413194,-1.9729607624366485,-45.97271385884984,2.5893692705643234,-41.41038382584887,-45.0437115701098,-35.726663379167626,9.317048190942174,-45.954042191243005,-0.9103306211332054,719.998765482066,490.13519618781675,-229.86356929424926,512.9468463528216,-207.05191912924442,sideways
1225,2020-01-10 08:00:00,1.3949404128968823,1.3949404128968823,0.0,1.3949404128968823,0.0,159.1468005575507,159.1468005575507,0.0,159.1468005575507,0.0,-58.419811399615405,-58.419811399615405,0.0,-58.419811399615405,0.0,1295.7340027877535,1295.7340027877535,0.0,1295.7340027877535,0.0,sideways
34051,2023-10-10 10:00:00,0.3646243263070143,-0.2806197129639414,-0.6452440392709557,0.07761803192284816,-0.28700629438416614,-4.112784463617059,-15.950246424608094,-11.837461960991035,-14.449495774978594,-10.336711311361535,-39.20325414025441,-32.94995295217043,6.253301188083981,-44.01181397345278,-4.808559833198373,479.4360776819147,420.2487678769595,-59.18730980495519,427.752521125107,-51.68355655680767,sideways
6983,2020-09-06 18:00:00,1.6516370005145498,1.6516370005145498,0.0,1.6516370005145498,0.0,291.9225329968391,291.9225329968391,0.0,291.9225329968391,0.0,-80.92860580676054,-80.92860580676054,0.0,-80.92860580676054,0.0,1959.6126649841954,1959.6126649841954,0.0,1959.6126649841954,0.0,crash
33255,2023-09-07 06:00:00,0.40971150389040667,-0.20938941252038606,-0.6191009164107928,0.1485304634600634,-0.2611810404303433,-0.42071370968955746,-13.590074358596471,-13.169360648906913,-10.275812956110219,-9.85509924642066,-39.203254140254465,-32.268180481302586,6.935073658951879,-43.05331920044938,-3.8500650601949147,497.8964314515522,432.04962820701763,-65.84680324453456,448.6209352194489,-49.27549623210331,sideways
31883,2023-07-12 02:00:00,0.4546044807227062,-0.22756068700929527,-0.6821651677320015,-0.10159416720166592,-0.5561986479243721,2.425729385333275,-14.17957056927609,-16.605299954609364,-23.226715665707964,-25.65244505104124,-54.45850514992658,-30.101025319878982,24.3574798300476,-47.15918475912908,7.299320390797497,512.1286469266664,429.10214715361957,-83.02649977304685,383.86642167146016,-128.26222525520626,sideways
4626,2020-05-31 10:00:00,1.171827989955143,1.171827989955143,0.0,1.171827989955143,0.0,77.42559894329642,77.42559894329642,0.0,77.42559894329642,0.0,-80.92860580676053,-80.92860580676053,0.0,-80.92860580676053,0.0,887.127994716482,887.127994716482,0.0,887.127994716482,0.0,sideways
34820,2023-11-11 11:00:00,0.64800774786509,0.08425608899724463,-0.5637516588678453,0.43911836289102035,-0.20888938497406961,20.963920380974944,-4.386741941615657,-25.3506623225906,7.151648740054384,-13.81227164092056,-41.52170678372803,-32.94995295217051,8.571753831557515,-46.01630807575231,-4.494601292024285,604.8196019048747,478.0662902919217,-126.75331161295304,535.7582437002719,-69.06135820460281,sideways
45885,2025-02-14 12:00:00,1.4831420292127202,0.08094637757804045,-1.4021956516346799,0.16000812244801663,-1.3231339067647037,122.03974853938333,-3.8032689730820857,-125.84301751246541,-5.659176672680277,-127.6989252120636,-42.99751882469104,-31.929175682516654,11.068343142174388,-44.08168897223379,-1.0841701475427499,1110.1987426969167,480.9836551345896,-629.2150875623272,471.7041166365986,-638.4946260603181,sideways
44166,2024-12-04 21:00:00,0.5466292133559097,-0.6331107214130686,-1.1797399347689783,-0.6001478943459027,-1.1467771077018125,13.043182220610827,-28.144623559946314,-41.18780578055714,-40.03567808834103,-53.07886030895186,-55.63704417795046,-44.42184766331929,11.215196514631167,-61.23950911323304,-5.602464935282583,565.2159111030542,359.27688220026846,-205.9390289027857,299.8216095582948,-265.39430154475934,sideways
1483,2020-01-21 02:00:00,0.5942502899270161,0.5942502899270161,0.0,0.5942502899270161,0.0,-3.385722133269997,-3.385722133269997,0.0,-3.385722133269997,0.0,-71.09271405768772,-71.09271405768772,0.0,-71.09271405768772,0.0,483.07138933365,483.07138933365,0.0,483.07138933365,0.0,sideways
12579,2021-04-28 11:00:00,0.9458344651089765,1.3514569918812733,0.4056225267722968,1.2269550108617424,0.2811205457527659,49.84184393203704,143.5322685017024,93.69042456966535,112.27585387731432,62.43400994527728,-67.86283304393523,-47.71556288928688,20.147270154648346,-59.295522569020356,8.56731047491487,749.2092196601851,1217.6613425085118,468.45212284832667,1061.3792693865717,312.17004972638654,crash
12318,2021-04-17 09:00:00,0.8489918381996912,1.1759541335735135,0.3269622953738224,1.0549097067032804,0.20591786850358929,28.44250040410825,99.7929960189941,71.35049561488586,71.69025455915883,43.24775415505058,-67.86283304393521,-55.678622306736045,12.184210737199166,-59.2955225690204,8.567310474914812,642.2125020205413,998.9649800949704,356.7524780744292,858.4512727957941,216.23877077525287,sideways
23186,2022-07-14 16:00:00,0.9795124506545795,1.6989825144731194,0.71947006381854,1.083046656447273,0.10353420579269346,61.8363489134379,128.02336498258154,66.18701606914364,66.65274631032693,4.81639739688903,-62.604788848313156,-31.79279925388182,30.811989594431335,-54.84770234835773,7.757086499955427,809.1817445671895,1140.1168249129078,330.93508034571823,833.2637315516347,24.081986984445166,sideways
7315,2020-09-20 14:00:00,1.7442628602405876,1.7442628602405876,0.0,1.7442628602405876,0.0,360.3712215138917,360.3712215138917,0.0,360.3712215138917,0.0,-80.92860580676053,-80.92860580676053,0.0,-80.92860580676053,0.0,2301.856107569459,2301.856107569459,0.0,2301.856107569459,0.0,sideways
43701,2024-11-15 12:00:00,0.1050194325899719,-1.0850713459089019,-1.1900907784988737,-1.0383369321155382,-1.14335636470551,-21.026110646634656,-40.76935088036454,-19.743240233729885,-54.683776927887315,-33.65766628125266,-64.57912978307967,-52.895312227199774,11.683817555879891,-69.57035591127647,-4.9912261281968,394.86944676682674,296.1532455981773,-98.71620116864943,226.58111536056342,-168.28833140626332,sideways
39733,2024-06-03 04:00:00,-0.5079534613343564,-1.0467049192152427,-0.5387514578808863,-1.2547912255803637,-0.7468377642460073,-51.54068496955377,-40.56260724999583,10.978077719557945,-60.009945749198344,-8.469260779644571,-65.01981025989653,-52.12257781012695,12.897232449769582,-69.24951779831292,-4.229707538416392,242.29657515223113,297.1869637500208,54.890388597789695,199.95027125400827,-42.34630389822286,sideways
41348,2024-08-09 11:00:00,-0.0343474383292657,-0.7409316758390057,-0.70658423750974,-0.9193773830227476,-0.885029944693482,-30.488647724436156,-32.958002196014405,-2.4693544715782494,-52.705172133117706,-22.21652440868155,-66.79680502741827,-54.16576436101819,12.631040666400082,-69.5703559112765,-2.7735508838582206,347.5567613778192,335.209989019928,-12.346772357891211,236.47413933441146,-111.08262204340775,sideways
10138,2021-01-16 11:00:00,1.2094555904837965,1.5124155066009342,0.3029599161171377,1.343518638893878,0.13406304841008154,98.22138235624706,215.02412288149054,116.80274052524348,144.9994638306531,46.77808147440604,-59.73200486798519,-56.49096494269117,3.241039925294018,-56.49096494269117,3.241039925294018,991.1069117812353,1575.1206144074529,584.0137026262175,1224.9973191532654,233.89040737203004,sideways
745,2019-12-21 08:00:00,0.5881865078774311,0.5881865078774311,0.0,0.5881865078774311,0.0,8.732429500496352,8.732429500496352,0.0,8.732429500496352,0.0,-58.41981139961544,-58.41981139961544,0.0,-58.41981139961544,0.0,543.6621475024817,543.6621475024817,0.0,543.6621475024817,0.0,sideways
46580,2025-03-15 11:00:00,1.2892968052108524,0.12440083165876521,-1.1648959735520872,0.2795403968510283,-1.009756408359824,88.31963837133519,-1.87429469196424,-90.19393306329943,0.7778159524729933,-87.5418224188622,-42.99751882469095,-31.929175682516586,11.068343142174363,-44.08168897223379,-1.0841701475428422,941.598191856676,490.6285265401788,-450.9696653164971,503.889079762365,-437.70911209431097,crash
14778,2021-07-29 02:00:00,1.595548365314154,2.3927429555284427,0.7971945902142887,2.1624992730942925,0.5669509077801385,208.15071697618131,402.4050547708419,194.2543377946606,348.16991814437495,140.01920116819363,-67.86283304393524,-47.71556288928684,20.147270154648396,-59.295522569020335,8.567310474914905,1540.7535848809066,2512.0252738542094,971.2716889733028,2240.849590721875,700.0960058409682,strong_trend
33569,2023-09-20 08:00:00,0.47455615409282437,-0.2604039784492808,-0.7349601325421051,0.20861566678977164,-0.26594048730305275,4.977055123620566,-15.257779692836248,-20.234834816456814,-6.888107537471311,-11.865162661091876,-39.20325414025449,-32.949952952170804,6.253301188083682,-44.01181397345304,-4.808559833198551,524.8852756181028,423.7111015358188,-101.17417408228403,465.55946231264346,-59.32581330545935,sideways
46519,2025-03-12 22:00:00,1.209098885693794,0.07838920192814343,-1.1307096837656507,0.17750872639573198,-1.031590159298062,78.48403136955883,-3.460395602584654,-81.94442697214349,-4.485634003029615,-82.96966537258845,-42.99751882469107,-31.929175682516586,11.068343142174484,-44.081688972233714,-1.0841701475426433,892.4201568477941,482.69802198707674,-409.7221348607174,477.57182998485195,-414.8483268629422,crash
1849,2020-02-05 08:00:00,0.5602957343982864,0.5602957343982864,0.0,0.5602957343982864,0.0,-10.744339956435967,-10.744339956435967,0.0,-10.744339956435967,0.0,-80.92860580676054,-80.92860580676054,0.0,-80.92860580676054,0.0,446.2783002178202,446.2783002178202,0.0,446.2783002178202,0.0,sideways
279,2019-12-01 22:00:00,0.4456190890341704,0.4456190890341704,0.0,0.4456190890341704,0.0,-3.5396186119317274,-3.5396186119317274,0.0,-3.5396186119317274,0.0,-58.419811399615384,-58.419811399615384,0.0,-58.419811399615384,0.0,482.3019069403414,482.3019069403414,0.0,482.3019069403414,0.0,sideways
277,2019-12-01 20:00:00,0.41319115264285045,0.41319115264285045,0.0,0.41319115264285045,0.0,-6.492008813288985,-6.492008813288985,0.0,-6.492008813288985,0.0,-58.41981139961536,-58.41981139961536,0.0,-58.41981139961536,0.0,467.53995593355506,467.53995593355506,0.0,467.53995593355506,0.0,sideways
7996,2020-10-18 23:00:00,1.6869325498697725,1.7884507298752148,0.10151818000544233,1.7279758794177094,0.04104332954793688,316.67370146563417,397.0826836358733,80.40898217023914,347.5511417746465,30.877440309012343,-80.92860580676054,-80.92860580676054,0.0,-80.92860580676054,0.0,2083.368507328171,2485.4134181793665,402.0449108511957,2237.7557088732324,154.38720154506154,sideways
2642,2020-03-09 16:00:00,1.1210528547151215,1.1210528547151215,0.0,1.1210528547151215,0.0,80.24766359442191,80.24766359442191,0.0,80.24766359442191,0.0,-80.92860580676054,-80.92860580676054,0.0,-80.92860580676054,0.0,901.2383179721095,901.2383179721095,0.0,901.2383179721095,0.0,crash
41943,2024-09-03 06:00:00,0.2443042897984597,-0.82747549409136,-1.0717797838898198,-0.7979292393365428,-1.0422335291350024,-13.447022434239376,-36.9385514255363,-23.491528991296928,-50.50272151304838,-37.055699078809,-66.79680502741807,-54.165764361018354,12.63104066639972,-69.57035591127642,-2.7735508838583485,432.7648878288031,315.3072428723185,-117.45764495648461,247.48639243475816,-185.27849539404497,sideways
30994,2023-06-05 01:00:00,0.2635765343232911,-0.2903157142502296,-0.5538922485735207,-0.36791044108802795,-0.631486975411319,-14.266827676658266,-16.47687374165865,-2.210046065000384,-35.82132349375667,-21.554495817098406,-60.007749658703126,-30.10102531987885,29.906724338824276,-57.17723085212778,2.8305188065753484,428.66586161670864,417.61563129170673,-11.050230325001905,320.8933825312166,-107.77247908549202,sideways
50131,2025-08-10 10:00:00,0.3494783509596975,-0.5759705651382028,-0.9254489160979003,-0.3441691657037422,-0.6936475166634397,3.2501828415580247,-19.810513750941706,-23.06069659249973,-24.939554516841067,-28.189737358399093,-43.02604455068918,-34.45901475914637,8.567029791542808,-43.94608342811892,-0.9200388774297394,516.2509142077902,400.94743124529145,-115.30348296249872,375.3022274157947,-140.9486867919955,sideways
40997,2024-07-25 20:00:00,-0.24945843335476867,-0.8925809293440297,-0.643122495989261,-1.135192195261513,-0.8857337619067442,-41.23421217420212,-37.035819352942454,4.198392821259667,-58.046439693472486,-16.812227519270365,-66.79680502741806,-54.1657643610183,12.631040666399763,-69.57035591127642,-2.7735508838583627,293.82893912898936,314.82090323528774,20.991964106298383,209.76780153263758,-84.06113759635178,sideways
49268,2025-07-05 11:00:00,1.325364489189857,0.1356384380421876,-1.1897260511476695,0.45276686136124356,-0.8725976278286135,90.10222995431391,-0.6829375247038083,-90.78516747901772,10.697492050133794,-79.40473790418012,-40.59838358860004,-31.28338096968094,9.315002618919102,-35.845199308053125,4.753184280546918,950.5111497715695,496.58531237648094,-453.9258373950886,553.487460250669,-397.0236895209006,sideways
12202,2021-04-12 13:00:00,0.8727217500002391,1.1398678497992518,0.2671460997990127,1.0208818634866825,0.14816011348644342,32.093995682106716,91.0658640356941,58.97186835358739,64.19067478589359,32.096679103786876,-67.86283304393517,-55.67862230673606,12.184210737199109,-59.29552256902036,8.567310474914805,660.4699784105336,955.3293201784705,294.85934176793694,820.953373929468,160.48339551893434,sideways
14721,2021-07-26 17:00:00,1.3941448766281497,2.1156510208620074,0.7215061442338577,1.916846424238077,0.5227015476099273,149.8079262696684,303.82109804467365,154.01317177500525,263.9775377812763,114.16961151160788,-67.86283304393518,-47.71556288928676,20.147270154648425,-59.295522569020285,8.567310474914898,1249.039631348342,2019.1054902233682,770.0658588750262,1819.8876889063815,570.8480575580395,strong_trend
43448,2024-11-04 23:00:00,0.6608243354342963,-0.620244114169928,-1.2810684496042244,-0.5740998788255148,-1.2349242142598111,22.996226117820484,-29.497795540022764,-52.49402165784325,-41.33873513093038,-64.33496124875086,-66.79680502741823,-54.165764361018155,12.631040666400075,-69.57035591127652,-2.7735508838582916,614.9811305891025,352.5110222998862,-262.4701082892163,293.3063243453481,-321.67480624375435,sideways
12526,2021-04-26 06:00:00,0.9839075127673306,1.3915058974256305,0.4075983846582999,1.2665688206678385,0.2826613079005079,56.951792857854414,155.08779895567133,98.13600609781692,122.34827717141381,65.3964843135594,-67.86283304393518,-47.715562889286964,20.14727015464822,-59.29552256902046,8.56731047491472,784.7589642892721,1275.4389947783566,490.6800304890845,1111.741385857069,326.9824215677969,crash
2927,2020-03-21 13:00:00,0.8751607972813921,0.8751607972813921,0.0,0.8751607972813921,0.0,26.702891484715717,26.702891484715717,0.0,26.702891484715717,0.0,-80.92860580676056,-80.92860580676056,0.0,-80.92860580676056,0.0,633.5144574235786,633.5144574235786,0.0,633.5144574235786,0.0,crash
34227,2023-10-17 18:00:00,0.3681073970227231,-0.3875288899683173,-0.7556362869910405,0.07477067730451652,-0.2933367197182066,-4.2327972366778654,-20.090044470548797,-15.857247233870932,-15.16027625031342,-10.927479013635555,-41.521706783728476,-32.94995295217051,8.571753831557963,-46.01630807575246,-4.494601292023987,478.83601381661066,399.549777647256,-79.28623616935465,424.1986187484329,-54.63739506817774,sideways
40970,2024-07-24 17:00:00,-0.27803821243530163,-0.8836952093217433,-0.6056569968864416,-1.1629952326995596,-0.884957020264258,-42.509566413821254,-36.79278550429558,5.716780909525674,-58.66572263391776,-16.156156220096506,-66.79680502741817,-54.16576436101821,12.631040666399961,-69.5703559112765,-2.77355088385832,287.4521679308937,316.0360724785221,28.58390454762838,206.6713868304112,-80.78078110048253,sideways
49525,2025-07-16 04:00:00,1.119733114018177,-0.028784980947234067,-1.148518094965411,0.2774906132211943,-0.8422425007969827,66.12168288369426,-5.616407022917114,-71.73808990661138,1.3566355183262102,-64.76504736536805,-40.598383588600264,-31.283380969681083,9.31500261891918,-36.49280736022257,4.105576228377693,830.6084144184713,471.91796488541445,-358.69044953305684,506.78317759163104,-323.82523682684024,sideways
47458,2025-04-21 01:00:00,0.7860862785212023,-0.34120194215195615,-1.1272882206731585,-0.032179668443665044,-0.8182659469648673,35.28188746417988,-16.310916231418872,-51.592803695598754,-15.214508463630349,-50.49639592781023,-38.956103071578156,-28.54408896421741,10.412014107360747,-40.66154144960523,-1.7054383780270754,676.4094373208994,418.44541884290567,-257.96401847799376,423.92745768184824,-252.4819796390512,sideways
6150,2020-08-03 01:00:00,0.9504334311320111,0.9504334311320111,0.0,0.9504334311320111,0.0,18.34036804096215,18.34036804096215,0.0,18.34036804096215,0.0,-80.92860580676054,-80.92860580676054,0.0,-80.92860580676054,0.0,591.7018402048108,591.7018402048108,0.0,591.7018402048108,0.0,sideways
39494,2024-05-24 05:00:00,-0.4494421403337925,-0.9987233056668473,-0.5492811653330548,-1.2446239662975744,-0.795181825963782,-49.155977013169036,-39.29607379468975,9.859903218479289,-59.7460529809255,-10.590075967756462,-64.88646065282595,-51.4647973089061,13.421663343919846,-68.10150706122344,-3.215046408397498,254.2201149341548,303.5196310265513,49.29951609239649,201.26973509537248,-52.95037983878231,sideways
43281,2024-10-29 00:00:00,0.5686828103935881,-0.6800764494324912,-1.2487592598260795,-0.5682328264594564,-1.1369156368530446,14.041186501022906,-31.248815656510587,-45.29000215753349,-41.32001821282475,-55.361204713847656,-66.79680502741805,-54.16576436101826,12.631040666399784,-69.57035591127648,-2.7735508838584337,570.2059325051146,343.75592171744705,-226.4500107876675,293.3999089358762,-276.80602356923833,sideways
35710,2023-12-18 13:00:00,0.3594734044676493,-0.8737256252459621,-1.2331990297136115,0.11090694400863274,-0.24856646045901656,-5.4503607132490135,-36.641444446130265,-31.191083732881253,-14.257804154153886,-8.807443440904873,-49.20630116704171,-42.8752752120257,6.33102595501601,-50.19260267243422,-0.986301505392511,472.7481964337549,316.7927777693487,-155.95541866440624,428.7109792292306,-44.037217204524325,sideways
41934,2024-09-02 21:00:00,0.24989688512489308,-0.8217908515101542,-1.0716877366350472,-0.7906880167518595,-1.0405849018767526,-13.035902275738154,-36.77861329590083,-23.74271102016268,-50.26761314879309,-37.231710873054936,-66.79680502741819,-54.16576436101816,12.631040666400025,-69.57035591127652,-2.7735508838583343,434.8204886213092,316.10693352049583,-118.71355510081338,248.66193425603458,-186.15855436527463,sideways
42864,2024-10-11 15:00:00,0.6943962710336818,-0.5976954950272307,-1.2920917660609126,-0.33824792170044776,-1.0326441927341297,26.210355627107518,-30.077634790964215,-56.28799041807173,-33.854916146332684,-60.0652717734402,-66.79680502741824,-54.165764361018155,12.63104066640009,-69.57035591127652,-2.7735508838582774,631.0517781355376,349.61182604517893,-281.43995209035864,330.7254192683366,-300.32635886720095,sideways
22841,2022-06-30 07:00:00,1.0594864034128713,1.7394479061969645,0.6799615027840933,1.2712477848571793,0.211761381444308,75.00484222189164,132.21478110341258,57.20993888152094,88.45626245980935,13.451420237917716,-62.5800935312787,-31.79279925388194,30.787294277396757,-50.30610060039105,12.273992930887651,875.0242111094582,1161.073905517063,286.04969440760476,942.2813122990468,67.25710118958864,crash
2053,2020-02-13 21:00:00,0.5510863369639264,0.5510863369639264,0.0,0.5510863369639264,0.0,-13.09742580084652,-13.09742580084652,0.0,-13.09742580084652,0.0,-80.92860580676056,-80.92860580676056,0.0,-80.92860580676056,0.0,434.5128709957674,434.5128709957674,0.0,434.5128709957674,0.0,sideways
23335,2022-07-20 21:00:00,0.8912777432034292,1.645209926636347,0.7539321834329177,0.9365922922348144,0.04531454903138521,48.02250683412019,120.65653830387899,72.6340314697588,50.734529880471335,2.712023046351142,-62.6047888483131,-31.79279925388213,30.81198959443097,-54.907316891123806,7.697471957189293,740.112534170601,1103.282691519395,363.1701573487941,753.6726494023567,13.56011523175573,strong_trend
10321,2021-01-24 02:00:00,1.5438881905135209,1.8332538872275064,0.2893656967139855,1.6568117734366856,0.11292358292316473,230.50519710812526,399.674670788436,169.16947368031074,288.6052449354136,58.100047827288364,-59.73200486798505,-55.67862230673612,4.053382561248924,-55.67862230673612,4.053382561248924,1652.5259855406262,2498.37335394218,845.8473684015539,1943.026224677068,290.5002391364419,crash
5817,2020-07-20 04:00:00,1.3331213616200022,1.3331213616200022,0.0,1.3331213616200022,0.0,126.49692304764004,126.49692304764004,0.0,126.49692304764004,0.0,-80.92860580676054,-80.92860580676054,0.0,-80.92860580676054,0.0,1132.4846152382001,1132.4846152382001,0.0,1132.4846152382001,0.0,sideways
6390,2020-08-13 01:00:00,0.9725344768843165,0.9725344768843165,0.0,0.9725344768843165,0.0,22.172718345573685,22.172718345573685,0.0,22.172718345573685,0.0,-80.92860580676054,-80.92860580676054,0.0,-80.92860580676054,0.0,610.8635917278684,610.8635917278684,0.0,610.8635917278684,0.0,sideways
35672,2023-12-16 23:00:00,0.5145674708826323,-0.6571413063428428,-1.1717087772254753,0.2604447670394101,-0.2541227038432222,7.974904069331812,-30.489450910959448,-38.46435498029126,-5.11780901932557,-13.092713088657382,-43.821628229029564,-38.37014040903127,5.451487819998292,-46.61978616679422,-2.798157937764657,539.8745203466591,347.55274544520273,-192.32177490145637,474.41095490337216,-65.46356544328694,sideways
25807,2022-10-31 21:00:00,0.28164055357949463,1.495618040596013,1.2139774870165185,0.42374194601352044,0.1421013924340258,-18.5326828645757,99.5922326818118,118.1249155463875,6.099909319260033,24.632592183835733,-71.42744665120577,-35.46559702796153,35.96184962324424,-66.42510328507126,5.002343366134511,407.3365856771215,997.9611634090589,590.6245777319375,530.4995465963002,123.16296091917872,sideways
27613,2023-01-15 03:00:00,-1.1488847816830996,-0.6628624649511391,0.4860223167319605,-1.3698860722395036,-0.22100129055640405,-72.66958026505328,-26.31012347673256,46.35945678832073,-63.12378977809472,9.545790486958566,-75.73300014455164,-35.46559702796158,40.26740311659006,-72.84314185040974,2.889858294141902,136.65209867473357,368.4493826163372,231.7972839416036,184.38105110952642,47.72895243479286,strong_trend
38117,2024-03-27 20:00:00,-0.14460545029893646,-0.7554548734912927,-0.6108494231923562,-0.6176469319303416,-0.47304148163140514,-36.16619182066345,-31.718673758335314,4.447518062328136,-41.417283151316965,-5.251091330653516,-64.8864606528259,-43.417121579371795,21.46933907345411,-54.896605175292635,9.989855477533268,319.16904089668276,341.4066312083234,22.237590311640645,292.9135842434152,-26.255456653267572,sideways
28044,2023-02-02 02:00:00,-0.5593382676278608,-0.4365464594286952,0.12279180819916558,-0.8085690668578583,-0.24923079922999758,-54.77972021791659,-19.189270780721536,35.590449437195055,-46.307062224635764,8.472657993280826,-66.67902688901148,-27.441031403934545,39.23799548507694,-59.913271117461974,6.765755771549507,226.10139891041703,404.0536460963923,177.95224718597527,268.4646888768212,42.36328996640415,sideways
32226,2023-07-26 09:00:00,0.4520992473920148,-0.21337150065007887,-0.6654707480420936,0.050896279773332956,-0.40120296761868185,3.1670758251266085,-13.471490233068451,-16.63856605819506,-15.49790058010233,-18.664976405228938,-43.24471038305441,-30.101025319879014,13.143685063175397,-43.0533192004494,0.19139118260500965,515.835379125633,432.64254883465776,-83.19283029097528,422.51049709948836,-93.32488202614468,sideways
4400,2020-05-22 00:00:00,1.2185868170987273,1.2185868170987273,0.0,1.2185868170987273,0.0,94.6145658851237,94.6145658851237,0.0,94.6145658851237,0.0,-80.92860580676053,-80.92860580676053,0.0,-80.92860580676053,0.0,973.0728294256185,973.0728294256185,0.0,973.0728294256185,0.0,sideways
43537,2024-11-08 16:00:00,0.2929674682828607,-0.8638569311766356,-1.1568243994594964,-0.7504792060388953,-1.043446674321756,-8.782557824589743,-36.11973089973253,-27.337173075142786,-47.086913261930874,-38.30435543734113,-66.79680502741807,-54.16576436101823,12.63104066639984,-69.57035591127651,-2.7735508838584337,456.0872108770513,319.40134550133735,-136.68586537571395,264.5654336903456,-191.52177718670566,sideways
22956,2022-07-05 02:00:00,0.9783811750583473,1.6889897172627049,0.7106085422043575,1.1684260631852914,0.1900448881269441,61.583558103800314,126.239229999759,64.65567189595869,76.16150243421028,14.577944330409963,-62.58009353127878,-31.792799253881775,30.787294277397002,-50.30610060039105,12.27399293088773,807.9177905190016,1131.1961499987951,323.2783594797935,880.8075121710514,72.88972165204973,crash
7939,2020-10-16 14:00:00,1.6947644662572021,1.7726350054210036,0.07787053916380149,1.7290053746171046,0.034240908359902456,322.39763649415033,383.6312435636873,61.23360706953696,348.35626456653614,25.958628072385807,-80.92860580676054,-80.92860580676054,0.0,-80.92860580676054,0.0,2111.988182470752,2418.1562178184363,306.1680353476845,2241.7813228326804,129.79314036192864,sideways
41603,2024-08-20 02:00:00,0.2877543716982155,-0.5070543362566595,-0.794808707954875,-0.6177077963701637,-0.9054621680683792,-9.707517211720528,-26.549885462336974,-16.842368250616445,-43.621148042995074,-33.913630831274546,-66.79680502741807,-54.165764361018354,12.63104066639972,-69.57035591127642,-2.7735508838583485,451.46241394139736,367.2505726883151,-84.21184125308224,281.89425978502464,-169.5681541563727,sideways
37577,2024-03-05 08:00:00,-0.24895332121216535,-0.9084595106900051,-0.6595061894778398,-0.9924772163219734,-0.743523895109808,-44.41259764454316,-38.22444151685354,6.1881561276896235,-57.663241075882944,-13.250643431339782,-64.88646065282595,-43.41712157937181,21.469339073454137,-61.35688190028543,3.529578752540516,277.93701177728417,308.8777924157323,30.940780638448132,211.68379462058527,-66.2532171566989,strong_trend
2712,2020-03-12 14:00:00,1.0292461083394755,1.0292461083394755,0.0,1.0292461083394755,0.0,58.08862449498573,58.08862449498573,0.0,58.08862449498573,0.0,-80.92860580676054,-80.92860580676054,0.0,-80.92860580676054,0.0,790.4431224749286,790.4431224749286,0.0,790.4431224749286,0.0,crash
9874,2021-01-05 11:00:00,1.113090146770788,1.3779507449009252,0.26486059813013707,1.2271721922124952,0.11408204544170708,65.28017946271308,156.03226308991034,90.75208362719727,101.22650777025979,35.94632830754671,-80.92860580676054,-80.92860580676054,0.0,-80.92860580676054,0.0,826.4008973135653,1280.1613154495517,453.76041813598636,1006.1325388512989,179.7316415377336,sideways
805,2019-12-23 20:00:00,0.5550589699021654,0.5550589699021654,0.0,0.5550589699021654,0.0,4.958738267370166,4.958738267370166,0.0,4.958738267370166,0.0,-58.41981139961536,-58.41981139961536,0.0,-58.41981139961536,0.0,524.7936913368509,524.7936913368509,0.0,524.7936913368509,0.0,sideways
13849,2021-06-20 09:00:00,1.624072161192392,2.232800347845393,0.608728186653001,2.0731821801772012,0.4491100189848092,222.26243551409732,382.9746903501214,160.7122548360241,342.30777920724285,120.04534369314553,-67.86283304393508,-47.71556288928681,20.147270154648275,-59.295522569020164,8.567310474914919,1611.3121775704867,2414.8734517506073,803.5612741801206,2211.5388960362143,600.2267184657276,strong_trend
5114,2020-06-20 18:00:00,1.3866349773677038,1.3866349773677038,0.0,1.3866349773677038,0.0,149.98648069745556,149.98648069745556,0.0,149.98648069745556,0.0,-80.92860580676056,-80.92860580676056,0.0,-80.92860580676056,0.0,1249.932403487278,1249.932403487278,0.0,1249.932403487278,0.0,sideways
36313,2024-01-12 16:00:00,0.36727667443944684,-0.8050247500752294,-1.1723014245146763,-0.10060320535797708,-0.4678798797974239,-2.5329684412550235,-33.428074904290575,-30.895106463035553,-23.697167079215976,-21.164198637960954,-59.59571042239371,-43.92925485666299,15.666455565730715,-56.29566334797723,3.300047074416476,487.3351577937249,332.8596254785471,-154.47553231517776,381.5141646039201,-105.82099318980477,sideways
26729,2022-12-09 07:00:00,0.055791838072529486,1.2391372664233742,1.1833454283508447,0.01940887262563991,-0.03638296544688958,-25.52077109561346,56.36851267040175,81.88928376601521,-17.297797079581024,8.222974016032435,-74.43600390285545,-35.46559702796136,38.97040687489409,-72.84314185040976,1.5928620524456818,372.3961445219327,781.8425633520087,409.446418830076,413.51101460209486,41.11487008016218,sideways
50139,2025-08-10 18:00:00,0.3324571393808316,-0.5931853336331693,-0.9256424730140009,-0.3659159645265798,-0.6983731039074115,2.22939565016953,-20.181389592045416,-22.410785242214946,-25.681642707102824,-27.911038357272353,-43.0260445506892,-34.459014759146314,8.567029791542886,-43.94608342811884,-0.92003887742964,511.14697825084767,399.0930520397729,-112.05392621107478,371.5917864644859,-139.55519178636177,sideways
38334,2024-04-05 21:00:00,0.045889394623927104,-0.5129961633866086,-0.5588855580105356,-0.5621882825860651,-0.6080776772099923,-25.601491530064713,-25.640725099663896,-0.03923356959918323,-39.347086474273496,-13.745594944208783,-64.88646065282599,-43.417121579371674,21.469339073454314,-54.89660517529268,9.989855477533311,371.99254234967646,371.79637450168053,-0.19616784799592324,303.2645676286325,-68.72797472104395,sideways
31281,2023-06-17 00:00:00,0.2862834156853065,-0.20790508684051645,-0.49418850252582297,-0.20243618502666932,-0.48871960071197584,-12.086045370529474,-13.776530473337,-1.6904851028075267,-28.50467922314519,-16.418633852615713,-60.00774965870325,-30.10102531987895,29.906724338824297,-57.17723085212807,2.830518806575178,439.56977314735263,431.117347633315,-8.452425514037657,357.476603884274,-82.09316926307861,sideways
26052,2022-11-11 02:00:00,0.2758507992865668,1.0106325348656675,0.7347817355791006,0.06176411233690337,-0.21408668694966343,-12.446493067479935,42.728264635794176,55.17475770327411,-14.317891848462516,-1.871398780982581,-71.42744665120586,-35.465597027961195,35.96184962324466,-66.66543021530961,4.762016435896243,437.7675346626003,713.6413231789709,275.87378851637055,428.41054075768744,-9.356993904912883,crash
2787,2020-03-15 17:00:00,0.9879427503131748,0.9879427503131748,0.0,0.9879427503131748,0.0,48.96207378589461,48.96207378589461,0.0,48.96207378589461,0.0,-80.92860580676056,-80.92860580676056,0.0,-80.92860580676056,0.0,744.810368929473,744.810368929473,0.0,744.810368929473,0.0,crash
3590,2020-04-18 04:00:00,1.2980414560482025,1.2980414560482025,0.0,1.2980414560482025,0.0,129.05135201544203,129.05135201544203,0.0,129.05135201544203,0.0,-80.92860580676054,-80.92860580676054,0.0,-80.92860580676054,0.0,1145.2567600772102,1145.2567600772102,0.0,1145.2567600772102,0.0,sideways
31525,2023-06-27 04:00:00,-0.0006982032762821293,-0.5244746711649283,-0.5237764678886462,-0.5054157574192514,-0.5047175541429693,-31.262410139959297,-22.965007114514457,8.29740302544484,-40.79751954690566,-9.535109406946365,-60.00774965870318,-30.101025319879128,29.906724338824056,-56.70588034446355,3.3018693142396316,343.6879493002035,385.1749644274277,41.4870151272242,296.01240226547174,-47.67554703473178,sideways
224,2019-11-29 15:00:00,0.1350540132455457,0.1350540132455457,0.0,0.1350540132455457,0.0,-28.12283985844767,-28.12283985844767,0.0,-28.12283985844767,0.0,-58.419811399615426,-58.419811399615426,0.0,-58.419811399615426,0.0,359.38580070776163,359.38580070776163,0.0,359.38580070776163,0.0,strong_trend
2166,2020-02-18 14:00:00,0.47092263265687284,0.47092263265687284,0.0,0.47092263265687284,0.0,-21.945870111237276,-21.945870111237276,0.0,-21.945870111237276,0.0,-80.92860580676054,-80.92860580676054,0.0,-80.92860580676054,0.0,390.2706494438136,390.2706494438136,0.0,390.2706494438136,0.0,sideways
11209,2021-03-02 03:00:00,0.9503490382240014,1.2232645447882076,0.27291550656420616,1.036428046229951,0.0860790080059497,42.867600885450784,110.8873872609132,68.01978637546242,64.33195343139285,21.464352545942063,-61.496265498368984,-55.67862230673608,5.817643191632904,-55.67862230673608,5.817643191632904,714.338004427254,1054.436936304566,340.098931877312,821.6597671569642,107.32176272971026,crash
45225,2025-01-18 00:00:00,0.5663607714366584,-0.3147538336299341,-0.8811146050665926,-0.6252931505528825,-1.1916539219895408,15.496460774577137,-17.873084691880294,-33.36954546645743,-39.93893702677009,-55.43539780134723,-55.637044177950514,-35.76830792188449,19.868736256066022,-57.8627770462278,-2.2257328682772837,577.4823038728857,410.6345765405985,-166.8477273322872,300.30531486614956,-277.17698900673616,sideways
23475,2022-07-26 17:00:00,0.8298908337338288,1.5786297804748615,0.7487389467410327,0.8345263418198168,0.004635508085988005,39.39946871564237,111.80567903241005,72.40621031676768,40.32908039417234,0.929611678529966,-62.604788848313,-31.792799253882077,30.811989594430923,-55.02182916721261,7.582959681100391,696.9973435782118,1059.0283951620502,362.03105158383835,701.6454019708617,4.648058392649887,sideways
36296,2024-01-11 23:00:00,0.29049405855626614,-0.9234706937688012,-1.2139647523250674,-0.1940127772552117,-0.48450683581147785,-8.460717755987336,-36.74191363219188,-28.281195876204546,-28.217367464702225,-19.75664970871489,-59.59571042239371,-43.92925485666258,15.666455565731127,-56.295663347977055,3.3000470744166535,457.69641122006334,316.2904318390406,-141.40597938102275,358.91316267648887,-98.78324854357447,sideways
21052,2022-04-16 18:00:00,1.7321416988217069,2.691286408775147,0.95914470995344,2.344341870389219,0.612200171567512,249.37995850578213,353.6123083990421,104.23234989325996,309.5983569967929,60.21839849101079,-59.03061078406036,-29.43001210763214,29.600598676428216,-50.30610060039105,8.72451018366931,1746.8997925289107,2268.0615419952105,521.1617494662999,2047.9917849839646,301.09199245505397,crash
8855,2020-11-23 18:00:00,1.6400121311691442,1.7224476939472164,0.08243556277807218,1.6131621149243067,-0.026850016244837516,285.12197867521303,342.9231910142092,57.80121233899615,268.3766762072832,-16.745302467929832,-80.92860580676056,-80.92860580676056,0.0,-80.92860580676056,0.0,1925.6098933760652,2214.615955071046,289.00606169498064,1841.8833810364158,-83.72651233964939,sideways
18985,2022-01-20 15:00:00,2.1760286227633863,2.665015288922916,0.4889866661595299,2.830246903766357,0.6542182810029709,459.44548983364797,378.29867279532453,-81.14681703832343,485.29470475802106,25.849214924373086,-44.78454683946785,-39.471578606071155,5.312968233396695,-39.409048666906244,5.375498172561606,2797.2274491682397,2391.4933639766227,-405.73408519161694,2926.473523790105,129.24607462186532,crash
4691,2020-06-03 03:00:00,1.278729091496783,1.278729091496783,0.0,1.278729091496783,0.0,111.40001100745853,111.40001100745853,0.0,111.40001100745853,0.0,-80.92860580676054,-80.92860580676054,0.0,-80.92860580676054,0.0,1057.0000550372927,1057.0000550372927,0.0,1057.0000550372927,0.0,sideways
39399,2024-05-20 06:00:00,-0.330619515422431,-0.9215247693539974,-0.5909052539315665,-1.0559209124698872,-0.7253013970474562,-44.37812161385006,-37.210739944353854,7.1673816694962085,-54.65848401485529,-10.280362401005227,-64.88646065282597,-48.820684612224895,16.06577604060108,-64.92552051722048,-0.0390598643945026,278.10939193074967,313.94630027823075,35.836908347481085,226.70757992572356,-51.4018120050261,sideways
9388,2020-12-16 00:00:00,1.6944077713466001,1.839647664456784,0.14523989311018393,1.686858681583608,-0.007549089762992178,323.04430997030533,436.5548085589886,113.51049858868328,317.4184999454162,-5.62581002488912,-80.92860580676054,-80.92860580676054,0.0,-80.92860580676054,0.0,2115.2215498515266,2682.774042794943,567.5524929434164,2087.0924997270813,-28.129050124445257,sideways
19252,2022-01-31 18:00:00,1.5641839582701833,2.26347203628758,0.6992880780173969,2.066636053015914,0.5024520947457305,197.25082922792953,262.3513424264358,65.10051319850626,243.87931899254428,46.628489764614756,-44.78454683946785,-37.750897317386304,7.0336495220815465,-37.68658979846907,7.097957040998779,1486.2541461396477,1811.756712132179,325.50256599253134,1719.3965949627216,233.1424488230739,crash
50130,2025-08-10 09:00:00,0.3673549744699346,-0.5655400545121204,-0.932895028982055,-0.3225735957938923,-0.6899285702638269,4.3536028534620685,-19.55525118917332,-23.908854042635387,-24.137394216789374,-28.490997070251442,-43.02604455068919,-34.4590147591466,8.567029791542595,-43.946083428119074,-0.9200388774298816,521.7680142673104,402.2237440541334,-119.54427021317696,379.3130289160531,-142.45498535125728,sideways
30280,2023-05-06 07:00:00,0.023810620243590905,-0.3850521194794366,-0.40886273972302756,-0.6699434097053145,-0.6937540299489054,-29.062522368879083,-18.45358723288184,10.608935135997243,-46.04217505712826,-16.97965268824918,-60.0077496587034,-29.04330241356704,30.964447245136363,-57.17723085212789,2.830518806575512,354.6873881556046,407.7320638355908,53.0446756799862,269.78912471435865,-84.89826344124594,sideways
23456,2022-07-25 22:00:00,1.0054731647864716,1.6700578835353155,0.6645847187488438,0.9427621647703346,-0.06271100001613705,66.14057032912508,123.44313687930692,57.30256655018184,51.1207084495221,-15.019861879602985,-62.604788848313156,-31.79279925388183,30.811989594431324,-55.02182916721278,7.582959681100377,830.7028516456254,1117.2156843965347,286.5128327509093,755.6035422476104,-75.09930939801495,sideways
27776,2023-01-21 22:00:00,-1.3375855300685262,-1.0181548716815074,0.3194306583870188,-1.6041699547883683,-0.2665844247198421,-76.30949263331173,-34.05291252750624,42.2565801058055,-67.35848791398986,8.951004719321872,-75.64543557334356,-33.806067042164486,41.839368531179076,-72.43809173806872,3.207343835274841,118.45253683344131,329.7354373624688,211.2829005290275,163.20756043005068,44.75502359660936,sideways
40107,2024-06-18 18:00:00,-0.5334448969018958,-1.1653209268187594,-0.6318760299168636,-1.36017201534198,-0.8267271184400843,-52.823580261653206,-43.57463727680273,9.248942984850473,-62.54573385086688,-9.722153589213676,-66.79680502741815,-54.071703471885534,12.72510155553261,-69.24951779831284,-2.452712770894692,235.882098691734,282.12681361598635,46.24471492425235,187.27133074566564,-48.610767946068364,sideways
13017,2021-05-16 17:00:00,0.9766764076488721,1.470255498536352,0.49357909088748,1.3332223659391305,0.35654595829025837,57.5077337771241,172.13383785472925,114.62610407760515,137.2065236156563,79.69878983853219,-67.86283304393514,-47.71556288928684,20.147270154648297,-59.29552256902011,8.567310474915033,787.5386688856205,1360.6691892736462,573.1305203880257,1186.0326180782815,398.49394919266103,crash
32553,2023-08-09 00:00:00,0.5412595295682864,-0.10994103058618047,-0.6512005601544668,0.24705722995845883,-0.2942022996098276,11.142027222141259,-10.116014762801019,-21.258041984942277,-4.385251684640535,-15.527278906781794,-41.12142450513099,-30.101025319878993,11.020399185251996,-43.05331920044952,-1.9318946953185332,555.7101361107063,449.41992618599494,-106.2902099247114,478.0737415767973,-77.63639453390903,sideways
44639,2024-12-24 14:00:00,0.8929483341525609,-0.030694031895264116,-0.923642366047825,-0.16546550602101606,-1.058413840173577,48.37799782762744,-8.419123099411607,-56.797120927039046,-22.603115674884943,-70.98111350251239,-55.637044177950465,-35.76830792188446,19.868736256066008,-57.86277704622778,-2.225732868277312,741.8899891381373,457.904384502942,-283.9856046351953,386.9844216255753,-354.90556751256196,sideways
29280,2023-03-25 15:00:00,-0.04491194965570084,-0.348559431038027,-0.30364748138232617,-0.5168983571381853,-0.4719864074824845,-33.61446530910369,-17.774529421714004,15.83993588738969,-41.5820007981693,-7.967535489065604,-60.007749658703325,-27.6986674937434,32.309082164959925,-57.66212222869635,2.345627430006978,331.9276734544815,411.12735289143,79.19967943694849,292.08999600915354,-39.837677445327984,sideways
22841,2022-06-30 07:00:00,1.0594864034128713,1.7394479061969645,0.6799615027840933,1.2712477848571793,0.211761381444308,75.00484222189164,132.21478110341258,57.20993888152094,88.45626245980935,13.451420237917716,-62.5800935312787,-31.79279925388194,30.787294277396757,-50.30610060039105,12.273992930887651,875.0242111094582,1161.073905517063,286.04969440760476,942.2813122990468,67.25710118958864,crash
7423,2020-09-25 02:00:00,1.8079603298442428,1.8079603298442428,0.0,1.8079603298442428,0.0,414.07902019571185,414.07902019571185,0.0,414.07902019571185,0.0,-80.92860580676056,-80.92860580676056,0.0,-80.92860580676056,0.0,2570.395100978559,2570.395100978559,0.0,2570.395100978559,0.0,sideways
12700,2021-05-03 12:00:00,0.8583496707936509,1.3246608404562359,0.466311169662585,1.199463953092339,0.3411142822986881,34.66659575678324,135.80406968765556,101.13747393087232,105.53953916929504,70.8729434125118,-67.86283304393524,-47.71556288928666,20.14727015464858,-59.295522569020044,8.567310474915196,673.3329787839161,1179.0203484382778,505.68736965436165,1027.6976958464752,354.36471706255907,sideways
48391,2025-05-29 22:00:00,1.1221329046632398,0.1649884552724398,-0.9571444493908,0.5529639433432235,-0.5691689613200163,67.13155199169856,0.1445234469432899,-66.98702854475526,16.548165274219386,-50.58338671747917,-36.48954731082937,-23.177873972111385,13.311673338717988,-28.523748058502065,7.965799252327308,835.6577599584928,500.72261723471644,-334.9351427237763,582.7408263710969,-252.91693358739587,sideways
27686,2023-01-18 04:00:00,-1.271212943110738,-0.9634385059786975,0.30777443713204045,-1.561228617141166,-0.29001567403042805,-75.07221889227279,-33.053066546125066,42.01915234614772,-66.73356649847571,8.338652393797076,-75.87918458115332,-34.11695551172195,41.76222906943138,-72.43809173806879,3.441092843084533,124.63890553863608,334.73466726937465,210.09576173073856,166.3321675076215,41.693261968985425,sideways
15414,2021-08-24 18:00:00,1.278318812553478,2.0908883887649696,0.8125695762114917,1.7464280205437839,0.468109207990306,115.4875707149226,224.8920811395419,109.40451042461929,178.14185680937044,62.65428609444784,-67.86283304393514,-47.715562889287,20.14727015464814,-59.295522569020335,8.567310474914805,1077.437853574613,1624.4604056977093,547.0225521230964,1390.7092840468522,313.2714304722392,sideways
21400,2022-05-01 06:00:00,1.5132995399839924,2.4315116912687436,0.9182121512847512,2.041014825343802,0.5277152853598095,179.5573369209979,283.96702550977693,104.40968858877903,235.05915580638796,55.501818885390065,-59.53289890548727,-29.43001210763212,30.102886797855152,-50.30610060039103,9.226798305096246,1397.7866846049897,1919.8351275488847,522.048442943895,1675.29577903194,277.50909442695024,crash
29566,2023-04-06 13:00:00,0.24004717329464786,-0.1312519363284334,-0.37129910962308127,-0.14963863545508446,-0.38968580874973235,-15.457566205816276,-10.799507718133794,4.6580584876824815,-26.439761921606408,-10.982195715790132,-60.007749658703105,-27.69866749374349,32.30908216495962,-57.662122228696376,2.3456274300067292,422.71216897091864,446.00246140933103,23.290292438412393,367.80119039196796,-54.910978578950676,sideways
27496,2023-01-10 06:00:00,-0.6491844254485493,0.177964178540022,0.8271486039885713,-0.8166254674552302,-0.16744104200668097,-59.333247135942216,-0.5936390879263342,58.73960804801588,-49.97996780474987,9.353279331192347,-74.95301295734782,-35.465597027961024,39.4874159293868,-72.84314185040951,2.1098711069383143,203.33376432028896,497.0318045603683,293.6980402400793,250.10016097625066,46.7663966559617,sideways
35794,2023-12-22 01:00:00,0.1247632467439085,-1.029419156437781,-1.1541824031816896,-0.01852391788021837,-0.14328716462412688,-22.04128077578901,-40.53669737555271,-18.495416599763704,-21.170270565839566,0.8710102099494428,-51.4261400942569,-44.20524916258361,7.2208909316732885,-52.36933722792716,-0.9431971336702603,389.793596121055,297.3165131222365,-92.4770829988185,394.1486471708022,4.355051049747203,sideways
13171,2021-05-23 03:00:00,0.9161279117265595,1.4415936835091934,0.5254657717826339,1.2939426576263535,0.377814745899794,48.61352684847362,156.76688025763247,108.15335340915885,123.81185495228112,75.19832810380751,-67.86283304393518,-47.71556288928694,20.14727015464824,-59.29552256902044,8.567310474914741,743.0676342423681,1283.8344012881623,540.7667670457943,1119.0592747614057,375.9916405190377,crash
33209,2023-09-05 08:00:00,0.41501146464120486,-0.20587406258618915,-0.620885527227394,0.14067189990049284,-0.274339564740712,0.024704322005275614,-13.476307991919533,-13.501012313924809,-10.71870040899694,-10.743404731002215,-39.20325414025449,-32.26818048130261,6.935073658951879,-43.05331920044956,-3.850065060195071,500.1235216100264,432.61846004040234,-67.50506156962405,446.4064979550153,-53.717023655011076,sideways
22643,2022-06-22 01:00:00,1.122273042003258,1.797686912083412,0.675413870080154,1.2853101174737978,0.1630370754705397,85.93784134465537,141.42341198269852,55.48557063804316,90.49834923122519,4.560507886569823,-62.58009353127867,-31.792799253881952,30.787294277396718,-50.30610060039107,12.273992930887601,929.6892067232768,1207.1170599134925,277.4278531902157,952.4917461561259,22.80253943284913,crash
48113,2025-05-18 08:00:00,0.8158291895467729,-0.11646622739843508,-0.9322954169452079,0.2766027176797042,-0.5392264718670687,37.785744964616555,-8.835457646300526,-46.62120261091708,0.44486562565946297,-37.340879338957095,-36.41219546017018,-23.177873972111385,13.234321488058796,-28.52374805850215,7.8884474016680315,688.9287248230828,455.82271176849736,-233.10601305458545,502.2243281282973,-186.7043966947855,sideways
8078,2020-10-22 09:00:00,1.7812116085786018,1.8289489913443926,0.04773738276579076,1.7732801920048755,-0.007931416573726313,391.1073030755115,433.29438771284634,42.18708463733486,384.22700961150207,-6.880293464009412,-80.92860580676053,-80.92860580676053,0.0,-80.92860580676053,0.0,2455.5365153775574,2666.4719385642316,210.93542318667414,2421.1350480575106,-34.40146732004678,strong_trend
7592,2020-10-02 03:00:00,1.7639664110795066,1.7639664110795066,0.0,1.7639664110795066,0.0,376.3807960769482,376.3807960769482,0.0,376.3807960769482,0.0,-80.92860580676054,-80.92860580676054,0.0,-80.92860580676054,0.0,2381.903980384741,2381.903980384741,0.0,2381.903980384741,0.0,sideways
23614,2022-08-01 12:00:00,0.833719438486566,1.606492096335846,0.77277265784928,0.8063926407694372,-0.02732679771712887,40.07228451430158,114.14103051785341,74.06874600355184,37.55431538399272,-2.517969130308856,-62.604788848313106,-31.792799253881874,30.811989594431232,-55.96493046151873,6.639858386794373,700.3614225715079,1070.705152589267,370.3437300177592,687.7715769199636,-12.589845651544238,sideways
26003,2022-11-09 01:00:00,0.018846307484846985,0.8471923183872037,0.8283460109023567,-0.09531142221831555,-0.11415772970316254,-33.74165042323427,33.11039089750061,66.85204132073488,-22.694325258369208,11.047325164865061,-71.42744665120571,-35.465597027961316,35.9618496232444,-66.66543021530971,4.762016435896001,331.29174788382863,665.551954487503,334.2602066036744,386.52837370815394,55.2366258243253,strong_trend
35339,2023-12-03 02:00:00,0.6916107264204117,-0.15048072105480575,-0.8420914474752175,0.6072720368134689,-0.0843386896069428,25.41903049870633,-13.895996466899396,-39.315026965605725,19.770213695310357,-5.648816803395974,-41.52170678372842,-32.94995295217065,8.571753831557771,-46.01630807575234,-4.494601292023923,627.0951524935316,430.520017665503,-196.57513482802858,598.8510684765517,-28.244084016979855,sideways
20667,2022-03-31 17:00:00,1.7059313751636616,2.6612721430364754,0.9553407678728139,2.3570043677692794,0.6510729926056178,241.08756972752562,343.76935274373704,102.68178301621143,311.8443540996368,70.75678437211118,-54.36878782006539,-26.082010691436597,28.286777128628795,-45.89043443830462,8.478353381760776,1705.4378486376281,2218.8467637186855,513.4089150810573,2059.221770498184,353.7839218605559,sideways
46738,2025-03-22 01:00:00,1.2480255151491995,0.09896457977126105,-1.1490609353779384,0.2696913112309749,-0.9783342039182246,83.84868754391303,-2.798856809222794,-86.64754435313583,0.031817668493494544,-83.81686987541954,-42.99751882469094,-31.929175682516775,11.068343142174168,-44.08168897223378,-1.0841701475428351,919.2434377195652,486.005715953886,-433.2377217656792,500.1590883424675,-419.08434937709774,crash
24254,2022-08-28 04:00:00,0.5437925345566502,1.4142948743768502,0.8705023398202,0.6553254473466076,0.11153291278995736,5.610001659014907,90.45972393509543,84.84972227608051,24.20506543857892,18.595063779564015,-65.99091510101609,-32.02068236139637,33.97023273961972,-61.04505965422318,4.945855446792905,528.0500082950746,952.2986196754771,424.2486113804025,621.0253271928946,92.97531889781999,crash
6615,2020-08-22 10:00:00,1.1810760214964955,1.1810760214964955,0.0,1.1810760214964955,0.0,71.86423983189832,71.86423983189832,0.0,71.86423983189832,0.0,-80.92860580676054,-80.92860580676054,0.0,-80.92860580676054,0.0,859.3211991594916,859.3211991594916,0.0,859.3211991594916,0.0,sideways
6098,2020-07-31 21:00:00,1.1571933522036673,1.1571933522036673,0.0,1.1571933522036673,0.0,67.13883192029016,67.13883192029016,0.0,67.13883192029016,0.0,-80.92860580676054,-80.92860580676054,0.0,-80.92860580676054,0.0,835.6941596014508,835.6941596014508,0.0,835.6941596014508,0.0,sideways
49791,2025-07-27 06:00:00,0.7313831793605419,-0.3510008074460468,-1.0823839868065885,0.12543828054556655,-0.6059448988149754,29.714832950593628,-14.262611867351549,-43.97744481794518,-5.804690892691388,-35.519523843285015,-40.598383588600406,-31.62307845558271,8.975305133017695,-39.38965334697303,1.2087302416273786,648.5741647529682,428.68694066324224,-219.88722408972592,470.97654553654303,-177.59761921642513,sideways
6859,2020-09-01 14:00:00,1.4038925164759846,1.4038925164759846,0.0,1.4038925164759846,0.0,155.24221211773778,155.24221211773778,0.0,155.24221211773778,0.0,-80.92860580676056,-80.92860580676056,0.0,-80.92860580676056,0.0,1276.211060588689,1276.211060588689,0.0,1276.211060588689,0.0,sideways
48484,2025-06-02 19:00:00,1.2155737703042826,0.23295655206567836,-0.9826172182386043,0.572047231895366,-0.6435265384089166,77.34359764371118,2.3582021866695113,-74.98539545704166,17.710048696067982,-59.63354894764319,-36.7615454344931,-23.177873972111364,13.583671462381737,-28.523748058502076,8.237797375991025,886.7179882185559,511.79101093334754,-374.92697728520835,588.5502434803399,-298.167744738216,sideways
14224,2021-07-06 00:00:00,1.6215357681862752,2.2454188327860107,0.6238830645997355,2.0747977633611203,0.4532619951748451,216.47020053491977,365.35198158524105,148.88178105032128,326.16891865585586,109.69871812093609,-67.8628330439353,-47.71556288928671,20.147270154648588,-59.29552256902015,8.567310474915146,1582.351002674599,2326.7599079262054,744.4089052516065,2130.8445932792793,548.4935906046803,crash
4778,2020-06-06 18:00:00,1.2838709521075136,1.2838709521075136,0.0,1.2838709521075136,0.0,111.26556867668364,111.26556867668364,0.0,111.26556867668364,0.0,-80.92860580676056,-80.92860580676056,0.0,-80.92860580676056,0.0,1056.3278433834182,1056.3278433834182,0.0,1056.3278433834182,0.0,sideways
15586,2021-08-31 22:00:00,0.7637818968190562,1.400575545554114,0.6367936487350578,1.0929895451126004,0.3292076482935442,32.1327082300469,98.97017478167909,66.83746655163219,69.04779401671037,36.91508578666347,-67.86283304393523,-47.715562889286886,20.14727015464834,-59.2955225690203,8.567310474914926,660.6635411502346,994.8508739083954,334.1873327581609,845.2389700835519,184.5754289333173,sideways
31443,2023-06-23 18:00:00,-0.08644528137170511,-0.5928437709512789,-0.5063984895795738,-0.6162259474787057,-0.5297806661070006,-36.00629400694847,-24.870493748650937,11.135800258297536,-44.81210088777758,-8.80580688082911,-60.00774965870317,-30.10102531987895,29.90672433882422,-56.913333904340156,3.0944157543630126,319.96852996525763,375.6475312567453,55.67900129148768,275.9394955611121,-44.029034404145534,strong_trend
21888,2022-05-21 14:00:00,1.5139024548802467,2.37302710440003,0.8591246495197833,1.9978137108656027,0.483911255985356,179.01628715571212,269.90080454871077,90.88451739299865,226.20620024227912,47.189913086567,-60.370424971181436,-30.74325085272247,29.627174118458967,-50.30610060039103,10.064324370790409,1395.0814357785605,1849.5040227435538,454.42258696499334,1631.0310012113955,235.94956543283502,crash
40184,2024-06-21 23:00:00,-0.3341030745197807,-1.0072011476771998,-0.6730980731574191,-1.185411722912768,-0.8513086483929874,-44.66061847771121,-39.70607147285718,4.954547004854028,-58.347484450644515,-13.686865972933305,-66.79680502741817,-54.07170347188534,12.72510155553283,-69.24951779831287,-2.452712770894692,276.6969076114439,301.4696426357141,24.772735024270162,208.26257774677742,-68.4343298646665,sideways
31253,2023-06-15 20:00:00,0.29471959489819477,-0.2018755295183522,-0.49659512441654696,-0.1814568125106031,-0.47617640740879785,-11.461289252084317,-13.586121038151589,-2.124831786067272,-27.541455444919293,-16.080166192834977,-60.00774965870319,-30.10102531987915,29.90672433882404,-57.177230852128055,2.830518806575135,442.6935537395784,432.06939480924206,-10.624158930336364,362.29272277540355,-80.40083096417487,sideways
20500,2022-03-24 18:00:00,1.902008743030811,2.820568563038328,0.9185598200075171,2.5325826267912404,0.6305738837604293,316.0273301227959,391.4263627189605,75.3990325961646,360.74271322100674,44.71538309821085,-48.51899296376105,-26.08201069143662,22.436982272324432,-45.89043443830463,2.6285585254564197,2080.13665061398,2457.1318135948027,376.9951629808229,2303.713566105034,223.57691549105402,sideways
32462,2023-08-05 05:00:00,0.5418460727207369,-0.10903347258069468,-0.6508795453014316,0.2201459217259588,-0.3217001509947781,11.16468283796246,-10.094987052125838,-21.259669890088297,-6.006217733660247,-17.170900571622706,-41.121424505130754,-30.101025319878982,11.020399185251772,-43.0533192004494,-1.9318946953186469,555.8234141898123,449.5250647393708,-106.29834945044149,469.9689113316988,-85.8545028581135,sideways
49692,2025-07-23 03:00:00,0.6015286256072105,-0.4580412553383969,-1.0595698809456073,-0.10341903146552367,-0.7049476570727342,19.926920632782252,-17.0239748223459,-36.95089545512815,-15.992310530430565,-35.919231163212814,-40.59838358860005,-31.283380969680984,9.315002618919067,-38.87295004861633,1.7254335399837188,599.6346031639113,414.8801258882705,-184.75447727564074,420.0384473478472,-179.59615581606408,sideways
21064,2022-04-17 06:00:00,1.6853826197068704,2.6688355084330855,0.9834528887262151,2.3497936128010384,0.664410993094168,233.2597645098629,347.311491656121,114.05172714625812,312.54423179984735,79.28446728998446,-59.030610784060336,-29.430012107632187,29.60059867642815,-50.306100600391055,8.724510183669281,1666.2988225493145,2236.557458280605,570.2586357312903,2062.7211589992366,396.4223364499221,crash
7848,2020-10-12 19:00:00,1.6052950017019352,1.66570318605848,0.060408184356544714,1.6203935102251255,0.01509850852319028,261.5225181771892,301.64394662910024,40.121428451911015,271.21327552151286,9.690757344323629,-80.92860580676054,-80.92860580676054,0.0,-80.92860580676054,0.0,1807.6125908859462,2008.219733145501,200.60714225955485,1856.0663776075644,48.453786721618144,sideways
20910,2022-04-10 20:00:00,1.5892124341775693,2.5807982184933085,0.9915857843157392,2.160166910237038,0.5709544760594687,201.8777822510621,322.5110550122303,120.63327276116823,258.23643054130787,56.35864829024578,-59.03061078406036,-29.430012107632187,29.60059867642817,-50.306100600391005,8.724510183669352,1509.3889112553104,2112.5552750611514,603.166363805841,1791.1821527065395,281.79324145122905,sideways
42973,2024-10-16 04:00:00,0.6495760234633126,-0.6065621291378318,-1.2561381526011444,-0.41457074436203645,-1.0641467678253491,21.775868754712135,-29.25485494566559,-51.03072370037772,-36.04509316090328,-57.82096191561541,-66.79680502741813,-54.165764361018276,12.631040666399855,-69.5703559112765,-2.7735508838583627,608.8793437735607,353.72572527167205,-255.15361850188862,319.7745341954836,-289.10480957807704,sideways
11132,2021-02-26 22:00:00,0.9455435708485732,1.2240090593877502,0.27846548853917696,1.0383259126717412,0.09278234182316802,41.51616689603779,110.98227780208983,69.46611090605204,64.40589596629849,22.8897290702607,-59.73200486798511,-55.67862230673612,4.053382561248988,-55.67862230673612,4.053382561248988,707.580834480189,1054.911389010449,347.3305545302601,822.0294798314924,114.44864535130341,crash
48550,2025-06-05 13:00:00,1.5142072262588095,0.5456465630576819,-0.9685606632011277,0.7835987868444165,-0.730608439414393,115.13849858325665,13.108552768723136,-102.0299458145335,31.370396182310103,-83.76810240094655,-36.76154543449316,-23.177873972111385,13.583671462381773,-28.523748058502076,8.237797375991082,1075.6924929162833,565.5427638436157,-510.1497290726676,656.8519809115505,-418.8405120047328,sideways
30093,2023-04-28 12:00:00,0.2082219549552603,-0.314785626603159,-0.5230075815584193,-0.5145392225818103,-0.7227611775370706,-16.888914468843353,-16.135797848687005,0.753116620156348,-40.594817463601544,-23.70590299475819,-60.00774965870317,-27.698667493743457,32.30908216495971,-57.17723085212813,2.8305188065750357,415.55542765578326,419.321010756565,3.7655831007817255,297.0259126819923,-118.52951497379098,sideways
30771,2023-05-26 18:00:00,0.35904329413009217,-0.15610012710948132,-0.5151434212395735,-0.28285563111803924,-0.6418989252481314,-6.805682408968295,-12.129381567022147,-5.323699158053852,-32.22109029715069,-25.415407888182393,-60.00774965870315,-30.101025319878993,29.906724338824155,-57.17723085212799,2.8305188065751565,465.97158795515855,439.3530921648893,-26.618495790269264,338.89454851424654,-127.07703944091202,sideways
16217,2021-09-27 05:00:00,0.7994005154122783,1.3590903164691832,0.5596898010569049,1.069944309957137,0.2705437945448588,37.26393735528764,82.01386800130406,44.74993064601642,61.756482570649915,24.492545215362277,-54.377549276987125,-39.47157860607105,14.905970670916076,-40.874195682594305,13.50335359439282,686.3196867764382,910.0693400065203,223.74965323008212,808.7824128532496,122.46272607681146,crash
47083,2025-04-05 10:00:00,0.888366433045252,-0.2706148596369768,-1.1589812926822287,0.05979196027150402,-0.828574472773748,44.58279959470835,-14.031331522054058,-58.61413111676241,-10.561465869739905,-55.14426546444825,-40.464840731366124,-30.704983390625383,9.75985734074074,-42.44261410030714,-1.9777733689410155,722.9139979735418,429.8433423897297,-293.0706555838121,447.1926706513005,-275.7213273222413,sideways
1844,2020-02-05 03:00:00,0.47467116178244717,0.47467116178244717,0.0,0.47467116178244717,0.0,-19.957882882372978,-19.957882882372978,0.0,-19.957882882372978,0.0,-80.92860580676053,-80.92860580676053,0.0,-80.92860580676053,0.0,400.21058558813513,400.21058558813513,0.0,400.21058558813513,0.0,sideways
15277,2021-08-19 01:00:00,1.0986230035205535,1.908214332062405,0.8095913285418515,1.57773050330929,0.47910749978873657,81.37804275223696,188.8346950211462,107.45665226890922,145.98277024717348,64.60472749493651,-67.86283304393514,-47.71556288928666,20.14727015464848,-59.29552256902018,8.567310474914962,906.8902137611848,1444.1734751057309,537.2832613445461,1229.9138512358675,323.0236374746827,sideways
21401,2022-05-01 07:00:00,1.5132995399839924,2.4315116912687436,0.9182121512847512,2.041014825343801,0.5277152853598086,179.55733692099872,283.9670255097744,104.40968858877565,235.05915580638614,55.50181888538742,-59.53289890548725,-29.430012107632177,30.102886797855074,-50.306100600391005,9.226798305096246,1397.7866846049935,1919.835127548872,522.0484429438784,1675.2957790319308,277.5090944269373,crash
24413,2022-09-03 19:00:00,0.5790662157107013,1.517385098827498,0.9383188831167967,0.6637622071786197,0.0846959914679184,9.287889902541679,101.44430704733752,92.15641714479584,24.900316928218793,15.612427025677114,-69.40839884592332,-34.35461653102868,35.05378231489463,-63.81651601277882,5.591882833144496,546.4394495127084,1007.2215352366876,460.7820857239792,624.5015846410939,78.06213512838553,crash
24252,2022-08-28 02:00:00,0.5463153502176642,1.415610237738306,0.8692948875206418,0.656440344555352,0.11012499433768785,5.871414681762532,90.60111378454603,84.7296991027835,24.29727042103156,18.425855739269025,-65.99091510101624,-32.02068236139619,33.97023273962005,-61.0450596542231,4.945855446793139,529.3570734088127,953.0055689227302,423.6484955139175,621.4863521051578,92.12927869634518,crash
7566,2020-10-01 01:00:00,1.736892064371283,1.736892064371283,0.0,1.736892064371283,0.0,354.5305613403886,354.5305613403886,0.0,354.5305613403886,0.0,-80.92860580676053,-80.92860580676053,0.0,-80.92860580676053,0.0,2272.652806701943,2272.652806701943,0.0,2272.652806701943,0.0,sideways
11539,2021-03-15 22:00:00,0.8987896843591515,1.2477957342830348,0.3490060499238833,1.0568401257524982,0.15805044139334667,33.96738680188696,117.95354331343768,83.98615651155072,69.68118191686632,35.71379511497936,-67.86283304393521,-55.678622306736024,12.184210737199187,-59.29552256902031,8.567310474914905,669.8369340094348,1089.7677165671885,419.9307825577537,848.4059095843317,178.56897557489685,sideways
4871,2020-06-10 15:00:00,1.2411348281942616,1.2411348281942616,0.0,1.2411348281942616,0.0,96.1674540114854,96.1674540114854,0.0,96.1674540114854,0.0,-80.92860580676054,-80.92860580676054,0.0,-80.92860580676054,0.0,980.8372700574271,980.8372700574271,0.0,980.8372700574271,0.0,sideways
29282,2023-03-25 17:00:00,-0.019049749090082686,-0.330424597019306,-0.3113748479292233,-0.5079971463112741,-0.48894739722119146,-32.10121724380039,-17.221065616241248,14.880151627559144,-41.20816844864117,-9.106951204840776,-60.007749658703126,-27.69866749374349,32.309082164959634,-57.66212222869622,2.345627430006907,339.493913780998,413.89467191879373,74.40075813779572,293.9591577567941,-45.53475602420389,sideways
17947,2021-12-08 09:00:00,0.9643461861578216,1.567043725574543,0.6026975394167214,1.5479285042265998,0.5835823180687781,59.325640414020064,116.79837052782372,57.47273011380366,118.7073323897049,59.38169197568484,-50.887447072466095,-39.471578606071276,11.41586846639482,-39.409048666906365,11.47839840555973,796.6282020701003,1083.9918526391186,287.3636505690183,1093.5366619485244,296.9084598784241,crash
28940,2023-03-11 10:00:00,0.04912965791885004,-0.1005632013640988,-0.14969285928294884,-0.14516707022649275,-0.1942967281453428,-26.688391396550703,-9.145170964043903,17.5432204325068,-25.192976321365546,1.4954150751851571,-64.51603732040905,-27.45280276385523,37.06323455655382,-59.91327111746203,4.6027662029470235,366.55804301724646,454.2741451797805,87.71610216253401,374.0351183931723,7.4770753759258355,crash
30165,2023-05-01 12:00:00,0.10536340264618295,-0.38880526265397525,-0.4941686653001582,-0.6021532898820584,-0.7075166925282413,-23.81324718467528,-18.309619916957253,5.503627267718027,-43.6933520850272,-19.88010490035192,-60.00774965870315,-27.69866749374352,32.30908216495963,-57.17723085212808,2.830518806575064,380.9337640766236,408.45190041521374,27.518136338590125,281.53323957486396,-99.40052450175966,sideways
35908,2023-12-26 19:00:00,0.06561988852841251,-1.0757065499940164,-1.1413264385224289,0.00884897268910251,-0.05677091583931,-24.64151651815456,-41.35149573139832,-16.709979213243763,-19.44949981777634,5.192016700378222,-53.216633927870724,-44.79515373064448,8.421480197226245,-53.57368359062234,-0.35704966275161354,376.7924174092272,293.2425213430084,-83.54989606621882,402.7525009111183,25.96008350189112,sideways
27981,2023-01-30 11:00:00,-0.502146050857207,-0.3902665755252611,0.11187947533194587,-0.8069674692267668,-0.3048214183695598,-52.65160359638805,-17.875288238471377,34.77631535791667,-46.462989046426905,6.1886145499611445,-66.67902688901152,-27.44103140393469,39.23799548507684,-59.913271117462386,6.765755771549138,236.74198201805973,410.6235588076431,173.8815767895834,267.6850547678655,30.943072749805765,sideways
33143,2023-09-02 14:00:00,0.4977321082634936,-0.1524305921407293,-0.650162700404223,0.1660797344523513,-0.3316523738111423,7.184805169315123,-11.740052780012133,-18.924857949327254,-9.268012641566814,-16.45281781088194,-39.203254140254515,-32.268180481302736,6.935073658951779,-43.0533192004494,-3.8500650601948863,535.9240258465757,441.2997360999393,-94.62428974663635,453.6599367921659,-82.26408905440974,sideways
30033,2023-04-26 00:00:00,0.06613407465551986,-0.4133563275587118,-0.47949040221423167,-0.6070918371929196,-0.6732259118484395,-27.03396893489314,-19.597833709443112,7.436135225450027,-44.65928972162807,-17.62532078673493,-60.00774965870323,-27.6986674937434,32.30908216495983,-57.636103793561276,2.371645865141957,364.8301553255343,402.01083145278443,37.18067612725014,276.70355139185966,-88.12660393367463,sideways
33373,2023-09-12 04:00:00,0.4238528935805538,-0.21730484347943946,-0.6411577370599932,0.14366141645898423,-0.28019147712156955,0.6903307715077966,-13.87271717412527,-14.563047945633066,-10.547582377633924,-11.237913149141722,-39.203254140254465,-32.26818048130286,6.935073658951602,-43.0533192004495,-3.8500650601950355,503.451653857539,430.63641412937363,-72.81523972816535,447.2620881118304,-56.18956574570859,sideways
31542,2023-06-27 21:00:00,-0.027414936815329187,-0.524753217324244,-0.49733828050891477,-0.505358554846513,-0.47794361803118385,-32.88976224275989,-22.93160604255686,9.958156200203032,-40.771850351185314,-7.882088108425421,-60.00774965870308,-30.10102531987905,29.906724338824027,-56.70588034446345,3.3018693142396245,335.55118878620056,385.3419697872157,49.79078100101515,296.14074824407345,-39.410440542127105,sideways
16174,2021-09-25 10:00:00,0.7989920869085212,1.345811412188727,0.5468193252802058,1.0639726194686558,0.26498053256013465,37.14301881111983,81.85352834938277,44.71050953826294,61.61398805418057,24.470969243060736,-54.37754927698705,-39.47157860607123,14.905970670915814,-41.75786031965001,12.61968895733704,685.7150940555991,909.2676417469139,223.55254769131477,808.0699402709029,122.35484621530372,crash
12597,2021-04-29 05:00:00,0.9206242400080317,1.3251332593545078,0.4045090193464761,1.2008522030169975,0.2802279630089658,45.35367600863043,136.23781932034055,90.88414331171012,105.91761873227767,60.563942723647244,-67.86283304393514,-47.715562889286765,20.147270154648375,-59.295522569020086,8.567310474915054,726.7683800431521,1181.1890966017027,454.42071655855057,1029.5880936613885,302.8197136182364,crash
40278,2024-06-25 21:00:00,-0.3738458629799867,-1.0459889425940105,-0.6721430796140239,-1.3088005208082412,-0.9349546578282545,-46.38199291646414,-40.75719237338342,5.624800543080724,-61.305197126456946,-14.923204209992804,-66.79680502741819,-54.07170347188534,12.725101555532845,-69.2495177983129,-2.4527127708947063,268.0900354176793,296.2140381330829,28.124002715403606,193.4740143677153,-74.61602104996399,sideways
17529,2021-11-20 23:00:00,1.1617093312431346,1.8398511594911007,0.6781418282479661,1.5575438200145104,0.39583448877137584,94.06974975887152,155.62486851585464,61.55511875698312,121.42016330854979,27.350413549678265,-54.37754927698708,-39.47157860607102,14.905970670916062,-40.85814881320715,13.519400463779931,970.3487487943576,1278.1243425792732,307.7755937849156,1107.100816542749,136.75206774839148,sideways
28089,2023-02-03 23:00:00,-0.4876026735390778,-0.34284993792194474,0.1447527356171331,-0.7267077151313805,-0.23910504159230273,-51.7881410479059,-16.08856462074971,35.69957642715619,-43.352168919856915,8.435972128048988,-66.67902688901155,-27.44103140393478,39.23799548507677,-59.91327111746243,6.765755771549124,241.05929476047052,419.55717689625146,178.49788213578094,283.23915540071545,42.179860640244925,sideways
10075,2021-01-13 20:00:00,1.085817597018302,1.3557937864075098,0.26997618938920787,1.1898977345965671,0.10408013757826517,63.22200298366014,149.6200909336385,86.39808794997836,94.13366786234054,30.911664878680405,-66.82661125873037,-66.82661125873037,0.0,-66.82661125873037,0.0,816.1100149183007,1248.1004546681925,431.9904397498917,970.6683393117028,154.55832439340202,sideways
22067,2022-05-29 01:00:00,1.5843835761557963,2.3516443128759774,0.7672607367201811,2.008214617694666,0.4238310415388695,196.99350956604172,251.6313946991512,54.63788513310948,221.73105580166887,24.73754623562715,-61.02859814985141,-31.04131195572445,29.987286194126963,-50.306100600391005,10.722497549460407,1484.9675478302088,1758.1569734957561,273.18942566554733,1608.6552790083445,123.68773117813566,crash
27093,2022-12-24 11:00:00,-0.013283362339851565,0.8853184433455562,0.8986018056854078,-0.20509267622827346,-0.1918093138884219,-30.915988447781906,33.33603578815285,64.25202423593475,-28.275165313387753,2.6408231343941537,-74.95301295734764,-35.46559702796136,39.48741592938628,-72.84314185040974,2.109871106937902,345.42005776109045,666.6801789407642,321.2601211796738,358.62417343306123,13.204115671970783,sideways
32021,2023-07-17 20:00:00,0.4684335931488213,-0.2308513484320234,-0.6992849415808448,0.0029054852884618887,-0.4655281078603594,4.554255771367943,-14.016668835978784,-18.570924607346726,-17.978694842393892,-22.532950613761834,-45.53294193737047,-30.101025319879092,15.431916617491375,-44.53454268918401,0.998399248186459,522.7712788568397,429.9166558201061,-92.85462303673359,410.1065257880305,-112.66475306880915,sideways
26925,2022-12-17 11:00:00,-0.13441456289197443,1.0449583189150982,1.1793728818070726,-0.11218640447657303,0.02222815841540139,-36.49547055492665,43.24147414548334,79.73694470040999,-23.72105957331857,12.774410981608078,-74.43600390285539,-35.46559702796156,38.97040687489383,-72.84314185040975,1.5928620524456392,317.52264722536677,716.2073707274167,398.6847235020499,381.3947021334071,63.872054908040354,sideways
18448,2021-12-29 06:00:00,1.5967144123995787,2.233920041482836,0.6372056290832575,2.0574943374120442,0.46077992501246556,198.8367165553978,235.51942292693684,36.68270637153904,211.11509891812247,12.27838236272467,-44.78454683946791,-39.47157860607107,5.3129682333968375,-39.409048666906045,5.375498172561862,1494.183582776989,1677.5971146346842,183.41353185769526,1555.5754945906124,61.39191181362344,crash
49196,2025-07-02 11:00:00,1.1991726321407157,0.0394106856471952,-1.1597619464935205,0.41033587572429286,-0.7888367564164228,75.29995177435138,-3.654392607355317,-78.9543443817067,8.340406704539504,-66.95954506981188,-40.59838358860007,-31.283380969680998,9.315002618919074,-35.84519930805323,4.75318428054684,876.4997588717569,481.7280369632234,-394.77172190853344,541.7020335226975,-334.7977253490593,sideways
26227,2022-11-18 09:00:00,-0.026988942318415268,0.8857900310213138,0.9127789733397291,-0.20080867876269623,-0.17381973644428095,-30.884039731874058,34.44384003954535,65.3278797714194,-27.40383931063547,3.480200421238589,-72.05597597104779,-35.46559702796143,36.59037894308636,-70.119754972533,1.9362209985147842,345.57980134062973,672.2192001977268,326.63939885709704,362.9808034468227,17.401002106192948,crash
