Date,equity,vix,world
2016-11-14,2160.5,14.479999542236328,59.72567367553711
2016-11-15,2179.25,13.369999885559082,59.99357986450195
2016-11-16,2172.75,13.720000267028809,59.75916290283203
2016-11-17,2184.25,13.350000381469727,60.17776107788086
2016-11-18,2180.75,12.850000381469727,59.89310836791992
2016-11-21,2193.0,12.420000076293945,60.36194610595703
2016-11-22,2200.25,12.40999984741211,60.37031173706055
2016-11-23,2200.75,12.430000305175781,60.345211029052734
2016-11-25,2211.25,12.34000015258789,60.54611587524414
2016-11-28,2200.75,13.149999618530273,60.40381622314453
2016-11-29,2203.75,12.899999618530273,60.68846130371094
2016-11-30,2198.75,13.329999923706055,60.53775405883789
2016-12-01,2192.0,14.069999694824219,60.345211029052734
2016-12-02,2192.0,14.119999885559082,60.44565200805664
2016-12-05,2204.25,12.140000343322754,60.67169952392578
2016-12-06,2210.0,11.789999961853027,60.98147201538086
2016-12-07,2236.75,12.220000267028809,61.85215377807617
2016-12-08,2247.75,12.640000343322754,61.97773742675781
2016-12-09,2260.0,11.75,62.120059967041016
2016-12-12,2256.0,12.640000343322754,62.086585998535156
2016-12-13,2273.25,12.720000267028809,62.6140022277832
2016-12-14,2257.0,13.1899995803833,61.97773742675781
2016-12-15,2263.5,12.789999961853027,62.12845230102539
2016-12-16,2267.5,12.199999809265137,61.89401626586914
2016-12-19,2260.0,11.710000038146973,62.07820129394531
2016-12-20,2266.5,11.449999809265137,62.32936096191406
2016-12-21,2260.5,11.270000457763672,62.18392562866211
2016-12-22,2258.75,11.430000305175781,61.98944091796875
2016-12-23,2260.0,11.4399995803833,62.22618865966797
2016-12-27,2261.0,11.989999771118164,62.18392562866211
2016-12-28,2245.25,12.949999809265137,61.86259078979492
2016-12-29,2245.0,13.369999885559082,61.99790954589844
2016-12-30,2236.25,14.039999961853027,61.794952392578125
2017-01-03,2252.5,12.850000381469727,62.36994934082031
2017-01-04,2264.25,11.850000381469727,62.902645111083984
2017-01-05,2264.25,11.670000076293945,63.11405944824219
2017-01-06,2271.5,11.319999694824219,63.24088668823242
2017-01-09,2265.0,11.5600004196167,62.928016662597656
2017-01-10,2263.75,11.489999771118164,63.02104568481445
2017-01-11,2270.5,11.260000228881836,63.06332778930664
2017-01-12,2263.5,11.539999961853027,63.19015884399414
2017-01-13,2272.5,11.229999542236328,63.36773681640625
2017-01-17,2262.75,11.869999885559082,63.19015884399414
2017-01-18,2266.5,12.479999542236328,63.029510498046875
2017-01-19,2261.5,12.779999732971191,62.970314025878906
2017-01-20,2266.0,11.539999961853027,63.11405944824219
2017-01-23,2262.0,11.770000457763672,63.130977630615234
2017-01-24,2274.5,11.069999694824219,63.503021240234375
2017-01-25,2294.0,10.8100004196167,63.9849967956543
2017-01-26,2294.0,10.630000114440918,63.94272232055664
2017-01-27,2289.0,10.579999923706055,63.8919792175293
2017-01-30,2276.0,11.880000114440918,63.47764587402344
2017-01-31,2274.5,11.989999771118164,63.51148986816406
2017-02-01,2274.5,11.8100004196167,63.62139892578125
2017-02-02,2275.5,11.930000305175781,63.6383171081543
2017-02-03,2291.0,10.970000267028809,63.9173698425293
2017-02-06,2286.5,11.369999885559082,63.77361297607422
2017-02-07,2288.5,11.289999961853027,63.74824905395508
2017-02-08,2290.25,11.449999809265137,63.858154296875
2017-02-09,2304.25,10.880000114440918,64.09492492675781
2017-02-10,2312.75,10.850000381469727,64.2555923461914
2017-02-13,2326.25,11.069999694824219,64.56844329833984
2017-02-14,2337.0,10.739999771118164,64.79676055908203
2017-02-15,2350.5,11.970000267028809,64.92359161376953
2017-02-16,2345.5,11.760000228881836,65.08425903320312
2017-02-17,2348.0,11.489999771118164,65.01661682128906
2017-02-21,2360.0,11.569999694824219,65.27873992919922
2017-02-22,2361.0,11.739999771118164,65.33795166015625
2017-02-23,2362.75,11.710000038146973,65.27873992919922
2017-02-24,2365.0,11.470000267028809,65.27873992919922
2017-02-27,2368.25,12.09000015258789,65.3210220336914
2017-02-28,2362.75,12.920000076293945,65.17727661132812
2017-03-01,2393.5,12.539999961853027,65.87065124511719
2017-03-02,2382.0,11.8100004196167,65.44786071777344
2017-03-03,2381.25,10.960000038146973,65.66770935058594
2017-03-06,2375.5,11.239999771118164,65.45631408691406
2017-03-07,2366.5,11.449999809265137,65.24491882324219
2017-03-08,2364.0,11.859999656677246,65.0419921875
2017-03-09,2366.25,12.300000190734863,65.11808013916016
2017-03-10,2371.75,11.65999984741211,65.4901351928711
2017-03-13,2375.0,11.350000381469727,65.76070404052734
2017-03-14,2366.5,12.300000190734863,65.23645782470703
2017-03-15,2383.75,11.630000114440918,65.95521545410156
2017-03-16,2382.75,11.210000038146973,66.20887756347656
2017-03-17,2384.5,11.279999732971191,66.05667114257812
2017-03-20,2370.25,11.34000015258789,65.98057556152344
2017-03-21,2342.25,12.470000267028809,65.2702865600586
2017-03-22,2342.5,12.8100004196167,65.6338882446289
2017-03-23,2340.0,13.119999885559082,65.43939971923828
2017-03-24,2344.75,12.960000038146973,65.53240966796875
2017-03-27,2338.5,12.5,65.48167419433594
2017-03-28,2351.5,11.529999732971191,66.00593566894531
2017-03-29,2357.0,11.420000076293945,65.94674682617188
2017-03-30,2364.5,11.539999961853027,66.08203887939453
2017-03-31,2359.25,12.369999885559082,65.84528350830078
2017-04-03,2356.0,12.380000114440918,65.81990814208984
2017-04-04,2356.5,11.789999961853027,65.71844482421875
2017-04-05,2346.5,12.890000343322754,65.60853576660156
2017-04-06,2353.75,12.390000343322754,65.64234161376953
2017-04-07,2352.25,12.869999885559082,65.66770935058594
2017-04-10,2352.5,14.050000190734863,65.68461608886719
2017-04-11,2351.0,15.069999694824219,65.80298614501953
2017-04-12,2340.75,15.770000457763672,65.60853576660156
2017-04-13,2327.5,15.960000038146973,65.09271240234375
2017-04-17,2345.0,14.65999984741211,65.57469940185547
2017-04-18,2337.25,14.420000076293945,65.3294906616211
2017-04-19,2333.75,14.930000305175781,65.2702865600586
2017-04-20,2352.0,14.149999618530273,65.66770935058594
2017-04-21,2347.5,14.630000114440918,65.60005187988281
2017-04-24,2370.0,10.84000015258789,66.69932556152344
2017-04-25,2385.0,10.760000228881836,67.11365509033203
2017-04-26,2382.25,10.850000381469727,67.0121841430664
2017-04-27,2386.0,10.359999656677246,66.96145629882812
2017-04-28,2380.5,10.819999694824219,66.9529800415039
2017-05-01,2387.0,10.109999656677246,67.15592193603516
2017-05-02,2385.75,10.59000015258789,67.18974304199219
2017-05-03,2383.25,10.680000305175781,67.13057708740234
2017-05-04,2385.5,10.460000038146973,67.35041809082031
2017-05-05,2397.75,10.569999694824219,67.7140121459961
2017-05-08,2395.0,9.770000457763672,67.59561920166016
2017-05-09,2393.25,9.960000038146973,67.56179809570312
2017-05-10,2395.25,10.210000038146973,67.59561920166016
2017-05-11,2391.0,10.600000381469727,67.45189666748047
2017-05-12,2388.75,10.399999618530273,67.50260925292969
2017-05-15,2398.5,10.420000076293945,67.94231414794922
2017-05-16,2397.0,10.649999618530273,68.11143493652344
2017-05-17,2357.5,15.59000015258789,67.02909088134766
2017-05-18,2363.5,14.65999984741211,67.14746856689453
2017-05-19,2381.5,12.039999961853027,67.72246551513672
2017-05-22,2392.75,10.930000305175781,68.18751525878906
2017-05-23,2398.0,10.720000267028809,68.06069946289062
2017-05-24,2402.0,10.020000457763672,68.3651123046875
2017-05-25,2413.5,9.989999771118164,68.39046478271484
2017-05-26,2413.75,9.8100004196167,68.39046478271484
2017-05-30,2410.75,10.380000114440918,68.49195098876953
2017-05-31,2411.0,10.40999984741211,68.34820556640625
2017-06-01,2429.5,9.890000343322754,68.88090515136719
2017-06-02,2437.75,9.75,69.2191390991211
2017-06-05,2434.5,10.069999694824219,68.9992904663086
2017-06-06,2430.75,10.449999809265137,68.85554504394531
2017-06-07,2432.0,10.390000343322754,68.88936614990234
2017-06-08,2432.5,10.15999984741211,68.92317962646484
2017-06-09,2430.5,10.699999809265137,68.8048095703125
2017-06-12,2428.5,11.460000038146973,68.67797088623047
2017-06-13,2440.0,10.420000076293945,69.05848693847656
2017-06-14,2437.25,10.640000343322754,68.88090515136719
2017-06-15,2434.25,10.899999618530273,68.50885009765625
2017-06-16,2433.75,10.380000114440918,68.89781951904297
2017-06-19,2447.5,10.369999885559082,69.32907104492188
2017-06-20,2437.5,10.859999656677246,68.72509002685547
2017-06-21,2433.5,10.75,68.6054916381836
2017-06-22,2431.75,10.479999542236328,68.6054916381836
2017-06-23,2435.0,10.020000457763672,68.8276138305664
2017-06-26,2436.0,9.899999618530273,68.89595031738281
2017-06-27,2420.5,11.0600004196167,68.6054916381836
2017-06-28,2438.5,10.029999732971191,69.10953521728516
2017-06-29,2420.0,11.4399995803833,68.59696960449219
2017-06-30,2421.0,11.180000305175781,68.62258911132812
2017-07-03,2425.0,11.220000267028809,68.65674591064453
2017-07-05,2428.0,11.069999694824219,68.7080307006836
2017-07-06,2408.5,12.539999961853027,68.2638168334961
2017-07-07,2422.5,11.1899995803833,68.56279754638672
2017-07-10,2424.5,11.109999656677246,68.6823959350586
2017-07-11,2424.5,10.890000343322754,68.71656799316406
2017-07-12,2440.0,10.300000190734863,69.16078186035156
2017-07-13,2445.5,9.899999618530273,69.40851593017578
2017-07-14,2456.0,9.510000228881836,69.76729583740234
2017-07-17,2458.5,9.819999694824219,69.62207794189453
2017-07-18,2457.75,9.890000343322754,69.76729583740234
2017-07-19,2471.5,9.789999961853027,70.10044860839844
2017-07-20,2471.25,9.579999923706055,70.27986145019531
2017-07-21,2469.5,9.359999656677246,69.98941040039062
2017-07-24,2468.5,9.430000305175781,69.95523834228516
2017-07-25,2474.0,9.430000305175781,70.22005462646484
2017-07-26,2473.25,9.600000381469727,70.39091491699219
2017-07-27,2472.0,10.109999656677246,70.1602554321289
2017-07-28,2470.25,10.289999961853027,70.24568939208984
2017-07-31,2468.0,10.260000228881836,70.28839874267578
2017-08-01,2472.25,10.09000015258789,70.69844818115234
2017-08-02,2473.5,10.279999732971191,70.527587890625
2017-08-03,2471.75,10.4399995803833,70.4934310913086
2017-08-04,2472.0,10.029999732971191,70.57884979248047
2017-08-07,2477.5,9.930000305175781,70.66427612304688
2017-08-08,2472.75,10.960000038146973,70.39945983886719
2017-08-09,2473.0,11.109999656677246,70.35674285888672
2017-08-10,2437.5,16.040000915527344,69.3572769165039
2017-08-11,2440.0,15.510000228881836,69.25474548339844
2017-08-14,2463.5,12.329999923706055,69.94670104980469
2017-08-15,2463.75,12.039999961853027,69.83563995361328
2017-08-16,2467.5,11.739999771118164,70.0748291015625
2017-08-17,2429.5,15.550000190734863,69.15222930908203
2017-08-18,2426.75,14.260000228881836,69.17787170410156
2017-08-21,2428.0,13.1899995803833,69.15222930908203
2017-08-22,2452.75,11.350000381469727,69.79292297363281
2017-08-23,2441.5,12.25,69.664794921875
2017-08-24,2440.75,12.229999542236328,69.51104736328125
2017-08-25,2442.5,11.279999732971191,69.6989517211914
2017-08-28,2443.75,11.319999694824219,69.70752716064453
2017-08-29,2447.0,11.699999809265137,69.73312377929688
2017-08-30,2455.75,11.220000267028809,69.79292297363281
2017-08-31,2470.0,10.59000015258789,70.34819030761719
2017-09-01,2474.25,10.130000114440918,70.40801239013672
2017-09-05,2459.75,12.229999542236328,69.98941040039062
2017-09-06,2465.5,11.630000114440918,70.23715209960938
2017-09-07,2466.5,11.550000190734863,70.527587890625
2017-09-08,2462.5,12.119999885559082,70.459228515625
2017-09-11,2487.5,10.729999542236328,71.14266967773438
2017-09-12,2496.0,10.579999923706055,71.27079772949219
2017-09-13,2496.5,10.5,71.21953582763672
2017-09-14,2496.5,10.4399995803833,71.30496978759766
2017-09-15,2496.0,10.170000076293945,71.3647689819336
2017-09-18,2502.75,10.149999618530273,71.42456817626953
2017-09-19,2504.75,10.180000305175781,71.54418182373047
2017-09-20,2505.25,9.779999732971191,71.67229461669922
2017-09-21,2501.0,9.670000076293945,71.407470703125
2017-09-22,2499.5,9.59000015258789,71.62104034423828
2017-09-25,2497.0,10.210000038146973,71.3562240600586
2017-09-26,2495.5,10.170000076293945,71.29642486572266
2017-09-27,2504.5,9.869999885559082,71.63813018798828
2017-09-28,2507.75,9.550000190734863,71.55270385742188
2017-09-29,2516.0,9.510000228881836,71.83462524414062
2017-10-02,2526.25,9.449999809265137,72.11650848388672
2017-10-03,2532.75,9.510000228881836,72.20191192626953
2017-10-04,2536.25,9.630000114440918,72.30445098876953
2017-10-05,2550.0,9.1899995803833,72.56073760986328
2017-10-06,2545.0,9.649999618530273,72.38134765625
2017-10-09,2543.75,10.329999923706055,72.27882385253906
2017-10-10,2548.5,10.079999923706055,72.62906646728516
2017-10-11,2553.0,9.850000381469727,72.86824035644531
2017-10-12,2549.5,9.90999984741211,72.8255386352539
2017-10-13,2552.75,9.609999656677246,73.00494384765625
2017-10-16,2556.25,9.90999984741211,73.03911590576172
2017-10-17,2557.0,10.3100004196167,73.04765319824219
2017-10-18,2560.0,10.069999694824219,73.09890747070312
2017-10-19,2560.5,10.050000190734863,73.11601257324219
2017-10-20,2574.0,9.970000267028809,73.26123046875
2017-10-23,2563.5,11.069999694824219,73.20142364501953
2017-10-24,2567.25,11.15999984741211,73.18434143066406
2017-10-25,2558.5,11.229999542236328,72.79991912841797
2017-10-26,2561.5,11.300000190734863,72.91950988769531
2017-10-27,2578.5,9.800000190734863,73.18434143066406
2017-10-30,2568.25,10.5,73.14163208007812
2017-10-31,2572.75,10.180000305175781,73.3637466430664
2017-11-01,2574.75,10.199999809265137,73.37226867675781
2017-11-02,2576.75,9.930000305175781,73.53459930419922
2017-11-03,2582.75,9.140000343322754,73.50895690917969
2017-11-06,2588.75,9.399999618530273,73.79084777832031
2017-11-07,2586.75,9.890000343322754,73.63710021972656
2017-11-08,2591.0,9.779999732971191,73.87629699707031
2017-11-09,2584.0,10.5,73.44914245605469
2017-11-10,2579.5,11.289999961853027,73.43206787109375
2017-11-13,2582.0,11.5,73.28685760498047
2017-11-14,2578.0,11.59000015258789,73.1245346069336
2017-11-15,2565.0,13.130000114440918,72.8341064453125
2017-11-16,2585.0,11.760000228881836,73.44914245605469
2017-11-17,2576.25,11.430000305175781,73.2783203125
2017-11-20,2582.0,10.649999618530273,73.38936614990234
2017-11-21,2596.25,9.729999542236328,73.85065460205078
2017-11-22,2594.5,9.880000114440918,73.88482666015625
2017-11-24,2601.0,9.670000076293945,74.21797180175781
2017-11-27,2601.75,9.869999885559082,74.01294708251953
2017-11-28,2626.0,10.029999732971191,74.5767822265625
2017-11-29,2625.0,10.699999809265137,74.39739227294922
2017-11-30,2648.0,11.279999732971191,74.79888153076172
2017-12-01,2644.0,11.430000305175781,74.67076110839844
2017-12-04,2638.25,11.680000305175781,74.4828109741211
2017-12-05,2628.25,11.329999923706055,74.31195831298828
2017-12-06,2629.25,11.020000457763672,74.29488372802734
2017-12-07,2639.5,10.15999984741211,74.47425079345703
2017-12-08,2651.0,9.579999923706055,74.81597137451172
2017-12-11,2661.5,9.34000015258789,74.9355697631836
2017-12-12,2665.0,9.920000076293945,75.18330383300781
2017-12-13,2666.5,10.180000305175781,75.17474365234375
2017-12-14,2653.25,10.489999771118164,74.99537658691406
2017-12-15,2666.75,9.420000076293945,75.1320571899414
2017-12-18,2694.5,9.529999732971191,75.8496322631836
2017-12-19,2684.0,10.029999732971191,75.70735168457031
2017-12-20,2681.5,9.720000267028809,75.60386657714844
2017-12-21,2687.75,9.619999885559082,75.80220031738281
2017-12-22,2686.0,9.899999618530273,75.9660415649414
2017-12-26,2687.0,10.25,75.87980651855469
2017-12-27,2685.5,10.470000267028809,75.98328399658203
2017-12-28,2685.75,10.180000305175781,76.1212387084961
2017-12-29,2676.0,11.039999961853027,75.97463989257812
2018-01-02,2693.0,9.770000457763672,76.5523681640625
2018-01-03,2711.0,9.149999618530273,77.00938415527344
2018-01-04,2723.75,9.220000267028809,77.35429382324219
2018-01-05,2742.5,9.220000267028809,77.96650695800781
2018-01-08,2746.75,9.520000457763672,77.77680206298828
2018-01-09,2752.25,10.079999923706055,77.95787811279297
2018-01-10,2750.5,9.819999694824219,77.77680206298828
2018-01-11,2769.5,9.880000114440918,78.32003784179688
2018-01-12,2788.75,10.15999984741211,79.02709197998047
2018-01-16,2782.5,11.65999984741211,78.8891372680664
2018-01-17,2803.75,11.90999984741211,79.3633804321289
2018-01-18,2796.25,12.220000267028809,79.21680450439453
2018-01-19,2811.0,11.270000457763672,79.57893371582031
2018-01-22,2835.25,11.029999732971191,80.13079833984375
2018-01-23,2839.5,11.100000381469727,80.38948822021484
2018-01-24,2841.0,11.470000267028809,80.54468536376953
2018-01-25,2841.25,11.579999923706055,80.43258666992188
2018-01-26,2874.5,11.079999923706055,81.11377716064453
2018-01-29,2853.5,13.84000015258789,80.59642791748047
2018-01-30,2824.5,14.789999961853027,79.77725982666016
2018-01-31,2825.75,13.539999961853027,79.91523742675781
2018-02-01,2822.5,13.470000267028809,79.9066162109375
2018-02-02,2756.75,17.309999465942383,78.22518920898438
2018-02-05,2607.75,37.31999969482422,74.93130493164062
2018-02-06,2694.25,29.979999542236328,76.32817840576172
2018-02-07,2668.25,27.729999542236328,75.7935791015625
2018-02-08,2593.5,33.459999084472656,73.31885528564453
2018-02-09,2619.0,29.059999465942383,74.28459930419922
2018-02-12,2655.25,25.610000610351562,75.12962341308594
2018-02-13,2661.75,24.969999313354492,75.25894927978516
2018-02-14,2697.0,19.260000228881836,76.46615600585938
2018-02-15,2734.0,19.1299991607666,77.16459655761719
2018-02-16,2735.0,19.459999084472656,77.33702850341797
2018-02-20,2714.0,20.600000381469727,76.74207305908203
2018-02-21,2698.75,20.020000457763672,76.26781463623047
2018-02-22,2711.5,18.719999313354492,76.47476196289062
2018-02-23,2748.75,16.489999771118164,77.55260467529297
2018-02-26,2784.5,15.800000190734863,78.28555297851562
2018-02-27,2747.5,18.59000015258789,77.14734649658203
2018-02-28,2714.5,19.850000381469727,76.43165588378906
2018-03-01,2678.25,22.469999313354492,75.42279815673828
2018-03-02,2690.25,19.59000015258789,75.66423797607422
2018-03-05,2718.5,18.729999542236328,76.44889831542969
2018-03-06,2724.0,18.360000610351562,76.65585327148438
2018-03-07,2723.25,17.760000228881836,76.68173217773438
2018-03-08,2739.25,16.540000915527344,76.95763397216797
2018-03-09,2784.0,14.640000343322754,77.84578704833984
2018-03-12,2784.0,15.779999732971191,77.92339324951172
2018-03-13,2768.5,16.350000381469727,77.3801498413086
2018-03-14,2749.75,17.229999542236328,77.25941467285156
2018-03-15,2751.5,16.59000015258789,77.18185424804688
2018-03-16,2752.75,15.800000190734863,77.19046020507812
2018-03-19,2722.75,19.020000457763672,76.3368148803711
2018-03-20,2723.5,18.200000762939453,76.3885498046875
2018-03-21,2718.25,17.860000610351562,76.3885498046875
2018-03-22,2643.25,23.34000015258789,74.68988037109375
2018-03-23,2597.75,24.8700008392334,73.49994659423828
2018-03-26,2659.5,21.030000686645508,75.155517578125
2018-03-27,2615.75,22.5,74.01729583740234
2018-03-28,2607.5,22.8700008392334,74.1207504272461
2018-03-29,2643.0,19.969999313354492,75.12962341308594
2018-04-02,2575.0,23.6200008392334,73.54304504394531
2018-04-03,2613.25,21.100000381469727,74.25873565673828
2018-04-04,2647.0,20.059999465942383,74.81919860839844
2018-04-05,2661.75,18.940000534057617,75.42279815673828
2018-04-06,2605.75,21.489999771118164,74.29322814941406
2018-04-09,2619.0,21.770000457763672,74.71573638916016
2018-04-10,2655.0,20.469999313354492,75.7935791015625
2018-04-11,2641.0,20.239999771118164,75.42279815673828
2018-04-12,2664.0,18.489999771118164,75.90565490722656
2018-04-13,2657.25,17.40999984741211,75.70735168457031
2018-04-16,2681.75,16.559999465942383,76.19883728027344
2018-04-17,2706.5,15.25,76.9059066772461
2018-04-18,2709.75,15.600000381469727,77.07833862304688
2018-04-19,2693.0,15.960000038146973,76.63861083984375
2018-04-20,2671.5,16.8799991607666,76.11261749267578
2018-04-23,2671.25,16.34000015258789,76.0608901977539
2018-04-24,2635.25,18.020000457763672,75.37107849121094
2018-04-25,2644.5,17.84000015258789,75.31932067871094
2018-04-26,2674.5,16.239999771118164,76.0608901977539
2018-04-27,2671.5,15.40999984741211,76.05226135253906
2018-04-30,2647.0,15.930000305175781,75.69010162353516
2018-05-01,2652.25,15.489999771118164,75.70735168457031
2018-05-02,2627.5,15.970000267028809,75.30208587646484
2018-05-03,2631.75,15.899999618530273,75.40555572509766
2018-05-04,2663.0,14.770000457763672,75.94879913330078
2018-05-07,2670.0,14.75,76.20747375488281
2018-05-08,2670.25,14.710000038146973,76.13848876953125
2018-05-09,2696.0,13.420000076293945,76.68173217773438
2018-05-10,2718.75,13.229999542236328,77.3111801147461
2018-05-11,2729.5,12.649999618530273,77.48362731933594
2018-05-14,2731.0,12.930000305175781,77.67332458496094
2018-05-15,2709.0,14.630000114440918,77.07833862304688
2018-05-16,2723.0,13.420000076293945,77.31978607177734
2018-05-17,2718.75,13.430000305175781,77.39740753173828
2018-05-18,2713.0,13.420000076293945,77.14734649658203
2018-05-21,2733.0,13.079999923706055,77.6043472290039
2018-05-22,2726.0,13.220000267028809,77.51811981201172
2018-05-23,2730.75,12.579999923706055,77.22494506835938
2018-05-24,2727.5,12.529999732971191,77.07833862304688
2018-05-25,2718.25,13.220000267028809,76.85416412353516
2018-05-29,2692.25,17.020000457763672,75.7677001953125
2018-05-30,2724.5,14.9399995803833,76.73343658447266
2018-05-31,2705.5,15.430000305175781,76.19023132324219
2018-06-01,2733.75,13.460000038146973,77.01799011230469
2018-06-04,2745.5,12.739999771118164,77.29393005371094
2018-06-05,2751.5,12.399999618530273,77.28529357910156
2018-06-06,2772.25,11.640000343322754,77.99236297607422
2018-06-07,2772.25,12.130000114440918,77.74230194091797
2018-06-08,2778.75,12.180000305175781,78.02685546875
2018-06-11,2783.0,12.350000381469727,78.23380279541016
2018-06-12,2784.0,12.34000015258789,78.19931030273438
2018-06-13,2774.25,12.9399995803833,77.99236297607422
2018-06-14,2783.25,12.119999885559082,78.06134796142578
2018-06-15,2776.5,11.979999542236328,77.92339324951172
2018-06-18,2779.75,12.3100004196167,77.56985473632812
2018-06-19,2766.25,13.350000381469727,77.19730377197266
2018-06-20,2772.0,12.789999961853027,77.302001953125
2018-06-21,2752.5,14.640000343322754,76.84830474853516
2018-06-22,2759.5,13.770000457763672,77.21475219726562
2018-06-25,2722.25,17.329999923706055,76.20266723632812
2018-06-26,2728.5,15.920000076293945,76.30738830566406
2018-06-27,2705.0,17.90999984741211,75.64427185058594
2018-06-28,2719.5,16.850000381469727,76.05433654785156
2018-06-29,2721.5,16.09000015258789,76.30738830566406
2018-07-02,2727.25,15.600000381469727,76.15904235839844
2018-07-03,2713.25,16.139999389648438,75.86238861083984
2018-07-05,2738.5,14.970000267028809,76.65636444091797
2018-07-06,2763.0,13.369999885559082,77.25838470458984
2018-07-09,2787.5,12.6899995803833,77.79060363769531
2018-07-10,2796.75,12.640000343322754,78.08723449707031
2018-07-11,2774.0,13.630000114440918,77.1187744140625
2018-07-12,2798.5,12.579999923706055,77.82548522949219
2018-07-13,2803.25,12.180000305175781,77.99125671386719
2018-07-16,2796.5,12.829999923706055,77.81676483154297
2018-07-17,2811.25,12.0600004196167,78.06107330322266
2018-07-18,2816.0,12.100000381469727,78.27918243408203
2018-07-19,2805.25,12.869999885559082,77.9127426147461
2018-07-20,2800.75,12.859999656677246,78.13957977294922
2018-07-23,2812.0,12.619999885559082,78.1483154296875
2018-07-24,2821.0,12.40999984741211,78.49729919433594
2018-07-25,2841.25,12.289999961853027,79.10804748535156
2018-07-26,2842.5,12.140000343322754,78.97718811035156
2018-07-27,2817.5,13.029999732971191,78.58454132080078
2018-07-30,2803.25,14.260000228881836,78.34898376464844
2018-07-31,2817.0,12.829999923706055,78.60200500488281
2018-08-01,2810.75,13.149999618530273,78.37516021728516
2018-08-02,2828.5,12.1899995803833,78.54965209960938
2018-08-03,2839.5,11.640000343322754,78.76777648925781
2018-08-06,2850.0,11.270000457763672,78.84628295898438
2018-08-07,2859.75,10.930000305175781,79.16912078857422
2018-08-08,2855.25,10.850000381469727,79.2127456665039
2018-08-09,2853.75,11.270000457763672,78.92481231689453
2018-08-10,2836.75,13.15999984741211,78.03489685058594
2018-08-13,2825.5,14.779999732971191,77.78187561035156
2018-08-14,2841.0,13.3100004196167,78.06107330322266
2018-08-15,2821.25,14.640000343322754,77.35436248779297
2018-08-16,2844.75,13.449999809265137,77.89530181884766
2018-08-17,2852.25,12.640000343322754,78.17448425292969
2018-08-20,2858.5,12.489999771118164,78.50601959228516
2018-08-21,2861.75,12.859999656677246,78.87248229980469
2018-08-22,2861.25,12.25,78.97718811035156
2018-08-23,2858.0,12.40999984741211,78.759033203125
2018-08-24,2876.75,11.989999771118164,79.14295196533203
2018-08-27,2898.5,12.15999984741211,79.8932876586914
2018-08-28,2899.25,12.5,79.83220672607422
2018-08-29,2914.75,12.25,80.26844024658203
2018-08-30,2902.0,13.529999732971191,79.88455200195312
2018-08-31,2902.0,12.859999656677246,79.50064086914062
2018-09-04,2898.25,13.15999984741211,79.18657684326172
2018-09-05,2888.25,13.90999984741211,78.79396057128906
2018-09-06,2879.0,14.649999618530273,78.63688659667969
2018-09-07,2874.75,14.880000114440918,78.24429321289062
2018-09-10,2880.25,14.15999984741211,78.45368194580078
2018-09-11,2889.75,13.220000267028809,78.7416000366211
2018-09-12,2888.5,13.140000343322754,78.92481231689453
2018-09-13,2905.25,12.369999885559082,79.4395980834961
2018-09-14,2906.25,12.069999694824219,79.49193572998047
2018-09-17,2891.0,13.680000305175781,79.2127456665039
2018-09-18,2906.5,12.789999961853027,79.65770721435547
2018-09-19,2910.0,11.75,79.96308135986328
2018-09-20,2934.0,11.800000190734863,80.7134017944336
2018-09-21,2943.0,11.680000305175781,80.70469665527344
2018-09-24,2925.5,12.199999809265137,80.38189697265625
2018-09-25,2921.25,12.420000076293945,80.30335235595703
2018-09-26,2911.5,12.890000343322754,80.3382339477539
2018-09-27,2920.0,12.40999984741211,80.30335235595703
2018-09-28,2919.0,12.119999885559082,80.09394836425781
2018-10-01,2930.0,12.0,80.38189697265625
2018-10-02,2928.5,12.050000190734863,80.03287506103516
2018-10-03,2931.5,11.609999656677246,80.17247772216797
2018-10-04,2907.75,14.220000267028809,79.28254699707031
2018-10-05,2894.0,14.819999694824219,78.96843719482422
2018-10-08,2893.75,15.6899995803833,78.628173828125
2018-10-09,2888.25,15.949999809265137,78.48857879638672
2018-10-10,2781.0,22.959999084472656,76.46441650390625
2018-10-11,2745.5,24.979999542236328,74.92884063720703
2018-10-12,2768.5,21.309999465942383,75.76643371582031
2018-10-15,2749.0,21.299999237060547,75.32146453857422
2018-10-16,2817.75,17.6200008392334,76.83958435058594
2018-10-17,2816.25,17.399999618530273,76.64762878417969
2018-10-18,2772.25,20.059999465942383,75.55704498291016
2018-10-19,2767.5,19.889999389648438,75.66172790527344
2018-10-22,2756.5,19.639999389648438,75.47850799560547
2018-10-23,2746.25,20.709999084472656,74.8503189086914
2018-10-24,2664.25,25.229999542236328,72.66039276123047
2018-10-25,2688.25,24.219999313354492,73.82951354980469
2018-10-26,2669.5,24.15999984741211,72.8087158203125
2018-10-29,2643.5,24.700000762939453,72.46843719482422
2018-10-30,2685.25,23.350000381469727,73.5067138671875
2018-10-31,2711.0,21.229999542236328,74.37918853759766
2018-11-01,2738.0,19.34000015258789,75.0946273803711
2018-11-02,2724.25,19.510000228881836,74.84159851074219
2018-11-05,2739.5,19.959999084472656,75.18187713623047
2018-11-06,2759.0,19.90999984741211,75.5308609008789
2018-11-07,2816.5,16.360000610351562,76.90066528320312
2018-11-08,2808.75,16.719999313354492,76.41207122802734
2018-11-09,2779.0,17.360000610351562,75.975830078125
2018-11-12,2727.75,20.450000762939453,74.42281341552734
2018-11-13,2727.5,20.020000457763672,74.61476135253906
2018-11-14,2698.5,21.25,74.16979217529297
2018-11-15,2734.5,19.979999542236328,74.73690795898438
2018-11-16,2743.0,18.139999389648438,74.91140747070312
2018-11-19,2696.25,20.100000381469727,73.95165252685547
2018-11-20,2640.0,22.479999542236328,72.62549591064453
2018-11-21,2649.0,20.799999237060547,73.24494934082031
2018-11-23,2629.5,21.520000457763672,72.66039276123047
2018-11-26,2670.0,18.899999618530273,73.55032348632812
2018-11-27,2683.5,19.020000457763672,73.67247772216797
2018-11-28,2741.5,18.489999771118164,75.29529571533203
2018-11-29,2744.25,18.790000915527344,75.06844329833984
2018-11-30,2758.25,18.06999969482422,75.21676635742188
2018-12-03,2790.75,16.440000534057617,76.21141052246094
2018-12-04,2701.75,20.739999771118164,73.89057922363281
2018-12-06,2691.0,21.190000534057617,73.65502166748047
2018-12-07,2636.0,23.229999542236328,72.33758544921875
2018-12-10,2643.0,22.639999389648438,72.18923950195312
2018-12-11,2641.25,21.760000228881836,72.11073303222656
2018-12-12,2652.5,21.459999084472656,72.88725280761719
2018-12-13,2645.5,20.649999618530273,72.73892211914062
2018-12-14,2602.0,21.6299991607666,71.49127960205078
2018-12-17,2552.5,24.520000457763672,70.37448120117188
2018-12-18,2535.75,25.579999923706055,70.40177154541016
2018-12-19,2503.25,25.579999923706055,69.60965728759766
2018-12-20,2485.75,28.3799991607666,68.5975112915039
2018-12-21,2467.75,30.110000610351562,67.34770202636719
2018-12-24,2341.75,36.06999969482422,66.04512023925781
2018-12-26,2471.0,30.40999984741211,68.2102279663086
2018-12-27,2495.0,29.959999084472656,68.88793182373047
2018-12-28,2486.0,28.34000015258789,68.99364471435547
2018-12-31,2505.25,25.420000076293945,69.46927642822266
2019-01-02,2511.0,23.219999313354492,69.47807312011719
2019-01-03,2447.75,25.450000762939453,68.31542205810547
2019-01-04,2531.25,21.3799991607666,70.39411926269531
2019-01-07,2550.5,21.399999618530273,70.72001647949219
2019-01-08,2572.5,20.469999313354492,71.41586303710938
2019-01-09,2582.5,19.979999542236328,71.90911865234375
2019-01-10,2594.0,19.5,72.2350082397461
2019-01-11,2595.0,18.190000534057617,72.02361297607422
2019-01-14,2580.5,19.06999969482422,71.75938415527344
2019-01-15,2605.5,18.600000381469727,72.41116333007812
2019-01-16,2613.25,19.040000915527344,72.48162841796875
2019-01-17,2635.25,18.059999465942383,73.00131225585938
2019-01-18,2671.5,17.799999237060547,73.80284118652344
2019-01-22,2632.0,20.799999237060547,72.78992462158203
2019-01-23,2638.25,19.520000457763672,72.9572982788086
2019-01-24,2634.0,18.889999389648438,73.09820556640625
2019-01-25,2663.5,17.420000076293945,73.84688568115234
2019-01-28,2642.0,18.8700008392334,73.30079650878906
2019-01-29,2640.25,19.1299991607666,73.42410278320312
2019-01-30,2682.5,17.65999984741211,74.33132934570312
2019-01-31,2704.5,16.56999969482422,74.83338928222656
2019-02-01,2704.25,16.139999389648438,74.80696868896484
2019-02-04,2721.25,15.729999542236328,75.25617980957031
2019-02-05,2731.0,15.569999694824219,75.670166015625
2019-02-06,2729.5,15.380000114440918,75.46756744384766
2019-02-07,2704.0,16.3700008392334,74.69245910644531
2019-02-08,2706.25,15.720000267028809,74.62200164794922
2019-02-11,2708.25,15.970000267028809,74.6131820678711
2019-02-12,2744.75,15.430000305175781,75.56446838378906
2019-02-13,2749.5,15.649999618530273,75.7406234741211
2019-02-14,2743.5,16.219999313354492,75.63493347167969
2019-02-15,2777.0,14.90999984741211,76.57740020751953
2019-02-19,2778.75,14.880000114440918,76.76236724853516
2019-02-20,2787.0,14.020000457763672,76.98255920410156
2019-02-21,2774.25,14.460000038146973,76.75355529785156
2019-02-22,2791.25,13.510000228881836,77.18511962890625
2019-02-25,2797.0,14.850000381469727,77.35250091552734
2019-02-26,2791.5,15.170000076293945,77.44058990478516
2019-02-27,2795.0,14.699999809265137,77.2468032836914
2019-02-28,2784.75,14.779999732971191,77.06182098388672
2019-03-01,2805.0,13.569999694824219,77.57270050048828
2019-03-04,2791.5,14.630000114440918,77.23799896240234
2019-03-05,2791.5,14.739999771118164,77.23799896240234
2019-03-06,2771.5,15.739999771118164,76.83282470703125
2019-03-07,2750.0,16.59000015258789,76.07533264160156
2019-03-08,2747.0,16.049999237060547,75.96083068847656
2019-03-11,2784.0,14.329999923706055,76.95613861083984
2019-03-12,2792.0,13.770000457763672,77.10587310791016
2019-03-13,2814.5,13.40999984741211,77.7224349975586
2019-03-14,2807.25,13.5,77.58151245117188
2019-03-15,2811.889892578125,12.880000114440918,78.1716537475586
2019-03-18,2840.5,13.100000381469727,78.47993469238281
2019-03-19,2836.5,13.5600004196167,78.50635528564453
2019-03-20,2827.0,13.90999984741211,78.34780883789062
2019-03-21,2862.5,13.630000114440918,78.90274047851562
2019-03-22,2810.75,16.479999542236328,77.36131286621094
2019-03-25,2807.0,16.329999923706055,77.37010955810547
2019-03-26,2823.0,14.680000305175781,77.8897933959961
2019-03-27,2810.5,15.149999618530273,77.61674499511719
2019-03-28,2821.0,14.430000305175781,77.78409576416016
2019-03-29,2837.75,13.710000038146973,78.2068862915039
2019-04-01,2870.5,13.399999618530273,79.11410522460938
2019-04-02,2867.0,13.359999656677246,79.14054107666016
2019-04-03,2879.75,13.739999771118164,79.44881439208984
2019-04-04,2882.75,13.579999923706055,79.51927947998047
2019-04-05,2896.0,12.819999694824219,79.81875610351562
2019-04-08,2898.25,13.180000305175781,79.90685272216797
2019-04-09,2882.5,14.279999732971191,79.44881439208984
2019-04-10,2894.5,13.300000190734863,79.73069763183594
2019-04-11,2891.75,13.020000457763672,79.69544219970703
2019-04-12,2912.5,12.010000228881836,80.21511840820312
2019-04-15,2909.5,12.319999694824219,80.197509765625
2019-04-16,2911.5,12.180000305175781,80.2591552734375
2019-04-17,2900.5,12.600000381469727,80.21511840820312
2019-04-18,2910.0,12.09000015258789,80.33843231201172
2019-04-22,2912.5,12.420000076293945,80.34725189208984
2019-04-23,2938.0,12.279999732971191,80.77001953125
2019-04-24,2930.75,13.140000343322754,80.48816680908203
2019-04-25,2926.25,13.25,80.42652893066406
2019-04-26,2941.5,12.729999542236328,80.79645538330078
2019-04-29,2943.0,13.109999656677246,80.92858123779297
2019-04-30,2948.5,13.119999885559082,81.11355590820312
2019-05-01,2923.0,14.800000190734863,80.42652893066406
2019-05-02,2917.5,14.420000076293945,80.29440307617188
2019-05-03,2947.5,12.869999885559082,81.14877319335938
2019-05-06,2932.5,15.4399995803833,80.62911987304688
2019-05-07,2890.75,19.31999969482422,79.26386260986328
2019-05-08,2887.25,19.399999618530273,79.23743438720703
2019-05-09,2872.75,19.100000381469727,78.88508605957031
2019-05-10,2887.0,16.040000915527344,79.22860717773438
2019-05-13,2807.0,20.549999237060547,77.44938659667969
2019-05-14,2839.25,18.059999465942383,78.13641357421875
2019-05-15,2855.0,16.440000534057617,78.612060546875
2019-05-16,2878.5,15.289999961853027,79.23743438720703
2019-05-17,2862.0,15.960000038146973,78.8322525024414
2019-05-20,2844.0,16.309999465942383,78.27735137939453
2019-05-21,2866.0,14.949999809265137,78.91152954101562
2019-05-22,2857.5,14.75,78.68252563476562
2019-05-23,2819.5,16.920000076293945,77.76648712158203
2019-05-24,2831.75,15.850000381469727,78.18925476074219
2019-05-28,2805.0,17.5,77.51985931396484
2019-05-29,2780.0,17.899999618530273,76.93851470947266
2019-05-30,2790.5,17.299999237060547,77.18511962890625
2019-05-31,2752.5,18.709999084472656,76.4188461303711
2019-06-03,2749.5,18.860000610351562,76.22506713867188
2019-06-04,2805.0,16.969999313354492,77.74885559082031
2019-06-05,2827.75,16.09000015258789,78.14522552490234
2019-06-06,2845.75,15.930000305175781,78.47993469238281
2019-06-07,2875.0,16.299999237060547,79.46644592285156
2019-06-10,2889.25,15.9399995803833,79.87162017822266
2019-06-11,2887.0,15.989999771118164,79.7571029663086
2019-06-12,2881.0,15.90999984741211,79.58975219726562
2019-06-13,2894.5,15.819999694824219,79.72187042236328
2019-06-14,2890.5,15.279999732971191,79.49285888671875
2019-06-17,2892.0,15.350000381469727,79.46070861816406
2019-06-18,2921.75,15.149999618530273,80.37138366699219
2019-06-19,2929.0,14.329999923706055,80.728515625
2019-06-20,2955.75,14.75,81.48741149902344
2019-06-21,2953.89990234375,15.399999618530273,81.24634552001953
2019-06-24,2952.0,15.260000228881836,81.27313232421875
2019-06-25,2922.0,16.280000686645508,80.603515625
2019-06-26,2918.0,16.209999084472656,80.603515625
2019-06-27,2931.0,15.819999694824219,80.82672882080078
2019-06-28,2944.25,15.079999923706055,81.26422119140625
2019-07-01,2967.75,14.0600004196167,81.82669830322266
2019-07-02,2979.5,12.930000305175781,82.08560943603516
2019-07-03,3000.25,12.569999694824219,82.65699005126953
2019-07-05,2990.5,13.279999732971191,82.45166015625
2019-07-08,2978.5,13.960000038146973,82.04989624023438
2019-07-09,2982.0,14.09000015258789,81.96060180664062
2019-07-10,2997.5,13.029999732971191,82.36237335205078
2019-07-11,3004.0,12.930000305175781,82.54987335205078
2019-07-12,3015.5,12.390000343322754,82.79094696044922
2019-07-15,3017.25,12.680000305175781,82.74628448486328
2019-07-16,3007.0,12.859999656677246,82.49629211425781
2019-07-17,2985.0,13.970000267028809,82.20167541503906
2019-07-18,2997.5,13.529999732971191,82.35345458984375
2019-07-19,2977.0,14.449999809265137,82.02310180664062
2019-07-22,2989.0,13.529999732971191,82.26416778564453
2019-07-23,3008.0,12.609999656677246,82.79094696044922
2019-07-24,3021.5,12.069999694824219,83.0766372680664
2019-07-25,3006.5,12.739999771118164,82.45166015625
2019-07-26,3024.5,12.15999984741211,83.0766372680664
2019-07-29,3021.75,12.829999923706055,82.98734283447266
2019-07-30,3012.25,13.9399995803833,82.45166015625
2019-07-31,2982.25,16.1200008392334,82.01417541503906
2019-08-01,2952.0,17.8700008392334,81.1034927368164
2019-08-02,2932.5,17.610000610351562,80.4606704711914
2019-08-05,2830.0,24.59000015258789,78.39826965332031
2019-08-06,2876.0,20.170000076293945,79.08573913574219
2019-08-07,2880.5,19.489999771118164,79.52323150634766
2019-08-08,2940.0,16.90999984741211,80.63923645019531
2019-08-09,2919.75,17.969999313354492,80.2017593383789
2019-08-12,2880.25,21.09000015258789,79.18394470214844
2019-08-13,2932.0,17.520000457763672,80.27318572998047
2019-08-14,2840.75,22.100000381469727,78.0322036743164
2019-08-15,2848.5,21.18000030517578,78.21077728271484
2019-08-16,2891.5,18.469999313354492,79.01431274414062
2019-08-19,2923.75,16.8799991607666,79.81783294677734
2019-08-20,2898.25,17.5,79.38036346435547
2019-08-21,2929.25,15.800000190734863,80.09461975097656
2019-08-22,2922.25,16.68000030517578,79.85356903076172
2019-08-23,2855.5,19.8700008392334,78.13933563232422
2019-08-26,2883.25,19.31999969482422,78.96074676513672
2019-08-27,2865.5,20.309999465942383,78.78217315673828
2019-08-28,2889.75,19.350000381469727,79.08573913574219
2019-08-29,2926.75,17.8799991607666,80.01426696777344
2019-08-30,2924.75,18.979999542236328,80.21067810058594
2019-09-03,2906.0,19.65999984741211,79.71963500976562
2019-09-04,2938.5,17.329999923706055,80.66602325439453
2019-09-05,2972.0,16.270000457763672,81.57669067382812
2019-09-06,2980.75,15.0,81.71061706542969
2019-09-09,2978.25,15.270000457763672,81.73739624023438
2019-09-10,2978.5,15.199999809265137,81.9427490234375
2019-09-11,3002.0,14.609999656677246,82.2105941772461
2019-09-12,3011.75,14.220000267028809,82.64807891845703
2019-09-13,3006.5,13.739999771118164,82.63021087646484
2019-09-16,2999.0,14.670000076293945,82.3980941772461
2019-09-17,3005.5,14.4399995803833,82.67487335205078
2019-09-18,3006.25,13.949999809265137,82.72842407226562
2019-09-19,3006.0,14.050000190734863,82.82664489746094
2019-09-20,3013.610107421875,15.319999694824219,82.47845458984375
2019-09-23,2997.0,14.90999984741211,82.3355941772461
2019-09-24,2970.25,17.049999237060547,81.84453582763672
2019-09-25,2986.25,15.960000038146973,82.0766830444336
2019-09-26,2980.5,16.06999969482422,82.1213150024414
2019-09-27,2963.75,17.219999313354492,81.76419067382812
2019-09-30,2978.5,16.239999771118164,81.9427490234375
2019-10-01,2937.75,18.559999465942383,81.08563995361328
2019-10-02,2880.5,20.559999465942383,79.47858428955078
2019-10-03,2911.75,19.1200008392334,80.26424407958984
2019-10-04,2951.0,17.040000915527344,81.05887603759766
2019-10-07,2937.5,17.860000610351562,81.01422882080078
2019-10-08,2892.5,20.280000686645508,79.85356903076172
2019-10-09,2919.0,18.639999389648438,80.33567810058594
2019-10-10,2941.0,17.56999969482422,81.04100799560547
2019-10-11,2970.75,15.579999923706055,82.09451293945312
2019-10-14,2965.5,14.569999694824219,81.95169830322266
2019-10-15,2997.75,13.539999961853027,82.77307891845703
2019-10-16,2991.5,13.680000305175781,82.59451293945312
2019-10-17,2998.0,13.789999961853027,83.0855484008789
2019-10-18,2988.25,14.25,82.71951293945312
2019-10-21,3006.5,14.0,83.21054077148438
2019-10-22,2994.5,14.460000038146973,82.84449005126953
2019-10-23,3005.75,14.010000228881836,83.24626159667969
2019-10-24,3004.25,13.710000038146973,83.4694595336914
2019-10-25,3020.25,12.649999618530273,83.67481231689453
2019-10-28,3036.25,13.109999656677246,84.01409912109375
2019-10-29,3035.75,13.199999809265137,84.11229705810547
2019-10-30,3047.75,12.329999923706055,84.42476654052734
2019-10-31,3035.75,13.220000267028809,84.03193664550781
2019-11-01,3063.25,12.300000190734863,84.91583251953125
2019-11-04,3075.75,12.829999923706055,85.1926040649414
2019-11-05,3072.0,13.100000381469727,85.21937561035156
2019-11-06,3075.5,12.619999885559082,85.24616241455078
2019-11-07,3086.0,12.729999542236328,85.40689086914062
2019-11-08,3090.5,12.069999694824219,85.49617767333984
2019-11-11,3087.5,12.6899995803833,85.44258880615234
2019-11-12,3092.0,12.680000305175781,85.57650756835938
2019-11-13,3095.5,13.0,85.5318832397461
2019-11-14,3097.0,13.050000190734863,85.41580963134766
2019-11-15,3118.25,12.050000190734863,86.13899993896484
2019-11-18,3121.75,12.460000038146973,86.05863952636719
2019-11-19,3118.5,12.859999656677246,86.13008117675781
2019-11-20,3109.0,12.779999732971191,85.71937561035156
2019-11-21,3104.0,13.130000114440918,85.50508880615234
2019-11-22,3111.5,12.34000015258789,85.68366241455078
2019-11-25,3132.75,11.869999885559082,86.3622055053711
2019-11-26,3143.75,11.539999961853027,86.43362426757812
2019-11-27,3153.75,11.75,86.91573333740234
2019-11-29,3143.75,12.619999885559082,86.38899993896484
2019-12-02,3114.25,14.90999984741211,85.8443603515625
2019-12-03,3091.0,15.960000038146973,85.36225128173828
2019-12-04,3111.0,14.800000190734863,85.94257354736328
2019-12-05,3117.75,14.520000457763672,86.04971313476562
2019-12-06,3146.0,13.619999885559082,86.69254302978516
2019-12-09,3134.5,15.859999656677246,86.38005065917969
2019-12-10,3136.0,15.680000305175781,86.3443374633789
2019-12-11,3143.0,14.989999771118164,86.73719024658203
2019-12-12,3168.0,13.9399995803833,87.27288055419922
2019-12-13,3172.0,12.630000114440918,87.66571044921875
2019-12-16,3194.25,12.140000343322754,88.37316131591797
2019-12-17,3192.0,12.289999961853027,88.11180114746094
2019-12-18,3194.75,12.579999923706055,88.05772399902344
2019-12-19,3207.0,12.5,88.35514831542969
2019-12-20,3231.02001953125,12.510000228881836,88.77871704101562
2019-12-23,3227.25,12.609999656677246,88.75167846679688
2019-12-24,3225.75,12.670000076293945,88.7967300415039
2019-12-26,3244.5,12.649999618530273,89.13018035888672
2019-12-27,3237.5,13.430000305175781,89.28338623046875
2019-12-30,3223.5,14.819999694824219,88.61649322509766
2019-12-31,3231.0,13.779999732971191,89.02202606201172
2020-01-02,3259.0,12.470000267028809,89.69795227050781
2020-01-03,3235.5,14.020000457763672,88.94093322753906
2020-01-06,3243.5,13.850000381469727,89.44559478759766
2020-01-07,3235.25,13.789999961853027,89.2112808227539
2020-01-08,3260.25,13.449999809265137,89.463623046875
2020-01-09,3276.0,12.539999961853027,89.97733306884766
2020-01-10,3264.75,12.5600004196167,89.6168441772461
2020-01-13,3289.75,12.319999694824219,90.19361114501953
2020-01-14,3288.0,12.390000343322754,90.01338195800781
2020-01-15,3293.75,12.420000076293945,90.13953399658203
2020-01-16,3316.5,12.319999694824219,90.86051177978516
2020-01-17,3325.0,12.100000381469727,91.16693115234375
2020-01-21,3319.5,12.850000381469727,90.68927764892578
2020-01-22,3319.75,12.90999984741211,90.85148620605469
2020-01-23,3326.0,12.979999542236328,90.77940368652344
2020-01-24,3293.5,14.5600004196167,90.17557525634766
2020-01-27,3239.5,18.229999542236328,88.634521484375
2020-01-28,3278.25,16.280000686645508,89.45464324951172
2020-01-29,3272.5,16.389999389648438,89.48165130615234
2020-01-30,3289.75,15.489999771118164,89.6168441772461
2020-01-31,3224.0,18.84000015258789,88.07575988769531
2020-02-03,3245.5,17.969999313354492,88.55342864990234
2020-02-04,3299.5,16.049999237060547,90.13053131103516
2020-02-05,3335.0,15.149999618530273,90.96864318847656
2020-02-06,3345.25,14.960000038146973,91.29309844970703
2020-02-07,3325.5,15.470000267028809,90.68927764892578
2020-02-10,3353.0,15.039999961853027,91.14891052246094
2020-02-11,3357.5,15.180000305175781,91.57249450683594
2020-02-12,3380.5,13.739999771118164,92.0321044921875
2020-02-13,3377.5,14.149999618530273,91.73469543457031
2020-02-14,3381.0,13.680000305175781,91.85186004638672
2020-02-18,3369.25,14.829999923706055,91.59049224853516
2020-02-19,3387.25,14.380000114440918,91.95098114013672
2020-02-20,3369.25,15.5600004196167,91.56346130371094
2020-02-21,3339.25,17.079999923706055,90.92359924316406
2020-02-24,3226.25,25.030000686645508,87.76934814453125
2020-02-25,3132.5,27.850000381469727,85.41717529296875
2020-02-26,3110.25,27.559999465942383,85.16484069824219
2020-02-27,2957.0,39.15999984741211,81.98355102539062
2020-02-28,2951.0,40.11000061035156,80.81195831298828
2020-03-02,3065.0,33.41999816894531,84.02029418945312
2020-03-03,2997.0,36.81999969482422,82.12773132324219
2020-03-04,3114.75,31.989999771118164,85.25495910644531
2020-03-05,3015.5,39.619998931884766,82.66847229003906
2020-03-06,2964.0,41.939998626708984,81.3797378540039
2020-03-09,2747.75,54.459999084472656,74.63864135742188
2020-03-10,2865.75,47.29999923706055,78.00018310546875
2020-03-11,2740.25,53.900001525878906,74.11593627929688
2020-03-12,2469.0,75.47000122070312,66.38352966308594
2020-03-13,2696.0,57.83000183105469,71.76377868652344
2020-03-16,2416.25,82.69000244140625,63.598751068115234
2020-03-17,2495.5,75.91000366210938,67.20361328125
2020-03-18,2414.0,76.44999694824219,63.46357727050781
2020-03-19,2403.25,72.0,63.94120788574219
2020-03-20,2437.97998046875,66.04000091552734,61.85039138793945
2020-03-23,2220.5,61.59000015258789,60.73288345336914
2020-03-24,2438.0,61.66999816894531,66.25733947753906
2020-03-25,2467.0,63.95000076293945,67.44693756103516
2020-03-26,2608.0,61.0,71.21401977539062
2020-03-27,2524.0,65.54000091552734,69.05110931396484
2020-03-30,2611.25,57.08000183105469,70.86255645751953
2020-03-31,2569.75,53.540000915527344,70.23169708251953
2020-04-01,2448.0,57.060001373291016,67.0504150390625
2020-04-02,2516.5,50.90999984741211,68.42926025390625
2020-04-03,2482.75,46.79999923706055,67.38385009765625
2020-04-06,2644.5,45.2400016784668,71.6375961303711
2020-04-07,2642.0,46.70000076293945,71.76377868652344
2020-04-08,2735.0,43.349998474121094,73.47608184814453
2020-04-09,2779.75,41.66999816894531,74.81887817382812
2020-04-13,2759.25,41.16999816894531,74.18802642822266
2020-04-14,2843.0,37.7599983215332,76.05354309082031
2020-04-15,2775.0,40.84000015258789,74.33222961425781
2020-04-16,2787.5,40.11000061035156,74.5304946899414
2020-04-17,2870.0,38.150001525878906,76.48613739013672
2020-04-20,2806.5,43.83000183105469,75.3956527709961
2020-04-21,2732.0,45.40999984741211,73.3228759765625
2020-04-22,2788.5,41.97999954223633,74.7738265991211
2020-04-23,2780.75,41.380001068115234,74.73778533935547
2020-04-24,2829.5,35.93000030517578,75.56689453125
2020-04-27,2869.0,33.290000915527344,76.7024154663086
2020-04-28,2867.25,33.56999969482422,76.74747467041016
2020-04-29,2941.0,31.229999542236328,78.77522277832031
2020-04-30,2902.5,34.150001525878906,77.82894897460938
2020-05-01,2821.75,37.189998626708984,75.81924438476562
2020-05-04,2825.25,35.970001220703125,75.97244262695312
2020-05-05,2858.25,33.61000061035156,76.38701629638672
2020-05-06,2833.5,34.119998931884766,75.88233184814453
2020-05-07,2880.0,31.440000534057617,76.88265991210938
2020-05-08,2928.5,27.979999542236328,78.41473388671875
2020-05-11,2922.75,27.56999969482422,78.45979309082031
2020-05-12,2852.5,33.040000915527344,76.9908218383789
2020-05-13,2813.0,35.279998779296875,75.79218292236328
2020-05-14,2847.0,32.61000061035156,76.1526870727539
2020-05-15,2846.5,31.889999389648438,76.48613739013672
2020-05-18,2948.0,29.299999237060547,78.95547485351562
2020-05-19,2918.75,30.530000686645508,78.10831451416016
2020-05-20,2968.5,27.989999771118164,79.54125213623047
2020-05-21,2937.0,29.530000686645508,78.80225372314453
2020-05-22,2953.0,28.15999984741211,78.82028198242188
2020-05-26,2994.5,28.010000228881836,80.28925323486328
2020-05-27,3035.5,27.6200008392334,81.45183563232422
2020-05-28,3038.0,28.59000015258789,81.60504150390625
2020-05-29,3042.0,27.510000228881836,81.74021911621094
2020-06-01,3054.0,28.229999542236328,82.60539245605469
2020-06-02,3077.0,26.84000015258789,83.34439849853516
2020-06-03,3117.75,25.65999984741211,84.66917419433594
2020-06-04,3110.5,25.809999465942383,84.3447265625
2020-06-05,3186.75,24.520000457763672,86.2733383178711
2020-06-08,3227.5,25.809999465942383,87.3277359008789
2020-06-09,3205.5,27.56999969482422,86.51666259765625
2020-06-10,3186.0,27.56999969482422,86.20123291015625
2020-06-11,3010.25,40.790000915527344,81.3076400756836
2020-06-12,3034.75,36.09000015258789,82.48822021484375
2020-06-15,3073.0,34.400001525878906,83.15185546875
2020-06-16,3128.75,33.66999816894531,84.53561401367188
2020-06-17,3118.0,33.470001220703125,84.45368194580078
2020-06-18,3109.0,32.939998626708984,84.38996124267578
2020-06-19,3161.260009765625,35.119998931884766,83.96208953857422
2020-06-22,3110.75,31.770000457763672,84.6539535522461
2020-06-23,3118.5,31.3700008392334,85.0271987915039
2020-06-24,3049.0,33.84000015258789,82.83324432373047
2020-06-25,3070.75,32.220001220703125,83.8801498413086
2020-06-26,3007.0,34.72999954223633,82.0776596069336
2020-06-29,3047.75,31.780000686645508,83.06993865966797
2020-06-30,3090.25,30.43000030517578,83.8801498413086
2020-07-01,3103.0,28.6200008392334,84.35354614257812
2020-07-02,3129.0,27.68000030517578,84.99079132080078
2020-07-06,3172.0,27.940000534057617,86.30170440673828
2020-07-07,3136.5,29.43000030517578,85.40045166015625
2020-07-08,3163.5,28.079999923706055,86.12873840332031
2020-07-09,3141.0,29.260000228881836,85.55522155761719
2020-07-10,3178.5,27.290000915527344,86.42005157470703
2020-07-13,3148.25,32.189998626708984,85.64625549316406
2020-07-14,3183.5,29.520000457763672,86.82971954345703
2020-07-15,3219.5,27.760000228881836,87.74005889892578
2020-07-16,3194.5,28.0,87.33950805664062
2020-07-17,3214.0,25.68000030517578,87.62171936035156
2020-07-20,3245.25,24.459999084472656,88.30448150634766
2020-07-21,3251.25,24.84000015258789,88.47745513916016
2020-07-22,3265.5,24.31999969482422,88.90532684326172
2020-07-23,3227.5,26.079999923706055,87.90392303466797
2020-07-24,3204.0,25.84000015258789,87.35772705078125
2020-07-27,3232.25,24.739999771118164,88.19525146484375
2020-07-28,3213.0,25.440000534057617,87.62171936035156
2020-07-29,3252.5,24.100000381469727,88.64131164550781
2020-07-30,3248.75,24.760000228881836,88.1133041381836
2020-07-31,3263.5,24.459999084472656,87.98584747314453
2020-08-03,3288.5,24.280000686645508,88.93264770507812
2020-08-04,3300.0,23.760000228881836,89.35139465332031
2020-08-05,3316.0,22.989999771118164,89.89761352539062
2020-08-06,3344.25,22.649999618530273,90.2708511352539
2020-08-07,3344.75,22.209999084472656,89.9886474609375
2020-08-10,3352.75,22.1299991607666,90.25263977050781
2020-08-11,3330.0,24.030000686645508,89.87940979003906
2020-08-12,3370.0,22.280000686645508,91.3450927734375
2020-08-13,3367.75,22.1299991607666,91.25402069091797
2020-08-14,3361.5,22.049999237060547,91.00824737548828
2020-08-17,3379.75,21.350000381469727,91.61817932128906
2020-08-18,3387.0,21.510000228881836,91.73653411865234
2020-08-19,3372.75,22.540000915527344,91.3177719116211
2020-08-20,3380.75,22.719999313354492,91.5089340209961
2020-08-21,3392.5,22.540000915527344,91.5726547241211
2020-08-24,3427.5,22.3700008392334,92.4830093383789
2020-08-25,3443.0,22.030000686645508,92.77434539794922
2020-08-26,3480.25,23.270000457763672,93.6209716796875
2020-08-27,3485.25,24.469999313354492,93.50262451171875
2020-08-28,3504.5,22.959999084472656,94.05792999267578
2020-08-31,3499.0,26.40999984741211,93.7302017211914
2020-09-01,3527.0,26.1200008392334,94.53130340576172
2020-09-02,3579.25,26.56999969482422,95.62374114990234
2020-09-03,3461.5,33.599998474121094,92.71060180664062
2020-09-04,3417.5,30.75,92.08245086669922
2020-09-08,3335.5,31.459999084472656,89.94312286376953
2020-09-09,3400.25,28.809999465942383,91.59087371826172
2020-09-10,3340.5,29.709999084472656,90.24353790283203
2020-09-11,3333.75,26.8700008392334,90.480224609375
2020-09-14,3382.5,25.850000381469727,91.68190002441406
2020-09-15,3405.25,25.59000015258789,92.22810363769531
2020-09-16,3389.5,26.040000915527344,91.92771911621094
2020-09-17,3361.5,26.459999084472656,91.37238311767578
2020-09-18,3353.60009765625,25.829999923706055,90.58948516845703
2020-09-21,3275.0,27.780000686645508,89.0782699584961
2020-09-22,3299.25,26.860000610351562,89.67913055419922
2020-09-23,3231.25,28.579999923706055,87.89482116699219
2020-09-24,3238.0,28.510000228881836,88.09510040283203
2020-09-25,3287.25,26.3799991607666,89.17843627929688
2020-09-28,3346.0,26.190000534057617,90.61680603027344
2020-09-29,3333.75,26.270000457763672,90.31636047363281
2020-09-30,3352.0,26.3700008392334,90.59857940673828
2020-10-01,3367.75,26.700000762939453,91.15390014648438
2020-10-02,3339.25,27.6299991607666,90.48934936523438
2020-10-05,3393.0,27.959999084472656,92.1097640991211
2020-10-06,3353.25,29.479999542236328,91.00824737548828
2020-10-07,3406.75,28.059999465942383,92.27364349365234
2020-10-08,3437.5,26.360000610351562,92.95640563964844
2020-10-09,3473.25,25.0,93.67557525634766
2020-10-12,3532.75,25.06999969482422,94.85903930664062
2020-10-13,3504.75,26.06999969482422,94.2855224609375
2020-10-14,3481.0,26.399999618530273,93.70288848876953
2020-10-15,3475.5,26.969999313354492,93.31143188476562
2020-10-16,3462.25,27.40999984741211,93.42069244384766
2020-10-19,3422.75,29.18000030517578,92.30094909667969
2020-10-20,3432.25,29.350000381469727,92.71971893310547
2020-10-21,3432.5,28.649999618530273,92.34647369384766
2020-10-22,3449.25,28.110000610351562,92.71971893310547
2020-10-23,3451.75,27.549999237060547,93.16577911376953
2020-10-26,3393.5,32.459999084472656,91.4543228149414
2020-10-27,3383.0,33.349998474121094,90.99913787841797
2020-10-28,3263.5,40.279998779296875,88.02228546142578
2020-10-29,3302.25,37.59000015258789,88.77787017822266
2020-10-30,3264.75,38.02000045776367,87.8766098022461
2020-11-02,3300.5,37.130001068115234,88.90532684326172
2020-11-03,3361.5,35.54999923706055,90.80796813964844
2020-11-04,3435.0,29.56999969482422,92.51942443847656
2020-11-05,3504.75,27.579999923706055,94.47669982910156
2020-11-06,3500.75,24.860000610351562,94.6041488647461
2020-11-09,3544.0,25.75,96.03340148925781
2020-11-10,3541.0,24.799999237060547,96.25190734863281
2020-11-11,3568.0,23.450000762939453,96.92554473876953
2020-11-12,3532.5,25.350000381469727,95.9241714477539
2020-11-13,3582.0,23.100000381469727,97.11672973632812
2020-11-16,3623.0,22.450000762939453,98.25467681884766
2020-11-17,3606.75,22.709999084472656,97.99066925048828
2020-11-18,3565.0,23.84000015258789,97.15312957763672
2020-11-19,3580.0,23.110000610351562,97.74488067626953
2020-11-20,3554.25,23.700000762939453,97.4626693725586
2020-11-23,3576.0,22.65999984741211,97.8268051147461
2020-11-24,3632.75,21.639999389648438,99.3744125366211
2020-11-25,3627.25,21.25,99.29247283935547
2020-11-27,3636.5,20.84000015258789,99.73855590820312
2020-11-30,3623.25,20.56999969482422,99.17414093017578
2020-12-01,3660.5,20.770000457763672,100.24834442138672
2020-12-02,3667.25,21.170000076293945,100.3484878540039
2020-12-03,3664.5,21.280000686645508,100.43043518066406
2020-12-04,3698.0,20.790000915527344,101.43180847167969
2020-12-07,3690.75,21.299999237060547,101.0585708618164
2020-12-08,3702.0,20.68000030517578,101.38631439208984
2020-12-09,3672.5,22.270000457763672,100.7581558227539
2020-12-10,3668.5,22.520000457763672,100.84919738769531
2020-12-11,3661.25,23.309999465942383,100.56697845458984
2020-12-14,3646.5,24.719999313354492,100.56147003173828
2020-12-15,3694.5,22.889999389648438,101.65263366699219
2020-12-16,3700.75,22.5,101.89104461669922
2020-12-17,3721.25,21.93000030517578,102.67963409423828
2020-12-18,3726.25,21.56999969482422,102.36785888671875
2020-12-21,3685.75,25.15999984741211,101.67096710205078
2020-12-22,3677.25,24.229999542236328,101.59762573242188
2020-12-23,3681.5,23.309999465942383,101.90022277832031
2020-12-24,3695.0,21.530000686645508,102.1844711303711
2020-12-28,3727.5,21.700000762939453,102.78964233398438
2020-12-29,3720.0,23.079999923706055,102.82632446289062
2020-12-30,3724.25,22.770000457763672,102.96387481689453
2020-12-31,3748.75,22.75,103.07392120361328
2021-01-04,3692.25,26.969999313354492,102.35868072509766
2021-01-05,3718.25,25.34000015258789,103.14726257324219
2021-01-06,3740.5,25.06999969482422,103.77078247070312
2021-01-07,3795.5,22.3700008392334,104.96282196044922
2021-01-08,3817.5,21.559999465942383,105.7330551147461
2021-01-11,3792.0,24.079999923706055,104.7610855102539
2021-01-12,3794.5,23.329999923706055,105.05450439453125
2021-01-13,3803.75,22.209999084472656,105.21955108642578
2021-01-14,3791.25,23.25,105.13705444335938
2021-01-15,3762.25,24.34000015258789,104.11921691894531
2021-01-19,3790.5,23.239999771118164,104.96282196044922
2021-01-20,3845.0,21.579999923706055,106.20069122314453
2021-01-21,3846.0,21.31999969482422,106.182373046875
2021-01-22,3834.25,21.90999984741211,105.76972198486328
2021-01-25,3848.5,23.190000534057617,106.01730346679688
2021-01-26,3842.5,23.020000457763672,105.87059020996094
2021-01-27,3744.25,37.209999084472656,103.33065795898438
2021-01-28,3779.25,30.209999084472656,104.04586029052734
2021-01-29,3705.25,33.09000015258789,102.23031616210938
2021-02-01,3765.75,30.239999771118164,103.77078247070312
2021-02-02,3818.25,25.559999465942383,105.0820083618164
2021-02-03,3823.5,22.90999984741211,105.21955108642578
2021-02-04,3864.5,21.770000457763672,106.13651275634766
2021-02-05,3880.25,20.8700008392334,106.54913330078125
2021-02-08,3908.0,21.239999771118164,107.383544921875
2021-02-09,3905.5,21.6299991607666,107.6769790649414
2021-02-10,3903.0,21.989999771118164,107.56694030761719
2021-02-11,3912.0,21.25,107.93372344970703
2021-02-12,3931.0,19.969999313354492,108.45637512207031
2021-02-16,3927.75,21.459999084472656,108.71311950683594
2021-02-17,3928.0,21.5,108.52973175048828
2021-02-18,3909.5,22.489999771118164,107.96123504638672
2021-02-19,3903.0,22.049999237060547,107.96123504638672
2021-02-22,3873.5,23.450000762939453,107.25517272949219
2021-02-23,3878.0,23.110000610351562,107.24600982666016
2021-02-24,3922.5,21.34000015258789,108.09877014160156
2021-02-25,3828.0,28.889999389648438,105.7972412109375
2021-02-26,3809.25,27.950000762939453,104.77942657470703
2021-03-01,3898.75,23.350000381469727,107.17266082763672
2021-03-02,3867.5,24.100000381469727,106.7600326538086
2021-03-03,3816.75,26.670000076293945,105.28373718261719
2021-03-04,3765.5,28.56999969482422,104.01835632324219
2021-03-05,3839.0,24.65999984741211,105.49464416503906
2021-03-08,3819.25,25.469999313354492,104.97198486328125
2021-03-09,3873.25,24.030000686645508,106.60415649414062
2021-03-10,3896.5,22.559999465942383,107.20934295654297
2021-03-11,3936.75,21.90999984741211,108.20880126953125
2021-03-12,3942.25,20.690000534057617,108.30049133300781
2021-03-15,3967.5,20.030000686645508,108.77730560302734
2021-03-16,3962.5,19.790000915527344,108.92400360107422
2021-03-17,3974.0,19.229999542236328,109.30914306640625
2021-03-18,3916.5,21.579999923706055,107.7870101928711
2021-03-19,3912.6201171875,20.950000762939453,107.82368469238281
2021-03-22,3930.0,18.8799991607666,108.29132843017578
2021-03-23,3899.75,20.299999237060547,107.28268432617188
2021-03-24,3880.75,21.200000762939453,106.69584655761719
2021-03-25,3900.5,19.809999465942383,107.3102035522461
2021-03-26,3964.75,18.860000610351562,108.6581039428711
2021-03-29,3959.0,20.739999771118164,108.51139831542969
2021-03-30,3947.75,19.610000610351562,108.27299499511719
2021-03-31,3967.5,19.399999618530273,108.64893341064453
2021-04-01,4010.0,17.329999923706055,109.8318099975586
2021-04-05,4067.75,17.90999984741211,111.33560180664062
2021-04-06,4064.0,18.1200008392334,111.0605239868164
2021-04-07,4070.0,17.15999984741211,111.12469482421875
2021-04-08,4089.0,16.950000762939453,111.89492797851562
2021-04-09,4119.5,16.690000534057617,112.38090515136719
2021-04-12,4120.25,16.90999984741211,112.30755615234375
2021-04-13,4132.75,16.649999618530273,112.88522338867188
2021-04-14,4118.0,16.989999771118164,112.50010681152344
2021-04-15,4162.5,16.56999969482422,113.71048736572266
2021-04-16,4176.25,16.25,114.10477447509766
2021-04-19,4155.5,17.290000915527344,113.63713073730469
2021-04-20,4126.5,18.68000030517578,112.51844787597656
2021-04-21,4164.75,17.5,113.49040985107422
2021-04-22,4127.75,18.709999084472656,112.71100616455078
2021-04-23,4171.5,17.329999923706055,113.90304565429688
2021-04-26,4179.5,17.639999389648438,114.12310791015625
2021-04-27,4179.0,17.559999465942383,114.04058837890625
2021-04-28,4176.25,17.280000686645508,114.11393737792969
2021-04-29,4203.5,17.610000610351562,114.48072052001953
2021-04-30,4174.5,18.610000610351562,113.34369659423828
2021-05-03,4185.75,18.309999465942383,113.9397201538086
2021-05-04,4158.25,19.479999542236328,112.8393783569336
2021-05-05,4160.0,19.149999618530273,113.28868103027344
2021-05-06,4194.25,18.389999389648438,114.16896057128906
2021-05-07,4225.25,16.690000534057617,115.28763580322266
2021-05-10,4183.5,19.65999984741211,114.26065063476562
2021-05-11,4146.25,21.84000015258789,113.06861877441406
2021-05-12,4058.75,27.59000015258789,110.80376434326172
2021-05-13,4107.0,23.1299991607666,112.04163360595703
2021-05-14,4169.0,18.809999465942383,113.83885955810547
2021-05-17,4157.75,19.719999313354492,113.4354019165039
2021-05-18,4123.0,21.34000015258789,113.0869369506836
2021-05-19,4111.5,22.18000030517578,112.47260284423828
2021-05-20,4154.25,20.670000076293945,113.85719299316406
2021-05-21,4151.75,20.149999618530273,113.86637115478516
2021-05-24,4193.75,18.399999618530273,114.89334106445312
2021-05-25,4185.5,18.84000015258789,114.67326354980469
2021-05-26,4193.0,17.360000610351562,114.83832550048828
2021-05-27,4199.0,16.739999771118164,114.93920135498047
2021-05-28,4202.5,16.760000228881836,115.16841888427734
2021-06-01,4198.5,17.899999618530273,115.28763580322266
2021-06-02,4206.25,17.479999542236328,115.48934936523438
2021-06-03,4191.25,18.040000915527344,115.01253509521484
2021-06-04,4228.25,16.420000076293945,116.06703186035156
2021-06-07,4225.5,16.420000076293945,116.25959777832031
2021-06-08,4225.75,17.06999969482422,116.26875305175781
2021-06-09,4218.5,17.889999389648438,116.06703186035156
2021-06-10,4238.0,16.100000381469727,116.52638244628906
2021-06-11,4245.75,15.649999618530273,116.85910034179688
2021-06-14,4254.75,16.389999389648438,117.06242370605469
2021-06-15,4246.5,17.020000457763672,116.83136749267578
2021-06-16,4223.0,18.149999618530273,116.2121353149414
2021-06-17,4222.25,17.75,116.01805877685547
2021-06-18,4187.25,20.700000762939453,114.24352264404297
2021-06-21,4213.75,17.889999389648438,115.7869873046875
2021-06-22,4236.25,16.65999984741211,116.2121353149414
2021-06-23,4231.5,16.31999969482422,115.9163818359375
2021-06-24,4256.0,15.970000267028809,116.84060668945312
2021-06-25,4271.25,15.619999885559082,117.1456069946289
2021-06-28,4280.5,15.760000228881836,117.0809097290039
2021-06-29,4282.0,16.020000457763672,117.17332458496094
2021-06-30,4288.5,15.829999923706055,116.97924041748047
2021-07-01,4310.75,15.479999542236328,117.43211364746094
2021-07-02,4342.75,15.069999694824219,118.15300750732422
2021-07-06,4334.0,16.440000534057617,117.82029724121094
2021-07-07,4349.75,16.200000762939453,118.25467681884766
2021-07-08,4313.0,19.0,116.93302917480469
2021-07-09,4360.0,16.18000030517578,118.50421905517578
2021-07-12,4376.5,16.170000076293945,119.01256561279297
2021-07-13,4361.25,17.1200008392334,118.393310546875
2021-07-14,4367.75,16.329999923706055,118.6705551147461
2021-07-15,4352.0,17.010000228881836,118.02361297607422
2021-07-16,4318.5,18.450000762939453,117.16409301757812
2021-07-19,4251.25,22.5,115.36184692382812
2021-07-20,4315.5,19.729999542236328,116.83136749267578
2021-07-21,4350.5,17.90999984741211,118.1068115234375
2021-07-22,4359.5,17.690000534057617,118.2916488647461
2021-07-23,4403.0,17.200000762939453,119.40071868896484
2021-07-26,4414.25,17.579999923706055,119.47464752197266
2021-07-27,4394.5,19.360000610351562,119.05876159667969
2021-07-28,4393.75,18.309999465942383,119.27133178710938
2021-07-29,4411.75,17.700000762939453,119.89054870605469
2021-07-30,4389.5,18.239999771118164,119.0679931640625
2021-08-02,4379.75,19.459999084472656,119.25284576416016
2021-08-03,4415.0,18.040000915527344,120.0384521484375
2021-08-04,4394.75,17.969999313354492,119.65950012207031
2021-08-05,4421.5,17.280000686645508,120.38963317871094
2021-08-06,4429.5,16.149999618530273,120.19556427001953
2021-08-09,4425.75,16.719999313354492,120.21403503417969
2021-08-10,4430.0,16.790000915527344,120.3526840209961
2021-08-11,4440.5,16.170000076293945,120.78705596923828
2021-08-12,4454.5,15.59000015258789,121.03661346435547
2021-08-13,4462.5,15.449999809265137,121.40629577636719
2021-08-16,4474.0,16.1200008392334,121.36933898925781
2021-08-17,4443.5,17.90999984741211,120.44510650634766
2021-08-18,4394.5,21.56999969482422,119.4561767578125
2021-08-19,4401.5,21.670000076293945,119.01256561279297
2021-08-20,4437.0,18.559999465942383,119.8720703125
2021-08-23,4475.5,17.149999618530273,121.00884246826172
2021-08-24,4482.5,17.219999313354492,121.2491683959961
2021-08-25,4493.0,16.790000915527344,121.4432373046875
2021-08-26,4466.5,18.84000015258789,120.79631042480469
2021-08-27,4505.5,16.389999389648438,121.84068298339844
2021-08-30,4525.25,16.190000534057617,122.20112609863281
2021-08-31,4520.5,16.479999542236328,122.01627349853516
2021-09-01,4521.25,16.110000610351562,122.41368103027344
2021-09-02,4535.25,16.40999984741211,122.80187225341797
2021-09-03,4534.5,16.40999984741211,122.96821594238281
2021-09-07,4519.25,18.139999389648438,122.65399932861328
2021-09-08,4512.5,17.959999084472656,122.26582336425781
2021-09-09,4492.25,18.799999237060547,121.84990692138672
2021-09-10,4458.25,20.950000762939453,121.15675354003906
2021-09-13,4469.0,19.3700008392334,121.57264709472656
2021-09-14,4444.5,19.459999084472656,120.99039459228516
2021-09-15,4481.75,18.18000030517578,121.72052001953125
2021-09-16,4474.25,18.690000534057617,121.54491424560547
2021-09-17,4464.330078125,20.809999465942383,120.29722595214844
2021-09-20,4348.25,25.709999084472656,118.26390838623047
2021-09-21,4343.25,24.360000610351562,118.46723175048828
2021-09-22,4384.0,20.8700008392334,119.5116195678711
2021-09-23,4438.0,18.6299991607666,120.89796447753906
2021-09-24,4445.75,17.75,120.68539428710938
2021-09-27,4433.0,18.760000228881836,120.43583679199219
2021-09-28,4343.5,23.25,117.86650085449219
2021-09-29,4349.75,22.559999465942383,117.85724639892578
2021-09-30,4297.75,23.139999389648438,116.8775863647461
2021-10-01,4343.75,21.100000381469727,117.82953643798828
2021-10-04,4291.25,22.959999084472656,116.46167755126953
2021-10-05,4334.0,21.299999237060547,117.39514923095703
2021-10-06,4354.0,21.0,117.6261978149414
2021-10-07,4390.0,19.540000915527344,118.61511993408203
2021-10-08,4382.25,18.770000457763672,118.48573303222656
2021-10-11,4351.0,20.0,117.85724639892578
2021-10-12,4340.75,19.850000381469727,117.65392303466797
2021-10-13,4355.0,18.639999389648438,118.31938171386719
2021-10-14,4429.0,16.860000610351562,120.20479583740234
2021-10-15,4462.5,16.299999237060547,121.07354736328125
2021-10-18,4477.5,16.309999465942383,121.2491683959961
2021-10-19,4511.25,15.699999809265137,122.09947204589844
2021-10-20,4528.0,15.489999771118164,122.47838592529297
2021-10-21,4541.75,15.010000228881836,122.59852600097656
2021-10-22,4536.5,15.430000305175781,122.68170928955078
2021-10-25,4558.0,15.239999771118164,123.023681640625
2021-10-26,4565.25,15.979999542236328,123.19005584716797
2021-10-27,4544.5,16.979999542236328,122.5800552368164
2021-10-28,4587.5,16.530000686645508,123.71686553955078
2021-10-29,4597.0,16.260000228881836,123.69837951660156
2021-11-01,4605.75,16.40999984741211,124.22518157958984
2021-11-02,4623.5,16.030000686645508,124.48393249511719
2021-11-03,4652.25,15.100000381469727,125.34347534179688
2021-11-04,4673.25,15.4399995803833,125.62074279785156
2021-11-05,4690.25,16.479999542236328,126.02741241455078
2021-11-08,4694.0,17.219999313354492,126.11058807373047
2021-11-09,4678.25,17.780000686645508,125.7316665649414
2021-11-10,4642.0,18.729999542236328,124.49319458007812
2021-11-11,4643.0,17.65999984741211,124.76123046875
2021-11-12,4678.25,16.290000915527344,125.72241973876953
2021-11-15,4679.0,16.489999771118164,125.62074279785156
2021-11-16,4696.0,16.3700008392334,125.92574310302734
2021-11-17,4686.25,17.110000610351562,125.59302520751953
2021-11-18,4701.5,17.59000015258789,125.89801788330078
2021-11-19,4694.5,17.90999984741211,125.34347534179688
2021-11-22,4679.75,19.170000076293945,124.69651794433594
2021-11-23,4688.5,19.3799991607666,124.70575714111328
2021-11-24,4699.0,18.579999923706055,124.79820251464844
2021-11-26,4595.75,28.6200008392334,121.99779510498047
2021-11-29,4651.0,22.959999084472656,123.06990814208984
2021-11-30,4566.25,27.190000534057617,121.16598510742188
2021-12-01,4508.5,31.1200008392334,119.73343658447266
2021-12-02,4575.75,27.950000762939453,121.43402862548828
2021-12-03,4537.5,30.670000076293945,120.51901245117188
2021-12-06,4590.0,27.18000030517578,121.76673126220703
2021-12-07,4685.0,21.889999389648438,124.308349609375
2021-12-08,4699.0,19.899999618530273,124.73350524902344
2021-12-09,4667.0,21.579999923706055,123.6613998413086
2021-12-10,4711.0,18.690000534057617,124.3823013305664
2021-12-13,4668.75,20.309999465942383,123.29785919189453
2021-12-14,4637.0,21.889999389648438,122.31120300292969
2021-12-15,4709.5,19.290000915527344,124.17284393310547
2021-12-16,4668.75,20.56999969482422,123.57713317871094
2021-12-17,4636.4599609375,21.56999969482422,122.26466369628906
2021-12-20,4558.5,22.8700008392334,121.24073028564453
2021-12-21,4640.75,21.010000228881836,123.19548797607422
2021-12-22,4686.0,18.6299991607666,124.2845687866211
2021-12-23,4715.75,17.959999084472656,125.17816925048828
2021-12-27,4782.25,17.68000030517578,126.55579376220703
2021-12-28,4778.5,17.540000915527344,126.42549133300781
2021-12-29,4784.5,16.950000762939453,126.50922393798828
2021-12-30,4772.25,17.329999923706055,126.3294906616211
2021-12-31,4758.5,17.219999313354492,126.03144836425781
2022-01-03,4786.0,16.600000381469727,126.71135711669922
2022-01-04,4784.25,16.90999984741211,126.71135711669922
2022-01-05,4692.5,19.729999542236328,124.58786010742188
2022-01-06,4687.5,19.610000610351562,124.35501098632812
2022-01-07,4667.75,18.760000228881836,124.04765319824219
2022-01-10,4662.25,19.399999618530273,123.53540802001953
2022-01-11,4705.0,18.40999984741211,124.82069396972656
2022-01-12,4716.25,17.6200008392334,125.37017822265625
2022-01-13,4652.0,20.309999465942383,123.8520736694336
2022-01-14,4654.75,19.190000534057617,123.8707046508789
2022-01-18,4571.25,22.790000915527344,121.6447525024414
2022-01-19,4524.25,23.850000381469727,120.76927185058594
2022-01-20,4474.75,25.59000015258789,119.64234161376953
2022-01-21,4390.0,28.850000381469727,117.52813720703125
2022-01-24,4403.75,29.899999618530273,117.44432067871094
2022-01-25,4349.0,31.15999984741211,116.2801284790039
2022-01-26,4341.5,31.959999084472656,115.87964630126953
2022-01-27,4317.75,30.489999771118164,115.26495361328125
2022-01-28,4423.25,27.65999984741211,117.29531860351562
2022-01-31,4504.25,24.829999923706055,119.51194763183594
2022-02-01,4535.0,21.959999084472656,120.48986053466797
2022-02-02,4577.25,22.09000015258789,121.4957275390625
2022-02-03,4469.0,24.350000381469727,118.87860870361328
2022-02-04,4492.5,23.219999313354492,119.41880798339844
2022-02-07,4475.75,22.860000610351562,119.26979064941406
2022-02-08,4512.5,21.440000534057617,120.12664031982422
2022-02-09,4577.75,19.959999084472656,121.96141052246094
2022-02-10,4497.5,23.90999984741211,120.06146240234375
2022-02-11,4409.5,27.360000610351562,117.94725799560547
2022-02-14,4394.0,28.329999923706055,117.45364379882812
2022-02-15,4464.5,25.700000762939453,119.49331665039062
2022-02-16,4470.0,24.290000915527344,119.70752716064453
2022-02-17,4374.5,28.110000610351562,117.3884506225586
2022-02-18,4343.5,27.75,116.51296997070312
2022-02-22,4300.0,28.809999465942383,115.12523651123047
2022-02-23,4222.0,31.020000457763672,113.4581069946289
2022-02-24,4284.0,30.31999969482422,114.01693725585938
2022-02-25,4380.0,27.59000015258789,116.68061065673828
2022-02-28,4368.0,30.149999618530273,116.02867126464844
2022-03-01,4303.75,33.31999969482422,114.1473159790039
2022-03-02,4381.75,30.739999771118164,116.02867126464844
2022-03-03,4359.25,30.479999542236328,114.7806396484375
2022-03-04,4327.25,31.979999542236328,113.243896484375
2022-03-07,4198.5,36.45000076293945,109.853759765625
2022-03-08,4168.75,35.130001068115234,109.48121643066406
2022-03-09,4275.25,32.45000076293945,112.85272979736328
2022-03-10,4257.25,30.229999542236328,112.16352081298828
2022-03-11,4201.5,30.75,110.7385482788086
2022-03-14,4172.0,31.770000457763672,110.30081176757812
2022-03-15,4262.0,29.829999923706055,112.38704681396484
2022-03-16,4358.0,26.670000076293945,115.33014678955078
2022-03-17,4410.25,25.670000076293945,116.54090881347656
2022-03-18,4409.35009765625,23.8700008392334,118.04039764404297
2022-03-21,4452.25,23.530000686645508,117.91931915283203
2022-03-22,4505.0,22.940000534057617,119.28841400146484
2022-03-23,4447.5,23.56999969482422,117.80755615234375
2022-03-24,4512.5,21.670000076293945,119.2604751586914
2022-03-25,4536.5,20.809999465942383,119.62371063232422
2022-03-28,4568.0,19.6299991607666,120.1545639038086
2022-03-29,4625.5,18.899999618530273,122.01730346679688
2022-03-30,4596.0,19.329999923706055,121.2442626953125
2022-03-31,4530.75,20.559999465942383,119.36293029785156
2022-04-01,4539.25,19.6299991607666,119.96830749511719
2022-04-04,4577.75,18.56999969482422,120.82514953613281
2022-04-05,4520.25,21.030000686645508,119.22321319580078
2022-04-06,4475.75,22.100000381469727,117.91931915283203
2022-04-07,4496.25,21.549999237060547,118.43157196044922
2022-04-08,4483.5,21.15999984741211,118.08695983886719
2022-04-11,4409.0,24.3700008392334,116.3173828125
2022-04-12,4393.0,24.260000228881836,115.78650665283203
2022-04-13,4442.25,21.81999969482422,117.24874877929688
2022-04-14,4387.5,22.700000762939453,116.05660247802734
2022-04-18,4386.75,22.170000076293945,115.66544342041016
2022-04-19,4459.25,21.3700008392334,117.10903930664062
2022-04-20,4455.5,20.31999969482422,117.27667999267578
2022-04-21,4390.5,22.68000030517578,115.52572631835938
2022-04-22,4267.25,28.209999084472656,112.67578125
2022-04-25,4292.75,27.020000457763672,112.94586181640625
2022-04-26,4170.5,33.52000045776367,109.90963745117188
2022-04-27,4180.25,31.600000381469727,110.3194351196289
2022-04-28,4283.5,29.989999771118164,112.69440460205078
2022-04-29,4127.5,33.400001525878906,109.36012268066406
2022-05-02,4151.0,32.34000015258789,109.75129699707031
2022-05-03,4169.25,29.25,110.33806610107422
2022-05-04,4295.25,25.420000076293945,113.1880111694336
2022-05-05,4143.25,31.200000762939453,109.06209564208984
2022-05-06,4119.5,30.190000534057617,108.35426330566406
2022-05-09,3987.5,34.75,104.84305572509766
2022-05-10,3996.75,32.9900016784668,105.08519744873047
2022-05-11,3930.25,32.560001373291016,103.69746398925781
2022-05-12,3927.25,31.770000457763672,103.66021728515625
2022-05-13,4019.75,28.8700008392334,106.32391357421875
2022-05-16,4004.75,27.469999313354492,106.00724792480469
2022-05-17,4084.75,26.100000381469727,108.15867614746094
2022-05-18,3922.75,30.959999084472656,104.34941101074219
2022-05-19,3897.75,29.350000381469727,104.30284881591797
2022-05-20,3899.5,29.43000030517578,104.6102066040039
2022-05-23,3971.75,28.479999542236328,106.40772247314453
2022-05-24,3940.5,29.450000762939453,105.64401245117188
2022-05-25,3976.75,28.3700008392334,106.42635345458984
2022-05-26,4055.75,27.5,108.28907012939453
2022-05-27,4155.75,25.719999313354492,110.52433776855469
2022-05-31,4131.25,26.190000534057617,109.84443664550781
2022-06-01,4099.0,25.690000534057617,108.978271484375
2022-06-02,4175.25,24.719999313354492,111.18558502197266
2022-06-03,4107.0,24.790000915527344,109.350830078125
2022-06-06,4120.5,25.06999969482422,109.74199676513672
2022-06-07,4158.75,24.020000457763672,110.65471649169922
2022-06-08,4114.0,23.959999084472656,109.38807678222656
2022-06-09,4016.25,26.09000015258789,106.8394546508789
2022-06-10,3899.0,27.75,103.80513763427734
2022-06-13,3750.5,34.02000045776367,99.8126449584961
2022-06-14,3736.75,32.689998626708984,99.31475067138672
2022-06-15,3789.25,29.6200008392334,100.95872497558594
2022-06-16,3668.25,32.95000076293945,97.93382263183594
2022-06-17,3663.760009765625,31.1299991607666,98.01835632324219
2022-06-21,3767.75,30.190000534057617,100.056884765625
2022-06-22,3762.75,28.950000762939453,99.72809600830078
2022-06-23,3799.75,29.049999237060547,100.34811401367188
2022-06-24,3916.25,27.229999542236328,103.39180755615234
2022-06-27,3903.75,26.950000762939453,103.13816833496094
2022-06-28,3825.5,28.360000610351562,101.39086151123047
2022-06-29,3821.25,28.15999984741211,101.21235656738281
2022-06-30,3789.5,28.709999084472656,100.40447235107422
2022-07-01,3827.25,26.700000762939453,101.23115539550781
2022-07-05,3834.0,27.540000915527344,100.79903411865234
2022-07-06,3848.25,26.729999542236328,101.04326629638672
2022-07-07,3905.0,26.079999923706055,102.59330749511719
2022-07-08,3901.25,24.639999389648438,102.63088989257812
2022-07-11,3856.75,26.170000076293945,101.1466064453125
2022-07-12,3823.75,27.290000915527344,100.62992858886719
2022-07-13,3804.5,26.81999969482422,100.30113983154297
2022-07-14,3793.25,26.399999618530273,99.56839752197266
2022-07-15,3865.0,24.229999542236328,101.25933074951172
2022-07-18,3833.75,25.299999237060547,100.93992614746094
2022-07-19,3937.5,24.5,103.68302917480469
2022-07-20,3962.5,23.8799991607666,103.96485900878906
2022-07-21,4001.25,23.110000610351562,105.08274841308594
2022-07-22,3965.0,23.030000686645508,104.21849060058594
2022-07-25,3970.0,23.360000610351562,104.57545471191406
2022-07-26,3923.25,24.690000534057617,103.18513488769531
2022-07-27,4024.5,23.239999771118164,105.84367370605469
2022-07-28,4073.5,22.329999923706055,107.008544921875
2022-07-29,4133.5,21.329999923706055,108.56797790527344
2022-08-01,4120.5,22.84000015258789,108.38948059082031
2022-08-02,4093.75,23.93000030517578,107.44068908691406
2022-08-03,4156.25,21.950000762939453,108.80282592773438
2022-08-04,4152.25,21.440000534057617,108.97190856933594
2022-08-05,4146.75,21.149999618530273,108.63372802734375
2022-08-08,4141.75,21.290000915527344,108.59615325927734
2022-08-09,4124.5,21.770000457763672,108.05128479003906
2022-08-10,4210.0,19.739999771118164,110.4468002319336
2022-08-11,4209.75,20.200000762939453,110.47498321533203
2022-08-12,4281.0,19.530000686645508,112.0062255859375
2022-08-15,4298.25,19.950000762939453,112.12834167480469
2022-08-16,4307.75,19.690000534057617,112.35380554199219
2022-08-17,4276.75,19.899999618530273,111.47076416015625
2022-08-18,4286.5,19.559999465942383,111.48015594482422
2022-08-19,4231.5,20.600000381469727,109.98648834228516
2022-08-22,4141.25,23.799999237060547,107.77886962890625
2022-08-23,4130.5,24.110000610351562,107.77886962890625
2022-08-24,4142.75,22.81999969482422,108.07948303222656
2022-08-25,4201.0,21.780000686645508,109.48860168457031
2022-08-26,4059.5,25.559999465942383,106.06914520263672
2022-08-29,4031.25,26.209999084472656,105.477294921875
2022-08-30,3987.5,26.209999084472656,104.40637969970703
2022-08-31,3956.5,25.8700008392334,103.59846496582031
2022-09-01,3968.75,25.559999465942383,103.2978515625
2022-09-02,3924.5,25.469999313354492,102.37723541259766
2022-09-06,3910.5,26.90999984741211,101.93571472167969
2022-09-07,3980.0,24.639999389648438,103.5045394897461
2022-09-08,4005.5,23.610000610351562,104.04000854492188
2022-09-09,4067.25,22.790000915527344,106.05974578857422
2022-09-12,4110.75,23.8700008392334,107.29036712646484
2022-09-13,3931.25,27.270000457763672,102.90330505371094
2022-09-14,3947.5,26.15999984741211,103.30726623535156
2022-09-15,3902.0,26.270000457763672,102.25511169433594
2022-09-16,3871.239990234375,26.299999237060547,101.46601104736328
2022-09-19,3917.25,25.760000228881836,102.0578384399414
2022-09-20,3872.75,27.15999984741211,100.80841827392578
2022-09-21,3806.25,27.989999771118164,99.19261169433594
2022-09-22,3772.0,27.350000381469727,98.36595153808594
2022-09-23,3709.0,29.920000076293945,96.1865005493164
2022-09-26,3670.0,32.2599983215332,95.02163696289062
2022-09-27,3661.0,32.599998474121094,94.76799011230469
2022-09-28,3732.0,30.18000030517578,96.71257781982422
2022-09-29,3654.25,31.84000015258789,95.04042053222656
2022-09-30,3601.5,31.6200008392334,93.89433288574219
2022-10-03,3690.25,30.100000381469727,96.1958999633789
2022-10-04,3803.25,29.06999969482422,99.47445678710938
2022-10-05,3794.0,28.549999237060547,99.09869384765625
2022-10-06,3756.75,30.520000457763672,97.87744903564453
2022-10-07,3653.25,31.360000610351562,95.39739990234375
2022-10-10,3625.25,32.45000076293945,94.79617309570312
2022-10-11,3599.25,33.630001068115234,93.98828125
2022-10-12,3588.5,33.56999969482422,93.69705963134766
2022-10-13,3681.75,31.940000534057617,96.11134338378906
2022-10-14,3597.5,32.02000045776367,93.90373992919922
2022-10-17,3689.25,31.3700008392334,96.31802368164062
2022-10-18,3732.75,30.5,97.35138702392578
2022-10-19,3707.25,30.760000228881836,96.52468872070312
2022-10-20,3675.25,29.979999542236328,95.89529418945312
2022-10-21,3764.0,29.690000534057617,97.96199798583984
2022-10-24,3809.25,29.850000381469727,98.70413208007812
2022-10-25,3870.25,28.459999084472656,100.57356262207031
2022-10-26,3841.0,27.280000686645508,100.32933044433594
2022-10-27,3819.5,27.389999389648438,99.8126449584961
2022-10-28,3911.25,25.75,101.71965026855469
2022-10-31,3883.0,25.8799991607666,100.91175079345703
2022-11-01,3866.0,25.809999465942383,100.9305419921875
2022-11-02,3768.75,25.860000610351562,98.61019134521484
2022-11-03,3727.75,25.299999237060547,97.6426010131836
2022-11-04,3779.5,24.549999237060547,99.69051361083984
2022-11-07,3815.25,24.350000381469727,100.45145416259766
2022-11-08,3835.25,25.540000915527344,101.17478942871094
2022-11-09,3755.5,26.09000015258789,99.25839233398438
2022-11-10,3961.0,23.530000686645508,104.73516845703125
2022-11-11,4000.25,22.520000457763672,106.1724624633789
2022-11-14,3966.0,23.729999542236328,105.11092376708984
2022-11-15,3999.5,24.540000915527344,106.02216339111328
2022-11-16,3968.5,24.110000610351562,105.33638000488281
2022-11-17,3955.25,23.93000030517578,105.06395721435547
2022-11-18,3974.0,23.1200008392334,105.4585189819336
2022-11-21,3958.0,22.360000610351562,104.8291015625
2022-11-22,4010.25,21.290000915527344,106.32276916503906
2022-11-23,4033.0,20.350000381469727,107.14006805419922
2022-11-25,4032.5,20.5,107.2809829711914
2022-11-28,3970.25,22.209999084472656,105.69336700439453
2022-11-29,3962.0,21.889999389648438,105.59943389892578
2022-11-30,4081.25,20.579999923706055,108.44585418701172
2022-12-01,4081.75,19.84000015258789,108.80282592773438
2022-12-02,4075.5,19.059999465942383,108.68070220947266
2022-12-05,4003.25,20.75,106.7455062866211
2022-12-06,3945.0,22.170000076293945,105.50548553466797
2022-12-07,3936.75,22.68000030517578,105.37395477294922
2022-12-08,3965.75,22.290000915527344,106.1348876953125
2022-12-09,3936.25,22.829999923706055,105.59002685546875
2022-12-12,3991.75,25.0,106.66095733642578
2022-12-13,4022.25,22.549999237060547,107.74828338623047
2022-12-14,3998.0,21.139999389648438,107.2467269897461
2022-12-15,3897.0,22.829999923706055,104.50239562988281
2022-12-16,3871.469970703125,22.6200008392334,103.40465545654297
2022-12-19,3845.5,22.420000076293945,102.66653442382812
2022-12-20,3849.25,21.479999542236328,102.92204284667969
2022-12-21,3905.75,20.06999969482422,104.3415298461914
2022-12-22,3849.25,21.969999313354492,103.0450668334961
2022-12-23,3869.75,20.8700008392334,103.56554412841797
2022-12-27,3855.0,21.649999618530273,103.31949615478516
2022-12-28,3807.5,22.139999389648438,102.0798110961914
2022-12-29,3871.75,21.440000534057617,103.84943389892578
2022-12-30,3861.0,21.670000076293945,103.3857421875
2023-01-03,3846.0,22.899999618530273,103.24378967285156
2023-01-04,3874.5,22.010000228881836,104.25636291503906
2023-01-05,3829.0,22.459999084472656,103.03559112548828
2023-01-06,3915.5,21.1299991607666,105.4676513671875
2023-01-09,3913.75,21.969999313354492,105.59066772460938
2023-01-10,3940.75,20.579999923706055,106.16792297363281
2023-01-11,3990.0,21.09000015258789,107.32244110107422
2023-01-12,4003.5,18.829999923706055,108.15520477294922
2023-01-13,4018.25,18.350000381469727,108.63782501220703
2023-01-17,4009.5,19.360000610351562,108.62837219238281
2023-01-18,3945.75,20.34000015258789,107.37921905517578
2023-01-19,3915.5,20.520000457763672,106.69786834716797
2023-01-20,3988.5,19.850000381469727,108.41070556640625
2023-01-23,4036.5,19.809999465942383,109.4895248413086
2023-01-24,4032.75,19.200000762939453,109.38542175292969
2023-01-25,4032.0,19.079999923706055,109.60308074951172
2023-01-26,4075.5,18.729999542236328,110.51155090332031
2023-01-27,4084.25,18.510000228881836,110.67241668701172
2023-01-30,4032.5,19.940000534057617,109.42327880859375
2023-01-31,4090.0,19.399999618530273,110.72920227050781
2023-02-01,4132.25,17.8700008392334,111.89318084716797
2023-02-02,4191.5,18.729999542236328,113.0193099975586
2023-02-03,4147.75,18.329999923706055,111.82693481445312
2023-02-06,4123.5,19.43000030517578,111.0036392211914
2023-02-07,4175.75,18.65999984741211,112.28118133544922
2023-02-08,4130.5,19.6299991607666,111.2212905883789
2023-02-09,4091.75,20.709999084472656,110.54940795898438
2023-02-10,4099.75,20.530000686645508,110.55887603759766
2023-02-13,4147.25,20.34000015258789,111.7890853881836
2023-02-14,4145.5,18.90999984741211,111.9310302734375
2023-02-15,4158.25,18.229999542236328,112.09191131591797
2023-02-16,4099.75,20.170000076293945,110.87114715576172
2023-02-17,4087.5,20.020000457763672,110.60617065429688
2023-02-21,4005.75,22.8700008392334,108.71353912353516
2023-02-22,3999.0,22.290000915527344,108.46749877929688
2023-02-23,4018.75,21.139999389648438,108.98796844482422
2023-02-24,3975.75,21.670000076293945,107.549560546875
2023-02-27,3988.0,20.950000762939453,108.22145080566406
2023-02-28,3975.5,20.700000762939453,107.86185455322266
2023-03-01,3956.5,20.579999923706055,107.71990203857422
2023-03-02,3984.75,19.59000015258789,108.33500671386719
2023-03-03,4049.75,18.489999771118164,110.02892303466797
2023-03-06,4052.5,18.610000610351562,109.98161315917969
2023-03-07,3989.75,19.59000015258789,108.24037170410156
2023-03-08,3995.0,19.110000610351562,108.49588012695312
2023-03-09,3920.0,22.610000610351562,106.79249572753906
2023-03-10,3862.75,24.799999237060547,105.27838897705078
2023-03-13,3856.75,26.520000457763672,104.9755630493164
2023-03-14,3920.5,23.729999542236328,106.5748519897461
2023-03-15,3892.75,26.139999389648438,105.07965850830078
2023-03-16,3960.5,22.989999771118164,106.83036041259766
2023-03-17,3957.050048828125,25.510000228881836,105.57174682617188
2023-03-20,3983.0,24.149999618530273,106.72625732421875
2023-03-21,4035.75,21.3799991607666,108.24982452392578
2023-03-22,3970.5,22.260000228881836,106.84928894042969
2023-03-23,3978.0,22.610000610351562,107.01961517333984
2023-03-24,4001.25,21.739999771118164,107.3319091796875
2023-03-27,4007.25,20.600000381469727,107.8429183959961
2023-03-28,4001.5,19.969999313354492,107.75774383544922
2023-03-29,4057.5,19.1200008392334,109.215087890625
2023-03-30,4080.0,19.020000457763672,110.01000213623047
2023-03-31,4137.75,18.700000762939453,111.35377502441406
2023-04-03,4153.75,18.549999237060547,111.87425231933594
2023-04-04,4129.0,19.0,111.44839477539062
2023-04-05,4117.25,19.079999923706055,110.96578979492188
2023-04-06,4132.0,18.399999618530273,111.36325073242188
2023-04-10,4136.25,18.969999313354492,111.46734619140625
2023-04-11,4136.5,19.100000381469727,111.6092758178711
2023-04-12,4119.0,19.09000015258789,111.51464080810547
2023-04-13,4172.75,17.799999237060547,113.00984191894531
2023-04-14,4163.75,17.06999969482422,112.74485778808594
2023-04-17,4176.75,16.950000762939453,112.9057388305664
2023-04-18,4180.0,16.829999923706055,113.19910430908203
2023-04-19,4178.5,16.459999084472656,113.02876281738281
2023-04-20,4152.5,17.170000076293945,112.58399200439453
2023-04-21,4156.75,16.770000457763672,112.8205795288086
2023-04-24,4159.5,16.889999389648438,112.95305633544922
2023-04-25,4093.25,18.760000228881836,111.18343353271484
2023-04-26,4076.0,18.84000015258789,110.82383728027344
2023-04-27,4153.75,17.030000686645508,112.78273010253906
2023-04-28,4188.5,15.779999732971191,113.35997772216797
2023-05-01,4185.75,16.079999923706055,113.24641418457031
2023-05-02,4136.75,17.780000686645508,112.0162124633789
2023-05-03,4107.5,18.34000015258789,111.5335693359375
2023-05-04,4075.75,20.09000015258789,110.99417114257812
2023-05-05,4150.25,17.190000534057617,112.943603515625
2023-05-08,4152.75,16.979999542236328,112.99091339111328
2023-05-09,4134.0,17.709999084472656,112.52722930908203
2023-05-10,4152.0,16.940000534057617,112.80165100097656
2023-05-11,4143.75,16.93000030517578,112.53667449951172
2023-05-12,4138.0,17.030000686645508,112.37580108642578
2023-05-15,4150.0,17.1200008392334,113.04769897460938
2023-05-16,4123.0,17.989999771118164,112.07299041748047
2023-05-17,4171.5,16.8700008392334,113.142333984375
2023-05-18,4212.0,16.049999237060547,113.8709945678711
2023-05-19,4204.75,16.809999465942383,113.92777252197266
2023-05-22,4205.0,17.209999084472656,114.00348663330078
2023-05-23,4158.75,18.530000686645508,112.64077758789062
2023-05-24,4126.0,20.030000686645508,111.58090209960938
2023-05-25,4159.75,19.139999389648438,112.05406188964844
2023-05-26,4213.25,17.950000762939453,113.47354125976562
2023-05-30,4215.0,17.459999084472656,113.1044692993164
2023-05-31,4190.5,17.940000534057617,112.23385620117188
2023-06-01,4228.0,15.649999618530273,113.58708953857422
2023-06-02,4288.0,14.600000381469727,115.29048156738281
2023-06-05,4281.0,14.729999542236328,114.9403305053711
2023-06-06,4289.75,13.960000038146973,115.43243408203125
2023-06-07,4274.25,13.9399995803833,114.81136322021484
2023-06-08,4298.25,13.649999618530273,115.56619262695312
2023-06-09,4304.75,13.829999923706055,115.69996643066406
2023-06-12,4342.75,15.010000228881836,116.5981216430664
2023-06-13,4371.75,14.609999656677246,117.4771728515625
2023-06-14,4374.25,13.880000114440918,117.69692993164062
2023-06-15,4426.5,14.5,119.1492691040039
2023-06-16,4453.35009765625,13.539999961853027,118.75753021240234
2023-06-20,4434.75,13.880000114440918,117.7542724609375
2023-06-21,4409.25,13.199999809265137,117.43895721435547
2023-06-22,4423.75,12.90999984741211,117.41983032226562
2023-06-23,4389.0,13.4399995803833,116.36881256103516
2023-06-26,4370.25,14.25,116.12993621826172
2023-06-27,4418.75,13.739999771118164,117.33385467529297
2023-06-28,4417.5,13.430000305175781,117.35295867919922
2023-06-29,4435.75,13.539999961853027,117.69692993164062
2023-06-30,4488.25,13.59000015258789,118.97727966308594
2023-07-03,4492.25,13.569999694824219,119.24482727050781
2023-07-05,4483.75,14.180000305175781,118.63330841064453
2023-07-06,4447.0,15.4399995803833,117.30518341064453
2023-07-07,4434.0,14.829999923706055,117.40074157714844
2023-07-10,4444.25,15.069999694824219,117.76382446289062
2023-07-11,4473.5,14.84000015258789,118.65242004394531
2023-07-12,4507.5,13.539999961853027,119.94233703613281
2023-07-13,4543.5,13.609999656677246,121.32779693603516
2023-07-14,4536.75,13.34000015258789,121.00291442871094
2023-07-17,4553.75,13.479999542236328,121.27045440673828
2023-07-18,4587.75,13.300000190734863,122.23550415039062
2023-07-19,4597.0,13.760000228881836,122.39794158935547
2023-07-20,4565.5,13.989999771118164,121.6622085571289
2023-07-21,4564.75,13.600000381469727,121.72909545898438
2023-07-24,4583.5,13.90999984741211,121.91063690185547
2023-07-25,4596.0,13.859999656677246,122.22594451904297
2023-07-26,4595.25,13.1899995803833,122.31193542480469
2023-07-27,4564.25,14.40999984741211,121.55709838867188
2023-07-28,4606.5,13.329999923706055,122.72280883789062
2023-07-31,4614.5,13.630000114440918,122.81834411621094
2023-08-01,4601.25,13.930000305175781,122.21639251708984
2023-08-02,4537.25,16.09000015258789,120.29585266113281
2023-08-03,4521.75,15.920000076293945,119.9327621459961
2023-08-04,4498.0,17.100000381469727,119.64613342285156
2023-08-07,4537.75,15.770000457763672,120.66851043701172
2023-08-08,4518.5,15.989999771118164,120.05699157714844
2023-08-09,4485.75,15.960000038146973,119.44547271728516
2023-08-10,4485.75,15.850000381469727,119.59835052490234
2023-08-11,4480.75,14.84000015258789,119.31171417236328
2023-08-14,4506.0,14.819999694824219,119.59835052490234
2023-08-15,4454.0,16.459999084472656,118.17467498779297
2023-08-16,4420.0,16.780000686645508,117.23829650878906
2023-08-17,4384.5,17.889999389648438,116.42613983154297
2023-08-18,4382.75,17.299999237060547,116.39746856689453
2023-08-21,4412.5,17.1299991607666,117.11408233642578
2023-08-22,4399.25,16.969999313354492,116.77011108398438
2023-08-23,4447.0,15.979999542236328,118.01224517822266
2023-08-24,4386.0,17.200000762939453,116.44525146484375
2023-08-25,4414.25,15.680000305175781,117.23829650878906
2023-08-28,4442.25,15.079999923706055,118.13645935058594
2023-08-29,4506.75,14.449999809265137,119.81812286376953
2023-08-30,4524.25,13.880000114440918,120.28630065917969
2023-08-31,4516.0,13.569999694824219,120.1047592163086
2023-09-01,4521.5,13.09000015258789,120.305419921875
2023-09-05,4502.5,14.010000228881836,119.63656616210938
2023-09-06,4471.5,14.449999809265137,118.910400390625
2023-09-07,4456.25,14.399999618530273,118.56642150878906
2023-09-08,4461.75,13.84000015258789,118.5950927734375
2023-09-11,4490.25,13.800000190734863,119.52191162109375
2023-09-12,4465.0,14.229999542236328,118.9390640258789
2023-09-13,4468.75,13.479999542236328,118.97727966308594
2023-09-14,4506.0,12.819999694824219,120.12387084960938
2023-09-15,4491.72021484375,13.789999961853027,119.07284545898438
2023-09-18,4501.5,14.0,118.97727966308594
2023-09-19,4490.0,14.109999656677246,118.8052978515625
2023-09-20,4447.0,15.140000343322754,117.93580627441406
2023-09-21,4372.0,17.540000915527344,115.95795440673828
2023-09-22,4361.0,17.200000762939453,115.77640533447266
2023-09-25,4378.75,16.899999618530273,115.98661804199219
2023-09-26,4314.75,18.940000534057617,114.34317016601562
2023-09-27,4313.5,18.219999313354492,114.2571792602539
2023-09-28,4337.5,17.34000015258789,115.15533447265625
2023-09-29,4325.5,17.520000457763672,114.8209228515625
2023-10-02,4324.25,17.610000610351562,114.19029235839844
2023-10-03,4264.75,19.780000686645508,112.69017028808594
2023-10-04,4297.75,18.579999923706055,113.34945678710938
2023-10-05,4290.75,18.489999771118164,113.58834075927734
2023-10-06,4341.5,17.450000762939453,114.89735412597656
2023-10-09,4368.75,17.700000762939453,115.41332244873047
2023-10-10,4391.5,17.030000686645508,116.3592529296875
2023-10-11,4409.75,16.09000015258789,116.87522888183594
2023-10-12,4380.5,16.690000534057617,115.97704315185547
2023-10-13,4357.25,19.31999969482422,115.30821990966797
2023-10-16,4401.0,17.209999084472656,116.42613983154297
2023-10-17,4401.75,17.8799991607666,116.41658020019531
2023-10-18,4342.25,19.219999313354492,114.71581268310547
2023-10-19,4303.0,21.399999618530273,113.68389129638672
2023-10-20,4248.5,21.709999084472656,112.41310119628906
2023-10-23,4241.75,20.3700008392334,112.26976776123047
2023-10-24,4271.25,18.969999313354492,113.0341567993164
2023-10-25,4209.75,20.190000534057617,111.57225036621094
2023-10-26,4156.5,20.68000030517578,110.43522644042969
2023-10-27,4137.75,21.270000457763672,109.8906021118164
2023-10-30,4185.75,19.75,111.24738311767578
2023-10-31,4212.25,18.139999389648438,111.89712524414062
2023-11-01,4256.0,16.8700008392334,113.05325317382812
2023-11-02,4335.75,15.65999984741211,115.346435546875
2023-11-03,4376.0,14.90999984741211,116.50257873535156
2023-11-06,4384.25,14.890000343322754,116.46436309814453
2023-11-07,4396.0,14.8100004196167,116.55989837646484
2023-11-08,4399.5,14.449999809265137,116.58857727050781
2023-11-09,4362.25,15.289999961853027,115.91017150878906
2023-11-10,4430.5,14.170000076293945,117.37206268310547
2023-11-13,4425.25,14.760000228881836,117.41028594970703
2023-11-14,4511.0,14.15999984741211,119.87545013427734
2023-11-15,4519.25,14.180000305175781,120.06654357910156
2023-11-16,4523.25,14.319999694824219,120.06654357910156
2023-11-17,4527.5,13.800000190734863,120.67805480957031
2023-11-20,4562.25,13.40999984741211,121.41378021240234
2023-11-21,4551.25,13.350000381469727,121.15579986572266
2023-11-22,4567.25,12.850000381469727,121.56665802001953
2023-11-23,4569.5,12.850000381469727,121.56665802001953
2023-11-24,4568.25,12.460000038146973,121.84374237060547
2023-11-27,4561.0,12.6899995803833,121.64309692382812
2023-11-28,4563.0,12.6899995803833,121.7386474609375
2023-11-29,4559.25,12.979999542236328,121.75775909423828
2023-11-30,4576.75,12.920000076293945,122.09217834472656
2023-12-01,4600.75,12.630000114440918,123.02854919433594
2023-12-04,4576.5,13.079999923706055,122.34059143066406
2023-12-05,4575.0,12.850000381469727,122.14949798583984
2023-12-06,4556.0,12.970000267028809,121.86286926269531
2023-12-07,4589.5,13.0600004196167,122.74191284179688
2023-12-08,4607.5,12.350000381469727,123.18142700195312
2023-12-11,4626.0,12.630000114440918,123.64961242675781
2023-12-12,4645.75,12.069999694824219,123.9744873046875
2023-12-13,4708.25,12.1899995803833,125.80902099609375
2023-12-14,4721.75,12.479999542236328,126.46829986572266
2023-12-15,4694.27001953125,12.279999732971191,126.07654571533203
2023-12-18,4793.0,12.5600004196167,126.65940856933594
2023-12-19,4820.25,12.529999732971191,127.53845977783203
2023-12-20,4749.75,13.670000076293945,125.84200286865234
2023-12-21,4796.75,13.649999618530273,127.31592559814453
2023-12-22,4805.25,13.029999732971191,127.57599639892578
2023-12-26,4825.0,12.989999771118164,128.10586547851562
2023-12-27,4833.5,12.430000305175781,128.47193908691406
2023-12-28,4832.25,12.470000267028809,128.3948516845703
2023-12-29,4820.0,12.449999809265137,128.1444091796875
2024-01-02,4787.25,13.199999809265137,127.0750732421875
2024-01-03,4746.5,14.039999961853027,126.0539321899414
2024-01-04,4729.5,14.130000114440918,125.90943908691406
2024-01-05,4734.75,13.350000381469727,126.06356048583984
2024-01-08,4801.25,13.079999923706055,127.73016357421875
2024-01-09,4792.75,12.760000228881836,127.21956634521484
2024-01-10,4820.25,12.6899995803833,127.96134948730469
2024-01-11,4815.5,12.4399995803833,127.95172882080078
2024-01-12,4816.5,12.699999809265137,128.0576934814453
2024-01-16,4798.5,13.84000015258789,127.17140197753906
2024-01-17,4771.25,14.789999961853027,126.34293365478516
2024-01-18,4811.25,14.130000114440918,127.40262603759766
2024-01-19,4869.5,13.300000190734863,128.7320556640625
2024-01-22,4881.0,13.1899995803833,129.03067016601562
2024-01-23,4895.0,12.550000190734863,129.19442749023438
2024-01-24,4898.0,13.140000343322754,129.49307250976562
2024-01-25,4923.25,13.449999809265137,130.003662109375
2024-01-26,4916.25,13.260000228881836,130.1192626953125
2024-01-29,4954.5,13.600000381469727,131.1211395263672
2024-01-30,4951.0,13.3100004196167,131.00555419921875
2024-01-31,4870.5,14.350000381469727,129.28114318847656
2024-02-01,4928.5,13.880000114440918,130.7743377685547
2024-02-02,4980.25,13.850000381469727,131.44866943359375
2024-02-05,4962.0,13.670000076293945,130.86105346679688
2024-02-06,4974.75,13.0600004196167,131.37159729003906
2024-02-07,5015.25,12.829999923706055,132.12301635742188
2024-02-08,5017.75,12.789999961853027,132.20008850097656
2024-02-09,5044.0,12.930000305175781,132.84552001953125
2024-02-12,5041.25,13.930000305175781,132.94186401367188
2024-02-13,4971.25,15.850000381469727,130.94773864746094
2024-02-14,5018.0,14.380000114440918,132.3446044921875
2024-02-15,5046.5,14.010000228881836,133.47169494628906
2024-02-16,5019.75,14.239999771118164,132.9803924560547
2024-02-20,4991.5,15.420000076293945,132.56614685058594
2024-02-21,4996.25,15.34000015258789,132.65284729003906
2024-02-22,5097.75,14.539999961853027,135.0419464111328
2024-02-23,5101.5,13.75,135.18646240234375
2024-02-26,5080.25,13.739999771118164,134.666259765625
2024-02-27,5090.0,13.430000305175781,135.01303100585938
2024-02-28,5081.0,13.84000015258789,134.5891876220703
2024-02-29,5103.75,13.399999618530273,135.13829040527344
2024-03-01,5146.0,13.109999656677246,136.35211181640625
2024-03-04,5138.25,13.489999771118164,136.18833923339844
2024-03-05,5085.75,14.460000038146973,135.128662109375
2024-03-06,5111.75,14.5,136.1401824951172
2024-03-07,5161.75,14.4399995803833,137.60446166992188
2024-03-08,5129.0,14.739999771118164,136.872314453125
2024-03-11,5123.0,15.220000267028809,136.4773406982422
2024-03-12,5177.25,13.84000015258789,137.91273498535156
2024-03-13,5168.0,13.75,137.78750610351562
2024-03-14,5153.75,14.399999618530273,137.1805877685547
2024-03-15,5101.669921875,14.40999984741211,136.54478454589844
2024-03-18,5214.75,14.329999923706055,136.95901489257812
2024-03-19,5241.75,13.819999694824219,137.6333465576172
2024-03-20,5286.75,13.039999961853027,138.92425537109375
2024-03-21,5302.5,12.920000076293945,139.3673858642578
2024-03-22,5293.25,13.0600004196167,139.10726928710938
2024-03-25,5278.25,13.1899995803833,138.72193908691406
2024-03-26,5265.25,13.239999771118164,138.5388946533203
2024-03-27,5308.25,12.779999732971191,139.5985870361328
2024-03-28,5308.5,13.010000228881836,139.5985870361328
2024-04-01,5295.25,13.649999618530273,139.20361328125
2024-04-02,5260.5,14.609999656677246,138.2402801513672
2024-04-03,5266.5,14.329999923706055,138.65452575683594
2024-04-04,5197.25,16.350000381469727,137.08425903320312
2024-04-05,5253.0,16.030000686645508,138.29808044433594
2024-04-08,5253.25,15.1899995803833,138.4521942138672
2024-04-09,5260.25,14.979999542236328,138.5581817626953
2024-04-10,5207.75,15.800000190734863,137.02645874023438
2024-04-11,5243.25,14.90999984741211,137.9705352783203
2024-04-12,5167.5,17.309999465942383,135.82228088378906
2024-04-15,5104.0,19.229999542236328,134.43505859375
2024-04-16,5092.5,18.399999618530273,133.88595581054688
2024-04-17,5062.25,18.209999084472656,133.44281005859375
2024-04-18,5049.0,18.0,133.04783630371094
2024-04-19,5003.75,18.709999084472656,132.27716064453125
2024-04-22,5047.5,16.940000534057617,133.43316650390625
2024-04-23,5106.5,15.6899995803833,134.92636108398438
2024-04-24,5107.5,15.970000267028809,134.8203887939453
2024-04-25,5082.25,15.369999885559082,134.33871459960938
2024-04-26,5131.5,15.029999732971191,135.6392364501953
2024-04-29,5147.0,14.670000076293945,136.05345153808594
2024-04-30,5067.0,15.649999618530273,134.0689697265625
2024-05-01,5046.5,15.390000343322754,133.51988220214844
2024-05-02,5091.5,14.680000305175781,134.9456329345703
2024-05-03,5154.75,13.489999771118164,136.58331298828125
2024-05-06,5206.5,13.489999771118164,137.92236328125
2024-05-07,5213.75,13.229999542236328,138.0668487548828
2024-05-08,5212.75,13.0,138.0572509765625
2024-05-09,5239.0,12.6899995803833,138.8568115234375
2024-05-10,5246.25,12.550000190734863,139.08802795410156
2024-05-13,5245.5,13.600000381469727,139.00131225585938
2024-05-14,5269.5,13.420000076293945,139.82015991210938
2024-05-15,5333.0,12.449999809265137,141.41932678222656
2024-05-16,5320.25,12.420000076293945,141.072509765625
2024-05-17,5327.25,11.989999771118164,141.35189819335938
2024-05-20,5331.75,12.149999618530273,141.40005493164062
2024-05-21,5345.25,11.859999656677246,141.63125610351562
2024-05-22,5328.0,12.289999961853027,140.94728088378906
2024-05-23,5285.25,12.770000457763672,139.9742889404297
2024-05-24,5321.5,11.930000305175781,140.94728088378906
2024-05-28,5324.75,12.920000076293945,140.9761962890625
2024-05-29,5284.0,14.279999732971191,139.5118865966797
2024-05-30,5253.0,14.470000267028809,139.32884216308594
2024-05-31,5295.5,12.920000076293945,140.36927795410156
2024-06-03,5297.25,13.109999656677246,140.70645141601562
2024-06-04,5304.0,13.15999984741211,140.6775360107422
2024-06-05,5366.0,12.630000114440918,142.15147399902344
2024-06-06,5364.0,12.579999923706055,142.2381591796875
2024-06-07,5355.75,12.220000267028809,141.640869140625
2024-06-10,5371.25,12.739999771118164,141.95880126953125
2024-06-11,5384.0,12.850000381469727,141.7635955810547
2024-06-12,5427.5,12.039999961853027,143.0843963623047
2024-06-13,5438.5,11.9399995803833,142.7736053466797
2024-06-14,5437.5,12.65999984741211,142.3560028076172
2024-06-17,5478.5,12.75,143.22036743164062
2024-06-18,5491.0,12.300000190734863,143.6962432861328
2024-06-20,5476.75,13.279999732971191,143.46315002441406
2024-06-21,5471.89013671875,13.199999809265137,142.9872589111328
2024-06-24,5517.0,13.329999923706055,143.02613830566406
2024-06-25,5537.0,12.84000015258789,143.52142333984375
2024-06-26,5543.5,12.550000190734863,143.4437255859375
2024-06-27,5546.0,12.239999771118164,143.4825897216797
2024-06-28,5521.5,12.4399995803833,143.2397918701172
2024-07-01,5533.75,12.220000267028809,143.55056762695312
2024-07-02,5568.75,12.029999732971191,144.29835510253906
2024-07-03,5590.25,12.09000015258789,145.27926635742188
2024-07-05,5621.5,12.479999542236328,146.1630401611328
2024-07-08,5625.25,12.369999885559082,146.00765991210938
2024-07-09,5631.25,12.510000228881836,146.0950469970703
2024-07-10,5688.0,12.850000381469727,147.6392364501953
2024-07-11,5639.75,12.920000076293945,146.91085815429688
2024-07-12,5664.75,12.460000038146973,148.00828552246094
2024-07-15,5683.0,13.119999885559082,148.0180206298828
2024-07-16,5717.25,13.1899995803833,148.88235473632812
2024-07-17,5639.0,14.479999542236328,147.2313690185547
2024-07-18,5594.5,15.930000305175781,145.91053771972656
2024-07-19,5553.75,16.520000457763672,144.88107299804688
2024-07-22,5610.75,14.90999984741211,146.42526245117188
2024-07-23,5599.25,14.720000267028809,145.95907592773438
2024-07-24,5472.0,18.040000915527344,142.9872589111328
2024-07-25,5441.25,18.459999084472656,142.27830505371094
2024-07-26,5499.0,16.389999389648438,143.86134338378906
2024-07-29,5503.0,16.600000381469727,143.8127899169922
2024-07-30,5472.5,17.690000534057617,143.40489196777344
2024-07-31,5558.0,16.360000610351562,145.6483154296875
2024-08-01,5480.25,18.59000015258789,143.06495666503906
2024-08-02,5376.0,23.389999389648438,140.45245361328125
2024-08-05,5217.5,38.56999969482422,136.62603759765625
2024-08-06,5266.25,27.709999084472656,137.67489624023438
2024-08-07,5227.5,27.850000381469727,137.11160278320312
2024-08-08,5348.25,23.790000915527344,140.025146484375
2024-08-09,5370.25,20.3700008392334,140.8506622314453
2024-08-12,5369.75,20.709999084472656,140.7244110107422
2024-08-13,5459.0,18.1200008392334,143.17178344726562
2024-08-14,5477.0,16.190000534057617,143.60882568359375
2024-08-15,5567.5,15.229999542236328,145.7648468017578
2024-08-16,5578.25,14.800000190734863,146.36700439453125
2024-08-19,5630.0,14.649999618530273,147.83346557617188
2024-08-20,5619.75,15.880000114440918,147.6198272705078
2024-08-21,5641.5,16.270000457763672,148.46475219726562
2024-08-22,5594.0,17.549999237060547,147.12451171875
2024-08-23,5652.5,15.859999656677246,149.36795043945312
2024-08-26,5637.0,16.149999618530273,148.94061279296875
2024-08-27,5644.75,15.430000305175781,149.16400146484375
2024-08-28,5610.25,17.110000610351562,148.4550323486328
2024-08-29,5610.0,15.649999618530273,148.55215454101562
2024-08-30,5661.0,15.0,149.7369842529297
2024-09-03,5541.75,20.719999313354492,146.65835571289062
2024-09-04,5530.0,21.31999969482422,146.376708984375
2024-09-05,5512.25,19.899999618530273,145.8619842529297
2024-09-06,5419.5,22.3799991607666,143.49229431152344
2024-09-09,5479.5,19.450000762939453,145.02676391601562
2024-09-10,5504.0,19.079999923706055,145.42494201660156
2024-09-11,5561.25,17.690000534057617,146.8525848388672
2024-09-12,5602.25,17.06999969482422,147.96945190429688
2024-09-13,5629.75,16.559999465942383,148.7269744873047
2024-09-16,5638.0,17.139999389648438,149.24169921875
2024-09-17,5639.0,17.610000610351562,148.9989013671875
2024-09-18,5620.75,18.229999542236328,148.6007080078125
2024-09-19,5717.75,16.329999923706055,151.17434692382812
2024-09-20,5699.990234375,16.149999618530273,150.64019775390625
2024-09-23,5776.75,15.890000343322754,151.09666442871094
2024-09-24,5792.0,15.390000343322754,151.5725555419922
2024-09-25,5779.0,15.40999984741211,151.1937713623047
2024-09-26,5804.5,15.369999885559082,152.57284545898438
2024-09-27,5791.25,16.959999084472656,152.10667419433594
2024-09-30,5814.25,16.729999542236328,152.38833618164062
2024-10-01,5759.75,19.260000228881836,151.12579345703125
2024-10-02,5760.25,18.899999618530273,151.1452178955078
2024-10-03,5749.5,20.489999771118164,150.57220458984375
2024-10-04,5800.0,19.209999084472656,151.83474731445312
2024-10-07,5744.75,22.639999389648438,150.5333709716797
2024-10-08,5800.5,21.420000076293945,151.5725555419922
2024-10-09,5841.25,20.860000610351562,152.37860107421875
2024-10-10,5829.0,20.93000030517578,152.12611389160156
2024-10-11,5859.75,20.459999084472656,153.0001678466797
2024-10-14,5908.25,19.700000762939453,153.97134399414062
2024-10-15,5862.75,20.639999389648438,152.44659423828125
2024-10-16,5887.0,19.579999923706055,153.0681610107422
2024-10-17,5887.0,19.110000610351562,153.15554809570312
2024-10-18,5906.0,18.030000686645508,153.83538818359375
2024-10-21,5896.25,18.3700008392334,153.165283203125
2024-10-22,5892.5,18.200000762939453,152.9224853515625
2024-10-23,5837.75,19.239999771118164,151.397705078125
2024-10-24,5849.0,19.079999923706055,151.8930206298828
2024-10-25,5846.0,20.329999923706055,151.65023803710938
2024-10-28,5861.5,19.799999237060547,152.32032775878906
2024-10-29,5871.0,19.34000015258789,152.32032775878906
2024-10-30,5852.0,20.350000381469727,151.76678466796875
2024-10-31,5738.5,23.15999984741211,149.29995727539062
2024-11-01,5758.25,21.8799991607666,149.90211486816406
2024-11-04,5743.25,21.979999542236328,149.69815063476562
2024-11-05,5812.25,20.489999771118164,151.4656982421875
2024-11-06,5958.25,16.270000457763672,153.79653930664062
2024-11-07,6003.75,15.199999809265137,155.3018798828125
2024-11-08,6025.25,14.9399995803833,155.2727508544922
2024-11-11,6031.75,14.970000267028809,155.632080078125
2024-11-12,6013.0,14.710000038146973,154.5928955078125
2024-11-13,6016.0,14.020000457763672,154.3889617919922
2024-11-14,5978.25,14.3100004196167,153.7479705810547
2024-11-15,5896.5,16.139999389648438,152.14553833007812
2024-11-18,5920.0,15.579999923706055,152.8544921875
2024-11-19,5938.75,16.350000381469727,153.30123901367188
2024-11-20,5937.75,17.15999984741211,153.2138214111328
2024-11-21,5970.5,16.8700008392334,154.00048828125
2024-11-22,5987.0,15.239999771118164,154.6706085205078
2024-11-25,6006.5,14.600000381469727,155.15618896484375
2024-11-26,6038.25,14.100000381469727,155.43785095214844
2024-11-27,6015.0,14.100000381469727,155.2436065673828
2024-11-29,6051.5,13.510000228881836,156.49642944335938
2024-12-02,6061.75,13.34000015258789,156.89462280273438
2024-12-03,6063.25,13.300000190734863,157.05972290039062
2024-12-04,6098.5,13.449999809265137,157.97264099121094
2024-12-05,6088.75,13.539999961853027,157.98233032226562
2024-12-06,6099.0,12.770000457763672,158.2542724609375
2024-12-09,6065.75,14.1899995803833,157.35107421875
2024-12-10,6046.25,14.180000305175781,156.68096923828125
2024-12-11,6092.75,13.579999923706055,157.90464782714844
2024-12-12,6060.75,13.920000076293945,156.8848876953125
2024-12-13,6055.5,13.8100004196167,156.7003936767578
2024-12-16,6080.5,14.6899995803833,157.04029846191406
2024-12-17,6053.75,15.869999885559082,156.45651245117188
2024-12-18,5872.25,27.6200008392334,151.9388427734375
2024-12-19,5868.75,24.09000015258789,151.72372436523438
2024-12-20,5840.259765625,18.360000610351562,152.89710998535156
2024-12-23,6036.0,16.780000686645508,153.91409301757812
2024-12-24,6098.0,14.270000457763672,155.25375366210938
2024-12-26,6095.25,14.729999542236328,155.53732299804688
2024-12-27,6027.0,15.949999809265137,154.10968017578125
2024-12-30,5958.75,17.399999618530273,152.66244506835938
2024-12-31,5935.75,17.350000381469727,152.05616760253906
2025-01-02,5916.5,17.93000030517578,151.7628173828125
2025-01-03,5989.5,16.1299991607666,153.50340270996094
2025-01-06,6020.5,16.040000915527344,154.26611328125
2025-01-07,5954.25,17.81999969482422,152.94602966308594
2025-01-08,5959.25,17.700000762939453,152.965576171875
2025-01-09,5944.75,17.700000762939453,152.965576171875
2025-01-10,5866.25,19.540000915527344,150.83384704589844
2025-01-13,5874.5,19.190000534057617,150.81430053710938
2025-01-14,5882.25,18.709999084472656,151.00987243652344
2025-01-15,5989.0,16.1200008392334,153.63050842285156
2025-01-16,5975.5,16.600000381469727,153.65985107421875
2025-01-17,6033.5,15.970000267028809,154.89195251464844
2025-01-21,6084.25,15.0600004196167,156.7205352783203
2025-01-22,6120.5,15.100000381469727,157.32679748535156
2025-01-23,6152.0,15.020000457763672,158.28509521484375
2025-01-24,6133.25,14.850000381469727,158.15798950195312
2025-01-27,6046.75,17.899999618530273,156.4369354248047
2025-01-28,6097.0,16.40999984741211,157.3659210205078
2025-01-29,6067.5,16.559999465942383,156.857421875
2025-01-30,6099.25,15.84000015258789,157.97218322753906
2025-01-31,6067.25,16.43000030517578,157.10189819335938
2025-02-03,6022.25,18.6200008392334,155.84046936035156
2025-02-04,6063.0,17.209999084472656,157.08233642578125
2025-02-05,6086.5,15.770000457763672,157.97218322753906
2025-02-06,6106.0,15.5,158.4709014892578
2025-02-07,6049.5,16.540000915527344,157.04324340820312
2025-02-10,6088.75,15.8100004196167,158.09930419921875
2025-02-11,6092.25,16.020000457763672,158.38287353515625
2025-02-12,6072.75,15.890000343322754,158.24598693847656
2025-02-13,6135.25,15.100000381469727,159.92788696289062
2025-02-14,6132.0,14.770000457763672,159.9376678466797
2025-02-18,6146.75,15.350000381469727,160.4559326171875
2025-02-19,6163.0,15.270000457763672,160.39724731445312
2025-02-20,6136.5,15.65999984741211,160.08436584472656
2025-02-21,6029.0,18.209999084472656,157.7081756591797
2025-02-24,6000.75,18.979999542236328,157.0725555419922
2025-02-25,5970.0,19.43000030517578,156.857421875
2025-02-26,5970.75,19.100000381469727,156.95521545410156
2025-02-27,5876.25,21.1299991607666,154.55947875976562
2025-02-28,5963.25,19.6299991607666,156.45651245117188
2025-03-03,5860.75,22.780000686645508,154.7843780517578
2025-03-04,5789.5,23.510000228881836,153.4838409423828
2025-03-05,5851.25,21.93000030517578,155.71336364746094
2025-03-06,5746.25,24.8700008392334,153.02426147460938
2025-03-07,5776.0,23.3700008392334,154.14878845214844
2025-03-10,5620.75,27.860000610351562,149.94400024414062
2025-03-11,5577.0,26.920000076293945,149.0541534423828
2025-03-12,5604.75,24.229999542236328,149.80711364746094
2025-03-13,5527.5,24.65999984741211,147.89051818847656
2025-03-14,5640.0,21.770000457763672,151.0392303466797
2025-03-17,5680.25,20.510000228881836,152.41796875
2025-03-18,5618.0,21.700000762939453,151.10765075683594
2025-03-19,5678.5,19.899999618530273,152.4766387939453
2025-03-20,5662.5,19.799999237060547,151.8899383544922
2025-03-21,5617.7998046875,19.280000686645508,151.79214477539062
2025-03-24,5815.5,17.479999542236328,153.93365478515625
2025-03-25,5826.5,17.149999618530273,154.28567504882812
2025-03-26,5759.5,18.329999923706055,152.52554321289062
2025-03-27,5739.25,18.690000534057617,152.13441467285156
2025-03-28,5623.0,21.649999618530273,149.49420166015625
2025-03-31,5653.25,22.280000686645508,149.7875518798828
2025-04-01,5674.5,21.770000457763672,150.19827270507812
2025-04-02,5712.25,21.510000228881836,151.2054443359375
2025-04-03,5432.75,30.020000457763672,144.99607849121094
2025-04-04,5110.25,45.310001373291016,136.16604614257812
2025-04-07,5097.25,46.97999954223633,134.95350646972656
2025-04-08,5020.25,52.33000183105469,133.28140258789062
2025-04-09,5491.0,33.619998931884766,145.19163513183594
2025-04-10,5302.0,40.720001220703125,140.90866088867188
2025-04-11,5391.25,37.560001373291016,143.6661834716797
2025-04-14,5440.75,30.889999389648438,144.9862823486328
2025-04-15,5428.25,30.1200008392334,145.1623077392578
2025-04-16,5305.75,32.63999938964844,142.80567932128906
2025-04-17,5312.75,29.649999618530273,143.42173767089844
2025-04-21,5184.75,33.81999969482422,140.7913055419922
2025-04-22,5314.75,30.56999969482422,144.1160125732422
2025-04-23,5401.75,28.450000762939453,145.91526794433594
2025-04-24,5511.25,26.469999313354492,148.73147583007812
2025-04-25,5549.75,24.84000015258789,149.66043090820312
2025-04-28,5553.0,25.149999618530273,150.0515594482422
2025-04-29,5583.75,24.170000076293945,150.76539611816406
2025-04-30,5587.0,24.700000762939453,150.86318969726562
2025-05-01,5623.25,24.600000381469727,151.3521270751953
2025-05-02,5709.0,22.68000030517578,153.7283172607422
2025-05-05,5671.75,23.639999389648438,153.16114807128906
2025-05-06,5625.75,24.760000228881836,152.2615203857422
2025-05-07,5652.0,23.549999237060547,152.57443237304688
2025-05-08,5684.5,22.479999542236328,153.1513671875
2025-05-09,5678.0,21.899999618530273,153.30784606933594
2025-05-12,5865.0,18.389999389648438,157.0725555419922
2025-05-13,5904.5,18.219999313354492,158.04061889648438
2025-05-14,5908.5,18.6200008392334,158.04061889648438
2025-05-15,5933.25,17.829999923706055,158.91091918945312
2025-05-16,5975.5,17.239999771118164,159.88877868652344
2025-05-19,5982.5,18.139999389648438,160.29946899414062
2025-05-20,5959.75,18.09000015258789,160.13323974609375
2025-05-21,5861.25,20.8700008392334,158.03085327148438
2025-05-22,5856.75,20.280000686645508,157.91351318359375
2025-05-23,5817.0,22.290000915527344,157.395263671875
2025-05-27,5934.25,18.959999084472656,160.20169067382812
2025-05-28,5902.75,19.309999465942383,159.16517639160156
2025-05-29,5922.75,19.18000030517578,159.73233032226562
2025-05-30,5916.0,18.56999969482422,159.69322204589844
2025-06-02,5947.25,18.360000610351562,160.8079376220703
2025-06-03,5981.5,17.690000534057617,161.26756286621094
2025-06-04,5981.0,17.610000610351562,161.46311950683594
2025-06-05,5946.0,18.479999542236328,160.79818725585938
2025-06-06,6006.75,16.770000457763672,162.1769561767578
2025-06-09,6010.25,17.15999984741211,162.2551727294922
2025-06-10,6045.0,16.950000762939453,162.86146545410156
2025-06-11,6029.0,17.260000228881836,162.48988342285156
2025-06-12,6049.5,18.020000457763672,163.27215576171875
2025-06-13,5979.25,20.81999969482422,161.3457794189453
2025-06-16,6035.75,19.110000610351562,162.7460174560547
2025-06-17,5985.0,21.600000381469727,161.24822998046875
2025-06-18,5981.5,20.139999389648438,161.2876434326172
2025-06-20,6010.2099609375,20.6200008392334,160.63729858398438
2025-06-23,6077.0,19.829999923706055,162.0858154296875
2025-06-24,6146.25,17.479999542236328,163.97775268554688
2025-06-25,6147.0,16.760000228881836,163.6919708251953
2025-06-26,6195.0,16.59000015258789,165.2489013671875
2025-06-27,6223.75,16.31999969482422,166.12586975097656
2025-06-30,6253.75,16.729999542236328,166.9043426513672
2025-07-01,6248.75,16.829999923706055,166.6776885986328
2025-07-02,6275.0,16.639999389648438,167.38717651367188
2025-07-03,6324.25,16.3799991607666,168.37254333496094
2025-07-04,6283.5,16.3799991607666,168.37254333496094
2025-07-07,6276.0,17.790000915527344,166.99302673339844
2025-07-08,6272.0,16.809999465942383,167.0817108154297
2025-07-09,6307.25,15.9399995803833,168.2050323486328
2025-07-10,6324.25,15.779999732971191,168.5302276611328
2025-07-11,6300.0,16.399999618530273,167.6236572265625
2025-07-14,6311.0,17.200000762939453,167.9685516357422
2025-07-15,6284.0,17.3799991607666,166.99302673339844
2025-07-16,6303.25,17.15999984741211,167.51527404785156
2025-07-17,6340.5,16.520000457763672,168.45138549804688
2025-07-18,6334.75,16.40999984741211,168.3134307861328
2025-07-21,6344.75,16.649999618530273,168.71743774414062
2025-07-22,6346.75,16.5,169.01304626464844
2025-07-23,6396.25,15.369999885559082,170.9542694091797
2025-07-24,6401.5,15.390000343322754,170.81631469726562
2025-07-25,6425.0,14.930000305175781,171.21046447753906
2025-07-28,6422.75,15.029999732971191,170.47142028808594
2025-07-29,6406.0,15.979999542236328,170.10682678222656
2025-07-30,6396.25,15.479999542236328,169.62400817871094
2025-07-31,6374.25,16.719999313354492,168.5991973876953
2025-08-01,6264.5,20.3799991607666,166.490478515625
2025-08-04,6356.0,17.520000457763672,168.91452026367188
2025-08-05,6325.25,17.850000381469727,168.34300231933594
2025-08-06,6371.0,16.770000457763672,169.6732635498047
2025-08-07,6366.5,16.56999969482422,169.8309326171875
2025-08-08,6413.5,15.149999618530273,171.09222412109375
2025-08-11,6399.75,16.25,170.56997680664062
2025-08-12,6468.5,14.729999542236328,172.5604248046875
2025-08-13,6488.75,14.489999771118164,173.20094299316406
2025-08-14,6490.5,14.829999923706055,173.03343200683594
2025-08-15,6471.5,15.09000015258789,173.15167236328125
2025-08-18,6469.25,14.989999771118164,172.95458984375
2025-08-19,6432.5,15.569999694824219,172.23526000976562
2025-08-20,6413.25,15.6899995803833,172.1170196533203
2025-08-21,6388.25,16.600000381469727,171.4174041748047
2025-08-22,6483.25,14.220000267028809,173.97938537597656
2025-08-25,6455.5,14.789999961853027,172.92503356933594
2025-08-26,6482.5,14.619999885559082,173.3684539794922
2025-08-27,6496.0,14.850000381469727,173.634521484375
2025-08-28,6517.5,14.430000305175781,174.33413696289062
2025-08-29,6472.75,15.359999656677246,173.309326171875
2025-09-02,6425.5,17.170000076293945,171.99876403808594
2025-09-03,6457.25,16.350000381469727,172.63926696777344
2025-09-04,6510.75,15.300000190734863,174.07794189453125
2025-09-05,6489.75,15.180000305175781,173.85128784179688
2025-09-08,6506.0,15.109999656677246,174.66915893554688
2025-09-09,6521.75,15.039999961853027,174.9647674560547
2025-09-10,6539.75,15.350000381469727,175.26039123535156
2025-09-11,6592.5,14.710000038146973,176.8468475341797
2025-09-12,6588.25,14.760000228881836,176.63006591796875
2025-09-15,6621.5,15.6899995803833,177.5464630126953
2025-09-16,6610.75,16.360000610351562,177.3789520263672
2025-09-17,6601.25,15.720000267028809,176.93553161621094
2025-09-18,6635.0,15.699999809265137,177.86180114746094
2025-09-19,6658.77001953125,15.449999809265137,178.39390563964844
2025-09-22,6752.5,16.100000381469727,179.0541229248047
2025-09-23,6715.0,16.639999389648438,178.32493591308594
2025-09-24,6692.25,16.18000030517578,177.5267791748047
2025-09-25,6659.75,16.739999771118164,176.71875
2025-09-26,6696.5,15.289999961853027,177.66473388671875
2025-09-29,6713.5,16.1200008392334,178.2855224609375
2025-09-30,6738.75,16.280000686645508,178.90631103515625
2025-10-01,6761.5,16.290000915527344,179.69461059570312
2025-10-02,6766.75,16.6299991607666,179.97052001953125
2025-10-03,6764.0,16.649999618530273,180.33511352539062
2025-10-06,6788.75,16.3700008392334,180.9263458251953
2025-10-07,6761.5,17.239999771118164,179.9508056640625
2025-10-08,6801.25,16.299999237060547,180.83766174316406
2025-10-09,6779.25,16.43000030517578,180.0000762939453
2025-10-10,6595.25,21.65999984741211,175.5954132080078
2025-10-13,6694.75,19.030000686645508,178.00961303710938
2025-10-14,6686.5,20.809999465942383,178.1278533935547
2025-10-15,6715.0,20.639999389648438,178.85702514648438
2025-10-16,6668.75,25.309999465942383,178.23626708984375
2025-10-17,6702.5,20.780000686645508,178.9851531982422
2025-10-20,6773.75,18.229999542236328,180.56175231933594
2025-10-21,6773.25,17.8700008392334,180.18731689453125
2025-10-22,6737.0,18.600000381469727,179.3300323486328
2025-10-23,6775.0,17.299999237060547,180.48292541503906
2025-10-24,6827.0,16.3700008392334,181.59640502929688
2025-10-27,6908.25,15.789999961853027,183.53759765625
2025-10-28,6925.75,16.420000076293945,183.9120635986328
2025-10-29,6922.75,16.920000076293945,183.4883575439453
2025-10-30,6855.5,16.90999984741211,181.95114135742188
2025-10-31,6874.0,17.440000534057617,182.32559204101562
2025-11-03,6882.75,17.170000076293945,182.65077209472656
2025-11-04,6801.75,19.0,180.4040985107422
2025-11-05,6825.25,18.010000228881836,181.22195434570312
2025-11-06,6747.5,19.5,179.5074005126953
2025-11-07,6753.75,19.079999923706055,179.89169311523438
2025-11-10,6856.75,17.600000381469727,182.4635467529297
2025-11-11,6871.5,17.280000686645508,183.044921875
2025-11-12,6875.75,17.510000228881836,183.51791381835938
2025-11-13,6760.0,20.0,180.55191040039062
2025-11-14,6755.25,19.829999923706055,180.5124969482422
2025-11-17,6692.0,22.3799991607666,178.63040161132812
2025-11-18,6639.75,24.690000534057617,177.14248657226562
2025-11-19,6661.5,23.65999984741211,177.42823791503906
2025-11-20,6557.5,26.420000076293945,174.7085723876953
2025-11-21,6620.25,23.43000030517578,176.56109619140625
2025-11-24,6721.25,20.520000457763672,178.5121612548828
2025-11-25,6781.5,18.559999465942383,180.54205322265625
2025-11-26,6828.0,17.190000534057617,182.0299835205078
2025-11-28,6859.5,16.350000381469727,182.94639587402344
2025-12-01,6826.75,17.239999771118164,182.12852478027344
2025-12-02,6840.25,16.59000015258789,182.5719451904297
2025-12-03,6862.0,16.079999923706055,183.3405303955078
2025-12-04,6866.75,15.779999732971191,183.52777099609375
2025-12-05,6878.25,15.40999984741211,183.85293579101562
2025-12-08,6855.75,16.65999984741211,183.19273376464844
2025-12-09,6848.25,16.93000030517578,183.16317749023438
2025-12-10,6891.75,15.770000457763672,184.39491271972656
2025-12-11,6907.25,14.850000381469727,185.10438537597656
2025-12-12,6830.75,15.739999771118164,183.37008666992188
2025-12-15,6823.0,16.5,183.53759765625
2025-12-16,6801.0,16.479999542236328,182.96644592285156
2025-12-17,6726.5,17.6200008392334,181.0790557861328
2025-12-18,6778.25,16.8700008392334,182.44989013671875
2025-12-19,6796.5400390625,14.90999984741211,183.94985961914062
2025-12-22,6930.25,14.079999923706055,185.05247497558594
2025-12-23,6961.0,14.0,185.9663848876953
2025-12-24,6982.5,13.470000267028809,186.47299194335938
2025-12-26,6979.25,13.600000381469727,186.56239318847656
2025-12-29,6955.0,14.199999809265137,185.85711669921875
2025-12-30,6944.25,14.329999923706055,185.7677001953125
2025-12-31,6892.5,14.949999809265137,184.53594970703125
2026-01-02,6900.5,14.510000228881836,185.27102661132812
2026-01-05,6943.75,14.899999618530273,186.7610626220703
2026-01-06,6987.75,14.75,187.724609375
2026-01-07,6963.25,15.380000114440918,186.96966552734375
2026-01-08,6962.0,15.449999809265137,186.98953247070312
2026-01-09,7005.0,14.489999771118164,188.27096557617188
2026-01-12,7016.5,15.119999885559082,188.78750610351562
2026-01-13,7001.75,15.979999542236328,188.27096557617188
2026-01-14,6966.25,16.75,187.67494201660156
2026-01-15,6981.75,15.84000015258789,187.99282836914062
2026-01-16,6976.75,15.859999656677246,187.95309448242188
2026-01-20,6829.5,20.09000015258789,184.40679931640625
2026-01-21,6910.0,16.899999618530273,186.41339111328125
2026-01-22,6945.0,15.640000343322754,187.30740356445312
2026-01-23,6945.75,16.09000015258789,187.6054229736328
2026-01-26,6981.25,16.149999618530273,188.6484375
2026-01-27,7008.5,16.350000381469727,190.01927185058594
2026-01-28,7007.25,16.350000381469727,189.5225830078125
2026-01-29,6992.75,16.8799991607666,189.53253173828125
2026-01-30,6965.75,17.440000534057617,188.37030029296875
2026-02-02,7002.5,16.34000015258789,189.39346313476562
2026-02-03,6941.75,18.0,188.1815643310547
2026-02-04,6906.25,18.639999389648438,187.724609375
2026-02-05,6820.75,21.770000457763672,185.2213592529297
2026-02-06,6952.75,20.3700008392334,188.97625732421875
2026-02-09,6983.25,17.360000610351562,190.56561279296875
2026-02-10,6961.5,17.790000915527344,190.3272247314453
2026-02-11,6960.5,17.649999618530273,190.55569458007812
2026-02-12,6851.0,20.81999969482422,187.7643585205078
2026-02-13,6850.5,20.600000381469727,188.14181518554688
2026-02-17,6860.5,20.290000915527344,188.20143127441406
2026-02-18,6894.25,19.6200008392334,189.14512634277344
2026-02-19,6877.0,20.229999542236328,188.62857055664062
2026-02-20,6923.25,19.09000015258789,189.91993713378906
2026-02-23,6851.5,21.010000228881836,188.2411651611328
2026-02-24,6903.75,19.549999237060547,189.5027313232422
2026-02-25,6959.75,17.93000030517578,191.0920867919922
2026-02-26,6920.0,18.6299991607666,190.40667724609375
2026-02-27,6889.0,19.860000610351562,189.572265625
2026-03-02,6888.25,21.440000534057617,188.91664123535156
2026-03-03,6824.75,23.56999969482422,185.9663848876953
2026-03-04,6876.0,21.149999618530273,187.56568908691406
2026-03-05,6835.25,23.75,185.84716796875
2026-03-06,6743.75,29.489999771118164,183.75119018554688
2026-03-09,6801.0,25.5,185.21142578125
2026-03-10,6787.25,24.93000030517578,185.1220245361328
2026-03-11,6779.5,24.229999542236328,184.78428649902344
2026-03-12,6677.5,27.290000915527344,181.93333435058594
2026-03-13,6636.0,27.190000534057617,180.5426483154297
2026-03-16,6704.75,23.510000228881836,182.8174285888672
2026-03-17,6721.75,22.3700008392334,183.2644500732422
2026-03-18,6626.0,25.09000015258789,180.56251525878906
2026-03-19,6609.25,24.059999465942383,180.15524291992188
2026-03-20,6594.6298828125,26.780000686645508,176.8175506591797
2026-03-23,6634.75,26.149999618530273,179.34068298339844
2026-03-24,6606.0,26.950000762939453,178.6552734375
2026-03-25,6640.75,25.329999923706055,179.9863739013672
2026-03-26,6525.0,27.440000534057617,176.85728454589844
2026-03-27,6412.25,31.049999237060547,174.25469970703125
2026-03-30,6388.25,30.610000610351562,173.77789306640625
2026-03-31,6570.75,25.25,178.8241424560547
2026-04-01,6617.75,24.540000915527344,180.6022491455078
2026-04-02,6622.25,23.8700008392334,180.51284790039062
2026-04-06,6651.0,24.170000076293945,181.3075408935547
2026-04-07,6656.75,25.780000686645508,181.2578582763672
2026-04-08,6823.75,21.040000915527344,186.41339111328125
2026-04-09,6863.25,19.489999771118164,187.10873413085938
2026-04-10,6855.25,19.229999542236328,187.12860107421875
2026-04-13,6922.75,19.1200008392334,188.72792053222656
2026-04-14,7004.75,18.360000610351562,190.72454833984375
2026-04-15,7060.5,18.170000076293945,192.04571533203125
2026-04-16,7077.0,17.940000534057617,192.09539794921875
2026-04-17,7161.5,17.479999542236328,194.4893798828125
2026-04-20,7148.0,18.8700008392334,194.2112274169922
2026-04-21,7100.0,19.5,191.9960479736328
2026-04-22,7171.25,18.920000076293945,193.62515258789062
2026-04-23,7143.5,19.309999465942383,192.532470703125
2026-04-24,7194.75,18.709999084472656,193.97283935546875
2026-04-27,7206.0,18.020000457763672,194.15164184570312
2026-04-28,7171.0,17.829999923706055,193.13841247558594
2026-04-29,7168.0,18.809999465942383,192.58212280273438
2026-04-30,7243.75,16.889999389648438,195.2443389892578
2026-05-01,7258.0,16.989999771118164,195.4529266357422
2026-05-04,7230.25,18.290000915527344,194.2609100341797
2026-05-05,7287.25,17.3799991607666,195.7211456298828
2026-05-06,7389.5,17.389999389648438,199.29722595214844
2026-05-07,7363.0,17.079999923706055,197.79725646972656
2026-05-08,7419.0,17.190000534057617,199.30715942382812
2026-05-11,7436.75,18.3799991607666,199.5455780029297
2026-05-12,7426.5,17.989999771118164,199.23764038085938
2026-05-13,7469.5,17.8700008392334,200.29058837890625
2026-05-14,7525.5,17.260000228881836,201.39321899414062
2026-05-15,7432.25,18.43000030517578,198.59194946289062
2026-05-18,7425.75,17.81999969482422,198.9197540283203
2026-05-19,7378.0,18.059999465942383,197.64825439453125
2026-05-20,7451.75,17.440000534057617,200.15151977539062
2026-05-21,7466.0,16.760000228881836,200.72767639160156
2026-05-22,7491.0,16.700000762939453,201.1945343017578
2026-05-25,7491.0,16.59000015258789,201.1945343017578
2026-05-26,7537.0,17.010000228881836,202.64483642578125
2026-05-27,7540.0,16.290000915527344,202.55543518066406
2026-05-28,7581.75,15.739999771118164,203.4395294189453
2026-05-29,7595.75,15.319999694824219,203.5686492919922
2026-06-01,7613.25,16.049999237060547,203.9958038330078
2026-06-02,7623.75,15.770000457763672,204.8103485107422
2026-06-03,7571.75,16.059999465942383,203.29051208496094
2026-06-04,7601.0,15.399999618530273,204.30374145507812
2026-06-05,7400.5,21.510000228881836,199.04888916015625
2026-06-08,7416.0,18.920000076293945,199.71444702148438
2026-06-09,7392.75,19.8700008392334,199.04888916015625
2026-06-10,7278.5,22.219999313354492,196.12841796875
2026-06-11,7396.0,19.440000534057617,200.201171875
2026-06-12,7435.0,17.68000030517578,200.97601318359375
2026-06-15,7561.25,16.200000762939453,203.6300048828125
2026-06-16,7518.5,16.40999984741211,203.10000610351562
2026-06-17,7424.5,18.440000534057617,200.99000549316406
2026-06-18,7508.43017578125,16.399999618530273,202.72999572753906
2026-06-22,7541.25,17.280000686645508,202.3699951171875
2026-06-23,7437.5,19.489999771118164,199.42999267578125
2026-06-24,7428.25,18.6299991607666,199.0
2026-06-25,7423.25,18.889999389648438,199.2899932861328
2026-06-26,7401.75,18.40999984741211,197.36000061035156
2026-06-29,7500.25,17.649999618530273,201.24000549316406
2026-06-30,7548.25,16.450000762939453,202.63999938964844
2026-07-01,7543.5,16.59000015258789,202.0800018310547
2026-07-02,7528.25,16.149999618530273,202.64999389648438
2026-07-06,7591.5,15.569999694824219,204.44000244140625
2026-07-07,7551.25,16.1299991607666,203.1300048828125
2026-07-08,7528.75,16.899999618530273,202.2899932861328
2026-07-09,7588.75,15.84000015258789,203.72999572753906
2026-07-10,7620.25,15.029999732971191,204.6300048828125
2026-07-13,7563.0,17.15999984741211,203.00999450683594
2026-07-14,7591.25,16.5,203.97999572753906
2026-07-15,7614.75,15.670000076293945,204.75
2026-07-16,7577.75,16.729999542236328,203.5800018310547
2026-07-17,7497.75,18.770000457763672,201.89999389648438
2026-07-20,7484.25,18.649999618530273,201.10000610351562
2026-07-21,7545.75,17.049999237060547,203.1300048828125
2026-07-22,7540.25,16.639999389648438,203.10000610351562
2026-07-23,7445.0,18.700000762939453,200.61000061035156
2026-07-24,7447.5,18.579999923706055,200.8800048828125
2026-07-27,7448.25,18.670000076293945,201.25999450683594
2026-07-28,7465.25,18.209999084472656,201.8000030517578
2026-07-29,7351.25,20.65999984741211,199.17999267578125
2026-07-30,7472.5,17.09000015258789,202.97999572753906
2026-07-31,7519.25,15.989999771118164,203.3699951171875
2026-08-03,7628.25,15.859999656677246,205.85000610351562
2026-08-04,7765.5,16.5,209.24000549316406
2026-08-05,7749.5,15.8100004196167,209.14999389648438
2026-08-06,7734.75,15.149999618530273,208.6300048828125
2026-08-07,7779.75,14.899999618530273,210.47000122070312
2026-08-10,7776.75,15.460000038146973,210.11000061035156
2026-08-11,7747.5,15.279999732971191,209.69000244140625
2026-08-12,7770.5,14.550000190734863,210.3800048828125
2026-08-13,7822.5,14.630000114440918,211.50999450683594
2026-08-14,7805.0,14.25,211.2100067138672
2026-08-17,7768.75,15.1899995803833,210.42999267578125
2026-08-18,7714.0,15.84000015258789,208.74000549316406
2026-08-19,7729.0,14.890000343322754,209.22000122070312
2026-08-20,7662.5,16.010000228881836,207.8300018310547
2026-08-21,7691.25,15.130000114440918,209.07000732421875
2026-08-24,7669.75,15.850000381469727,208.47999572753906
2026-08-25,7692.0,15.449999809265137,209.3300018310547
2026-08-26,7690.0,15.210000038146973,208.9600067138672
2026-08-27,7742.5,14.510000228881836,209.92999267578125
2026-08-28,7722.0,14.430000305175781,209.42999267578125
2026-08-31,7699.0,14.920000076293945,208.82000732421875
2026-09-01,7642.75,16.34000015258789,207.02999877929688
2026-09-02,7676.5,15.199999809265137,208.0
2026-09-03,7754.75,14.319999694824219,210.33999633789062
2026-09-04,7722.0,14.529999732971191,209.82000732421875
2026-09-07,7722.0,15.300000190734863,209.82000732421875
2026-09-08,7680.5,15.720000267028809,208.6300048828125
2026-09-09,7643.75,16.459999084472656,207.4499969482422
2026-09-10,7598.5,17.84000015258789,205.8699951171875
2026-09-11,7659.5,15.84000015258789,207.69000244140625
2026-09-14,7625.0,17.100000381469727,206.8000030517578
2026-09-15,7589.25,17.200000762939453,205.6300048828125
2026-09-16,7556.5,17.709999084472656,204.7100067138672
2026-09-17,7640.0,15.4399995803833,207.2100067138672
2026-09-18,7657.35009765625,14.8100004196167,206.77000427246094
2026-09-21,7833.5,14.869999885559082,209.6999969482422
2026-09-22,7840.75,14.800000190734863,209.6999969482422
