Date,ES=F,NQ=F,^VIX,URTH
2019-08-12,2880.25,7566.75,21.09000015258789,79.1839370727539
2019-08-13,2932.0,7748.0,17.520000457763672,80.27318572998047
2019-08-14,2840.75,7488.75,22.100000381469727,78.03221130371094
2019-08-15,2848.5,7496.25,21.18000030517578,78.21076965332031
2019-08-16,2891.5,7611.75,18.469999313354492,79.01432800292969
2019-08-19,2923.75,7727.5,16.8799991607666,79.81783294677734
2019-08-20,2898.25,7668.0,17.5,79.38037872314453
2019-08-21,2929.25,7750.25,15.800000190734863,80.09461212158203
2019-08-22,2922.25,7711.25,16.68000030517578,79.85356903076172
2019-08-23,2855.5,7504.5,19.8700008392334,78.13934326171875
2019-08-26,2883.25,7590.5,19.31999969482422,78.96075439453125
2019-08-27,2865.5,7562.75,20.309999465942383,78.78218078613281
2019-08-28,2889.75,7599.25,19.350000381469727,79.08573913574219
2019-08-29,2926.75,7712.0,17.8799991607666,80.0142593383789
2019-08-30,2924.75,7690.75,18.979999542236328,80.21070098876953
2019-09-03,2906.0,7617.5,19.65999984741211,79.71964263916016
2019-09-04,2938.5,7722.75,17.329999923706055,80.66603088378906
2019-09-05,2972.0,7855.5,16.270000457763672,81.57669067382812
2019-09-06,2980.75,7857.75,15.0,81.71060943603516
2019-09-09,2978.25,7830.75,15.270000457763672,81.73739624023438
2019-09-10,2978.5,7815.0,15.199999809265137,81.94275665283203
2019-09-11,3002.0,7889.75,14.609999656677246,82.2105941772461
2019-09-12,3011.75,7921.5,14.220000267028809,82.64808654785156
2019-09-13,3006.5,7886.0,13.739999771118164,82.63021850585938
2019-09-16,2999.0,7856.5,14.670000076293945,82.3980941772461
2019-09-17,3005.5,7890.25,14.4399995803833,82.67485809326172
2019-09-18,3006.25,7894.25,13.949999809265137,82.72843170166016
2019-09-19,3006.0,7896.25,14.050000190734863,82.8266372680664
2019-09-20,3013.610107421875,7899.47998046875,15.319999694824219,82.47843933105469
2019-09-23,2997.0,7850.5,14.90999984741211,82.33557891845703
2019-09-24,2970.25,7735.25,17.049999237060547,81.84454345703125
2019-09-25,2986.25,7820.25,15.960000038146973,82.07667541503906
2019-09-26,2980.5,7787.25,16.06999969482422,82.1213150024414
2019-09-27,2963.75,7701.25,17.219999313354492,81.76417541503906
2019-09-30,2978.5,7770.5,16.239999771118164,81.94275665283203
2019-10-01,2937.75,7695.5,18.559999465942383,81.08563995361328
2019-10-02,2880.5,7546.25,20.559999465942383,79.47857666015625
2019-10-03,2911.75,7658.5,19.1200008392334,80.2642593383789
2019-10-04,2951.0,7767.25,17.040000915527344,81.0588607788086
2019-10-07,2937.5,7740.0,17.860000610351562,81.01422119140625
2019-10-08,2892.5,7622.0,20.280000686645508,79.85356903076172
2019-10-09,2919.0,7699.75,18.639999389648438,80.33568572998047
2019-10-10,2941.0,7760.25,17.56999969482422,81.04100799560547
2019-10-11,2970.75,7859.0,15.579999923706055,82.09453582763672
2019-10-14,2965.5,7857.5,14.569999694824219,81.95167541503906
2019-10-15,2997.75,7959.75,13.539999961853027,82.77307891845703
2019-10-16,2991.5,7948.5,13.680000305175781,82.5945053100586
2019-10-17,2998.0,7952.75,13.789999961853027,83.0855484008789
2019-10-18,2988.25,7880.75,14.25,82.7195053100586
2019-10-21,3006.5,7948.25,14.0,83.21054077148438
2019-10-22,2994.5,7858.75,14.460000038146973,82.84449768066406
2019-10-23,3005.75,7901.5,14.010000228881836,83.24626159667969
2019-10-24,3004.25,7928.25,13.710000038146973,83.4694595336914
2019-10-25,3020.25,8035.75,12.649999618530273,83.67481231689453
2019-10-28,3036.25,8094.75,13.109999656677246,84.01409149169922
2019-10-29,3035.75,8055.25,13.199999809265137,84.11229705810547
2019-10-30,3047.75,8111.25,12.329999923706055,84.42479705810547
2019-10-31,3035.75,8090.25,13.220000267028809,84.03194427490234
2019-11-01,3063.25,8160.25,12.300000190734863,84.91583251953125
2019-11-04,3075.75,8215.75,12.829999923706055,85.19259643554688
2019-11-05,3072.0,8210.75,13.100000381469727,85.21936798095703
2019-11-06,3075.5,8207.25,12.619999885559082,85.2461929321289
2019-11-07,3086.0,8230.5,12.729999542236328,85.4068832397461
2019-11-08,3090.5,8257.25,12.069999694824219,85.49616241455078
2019-11-11,3087.5,8249.75,12.6899995803833,85.44259643554688
2019-11-12,3092.0,8275.0,12.680000305175781,85.5765151977539
2019-11-13,3095.5,8265.75,13.0,85.53189086914062
2019-11-14,3097.0,8265.5,13.050000190734863,85.41582489013672
2019-11-15,3118.25,8318.75,12.050000190734863,86.13899993896484
2019-11-18,3121.75,8333.5,12.460000038146973,86.05864715576172
2019-11-19,3118.5,8341.5,12.859999656677246,86.13005828857422
2019-11-20,3109.0,8291.75,12.779999732971191,85.71937561035156
2019-11-21,3104.0,8274.5,13.130000114440918,85.5051040649414
2019-11-22,3111.5,8280.5,12.34000015258789,85.68366241455078
2019-11-25,3132.75,8376.5,11.869999885559082,86.3622055053711
2019-11-26,3143.75,8400.75,11.539999961853027,86.4336166381836
2019-11-27,3153.75,8454.75,11.75,86.91573333740234
2019-11-29,3143.75,8417.5,12.619999885559082,86.38899230957031
2019-12-02,3114.25,8316.0,14.90999984741211,85.84436798095703
2019-12-03,3091.0,8251.25,15.960000038146973,85.36223602294922
2019-12-04,3111.0,8295.25,14.800000190734863,85.94257354736328
2019-12-05,3117.75,8309.25,14.520000457763672,86.0497055053711
2019-12-06,3146.0,8400.25,13.619999885559082,86.69255065917969
2019-12-09,3134.5,8356.0,15.859999656677246,86.38004302978516
2019-12-10,3136.0,8363.75,15.680000305175781,86.3443374633789
2019-12-11,3143.0,8405.5,14.989999771118164,86.7371826171875
2019-12-12,3168.0,8465.25,13.9399995803833,87.27287292480469
2019-12-13,3172.0,8494.0,12.630000114440918,87.66571044921875
2019-12-16,3194.25,8576.0,12.140000343322754,88.37316131591797
2019-12-17,3192.0,8576.25,12.289999961853027,88.11178588867188
2019-12-18,3194.75,8590.25,12.579999923706055,88.0577392578125
2019-12-19,3207.0,8642.5,12.5,88.35513305664062
2019-12-20,3231.02001953125,8707.4599609375,12.510000228881836,88.77869415283203
2019-12-23,3227.25,8726.5,12.609999656677246,88.75167083740234
2019-12-24,3225.75,8729.5,12.670000076293945,88.7967529296875
2019-12-26,3244.5,8804.25,12.649999618530273,89.13018798828125
2019-12-27,3237.5,8783.25,13.430000305175781,89.28337860107422
2019-12-30,3223.5,8733.75,14.819999694824219,88.61648559570312
2019-12-31,3231.0,8752.25,13.779999732971191,89.02204132080078
2020-01-02,3259.0,8891.75,12.470000267028809,89.69794464111328
2020-01-03,3235.5,8810.0,14.020000457763672,88.94092559814453
2020-01-06,3243.5,8847.5,13.850000381469727,89.44561004638672
2020-01-07,3235.25,8853.0,13.789999961853027,89.2112808227539
2020-01-08,3260.25,8944.5,13.449999809265137,89.46363067626953
2020-01-09,3276.0,9009.0,12.539999961853027,89.97732543945312
2020-01-10,3264.75,8978.25,12.5600004196167,89.61682891845703
2020-01-13,3289.75,9088.25,12.319999694824219,90.19361114501953
2020-01-14,3288.0,9062.5,12.390000343322754,90.01337432861328
2020-01-15,3293.75,9060.0,12.420000076293945,90.13953399658203
2020-01-16,3316.5,9133.5,12.319999694824219,90.86051940917969
2020-01-17,3325.0,9174.5,12.100000381469727,91.16694641113281
2020-01-21,3319.5,9169.75,12.850000381469727,90.68928527832031
2020-01-22,3319.75,9195.75,12.90999984741211,90.85150146484375
2020-01-23,3326.0,9248.25,12.979999542236328,90.77941131591797
2020-01-24,3293.5,9144.5,14.5600004196167,90.17558288574219
2020-01-27,3239.5,8954.5,18.229999542236328,88.63451385498047
2020-01-28,3278.25,9105.25,16.280000686645508,89.4546127319336
2020-01-29,3272.5,9098.5,16.389999389648438,89.48165130615234
2020-01-30,3289.75,9216.25,15.489999771118164,89.61682891845703
2020-01-31,3224.0,8997.75,18.84000015258789,88.07575988769531
2020-02-03,3245.5,9114.25,17.969999313354492,88.55340576171875
2020-02-04,3299.5,9355.0,16.049999237060547,90.13054656982422
2020-02-05,3335.0,9381.5,15.149999618530273,90.96865844726562
2020-02-06,3345.25,9455.5,14.960000038146973,91.29310607910156
2020-02-07,3325.5,9409.5,15.470000267028809,90.68928527832031
2020-02-10,3353.0,9527.5,15.039999961853027,91.14889526367188
2020-02-11,3357.5,9527.25,15.180000305175781,91.57247161865234
2020-02-12,3380.5,9625.75,13.739999771118164,92.03208923339844
2020-02-13,3377.5,9613.0,14.149999618530273,91.73469543457031
2020-02-14,3381.0,9632.25,13.680000305175781,91.85185241699219
2020-02-18,3369.25,9636.0,14.829999923706055,91.59049987792969
2020-02-19,3387.25,9733.5,14.380000114440918,91.95098114013672
2020-02-20,3369.25,9624.25,15.5600004196167,91.56346893310547
2020-02-21,3339.25,9458.0,17.079999923706055,90.92359924316406
2020-02-24,3226.25,9091.0,25.030000686645508,87.76935577392578
2020-02-25,3132.5,8854.25,27.850000381469727,85.41717529296875
2020-02-26,3110.25,8850.25,27.559999465942383,85.16484832763672
2020-02-27,2957.0,8382.75,39.15999984741211,81.98355865478516
2020-02-28,2951.0,8454.0,40.11000061035156,80.81195831298828
2020-03-02,3065.0,8791.25,33.41999816894531,84.0202865600586
2020-03-03,2997.0,8582.5,36.81999969482422,82.12774658203125
2020-03-04,3114.75,8896.5,31.989999771118164,85.25495147705078
2020-03-05,3015.5,8648.75,39.619998931884766,82.66846466064453
2020-03-06,2964.0,8503.25,41.939998626708984,81.37973022460938
2020-03-09,2747.75,7951.5,54.459999084472656,74.6386489868164
2020-03-10,2865.75,8331.5,47.29999923706055,78.00017547607422
2020-03-11,2740.25,8003.5,53.900001525878906,74.11592864990234
2020-03-12,2469.0,7215.25,75.47000122070312,66.38351440429688
2020-03-13,2696.0,7915.75,57.83000183105469,71.76377868652344
2020-03-16,2416.25,7057.5,82.69000244140625,63.5987548828125
2020-03-17,2495.5,7405.25,75.91000366210938,67.20360565185547
2020-03-18,2414.0,7225.25,76.44999694824219,63.46358108520508
2020-03-19,2403.25,7293.5,72.0,63.94122314453125
2020-03-20,2437.97998046875,7417.97998046875,66.04000091552734,61.85040283203125
2020-03-23,2220.5,6984.5,61.59000015258789,60.732879638671875
2020-03-24,2438.0,7554.75,61.66999816894531,66.25733947753906
2020-03-25,2467.0,7467.75,63.95000076293945,67.44694519042969
2020-03-26,2608.0,7844.0,61.0,71.2140121459961
2020-03-27,2524.0,7568.5,65.54000091552734,69.0511245727539
2020-03-30,2611.25,7854.75,57.08000183105469,70.86255645751953
2020-03-31,2569.75,7786.25,53.540000915527344,70.2317123413086
2020-04-01,2448.0,7438.75,57.060001373291016,67.05040740966797
2020-04-02,2516.5,7627.25,50.90999984741211,68.42928314208984
2020-04-03,2482.75,7522.75,46.79999923706055,67.38385772705078
2020-04-06,2644.5,8029.75,45.2400016784668,71.63758850097656
2020-04-07,2642.0,8012.0,46.70000076293945,71.76377868652344
2020-04-08,2735.0,8189.75,43.349998474121094,73.47606658935547
2020-04-09,2779.75,8227.5,41.66999816894531,74.81887817382812
2020-04-13,2759.25,8327.25,41.16999816894531,74.18805694580078
2020-04-14,2843.0,8692.5,37.7599983215332,76.05355072021484
2020-04-15,2775.0,8594.0,40.84000015258789,74.33223724365234
2020-04-16,2787.5,8734.25,40.11000061035156,74.53048706054688
2020-04-17,2870.0,8809.0,38.150001525878906,76.48615264892578
2020-04-20,2806.5,8692.0,43.83000183105469,75.39566040039062
2020-04-21,2732.0,8431.75,45.40999984741211,73.3228759765625
2020-04-22,2788.5,8638.0,41.97999954223633,74.77383422851562
2020-04-23,2780.75,8598.75,41.380001068115234,74.73777770996094
2020-04-24,2829.5,8769.0,35.93000030517578,75.56688690185547
2020-04-27,2869.0,8824.25,33.290000915527344,76.70242309570312
2020-04-28,2867.25,8719.75,33.56999969482422,76.74748992919922
2020-04-29,2941.0,9036.5,31.229999542236328,78.77522277832031
2020-04-30,2902.5,8988.5,34.150001525878906,77.82894134521484
2020-05-01,2821.75,8718.0,37.189998626708984,75.81922912597656
2020-05-04,2825.25,8795.5,35.970001220703125,75.97242736816406
2020-05-05,2858.25,8924.25,33.61000061035156,76.38700866699219
2020-05-06,2833.5,8952.0,34.119998931884766,75.88231658935547
2020-05-07,2880.0,9107.75,31.440000534057617,76.88265991210938
2020-05-08,2928.5,9218.25,27.979999542236328,78.41474914550781
2020-05-11,2922.75,9279.0,27.56999969482422,78.45980072021484
2020-05-12,2852.5,9078.25,33.040000915527344,76.99080657958984
2020-05-13,2813.0,8992.25,35.279998779296875,75.79219818115234
2020-05-14,2847.0,9079.5,32.61000061035156,76.15267944335938
2020-05-15,2846.5,9096.5,31.889999389648438,76.48615264892578
2020-05-18,2948.0,9325.5,29.299999237060547,78.95545959472656
2020-05-19,2918.75,9300.75,30.530000686645508,78.10831451416016
2020-05-20,2968.5,9485.5,27.989999771118164,79.541259765625
2020-05-21,2937.0,9355.75,29.530000686645508,78.8022689819336
2020-05-22,2953.0,9406.25,28.15999984741211,78.82028198242188
2020-05-26,2994.5,9406.5,28.010000228881836,80.28925323486328
2020-05-27,3035.5,9432.5,27.6200008392334,81.45182800292969
2020-05-28,3038.0,9460.25,28.59000015258789,81.60502624511719
2020-05-29,3042.0,9560.25,27.510000228881836,81.7402114868164
2020-06-01,3054.0,9595.0,28.229999542236328,82.60537719726562
2020-06-02,3077.0,9647.75,26.84000015258789,83.34439086914062
2020-06-03,3117.75,9684.75,25.65999984741211,84.6691665649414
2020-06-04,3110.5,9626.25,25.809999465942383,84.3447265625
2020-06-05,3186.75,9808.5,24.520000457763672,86.27333068847656
2020-06-08,3227.5,9884.75,25.809999465942383,87.3277587890625
2020-06-09,3205.5,9951.0,27.56999969482422,86.51663970947266
2020-06-10,3186.0,10087.25,27.56999969482422,86.20123291015625
2020-06-11,3010.25,9616.75,40.790000915527344,81.30763244628906
2020-06-12,3034.75,9645.0,36.09000015258789,82.48822784423828
2020-06-15,3073.0,9800.5,34.400001525878906,83.15186309814453
2020-06-16,3128.75,9972.5,33.66999816894531,84.53561401367188
2020-06-17,3118.0,9994.5,33.470001220703125,84.45367431640625
2020-06-18,3109.0,9995.75,32.939998626708984,84.38996887207031
2020-06-19,3161.260009765625,10120.83984375,35.119998931884766,83.96208953857422
2020-06-22,3110.75,10124.75,31.770000457763672,84.65397644042969
2020-06-23,3118.5,10196.0,31.3700008392334,85.02721405029297
2020-06-24,3049.0,10010.75,33.84000015258789,82.83324432373047
2020-06-25,3070.75,10088.25,32.220001220703125,83.88016510009766
2020-06-26,3007.0,9865.5,34.72999954223633,82.0776596069336
2020-06-29,3047.75,9973.75,31.780000686645508,83.06993103027344
2020-06-30,3090.25,10147.25,30.43000030517578,83.88016510009766
2020-07-01,3103.0,10268.75,28.6200008392334,84.3535385131836
2020-07-02,3129.0,10355.75,27.68000030517578,84.99079895019531
2020-07-06,3172.0,10598.5,27.940000534057617,86.30171203613281
2020-07-07,3136.5,10532.25,29.43000030517578,85.40045166015625
2020-07-08,3163.5,10662.25,28.079999923706055,86.12874603271484
2020-07-09,3141.0,10727.5,29.260000228881836,85.55521392822266
2020-07-10,3178.5,10837.25,27.290000915527344,86.4200439453125
2020-07-13,3148.25,10600.0,32.189998626708984,85.64624786376953
2020-07-14,3183.5,10646.25,29.520000457763672,86.82970428466797
2020-07-15,3219.5,10683.25,27.760000228881836,87.74006652832031
2020-07-16,3194.5,10511.75,28.0,87.33950805664062
2020-07-17,3214.0,10622.5,25.68000030517578,87.62171173095703
2020-07-20,3245.25,10951.0,24.459999084472656,88.30448150634766
2020-07-21,3251.25,10851.0,24.84000015258789,88.47745513916016
2020-07-22,3265.5,10804.25,24.31999969482422,88.90532684326172
2020-07-23,3227.5,10548.25,26.079999923706055,87.90392303466797
2020-07-24,3204.0,10459.0,25.84000015258789,87.35771942138672
2020-07-27,3232.25,10675.25,24.739999771118164,88.19523620605469
2020-07-28,3213.0,10540.0,25.440000534057617,87.62171173095703
2020-07-29,3252.5,10674.25,24.100000381469727,88.64132690429688
2020-07-30,3248.75,10794.0,24.760000228881836,88.11331176757812
2020-07-31,3263.5,10890.5,24.459999084472656,87.9858627319336
2020-08-03,3288.5,11044.25,24.280000686645508,88.93263244628906
2020-08-04,3300.0,11086.0,23.760000228881836,89.35138702392578
2020-08-05,3316.0,11091.75,22.989999771118164,89.89759826660156
2020-08-06,3344.25,11261.25,22.649999618530273,90.2708511352539
2020-08-07,3344.75,11122.75,22.209999084472656,89.98863983154297
2020-08-10,3352.75,11072.0,22.1299991607666,90.25263977050781
2020-08-11,3330.0,10878.5,24.030000686645508,89.87940979003906
2020-08-12,3370.0,11126.0,22.280000686645508,91.3450698852539
2020-08-13,3367.75,11175.25,22.1299991607666,91.25403594970703
2020-08-14,3361.5,11133.75,22.049999237060547,91.00825500488281
2020-08-17,3379.75,11286.75,21.350000381469727,91.6181640625
2020-08-18,3387.0,11409.25,21.510000228881836,91.73651885986328
2020-08-19,3372.75,11332.0,22.540000915527344,91.31776428222656
2020-08-20,3380.75,11477.25,22.719999313354492,91.50892639160156
2020-08-21,3392.5,11562.0,22.540000915527344,91.57266235351562
2020-08-24,3427.5,11636.25,22.3700008392334,92.48301696777344
2020-08-25,3443.0,11726.25,22.030000686645508,92.77434539794922
2020-08-26,3480.25,11991.25,23.270000457763672,93.62095642089844
2020-08-27,3485.25,11952.75,24.469999313354492,93.50261688232422
2020-08-28,3504.5,11991.75,22.959999084472656,94.05793762207031
2020-08-31,3499.0,12114.0,26.40999984741211,93.73019409179688
2020-09-01,3527.0,12312.5,26.1200008392334,94.53131866455078
2020-09-02,3579.25,12411.5,26.56999969482422,95.62373352050781
2020-09-03,3461.5,11800.5,33.599998474121094,92.71060180664062
2020-09-04,3417.5,11548.75,30.75,92.08246612548828
2020-09-08,3335.5,11060.5,31.459999084472656,89.94313049316406
2020-09-09,3400.25,11392.75,28.809999465942383,91.59086608886719
2020-09-10,3340.5,11178.25,29.709999084472656,90.2435302734375
2020-09-11,3333.75,11061.5,26.8700008392334,90.48023986816406
2020-09-14,3382.5,11280.5,25.850000381469727,91.68190002441406
2020-09-15,3405.25,11464.25,25.59000015258789,92.2281265258789
2020-09-16,3389.5,11268.75,26.040000915527344,91.92769622802734
2020-09-17,3361.5,11090.0,26.459999084472656,91.37239074707031
2020-09-18,3353.60009765625,11144.8095703125,25.829999923706055,90.58948516845703
2020-09-21,3275.0,10989.0,27.780000686645508,89.07828521728516
2020-09-22,3299.25,11149.5,26.860000610351562,89.67910766601562
2020-09-23,3231.25,10829.0,28.579999923706055,87.89483642578125
2020-09-24,3238.0,10891.75,28.510000228881836,88.09510803222656
2020-09-25,3287.25,11136.5,26.3799991607666,89.17842102050781
2020-09-28,3346.0,11394.75,26.190000534057617,90.61678314208984
2020-09-29,3333.75,11337.75,26.270000457763672,90.31636047363281
2020-09-30,3352.0,11407.25,26.3700008392334,90.59858703613281
2020-10-01,3367.75,11574.75,26.700000762939453,91.15388488769531
2020-10-02,3339.25,11233.25,27.6299991607666,90.48934173583984
2020-10-05,3393.0,11469.25,27.959999084472656,92.10977172851562
2020-10-06,3353.25,11273.75,29.479999542236328,91.00825500488281
2020-10-07,3406.75,11470.0,28.059999465942383,92.27365112304688
2020-10-08,3437.5,11539.0,26.360000610351562,92.95641326904297
2020-10-09,3473.25,11724.75,25.0,93.67557525634766
2020-10-12,3532.75,12098.25,25.06999969482422,94.85905456542969
2020-10-13,3504.75,12094.0,26.06999969482422,94.2855224609375
2020-10-14,3481.0,11974.25,26.399999618530273,93.7029037475586
2020-10-15,3475.5,11874.0,26.969999313354492,93.31143188476562
2020-10-16,3462.25,11798.0,27.40999984741211,93.42069244384766
2020-10-19,3422.75,11650.25,29.18000030517578,92.30093383789062
2020-10-20,3432.25,11660.75,29.350000381469727,92.71971130371094
2020-10-21,3432.5,11691.25,28.649999618530273,92.34647369384766
2020-10-22,3449.25,11649.75,28.110000610351562,92.71971130371094
2020-10-23,3451.75,11663.5,27.549999237060547,93.16577911376953
2020-10-26,3393.5,11492.25,32.459999084472656,91.45431518554688
2020-10-27,3383.0,11588.0,33.349998474121094,90.99913787841797
2020-10-28,3263.5,11132.75,40.279998779296875,88.02228546142578
2020-10-29,3302.25,11342.75,37.59000015258789,88.77787780761719
2020-10-30,3264.75,11046.25,38.02000045776367,87.87662506103516
2020-11-02,3300.5,11063.25,37.130001068115234,88.90532684326172
2020-11-03,3361.5,11265.75,35.54999923706055,90.80796813964844
2020-11-04,3435.0,11763.0,29.56999969482422,92.51942443847656
2020-11-05,3504.75,12076.5,27.579999923706055,94.47669219970703
2020-11-06,3500.75,12075.0,24.860000610351562,94.6041488647461
2020-11-09,3544.0,11820.5,25.75,96.03340911865234
2020-11-10,3541.0,11618.25,24.799999237060547,96.25189208984375
2020-11-11,3568.0,11886.0,23.450000762939453,96.92554473876953
2020-11-12,3532.5,11820.0,25.350000381469727,95.92414855957031
2020-11-13,3582.0,11933.5,23.100000381469727,97.1167221069336
2020-11-16,3623.0,12005.0,22.450000762939453,98.25467681884766
2020-11-17,3606.75,11975.0,22.709999084472656,97.99066162109375
2020-11-18,3565.0,11897.0,23.84000015258789,97.15315246582031
2020-11-19,3580.0,11987.25,23.110000610351562,97.74488067626953
2020-11-20,3554.25,11905.75,23.700000762939453,97.46267700195312
2020-11-23,3576.0,11905.25,22.65999984741211,97.8268051147461
2020-11-24,3632.75,12076.0,21.639999389648438,99.3744125366211
2020-11-25,3627.25,12152.25,21.25,99.29247283935547
2020-11-27,3636.5,12257.5,20.84000015258789,99.73854064941406
2020-11-30,3623.25,12277.0,20.56999969482422,99.17413330078125
2020-12-01,3660.5,12452.25,20.770000457763672,100.24835968017578
2020-12-02,3667.25,12454.25,21.170000076293945,100.3484878540039
2020-12-03,3664.5,12462.25,21.280000686645508,100.4304428100586
2020-12-04,3698.0,12526.0,20.790000915527344,101.43180847167969
2020-12-07,3690.75,12596.0,21.299999237060547,101.05856323242188
2020-12-08,3702.0,12637.5,20.68000030517578,101.38629150390625
2020-12-09,3672.5,12367.0,22.270000457763672,100.7581558227539
2020-12-10,3668.5,12402.0,22.520000457763672,100.84918212890625
2020-12-11,3661.25,12368.0,23.309999465942383,100.56698608398438
2020-12-14,3646.5,12456.5,24.719999313354492,100.56147766113281
2020-12-15,3694.5,12591.75,22.889999389648438,101.65264892578125
2020-12-16,3700.75,12665.25,22.5,101.89104461669922
2020-12-17,3721.25,12751.0,21.93000030517578,102.67961883544922
2020-12-18,3726.25,12800.0595703125,21.56999969482422,102.36787414550781
2020-12-21,3685.75,12683.5,25.15999984741211,101.67096710205078
2020-12-22,3677.25,12710.0,24.229999542236328,101.5976333618164
2020-12-23,3681.5,12651.25,23.309999465942383,101.90020751953125
2020-12-24,3695.0,12704.5,21.530000686645508,102.18448638916016
2020-12-28,3727.5,12832.75,21.700000762939453,102.7896499633789
2020-12-29,3720.0,12841.0,23.079999923706055,102.82633209228516
2020-12-30,3724.25,12841.5,22.770000457763672,102.9638671875
2020-12-31,3748.75,12885.5,22.75,103.07390594482422
2021-01-04,3692.25,12685.5,26.969999313354492,102.35869598388672
2021-01-05,3718.25,12793.5,25.34000015258789,103.14727020263672
2021-01-06,3740.5,12616.75,25.06999969482422,103.77079772949219
2021-01-07,3795.5,12928.0,22.3700008392334,104.96282958984375
2021-01-08,3817.5,13097.25,21.559999465942383,105.73304748535156
2021-01-11,3792.0,12897.0,24.079999923706055,104.7610855102539
2021-01-12,3794.5,12890.25,23.329999923706055,105.05451202392578
2021-01-13,3803.75,12972.25,22.209999084472656,105.21956634521484
2021-01-14,3791.25,12901.0,23.25,105.13704681396484
2021-01-15,3762.25,12802.25,24.34000015258789,104.1192398071289
2021-01-19,3790.5,12985.5,23.239999771118164,104.96282958984375
2021-01-20,3845.0,13294.25,21.579999923706055,106.20069122314453
2021-01-21,3846.0,13395.5,21.31999969482422,106.18236541748047
2021-01-22,3834.25,13361.5,21.90999984741211,105.76972198486328
2021-01-25,3848.5,13475.5,23.190000534057617,106.01730346679688
2021-01-26,3842.5,13485.5,23.020000457763672,105.87059020996094
2021-01-27,3744.25,13105.5,37.209999084472656,103.33065795898438
2021-01-28,3779.25,13186.0,30.209999084472656,104.04586029052734
2021-01-29,3705.25,12911.25,33.09000015258789,102.23031616210938
2021-02-01,3765.75,13236.5,30.239999771118164,103.77079772949219
2021-02-02,3818.25,13449.0,25.559999465942383,105.08200073242188
2021-02-03,3823.5,13394.25,22.90999984741211,105.21956634521484
2021-02-04,3864.5,13547.5,21.770000457763672,106.13650512695312
2021-02-05,3880.25,13598.0,20.8700008392334,106.54912567138672
2021-02-08,3908.0,13683.0,21.239999771118164,107.383544921875
2021-02-09,3905.5,13680.25,21.6299991607666,107.6769790649414
2021-02-10,3903.0,13643.5,21.989999771118164,107.56694793701172
2021-02-11,3912.0,13729.0,21.25,107.93372344970703
2021-02-12,3931.0,13804.75,19.969999313354492,108.45636749267578
2021-02-16,3927.75,13767.75,21.459999084472656,108.7131118774414
2021-02-17,3928.0,13699.75,21.5,108.52973175048828
2021-02-18,3909.5,13633.0,22.489999771118164,107.96122741699219
2021-02-19,3903.0,13576.0,22.049999237060547,107.96122741699219
2021-02-22,3873.5,13224.25,23.450000762939453,107.25519561767578
2021-02-23,3878.0,13192.0,23.110000610351562,107.24601745605469
2021-02-24,3922.5,13302.0,21.34000015258789,108.0987548828125
2021-02-25,3828.0,12831.75,28.889999389648438,105.79722595214844
2021-02-26,3809.25,12911.0,27.950000762939453,104.77942657470703
2021-03-01,3898.75,13279.75,23.350000381469727,107.17263793945312
2021-03-02,3867.5,13055.25,24.100000381469727,106.76002502441406
2021-03-03,3816.75,12681.75,26.670000076293945,105.28375244140625
2021-03-04,3765.5,12455.0,28.56999969482422,104.01835632324219
2021-03-05,3839.0,12663.75,24.65999984741211,105.49464416503906
2021-03-08,3819.25,12297.25,25.469999313354492,104.97198486328125
2021-03-09,3873.25,12788.75,24.030000686645508,106.60416412353516
2021-03-10,3896.5,12749.25,22.559999465942383,107.20932006835938
2021-03-11,3936.75,13048.25,21.90999984741211,108.20880126953125
2021-03-12,3942.25,12933.5,20.690000534057617,108.30049896240234
2021-03-15,3967.5,13078.5,20.030000686645508,108.77731323242188
2021-03-16,3962.5,13151.5,19.790000915527344,108.92402648925781
2021-03-17,3974.0,13201.5,19.229999542236328,109.30914306640625
2021-03-18,3916.5,12795.5,21.579999923706055,107.7870101928711
2021-03-19,3912.6201171875,12808.759765625,20.950000762939453,107.82368469238281
2021-03-22,3930.0,13071.75,18.8799991607666,108.29132843017578
2021-03-23,3899.75,13006.25,20.299999237060547,107.2826919555664
2021-03-24,3880.75,12794.0,21.200000762939453,106.69583892822266
2021-03-25,3900.5,12770.5,19.809999465942383,107.31019592285156
2021-03-26,3964.75,12966.75,18.860000610351562,108.65811157226562
2021-03-29,3959.0,12944.5,20.739999771118164,108.51139831542969
2021-03-30,3947.75,12878.25,19.610000610351562,108.27298736572266
2021-03-31,3967.5,13089.75,19.399999618530273,108.64893341064453
2021-04-01,4010.0,13316.0,17.329999923706055,109.83177947998047
2021-04-05,4067.75,13585.5,17.90999984741211,111.33558654785156
2021-04-06,4064.0,13570.0,18.1200008392334,111.06050872802734
2021-04-07,4070.0,13604.75,17.15999984741211,111.12467956542969
2021-04-08,4089.0,13747.75,16.950000762939453,111.89492797851562
2021-04-09,4119.5,13829.5,16.690000534057617,112.38092041015625
2021-04-12,4120.25,13808.75,16.90999984741211,112.30755615234375
2021-04-13,4132.75,13975.75,16.649999618530273,112.88523864746094
2021-04-14,4118.0,13798.75,16.989999771118164,112.50011444091797
2021-04-15,4162.5,14014.0,16.56999969482422,113.71048736572266
2021-04-16,4176.25,14029.5,16.25,114.10478210449219
2021-04-19,4155.5,13897.25,17.290000915527344,113.63712310791016
2021-04-20,4126.5,13794.25,18.68000030517578,112.51844787597656
2021-04-21,4164.75,13919.25,17.5,113.49041748046875
2021-04-22,4127.75,13750.25,18.709999084472656,112.71099090576172
2021-04-23,4171.5,13927.0,17.329999923706055,113.90304565429688
2021-04-26,4179.5,14011.5,17.639999389648438,114.12310028076172
2021-04-27,4179.0,13953.0,17.559999465942383,114.04058837890625
2021-04-28,4176.25,13892.25,17.280000686645508,114.11392974853516
2021-04-29,4203.5,13953.5,17.610000610351562,114.48072052001953
2021-04-30,4174.5,13850.0,18.610000610351562,113.34371948242188
2021-05-03,4185.75,13790.0,18.309999465942383,113.93971252441406
2021-05-04,4158.25,13536.0,19.479999542236328,112.83938598632812
2021-05-05,4160.0,13491.0,19.149999618530273,113.2886962890625
2021-05-06,4194.25,13597.75,18.389999389648438,114.16896057128906
2021-05-07,4225.25,13709.75,16.690000534057617,115.28762817382812
2021-05-10,4183.5,13356.75,19.65999984741211,114.26063537597656
2021-05-11,4146.25,13346.0,21.84000015258789,113.0686264038086
2021-05-12,4058.75,12998.5,27.59000015258789,110.80374908447266
2021-05-13,4107.0,13100.25,23.1299991607666,112.04164123535156
2021-05-14,4169.0,13387.0,18.809999465942383,113.83885192871094
2021-05-17,4157.75,13303.5,19.719999313354492,113.4354019165039
2021-05-18,4123.0,13212.0,21.34000015258789,113.08695983886719
2021-05-19,4111.5,13233.5,22.18000030517578,112.47260284423828
2021-05-20,4154.25,13486.5,20.670000076293945,113.85719299316406
2021-05-21,4151.75,13405.0,20.149999618530273,113.8663558959961
2021-05-24,4193.75,13635.25,18.399999618530273,114.89334106445312
2021-05-25,4185.5,13656.25,18.84000015258789,114.67327880859375
2021-05-26,4193.0,13700.25,17.360000610351562,114.83831787109375
2021-05-27,4199.0,13665.5,16.739999771118164,114.93917846679688
2021-05-28,4202.5,13686.5,16.760000228881836,115.16842651367188
2021-06-01,4198.5,13648.75,17.899999618530273,115.28762817382812
2021-06-02,4206.25,13673.75,17.479999542236328,115.48934936523438
2021-06-03,4191.25,13529.25,18.040000915527344,115.0125503540039
2021-06-04,4228.25,13766.75,16.420000076293945,116.06702423095703
2021-06-07,4225.5,13804.25,16.420000076293945,116.25960540771484
2021-06-08,4225.75,13811.5,17.06999969482422,116.26876068115234
2021-06-09,4218.5,13814.25,17.889999389648438,116.06702423095703
2021-06-10,4238.0,13959.75,16.100000381469727,116.52638244628906
2021-06-11,4245.75,13994.25,15.649999618530273,116.85909271240234
2021-06-14,4254.75,14124.75,16.389999389648438,117.06243896484375
2021-06-15,4246.5,14030.25,17.020000457763672,116.83136749267578
2021-06-16,4223.0,13981.25,18.149999618530273,116.21214294433594
2021-06-17,4222.25,14165.5,17.75,116.0180435180664
2021-06-18,4187.25,14107.4296875,20.700000762939453,114.24354553222656
2021-06-21,4213.75,14130.0,17.889999389648438,115.78699493408203
2021-06-22,4236.25,14258.25,16.65999984741211,116.21214294433594
2021-06-23,4231.5,14263.0,16.31999969482422,115.91637420654297
2021-06-24,4256.0,14354.25,15.970000267028809,116.84061431884766
2021-06-25,4271.25,14339.0,15.619999885559082,117.1456069946289
2021-06-28,4280.5,14512.5,15.760000228881836,117.08090209960938
2021-06-29,4282.0,14563.0,16.020000457763672,117.17332458496094
2021-06-30,4288.5,14549.0,15.829999923706055,116.979248046875
2021-07-01,4310.75,14548.5,15.479999542236328,117.43209838867188
2021-07-02,4342.75,14713.75,15.069999694824219,118.15299224853516
2021-07-06,4334.0,14775.5,16.440000534057617,117.82030487060547
2021-07-07,4349.75,14802.25,16.200000762939453,118.25468444824219
2021-07-08,4313.0,14712.25,19.0,116.93303680419922
2021-07-09,4360.0,14810.5,16.18000030517578,118.50421905517578
2021-07-12,4376.5,14869.25,16.170000076293945,119.0125503540039
2021-07-13,4361.25,14865.0,17.1200008392334,118.39331817626953
2021-07-14,4367.75,14891.75,16.329999923706055,118.67057037353516
2021-07-15,4352.0,14787.5,17.010000228881836,118.02362823486328
2021-07-16,4318.5,14670.5,18.450000762939453,117.16409301757812
2021-07-19,4251.25,14540.75,22.5,115.36185455322266
2021-07-20,4315.5,14722.75,19.729999542236328,116.83136749267578
2021-07-21,4350.5,14827.75,17.90999984741211,118.1067886352539
2021-07-22,4359.5,14928.5,17.690000534057617,118.2916488647461
2021-07-23,4403.0,15098.0,17.200000762939453,119.40071868896484
2021-07-26,4414.25,15117.75,17.579999923706055,119.47466278076172
2021-07-27,4394.5,14947.75,19.360000610351562,119.05874633789062
2021-07-28,4393.75,15011.5,18.309999465942383,119.27132415771484
2021-07-29,4411.75,15037.75,17.700000762939453,119.89055633544922
2021-07-30,4389.5,14955.75,18.239999771118164,119.0679931640625
2021-08-02,4379.75,14952.75,19.459999084472656,119.25284576416016
2021-08-03,4415.0,15046.25,18.040000915527344,120.03843688964844
2021-08-04,4394.75,15073.5,17.969999313354492,119.65950012207031
2021-08-05,4421.5,15167.75,17.280000686645508,120.38964080810547
2021-08-06,4429.5,15095.5,16.149999618530273,120.195556640625
2021-08-09,4425.75,15125.25,16.719999313354492,120.21404266357422
2021-08-10,4430.0,15044.5,16.790000915527344,120.35266876220703
2021-08-11,4440.5,15019.5,16.170000076293945,120.78704833984375
2021-08-12,4454.5,15078.5,15.59000015258789,121.03661346435547
2021-08-13,4462.5,15125.75,15.449999809265137,121.40628814697266
2021-08-16,4474.0,15134.0,16.1200008392334,121.36932373046875
2021-08-17,4443.5,14997.5,17.90999984741211,120.4450912475586
2021-08-18,4394.5,14849.25,21.56999969482422,119.45616149902344
2021-08-19,4401.5,14928.0,21.670000076293945,119.0125503540039
2021-08-20,4437.0,15086.75,18.559999465942383,119.8720703125
2021-08-23,4475.5,15304.5,17.149999618530273,121.00885009765625
2021-08-24,4482.5,15355.5,17.219999313354492,121.2491683959961
2021-08-25,4493.0,15364.25,16.790000915527344,121.44325256347656
2021-08-26,4466.5,15274.75,18.84000015258789,120.7962875366211
2021-08-27,4505.5,15426.5,16.389999389648438,121.84068298339844
2021-08-30,4525.25,15597.5,16.190000534057617,122.20111846923828
2021-08-31,4520.5,15582.5,16.479999542236328,122.01628875732422
2021-09-01,4521.25,15609.25,16.110000610351562,122.4136962890625
2021-09-02,4535.25,15601.0,16.40999984741211,122.8018569946289
2021-09-03,4534.5,15651.5,16.40999984741211,122.96823120117188
2021-09-07,4519.25,15674.75,18.139999389648438,122.65400695800781
2021-09-08,4512.5,15620.0,17.959999084472656,122.26580047607422
2021-09-09,4492.25,15558.75,18.799999237060547,121.84990692138672
2021-09-10,4458.25,15441.5,20.950000762939453,121.15674591064453
2021-09-13,4469.0,15436.75,19.3700008392334,121.57263946533203
2021-09-14,4444.5,15387.0,19.459999084472656,120.99040222167969
2021-09-15,4481.75,15504.0,18.18000030517578,121.72052001953125
2021-09-16,4474.25,15517.75,18.690000534057617,121.54491424560547
2021-09-17,4464.330078125,15486.669921875,20.809999465942383,120.29722595214844
2021-09-20,4348.25,15009.5,25.709999084472656,118.26392364501953
2021-09-21,4343.25,15024.0,24.360000610351562,118.46724700927734
2021-09-22,4384.0,15163.5,20.8700008392334,119.51162719726562
2021-09-23,4438.0,15303.5,18.6299991607666,120.89797973632812
2021-09-24,4445.75,15318.75,17.75,120.6854019165039
2021-09-27,4433.0,15194.75,18.760000228881836,120.43582916259766
2021-09-28,4343.5,14764.75,23.25,117.86649322509766
2021-09-29,4349.75,14739.75,22.559999465942383,117.85726165771484
2021-09-30,4297.75,14682.5,23.139999389648438,116.8775863647461
2021-10-01,4343.75,14761.75,21.100000381469727,117.82953643798828
2021-10-04,4291.25,14462.25,22.959999084472656,116.46167755126953
2021-10-05,4334.0,14655.25,21.299999237060547,117.3951416015625
2021-10-06,4354.0,14759.0,21.0,117.62620544433594
2021-10-07,4390.0,14881.25,19.540000915527344,118.6151123046875
2021-10-08,4382.25,14808.25,18.770000457763672,118.48573303222656
2021-10-11,4351.0,14700.5,20.0,117.85726165771484
2021-10-12,4340.75,14653.25,19.850000381469727,117.6539306640625
2021-10-13,4355.0,14764.25,18.639999389648438,118.31938934326172
2021-10-14,4429.0,15037.25,16.860000610351562,120.20478057861328
2021-10-15,4462.5,15134.5,16.299999237060547,121.07356262207031
2021-10-18,4477.5,15290.5,16.309999465942383,121.2491683959961
2021-10-19,4511.25,15398.5,15.699999809265137,122.0994644165039
2021-10-20,4528.0,15377.5,15.489999771118164,122.47837829589844
2021-10-21,4541.75,15478.75,15.010000228881836,122.5985336303711
2021-10-22,4536.5,15341.0,15.430000305175781,122.68171691894531
2021-10-25,4558.0,15495.75,15.239999771118164,123.02366638183594
2021-10-26,4565.25,15545.0,15.979999542236328,123.19003295898438
2021-10-27,4544.5,15587.25,16.979999542236328,122.58003997802734
2021-10-28,4587.5,15764.75,16.530000686645508,123.71686553955078
2021-10-29,4597.0,15838.5,16.260000228881836,123.69835662841797
2021-11-01,4605.75,15894.25,16.40999984741211,124.22518157958984
2021-11-02,4623.5,15961.25,16.030000686645508,124.48396301269531
2021-11-03,4652.25,16129.75,15.100000381469727,125.3434829711914
2021-11-04,4673.25,16330.75,15.4399995803833,125.62075805664062
2021-11-05,4690.25,16351.75,16.479999542236328,126.02742004394531
2021-11-08,4694.0,16327.75,17.219999313354492,126.11058807373047
2021-11-09,4678.25,16212.75,17.780000686645508,125.73165893554688
2021-11-10,4642.0,15980.5,18.729999542236328,124.49321746826172
2021-11-11,4643.0,16022.75,17.65999984741211,124.76123046875
2021-11-12,4678.25,16192.75,16.290000915527344,125.7224349975586
2021-11-15,4679.0,16187.75,16.489999771118164,125.62075805664062
2021-11-16,4696.0,16300.75,16.3700008392334,125.92575073242188
2021-11-17,4686.25,16311.5,17.110000610351562,125.5930404663086
2021-11-18,4701.5,16481.25,17.59000015258789,125.89800262451172
2021-11-19,4694.5,16575.0,17.90999984741211,125.3434829711914
2021-11-22,4679.75,16382.0,19.170000076293945,124.69651794433594
2021-11-23,4688.5,16312.0,19.3799991607666,124.70578002929688
2021-11-24,4699.0,16366.0,18.579999923706055,124.79818725585938
2021-11-26,4595.75,16051.0,28.6200008392334,121.99778747558594
2021-11-29,4651.0,16390.75,22.959999084472656,123.06990814208984
2021-11-30,4566.25,16150.5,27.190000534057617,121.1659927368164
2021-12-01,4508.5,15869.75,31.1200008392334,119.73344421386719
2021-12-02,4575.75,15988.5,27.950000762939453,121.43402862548828
2021-12-03,4537.5,15717.75,30.670000076293945,120.51901245117188
2021-12-06,4590.0,15842.75,27.18000030517578,121.7667236328125
2021-12-07,4685.0,16318.0,21.889999389648438,124.30835723876953
2021-12-08,4699.0,16392.25,19.899999618530273,124.73351287841797
2021-12-09,4667.0,16148.75,21.579999923706055,123.66140747070312
2021-12-10,4711.0,16329.75,18.690000534057617,124.38227844238281
2021-12-13,4668.75,16082.0,20.309999465942383,123.2978744506836
2021-12-14,4637.0,15924.75,21.889999389648438,122.31119537353516
2021-12-15,4709.5,16288.0,19.290000915527344,124.17284393310547
2021-12-16,4668.75,15870.5,20.56999969482422,123.5771255493164
2021-12-17,4636.4599609375,15717.3203125,21.56999969482422,122.26466369628906
2021-12-20,4558.5,15621.25,22.8700008392334,121.24073791503906
2021-12-21,4640.75,15980.0,21.010000228881836,123.19549560546875
2021-12-22,4686.0,16169.75,18.6299991607666,124.28456115722656
2021-12-23,4715.75,16299.0,17.959999084472656,125.17814636230469
2021-12-27,4782.25,16560.0,17.68000030517578,126.55577850341797
2021-12-28,4778.5,16488.0,17.540000915527344,126.42548370361328
2021-12-29,4784.5,16490.5,16.950000762939453,126.50926208496094
2021-12-30,4772.25,16430.25,17.329999923706055,126.32949829101562
2021-12-31,4758.5,16320.75,17.219999313354492,126.03146362304688
2022-01-03,4786.0,16485.5,16.600000381469727,126.71136474609375
2022-01-04,4784.25,16275.75,16.90999984741211,126.71136474609375
2022-01-05,4692.5,15766.5,19.729999542236328,124.5878677368164
2022-01-06,4687.5,15759.0,19.610000610351562,124.35501098632812
2022-01-07,4667.75,15581.0,18.760000228881836,124.04766845703125
2022-01-10,4662.25,15608.0,19.399999618530273,123.53541564941406
2022-01-11,4705.0,15831.0,18.40999984741211,124.82070922851562
2022-01-12,4716.25,15887.25,17.6200008392334,125.37017822265625
2022-01-13,4652.0,15490.25,20.309999465942383,123.85208129882812
2022-01-14,4654.75,15595.75,19.190000534057617,123.8707046508789
2022-01-18,4571.25,15206.0,22.790000915527344,121.64476013183594
2022-01-19,4524.25,15033.5,23.850000381469727,120.76927185058594
2022-01-20,4474.75,14841.0,25.59000015258789,119.64234924316406
2022-01-21,4390.0,14426.5,28.850000381469727,117.52815246582031
2022-01-24,4403.75,14501.0,29.899999618530273,117.44432830810547
2022-01-25,4349.0,14140.75,31.15999984741211,116.2801284790039
2022-01-26,4341.5,14158.5,31.959999084472656,115.87964630126953
2022-01-27,4317.75,13986.75,30.489999771118164,115.26495361328125
2022-01-28,4423.25,14433.0,27.65999984741211,117.2953109741211
2022-01-31,4504.25,14905.0,24.829999923706055,119.5119400024414
2022-02-01,4535.0,14994.75,21.959999084472656,120.48987579345703
2022-02-02,4577.25,15114.5,22.09000015258789,121.4957275390625
2022-02-03,4469.0,14492.25,24.350000381469727,118.87862396240234
2022-02-04,4492.5,14685.5,23.219999313354492,119.41880798339844
2022-02-07,4475.75,14559.75,22.860000610351562,119.2697982788086
2022-02-08,4512.5,14734.5,21.440000534057617,120.12663269042969
2022-02-09,4577.75,15038.25,19.959999084472656,121.96141052246094
2022-02-10,4497.5,14701.0,23.90999984741211,120.06145477294922
2022-02-11,4409.5,14240.5,27.360000610351562,117.947265625
2022-02-14,4394.0,14253.0,28.329999923706055,117.45365142822266
2022-02-15,4464.5,14609.5,25.700000762939453,119.49333190917969
2022-02-16,4470.0,14600.0,24.290000915527344,119.70752716064453
2022-02-17,4374.5,14164.75,28.110000610351562,117.3884506225586
2022-02-18,4343.5,13996.0,27.75,116.51296997070312
2022-02-22,4300.0,13862.75,28.809999465942383,115.125244140625
2022-02-23,4222.0,13507.5,31.020000457763672,113.4581069946289
2022-02-24,4284.0,13966.5,30.31999969482422,114.01693725585938
2022-02-25,4380.0,14180.5,27.59000015258789,116.68061828613281
2022-02-28,4368.0,14228.0,30.149999618530273,116.0286636352539
2022-03-01,4303.75,14005.5,33.31999969482422,114.14732360839844
2022-03-02,4381.75,14239.25,30.739999771118164,116.0286636352539
2022-03-03,4359.25,14030.5,30.479999542236328,114.78064727783203
2022-03-04,4327.25,13839.75,31.979999542236328,113.24390411376953
2022-03-07,4198.5,13320.75,36.45000076293945,109.853759765625
2022-03-08,4168.75,13267.0,35.130001068115234,109.4812240600586
2022-03-09,4275.25,13734.75,32.45000076293945,112.85272216796875
2022-03-10,4257.25,13586.0,30.229999542236328,112.16351318359375
2022-03-11,4201.5,13292.0,30.75,110.73854064941406
2022-03-14,4172.0,13045.5,31.770000457763672,110.30081176757812
2022-03-15,4262.0,13451.75,29.829999923706055,112.38704681396484
2022-03-16,4358.0,13953.0,26.670000076293945,115.33014678955078
2022-03-17,4410.25,14111.75,25.670000076293945,116.5409164428711
2022-03-18,4409.35009765625,14095.3095703125,23.8700008392334,118.0404052734375
2022-03-21,4452.25,14370.5,23.530000686645508,117.91932678222656
2022-03-22,4505.0,14654.0,22.940000534057617,119.28842163085938
2022-03-23,4447.5,14447.0,23.56999969482422,117.80754852294922
2022-03-24,4512.5,14763.75,21.670000076293945,119.2604751586914
2022-03-25,4536.5,14755.75,20.809999465942383,119.62371063232422
2022-03-28,4568.0,14985.25,19.6299991607666,120.15457916259766
2022-03-29,4625.5,15237.75,18.899999618530273,122.01729583740234
2022-03-30,4596.0,15071.5,19.329999923706055,121.2442626953125
2022-03-31,4530.75,14868.75,20.559999465942383,119.36292266845703
2022-04-01,4539.25,14863.75,19.6299991607666,119.96830749511719
2022-04-04,4577.75,15164.25,18.56999969482422,120.82516479492188
2022-04-05,4520.25,14828.0,21.030000686645508,119.22321319580078
2022-04-06,4475.75,14505.25,22.100000381469727,117.91932678222656
2022-04-07,4496.25,14536.0,21.549999237060547,118.43157958984375
2022-04-08,4483.5,14327.0,21.15999984741211,118.08697509765625
2022-04-11,4409.0,14000.0,24.3700008392334,116.31739807128906
2022-04-12,4393.0,13945.0,24.260000228881836,115.78650665283203
2022-04-13,4442.25,14221.5,21.81999969482422,117.24873352050781
2022-04-14,4387.5,13893.75,22.700000762939453,116.05661010742188
2022-04-18,4386.75,13907.75,22.170000076293945,115.6654281616211
2022-04-19,4459.25,14217.25,21.3700008392334,117.1090316772461
2022-04-20,4455.5,14004.75,20.31999969482422,117.27667999267578
2022-04-21,4390.5,13728.25,22.68000030517578,115.5257339477539
2022-04-22,4267.25,13353.5,28.209999084472656,112.67576599121094
2022-04-25,4292.75,13535.75,27.020000457763672,112.94586944580078
2022-04-26,4170.5,13016.0,33.52000045776367,109.90963745117188
2022-04-27,4180.25,13009.0,31.600000381469727,110.3194351196289
2022-04-28,4283.5,13454.75,29.989999771118164,112.69439697265625
2022-04-29,4127.5,12852.0,33.400001525878906,109.36013793945312
2022-05-02,4151.0,13073.0,32.34000015258789,109.75129699707031
2022-05-03,4169.25,13087.5,29.25,110.33806610107422
2022-05-04,4295.25,13531.25,25.420000076293945,113.1880111694336
2022-05-05,4143.25,12858.0,31.200000762939453,109.06210327148438
2022-05-06,4119.5,12695.75,30.190000534057617,108.35425567626953
2022-05-09,3987.5,12193.75,34.75,104.8430404663086
2022-05-10,3996.75,12349.0,32.9900016784668,105.085205078125
2022-05-11,3930.25,11969.75,32.560001373291016,103.69746398925781
2022-05-12,3927.25,11947.25,31.770000457763672,103.66021728515625
2022-05-13,4019.75,12382.75,28.8700008392334,106.32390594482422
2022-05-16,4004.75,12244.75,27.469999313354492,106.00724792480469
2022-05-17,4084.75,12560.25,26.100000381469727,108.15868377685547
2022-05-18,3922.75,11935.5,30.959999084472656,104.34943389892578
2022-05-19,3897.75,11878.25,29.350000381469727,104.30284881591797
2022-05-20,3899.5,11840.75,29.43000030517578,104.6102066040039
2022-05-23,3971.75,12035.25,28.479999542236328,106.40773010253906
2022-05-24,3940.5,11771.0,29.450000762939453,105.64401245117188
2022-05-25,3976.75,11942.25,28.3700008392334,106.42635345458984
2022-05-26,4055.75,12279.25,27.5,108.28907775878906
2022-05-27,4155.75,12677.75,25.719999313354492,110.52433776855469
2022-05-31,4131.25,12646.5,26.190000534057617,109.84444427490234
2022-06-01,4099.0,12551.0,25.690000534057617,108.97827911376953
2022-06-02,4175.25,12893.75,24.719999313354492,111.18560028076172
2022-06-03,4107.0,12551.0,24.790000915527344,109.35082244873047
2022-06-06,4120.5,12605.0,25.06999969482422,109.74198150634766
2022-06-07,4158.75,12711.5,24.020000457763672,110.65471649169922
2022-06-08,4114.0,12615.75,23.959999084472656,109.38807678222656
2022-06-09,4016.25,12275.0,26.09000015258789,106.8394546508789
2022-06-10,3899.0,11840.0,27.75,103.80516052246094
2022-06-13,3750.5,11296.5,34.02000045776367,99.8126449584961
2022-06-14,3736.75,11314.25,32.689998626708984,99.31475067138672
2022-06-15,3789.25,11593.75,29.6200008392334,100.95872497558594
2022-06-16,3668.25,11124.75,32.95000076293945,97.93380737304688
2022-06-17,3663.760009765625,11130.3896484375,31.1299991607666,98.01835632324219
2022-06-21,3767.75,11577.25,30.190000534057617,100.05689239501953
2022-06-22,3762.75,11565.75,28.950000762939453,99.72810363769531
2022-06-23,3799.75,11737.5,29.049999237060547,100.34810638427734
2022-06-24,3916.25,12140.5,27.229999542236328,103.39179229736328
2022-06-27,3903.75,12040.5,26.950000762939453,103.13817596435547
2022-06-28,3825.5,11674.25,28.360000610351562,101.39086151123047
2022-06-29,3821.25,11691.0,28.15999984741211,101.21236419677734
2022-06-30,3789.5,11529.5,28.709999084472656,100.40447235107422
2022-07-01,3827.25,11611.25,26.700000762939453,101.23116302490234
2022-07-05,3834.0,11808.5,27.540000915527344,100.79903411865234
2022-07-06,3848.25,11880.25,26.729999542236328,101.04327392578125
2022-07-07,3905.0,12138.5,26.079999923706055,102.59330749511719
2022-07-08,3901.25,12152.0,24.639999389648438,102.63087463378906
2022-07-11,3856.75,11884.25,26.170000076293945,101.1466064453125
2022-07-12,3823.75,11779.0,27.290000915527344,100.62992858886719
2022-07-13,3804.5,11762.25,26.81999969482422,100.30113220214844
2022-07-14,3793.25,11797.5,26.399999618530273,99.56838989257812
2022-07-15,3865.0,12007.5,24.229999542236328,101.25933074951172
2022-07-18,3833.75,11907.0,25.299999237060547,100.93993377685547
2022-07-19,3937.5,12274.0,24.5,103.68302154541016
2022-07-20,3962.5,12465.25,23.8799991607666,103.96484375
2022-07-21,4001.25,12640.0,23.110000610351562,105.08275604248047
2022-07-22,3965.0,12423.5,23.030000686645508,104.21849822998047
2022-07-25,3970.0,12354.5,23.360000610351562,104.57546997070312
2022-07-26,3923.25,12112.5,24.690000534057617,103.18514251708984
2022-07-27,4024.5,12619.0,23.239999771118164,105.84368133544922
2022-07-28,4073.5,12737.5,22.329999923706055,107.00853729248047
2022-07-29,4133.5,12971.5,21.329999923706055,108.5679702758789
2022-08-01,4120.5,12962.5,22.84000015258789,108.38948059082031
2022-08-02,4093.75,12924.5,23.93000030517578,107.44068145751953
2022-08-03,4156.25,13271.5,21.950000762939453,108.80282592773438
2022-08-04,4152.25,13327.0,21.440000534057617,108.97190856933594
2022-08-05,4146.75,13228.75,21.149999618530273,108.63372802734375
2022-08-08,4141.75,13183.25,21.290000915527344,108.59615325927734
2022-08-09,4124.5,13031.5,21.770000457763672,108.05128479003906
2022-08-10,4210.0,13392.0,19.739999771118164,110.44679260253906
2022-08-11,4209.75,13311.25,20.200000762939453,110.4749755859375
2022-08-12,4281.0,13577.75,19.530000686645508,112.00624084472656
2022-08-15,4298.25,13681.25,19.950000762939453,112.12834167480469
2022-08-16,4307.75,13658.25,19.690000534057617,112.35380554199219
2022-08-17,4276.75,13493.25,19.899999618530273,111.47076416015625
2022-08-18,4286.5,13523.25,19.559999465942383,111.48015594482422
2022-08-19,4231.5,13268.5,20.600000381469727,109.98648834228516
2022-08-22,4141.25,12909.75,23.799999237060547,107.77886199951172
2022-08-23,4130.5,12896.5,24.110000610351562,107.77886199951172
2022-08-24,4142.75,12929.75,22.81999969482422,108.07948303222656
2022-08-25,4201.0,13156.0,21.780000686645508,109.48859405517578
2022-08-26,4059.5,12620.5,25.559999465942383,106.06914520263672
2022-08-29,4031.25,12492.75,26.209999084472656,105.477294921875
2022-08-30,3987.5,12358.75,26.209999084472656,104.4063720703125
2022-08-31,3956.5,12285.25,25.8700008392334,103.59848022460938
2022-09-01,3968.75,12292.25,25.559999465942383,103.2978515625
2022-09-02,3924.5,12104.25,25.469999313354492,102.37724304199219
2022-09-06,3910.5,12019.0,26.90999984741211,101.93572235107422
2022-09-07,3980.0,12263.25,24.639999389648438,103.50453186035156
2022-09-08,4005.5,12321.75,23.610000610351562,104.04000854492188
2022-09-09,4067.25,12592.5,22.790000915527344,106.05973052978516
2022-09-12,4110.75,12740.75,23.8700008392334,107.29036712646484
2022-09-13,3931.25,12036.5,27.270000457763672,102.90331268310547
2022-09-14,3947.5,12142.0,26.15999984741211,103.30726623535156
2022-09-15,3902.0,11934.75,26.270000457763672,102.2551040649414
2022-09-16,3871.239990234375,11814.580078125,26.299999237060547,101.46601867675781
2022-09-19,3917.25,12024.0,25.760000228881836,102.0578384399414
2022-09-20,3872.75,11922.25,27.15999984741211,100.80841064453125
2022-09-21,3806.25,11710.0,27.989999771118164,99.19261932373047
2022-09-22,3772.0,11565.5,27.350000381469727,98.3659439086914
2022-09-23,3709.0,11376.75,29.920000076293945,96.1865005493164
2022-09-26,3670.0,11316.25,32.2599983215332,95.02164459228516
2022-09-27,3661.0,11333.75,32.599998474121094,94.76798248291016
2022-09-28,3732.0,11555.75,30.18000030517578,96.71257781982422
2022-09-29,3654.25,11228.25,31.84000015258789,95.04042053222656
2022-09-30,3601.5,11035.5,31.6200008392334,93.89433288574219
2022-10-03,3690.25,11285.75,30.100000381469727,96.19590759277344
2022-10-04,3803.25,11640.75,29.06999969482422,99.47444915771484
2022-10-05,3794.0,11623.75,28.549999237060547,99.09868621826172
2022-10-06,3756.75,11541.75,30.520000457763672,97.87744140625
2022-10-07,3653.25,11101.5,31.360000610351562,95.39740753173828
2022-10-10,3625.25,10984.5,32.45000076293945,94.79618835449219
2022-10-11,3599.25,10845.0,33.630001068115234,93.98828887939453
2022-10-12,3588.5,10840.5,33.56999969482422,93.69705963134766
2022-10-13,3681.75,11083.75,31.940000534057617,96.11134338378906
2022-10-14,3597.5,10744.0,32.02000045776367,93.90373229980469
2022-10-17,3689.25,11110.25,31.3700008392334,96.31803131103516
2022-10-18,3732.75,11198.75,30.5,97.35136413574219
2022-10-19,3707.25,11153.25,30.760000228881836,96.52468872070312
2022-10-20,3675.25,11090.75,29.979999542236328,95.89529418945312
2022-10-21,3764.0,11358.5,29.690000534057617,97.96199798583984
2022-10-24,3809.25,11478.75,29.850000381469727,98.70413970947266
2022-10-25,3870.25,11713.5,28.459999084472656,100.57356262207031
2022-10-26,3841.0,11446.0,27.280000686645508,100.3293228149414
2022-10-27,3819.5,11235.25,27.389999389648438,99.8126449584961
2022-10-28,3911.25,11587.0,25.75,101.71964263916016
2022-10-31,3883.0,11447.25,25.8799991607666,100.91175079345703
2022-11-01,3866.0,11332.0,25.809999465942383,100.9305419921875
2022-11-02,3768.75,10944.5,25.860000610351562,98.61019897460938
2022-11-03,3727.75,10728.0,25.299999237060547,97.64259338378906
2022-11-04,3779.5,10890.25,24.549999237060547,99.69052124023438
2022-11-07,3815.25,11014.25,24.350000381469727,100.45144653320312
2022-11-08,3835.25,11094.25,25.540000915527344,101.17479705810547
2022-11-09,3755.5,10830.75,26.09000015258789,99.2583999633789
2022-11-10,3961.0,11632.25,23.530000686645508,104.73516082763672
2022-11-11,4000.25,11848.0,22.520000457763672,106.17247009277344
2022-11-14,3966.0,11734.75,23.729999542236328,105.11093139648438
2022-11-15,3999.5,11904.25,24.540000915527344,106.02216339111328
2022-11-16,3968.5,11739.5,24.110000610351562,105.33638000488281
2022-11-17,3955.25,11710.5,23.93000030517578,105.06395721435547
2022-11-18,3974.0,11708.0,23.1200008392334,105.45851135253906
2022-11-21,3958.0,11588.0,22.360000610351562,104.8291015625
2022-11-22,4010.25,11754.5,21.290000915527344,106.3227767944336
2022-11-23,4033.0,11862.75,20.350000381469727,107.14006805419922
2022-11-25,4032.5,11782.75,20.5,107.28097534179688
2022-11-28,3970.25,11616.25,22.209999084472656,105.69337463378906
2022-11-29,3962.0,11524.75,21.889999389648438,105.59942626953125
2022-11-30,4081.25,12042.25,20.579999923706055,108.44585418701172
2022-12-01,4081.75,12062.75,19.84000015258789,108.80282592773438
2022-12-02,4075.5,12010.25,19.059999465942383,108.68070220947266
2022-12-05,4003.25,11805.75,20.75,106.74551391601562
2022-12-06,3945.0,11566.0,22.170000076293945,105.50548553466797
2022-12-07,3936.75,11509.5,22.68000030517578,105.37396240234375
2022-12-08,3965.75,11645.5,22.290000915527344,106.13489532470703
2022-12-09,3936.25,11569.75,22.829999923706055,105.59003448486328
2022-12-12,3991.75,11711.75,25.0,106.66095733642578
2022-12-13,4022.25,11839.75,22.549999237060547,107.74828338623047
2022-12-14,3998.0,11750.75,21.139999389648438,107.2467269897461
2022-12-15,3897.0,11347.25,22.829999923706055,104.50239562988281
2022-12-16,3871.469970703125,11327.0400390625,22.6200008392334,103.4046630859375
2022-12-19,3845.5,11193.25,22.420000076293945,102.66653442382812
2022-12-20,3849.25,11175.75,21.479999542236328,102.92204284667969
2022-12-21,3905.75,11334.5,20.06999969482422,104.3415298461914
2022-12-22,3849.25,11054.25,21.969999313354492,103.04505920410156
2022-12-23,3869.75,11075.25,20.8700008392334,103.56554412841797
2022-12-27,3855.0,10915.5,21.649999618530273,103.31949615478516
2022-12-28,3807.5,10772.75,22.139999389648438,102.0798110961914
2022-12-29,3871.75,11032.75,21.440000534057617,103.84944152832031
2022-12-30,3861.0,11022.25,21.670000076293945,103.38573455810547
2023-01-03,3846.0,10945.5,22.899999618530273,103.24378967285156
2023-01-04,3874.5,10999.25,22.010000228881836,104.25635528564453
2023-01-05,3829.0,10820.25,22.459999084472656,103.03559875488281
2023-01-06,3915.5,11113.5,21.1299991607666,105.46764373779297
2023-01-09,3913.75,11185.5,21.969999313354492,105.59066772460938
2023-01-10,3940.75,11282.0,20.579999923706055,106.16793060302734
2023-01-11,3990.0,11476.5,21.09000015258789,107.32244873046875
2023-01-12,4003.5,11534.25,18.829999923706055,108.15522003173828
2023-01-13,4018.25,11608.0,18.350000381469727,108.63782501220703
2023-01-17,4009.5,11624.5,19.360000610351562,108.62837219238281
2023-01-18,3945.75,11475.75,20.34000015258789,107.37921905517578
2023-01-19,3915.5,11356.5,20.520000457763672,106.69788360595703
2023-01-20,3988.5,11677.0,19.850000381469727,108.41072082519531
2023-01-23,4036.5,11934.0,19.809999465942383,109.48951721191406
2023-01-24,4032.75,11909.5,19.200000762939453,109.38541412353516
2023-01-25,4032.0,11873.25,19.079999923706055,109.60308074951172
2023-01-26,4075.5,12106.75,18.729999542236328,110.51154327392578
2023-01-27,4084.25,12222.25,18.510000228881836,110.67241668701172
2023-01-30,4032.5,11968.0,19.940000534057617,109.42327880859375
2023-01-31,4090.0,12152.0,19.399999618530273,110.72920227050781
2023-02-01,4132.25,12414.25,17.8700008392334,111.89317321777344
2023-02-02,4191.5,12846.75,18.729999542236328,113.0193099975586
2023-02-03,4147.75,12624.0,18.329999923706055,111.82693481445312
2023-02-06,4123.5,12515.5,19.43000030517578,111.00364685058594
2023-02-07,4175.75,12776.75,18.65999984741211,112.28117370605469
2023-02-08,4130.5,12545.25,19.6299991607666,111.2212905883789
2023-02-09,4091.75,12425.5,20.709999084472656,110.54939270019531
2023-02-10,4099.75,12346.25,20.530000686645508,110.55887603759766
2023-02-13,4147.25,12540.5,20.34000015258789,111.78907775878906
2023-02-14,4145.5,12631.0,18.90999984741211,111.9310302734375
2023-02-15,4158.25,12730.0,18.229999542236328,112.0918960571289
2023-02-16,4099.75,12482.5,20.170000076293945,110.87114715576172
2023-02-17,4087.5,12390.0,20.020000457763672,110.60617065429688
2023-02-21,4005.75,12096.75,22.8700008392334,108.71353912353516
2023-02-22,3999.0,12097.5,22.290000915527344,108.46749877929688
2023-02-23,4018.75,12207.5,21.139999389648438,108.98796081542969
2023-02-24,3975.75,11997.0,21.670000076293945,107.54956817626953
2023-02-27,3988.0,12083.25,20.950000762939453,108.22144317626953
2023-02-28,3975.5,12072.25,20.700000762939453,107.86184692382812
2023-03-01,3956.5,11961.75,20.579999923706055,107.71990203857422
2023-03-02,3984.75,12062.0,19.59000015258789,108.33501434326172
2023-03-03,4049.75,12311.25,18.489999771118164,110.02891540527344
2023-03-06,4052.5,12323.5,18.610000610351562,109.98160552978516
2023-03-07,3989.75,12169.0,19.59000015258789,108.24037170410156
2023-03-08,3995.0,12228.25,19.110000610351562,108.49588012695312
2023-03-09,3920.0,12007.25,22.610000610351562,106.79249572753906
2023-03-10,3862.75,11840.25,24.799999237060547,105.27838134765625
2023-03-13,3856.75,11931.75,26.520000457763672,104.9755630493164
2023-03-14,3920.5,12207.0,23.729999542236328,106.57484436035156
2023-03-15,3892.75,12247.75,26.139999389648438,105.07965087890625
2023-03-16,3960.5,12583.0,22.989999771118164,106.83035278320312
2023-03-17,3957.050048828125,12594.650390625,25.510000228881836,105.57174682617188
2023-03-20,3983.0,12688.5,24.149999618530273,106.72625732421875
2023-03-21,4035.75,12867.25,21.3799991607666,108.24983215332031
2023-03-22,3970.5,12707.0,22.260000228881836,106.84928894042969
2023-03-23,3978.0,12854.0,22.610000610351562,107.01961517333984
2023-03-24,4001.25,12890.25,21.739999771118164,107.3319091796875
2023-03-27,4007.25,12788.5,20.600000381469727,107.84292602539062
2023-03-28,4001.5,12732.5,19.969999313354492,107.75775909423828
2023-03-29,4057.5,12965.0,19.1200008392334,109.215087890625
2023-03-30,4080.0,13082.0,19.020000457763672,110.01000213623047
2023-03-31,4137.75,13301.75,18.700000762939453,111.35377502441406
2023-04-03,4153.75,13270.0,18.549999237060547,111.87425994873047
2023-04-04,4129.0,13219.0,19.0,111.44840240478516
2023-04-05,4117.25,13079.75,19.079999923706055,110.96578216552734
2023-04-06,4132.0,13170.75,18.399999618530273,111.36325073242188
2023-04-10,4136.25,13158.0,18.969999313354492,111.46733856201172
2023-04-11,4136.5,13074.75,19.100000381469727,111.60928344726562
2023-04-12,4119.0,12952.25,19.09000015258789,111.5146484375
2023-04-13,4172.75,13209.75,17.799999237060547,113.00984191894531
2023-04-14,4163.75,13181.25,17.06999969482422,112.744873046875
2023-04-17,4176.75,13186.5,16.950000762939453,112.9057388305664
2023-04-18,4180.0,13193.0,16.829999923706055,113.19910430908203
2023-04-19,4178.5,13183.0,16.459999084472656,113.02876281738281
2023-04-20,4152.5,13074.25,17.170000076293945,112.583984375
2023-04-21,4156.75,13090.5,16.770000457763672,112.8205795288086
2023-04-24,4159.5,13056.5,16.889999389648438,112.95306396484375
2023-04-25,4093.25,12809.5,18.760000228881836,111.18344116210938
2023-04-26,4076.0,12887.75,18.84000015258789,110.82383728027344
2023-04-27,4153.75,13231.25,17.030000686645508,112.78272247314453
2023-04-28,4188.5,13320.25,15.779999732971191,113.35997772216797
2023-05-01,4185.75,13306.75,16.079999923706055,113.24641418457031
2023-05-02,4136.75,13184.5,17.780000686645508,112.0162124633789
2023-05-03,4107.5,13100.75,18.34000015258789,111.5335693359375
2023-05-04,4075.75,13043.75,20.09000015258789,110.99417877197266
2023-05-05,4150.25,13317.75,17.190000534057617,112.943603515625
2023-05-08,4152.75,13352.25,16.979999542236328,112.99091339111328
2023-05-09,4134.0,13264.75,17.709999084472656,112.5272216796875
2023-05-10,4152.0,13409.5,16.940000534057617,112.80165100097656
2023-05-11,4143.75,13446.5,16.93000030517578,112.53667449951172
2023-05-12,4138.0,13396.25,17.030000686645508,112.37580871582031
2023-05-15,4150.0,13468.0,17.1200008392334,113.04769134521484
2023-05-16,4123.0,13483.25,17.989999771118164,112.07299041748047
2023-05-17,4171.5,13643.5,16.8700008392334,113.14232635498047
2023-05-18,4212.0,13894.0,16.049999237060547,113.87098693847656
2023-05-19,4204.75,13858.0,16.809999465942383,113.92778015136719
2023-05-22,4205.0,13902.5,17.209999084472656,114.00347900390625
2023-05-23,4158.75,13728.75,18.530000686645508,112.64078521728516
2023-05-24,4126.0,13650.25,20.030000686645508,111.58089447021484
2023-05-25,4159.75,13976.5,19.139999389648438,112.0540542602539
2023-05-26,4213.25,14332.5,17.950000762939453,113.47354125976562
2023-05-30,4215.0,14396.75,17.459999084472656,113.1044692993164
2023-05-31,4190.5,14300.5,17.940000534057617,112.23385620117188
2023-06-01,4228.0,14472.25,15.649999618530273,113.58710479736328
2023-06-02,4288.0,14575.25,14.600000381469727,115.29047393798828
2023-06-05,4281.0,14588.75,14.729999542236328,114.9403305053711
2023-06-06,4289.75,14586.5,13.960000038146973,115.43243408203125
2023-06-07,4274.25,14331.5,13.9399995803833,114.81136322021484
2023-06-08,4298.25,14503.0,13.649999618530273,115.5661849975586
2023-06-09,4304.75,14556.25,13.829999923706055,115.69995880126953
2023-06-12,4342.75,14800.5,15.010000228881836,116.59812927246094
2023-06-13,4371.75,14914.25,14.609999656677246,117.4771728515625
2023-06-14,4374.25,15012.75,13.880000114440918,117.69693756103516
2023-06-15,4426.5,15188.0,14.5,119.14927673339844
2023-06-16,4453.35009765625,15316.6103515625,13.539999961853027,118.75752258300781
2023-06-20,4434.75,15256.5,13.880000114440918,117.75425720214844
2023-06-21,4409.25,15044.0,13.199999809265137,117.43895721435547
2023-06-22,4423.75,15214.75,12.90999984741211,117.41983032226562
2023-06-23,4389.0,15058.25,13.4399995803833,116.36881256103516
2023-06-26,4370.25,14856.5,14.25,116.12993621826172
2023-06-27,4418.75,15111.5,13.739999771118164,117.3338623046875
2023-06-28,4417.5,15130.0,13.430000305175781,117.35295867919922
2023-06-29,4435.75,15100.25,13.539999961853027,117.69693756103516
2023-06-30,4488.25,15337.0,13.59000015258789,118.9772720336914
2023-07-03,4492.25,15364.75,13.569999694824219,119.24483489990234
2023-07-05,4483.75,15360.75,14.180000305175781,118.63331604003906
2023-07-06,4447.0,15238.0,15.4399995803833,117.30519104003906
2023-07-07,4434.0,15181.75,14.829999923706055,117.40074920654297
2023-07-10,4444.25,15187.0,15.069999694824219,117.76382446289062
2023-07-11,4473.5,15260.0,14.84000015258789,118.65242767333984
2023-07-12,4507.5,15444.75,13.539999961853027,119.94233703613281
2023-07-13,4543.5,15711.5,13.609999656677246,121.3277816772461
2023-07-14,4536.75,15694.25,13.34000015258789,121.00292205810547
2023-07-17,4553.75,15840.75,13.479999542236328,121.27045440673828
2023-07-18,4587.75,15974.75,13.300000190734863,122.2354965209961
2023-07-19,4597.0,15959.25,13.760000228881836,122.39794158935547
2023-07-20,4565.5,15592.25,13.989999771118164,121.66220092773438
2023-07-21,4564.75,15540.0,13.600000381469727,121.72909545898438
2023-07-24,4583.5,15561.25,13.90999984741211,121.91063690185547
2023-07-25,4596.0,15673.0,13.859999656677246,122.2259521484375
2023-07-26,4595.25,15610.75,13.1899995803833,122.31193542480469
2023-07-27,4564.25,15571.0,14.40999984741211,121.55709838867188
2023-07-28,4606.5,15847.5,13.329999923706055,122.72280883789062
2023-07-31,4614.5,15857.5,13.630000114440918,122.81835174560547
2023-08-01,4601.25,15817.25,13.930000305175781,122.21639251708984
2023-08-02,4537.25,15473.0,16.09000015258789,120.29585266113281
2023-08-03,4521.75,15438.75,15.920000076293945,119.9327621459961
2023-08-04,4498.0,15354.0,17.100000381469727,119.64613342285156
2023-08-07,4537.75,15485.5,15.770000457763672,120.66851043701172
2023-08-08,4518.5,15354.25,15.989999771118164,120.05699157714844
2023-08-09,4485.75,15178.25,15.960000038146973,119.44548034667969
2023-08-10,4485.75,15201.25,15.850000381469727,119.59834289550781
2023-08-11,4480.75,15095.75,14.84000015258789,119.31171417236328
2023-08-14,4506.0,15270.25,14.819999694824219,119.59834289550781
2023-08-15,4454.0,15106.5,16.459999084472656,118.17467498779297
2023-08-16,4420.0,14942.25,16.780000686645508,117.2383041381836
2023-08-17,4384.5,14778.0,17.889999389648438,116.42613983154297
2023-08-18,4382.75,14744.0,17.299999237060547,116.39746856689453
2023-08-21,4412.5,14985.75,17.1299991607666,117.11408233642578
2023-08-22,4399.25,14958.5,16.969999313354492,116.77010345458984
2023-08-23,4447.0,15195.5,15.979999542236328,118.01224517822266
2023-08-24,4386.0,14862.0,17.200000762939453,116.44525146484375
2023-08-25,4414.25,14979.25,15.680000305175781,117.2383041381836
2023-08-28,4442.25,15092.5,15.079999923706055,118.1364517211914
2023-08-29,4506.75,15415.75,14.449999809265137,119.818115234375
2023-08-30,4524.25,15501.25,13.880000114440918,120.28630828857422
2023-08-31,4516.0,15538.5,13.569999694824219,120.1047592163086
2023-09-01,4521.5,15516.25,13.09000015258789,120.305419921875
2023-09-05,4502.5,15534.5,14.010000228881836,119.63656616210938
2023-09-06,4471.5,15399.5,14.449999809265137,118.91039276123047
2023-09-07,4456.25,15282.25,14.399999618530273,118.56642150878906
2023-09-08,4461.75,15297.5,13.84000015258789,118.5950927734375
2023-09-11,4490.25,15475.75,13.800000190734863,119.52191162109375
2023-09-12,4465.0,15304.75,14.229999542236328,118.93907165527344
2023-09-13,4468.75,15356.25,13.479999542236328,118.9772720336914
2023-09-14,4506.0,15478.0,12.819999694824219,120.12387084960938
2023-09-15,4491.72021484375,15435.2001953125,13.789999961853027,119.07283782958984
2023-09-18,4501.5,15414.5,14.0,118.9772720336914
2023-09-19,4490.0,15375.25,14.109999656677246,118.80529022216797
2023-09-20,4447.0,15152.0,15.140000343322754,117.93580627441406
2023-09-21,4372.0,14862.75,17.540000915527344,115.95793914794922
2023-09-22,4361.0,14869.5,17.200000762939453,115.77640533447266
2023-09-25,4378.75,14935.25,16.899999618530273,115.98661804199219
2023-09-26,4314.75,14715.0,18.940000534057617,114.34317016601562
2023-09-27,4313.5,14739.0,18.219999313354492,114.25718688964844
2023-09-28,4337.5,14859.75,17.34000015258789,115.15533447265625
2023-09-29,4325.5,14866.5,17.520000457763672,114.8209228515625
2023-10-02,4324.25,14984.75,17.610000610351562,114.19029998779297
2023-10-03,4264.75,14714.5,19.780000686645508,112.69017791748047
2023-10-04,4297.75,14923.75,18.579999923706055,113.3494644165039
2023-10-05,4290.75,14861.75,18.489999771118164,113.58834075927734
2023-10-06,4341.5,15112.0,17.450000762939453,114.8973617553711
2023-10-09,4368.75,15187.0,17.700000762939453,115.41332244873047
2023-10-10,4391.5,15270.75,17.030000686645508,116.35924530029297
2023-10-11,4409.75,15380.0,16.09000015258789,116.8752212524414
2023-10-12,4380.5,15315.0,16.690000534057617,115.97705078125
2023-10-13,4357.25,15120.25,19.31999969482422,115.3082275390625
2023-10-16,4401.0,15289.5,17.209999084472656,116.42613983154297
2023-10-17,4401.75,15240.75,17.8799991607666,116.41658782958984
2023-10-18,4342.25,15025.25,19.219999313354492,114.7158203125
2023-10-19,4303.0,14890.0,21.399999618530273,113.68389129638672
2023-10-20,4248.5,14664.0,21.709999084472656,112.41310119628906
2023-10-23,4241.75,14712.0,20.3700008392334,112.26976776123047
2023-10-24,4271.25,14846.5,18.969999313354492,113.03417205810547
2023-10-25,4209.75,14478.25,20.190000534057617,111.572265625
2023-10-26,4156.5,14194.0,20.68000030517578,110.43522644042969
2023-10-27,4137.75,14265.25,21.270000457763672,109.8906021118164
2023-10-30,4185.75,14416.5,19.75,111.24739074707031
2023-10-31,4212.25,14490.25,18.139999389648438,111.89712524414062
2023-11-01,4256.0,14744.5,16.8700008392334,113.05326080322266
2023-11-02,4335.75,14998.0,15.65999984741211,115.346435546875
2023-11-03,4376.0,15178.75,14.90999984741211,116.50257110595703
2023-11-06,4384.25,15232.5,14.890000343322754,116.46435546875
2023-11-07,4396.0,15374.25,14.8100004196167,116.55990600585938
2023-11-08,4399.5,15386.5,14.449999809265137,116.58856964111328
2023-11-09,4362.25,15256.0,15.289999961853027,115.91017150878906
2023-11-10,4430.5,15596.25,14.170000076293945,117.37206268310547
2023-11-13,4425.25,15547.0,14.760000228881836,117.41028594970703
2023-11-14,4511.0,15879.75,14.15999984741211,119.87545013427734
2023-11-15,4519.25,15889.25,14.180000305175781,120.06654357910156
2023-11-16,4523.25,15897.5,14.319999694824219,120.06654357910156
2023-11-17,4527.5,15895.75,13.800000190734863,120.67805480957031
2023-11-20,4562.25,16086.5,13.40999984741211,121.41378021240234
2023-11-21,4551.25,15990.25,13.350000381469727,121.15579986572266
2023-11-22,4567.25,16049.25,12.850000381469727,121.56665802001953
2023-11-23,4569.5,16062.5,12.850000381469727,121.56665802001953
2023-11-24,4568.25,16021.0,12.460000038146973,121.84374237060547
2023-11-27,4561.0,16008.75,12.6899995803833,121.64309692382812
2023-11-28,4563.0,16048.0,12.6899995803833,121.73865509033203
2023-11-29,4559.25,16023.75,12.979999542236328,121.75775146484375
2023-11-30,4576.75,15985.5,12.920000076293945,122.0921859741211
2023-12-01,4600.75,16023.75,12.630000114440918,123.0285415649414
2023-12-04,4576.5,15869.0,13.079999923706055,122.3405990600586
2023-12-05,4575.0,15908.75,12.850000381469727,122.14949798583984
2023-12-06,4556.0,15815.25,12.970000267028809,121.86286926269531
2023-12-07,4589.5,16038.75,13.0600004196167,122.74190521240234
2023-12-08,4607.5,16098.25,12.350000381469727,123.18142700195312
2023-12-11,4626.0,16237.0,12.630000114440918,123.64962005615234
2023-12-12,4645.75,16362.75,12.069999694824219,123.9744873046875
2023-12-13,4708.25,16563.75,12.1899995803833,125.80901336669922
2023-12-14,4721.75,16541.5,12.479999542236328,126.46830749511719
2023-12-15,4694.27001953125,16530.23046875,12.279999732971191,126.07654571533203
2023-12-18,4793.0,16939.75,12.5600004196167,126.65939331054688
2023-12-19,4820.25,17023.0,12.529999732971191,127.53845977783203
2023-12-20,4749.75,16766.25,13.670000076293945,125.84200286865234
2023-12-21,4796.75,16956.5,13.649999618530273,127.31591796875
2023-12-22,4805.25,16980.0,13.029999732971191,127.57601928710938
2023-12-26,4825.0,17083.5,12.989999771118164,128.10585021972656
2023-12-27,4833.5,17113.25,12.430000305175781,128.47193908691406
2023-12-28,4832.25,17090.5,12.470000267028809,128.3948516845703
2023-12-29,4820.0,17023.5,12.449999809265137,128.14442443847656
2024-01-02,4787.25,16720.0,13.199999809265137,127.0750961303711
2024-01-03,4746.5,16538.0,14.039999961853027,126.05393981933594
2024-01-04,4729.5,16445.0,14.130000114440918,125.90943145751953
2024-01-05,4734.75,16460.25,13.350000381469727,126.06356048583984
2024-01-08,4801.25,16803.75,13.079999923706055,127.73015594482422
2024-01-09,4792.75,16830.25,12.760000228881836,127.2195816040039
2024-01-10,4820.25,16945.25,12.6899995803833,127.96137237548828
2024-01-11,4815.5,16966.25,12.4399995803833,127.95174407958984
2024-01-12,4816.5,16969.25,12.699999809265137,128.0576934814453
2024-01-16,4798.5,16966.5,13.84000015258789,127.17140197753906
2024-01-17,4771.25,16869.75,14.789999961853027,126.34294128417969
2024-01-18,4811.25,17110.0,14.130000114440918,127.40263366699219
2024-01-19,4869.5,17438.5,13.300000190734863,128.73204040527344
2024-01-22,4881.0,17458.5,13.1899995803833,129.03067016601562
2024-01-23,4895.0,17531.25,12.550000190734863,129.19444274902344
2024-01-24,4898.0,17621.0,13.140000343322754,129.49307250976562
2024-01-25,4923.25,17634.5,13.449999809265137,130.00364685058594
2024-01-26,4916.25,17527.0,13.260000228881836,130.1192626953125
2024-01-29,4954.5,17706.0,13.600000381469727,131.1211395263672
2024-01-30,4951.0,17588.5,13.3100004196167,131.00555419921875
2024-01-31,4870.5,17242.25,14.350000381469727,129.28114318847656
2024-02-01,4928.5,17436.75,13.880000114440918,130.7743377685547
2024-02-02,4980.25,17732.75,13.850000381469727,131.4486846923828
2024-02-05,4962.0,17700.0,13.670000076293945,130.86102294921875
2024-02-06,4974.75,17660.0,13.0600004196167,131.37159729003906
2024-02-07,5015.25,17841.75,12.829999923706055,132.12301635742188
2024-02-08,5017.75,17868.25,12.789999961853027,132.20008850097656
2024-02-09,5044.0,18039.25,12.930000305175781,132.84552001953125
2024-02-12,5041.25,17965.0,13.930000305175781,132.94186401367188
2024-02-13,4971.25,17676.75,15.850000381469727,130.94772338867188
2024-02-14,5018.0,17881.0,14.380000114440918,132.34458923339844
2024-02-15,5046.5,17912.75,14.010000228881836,133.47169494628906
2024-02-16,5019.75,17744.0,14.239999771118164,132.9803924560547
2024-02-20,4991.5,17607.25,15.420000076293945,132.566162109375
2024-02-21,4996.25,17536.75,15.34000015258789,132.65286254882812
2024-02-22,5097.75,18047.5,14.539999961853027,135.0419464111328
2024-02-23,5101.5,17991.0,13.75,135.18646240234375
2024-02-26,5080.25,17977.0,13.739999771118164,134.66624450683594
2024-02-27,5090.0,18021.0,13.430000305175781,135.01304626464844
2024-02-28,5081.0,17915.25,13.84000015258789,134.58920288085938
2024-02-29,5103.75,18082.75,13.399999618530273,135.1383056640625
2024-03-01,5146.0,18338.25,13.109999656677246,136.35211181640625
2024-03-04,5138.25,18262.0,13.489999771118164,136.18833923339844
2024-03-05,5085.75,17930.25,14.460000038146973,135.12864685058594
2024-03-06,5111.75,18044.25,14.5,136.1401824951172
2024-03-07,5161.75,18316.25,14.4399995803833,137.60446166992188
2024-03-08,5129.0,18046.75,14.739999771118164,136.872314453125
2024-03-11,5123.0,17971.0,15.220000267028809,136.4773406982422
2024-03-12,5177.25,18227.75,13.84000015258789,137.91273498535156
2024-03-13,5168.0,18078.5,13.75,137.78750610351562
2024-03-14,5153.75,18024.5,14.399999618530273,137.18060302734375
2024-03-15,5101.669921875,17854.75,14.40999984741211,136.54478454589844
2024-03-18,5214.75,18231.5,14.329999923706055,136.95899963378906
2024-03-19,5241.75,18270.0,13.819999694824219,137.63336181640625
2024-03-20,5286.75,18479.75,13.039999961853027,138.9242706298828
2024-03-21,5302.5,18561.75,12.920000076293945,139.36737060546875
2024-03-22,5293.25,18574.75,13.0600004196167,139.10728454589844
2024-03-25,5278.25,18513.5,13.1899995803833,138.721923828125
2024-03-26,5265.25,18449.0,13.239999771118164,138.5388946533203
2024-03-27,5308.25,18503.75,12.779999732971191,139.5985870361328
2024-03-28,5308.5,18475.0,13.010000228881836,139.5985870361328
2024-04-01,5295.25,18497.25,13.649999618530273,139.20362854003906
2024-04-02,5260.5,18330.0,14.609999656677246,138.2402801513672
2024-04-03,5266.5,18373.25,14.329999923706055,138.65451049804688
2024-04-04,5197.25,18076.75,16.350000381469727,137.08425903320312
2024-04-05,5253.0,18300.75,16.030000686645508,138.29808044433594
2024-04-08,5253.25,18295.0,15.1899995803833,138.4521942138672
2024-04-09,5260.25,18359.75,14.979999542236328,138.55819702148438
2024-04-10,5207.75,18196.75,15.800000190734863,137.02647399902344
2024-04-11,5243.25,18485.0,14.90999984741211,137.9705352783203
2024-04-12,5167.5,18179.25,17.309999465942383,135.82228088378906
2024-04-15,5104.0,17876.25,19.229999542236328,134.43507385253906
2024-04-16,5092.5,17881.25,18.399999618530273,133.8859405517578
2024-04-17,5062.25,17658.5,18.209999084472656,133.44281005859375
2024-04-18,5049.0,17547.25,18.0,133.04783630371094
2024-04-19,5003.75,17180.75,18.709999084472656,132.27716064453125
2024-04-22,5047.5,17350.0,16.940000534057617,133.4331512451172
2024-04-23,5106.5,17606.75,15.6899995803833,134.92636108398438
2024-04-24,5107.5,17664.5,15.970000267028809,134.82040405273438
2024-04-25,5082.25,17567.5,15.369999885559082,134.33871459960938
2024-04-26,5131.5,17845.75,15.029999732971191,135.6392364501953
2024-04-29,5147.0,17904.25,14.670000076293945,136.05345153808594
2024-04-30,5067.0,17571.25,15.649999618530273,134.0689697265625
2024-05-01,5046.5,17438.25,15.390000343322754,133.51986694335938
2024-05-02,5091.5,17649.75,14.680000305175781,134.94561767578125
2024-05-03,5154.75,18000.75,13.489999771118164,136.58331298828125
2024-05-06,5206.5,18195.5,13.489999771118164,137.92237854003906
2024-05-07,5213.75,18199.5,13.229999542236328,138.06686401367188
2024-05-08,5212.75,18186.5,13.0,138.05723571777344
2024-05-09,5239.0,18214.5,12.6899995803833,138.8568115234375
2024-05-10,5246.25,18255.0,12.550000190734863,139.08802795410156
2024-05-13,5245.5,18295.5,13.600000381469727,139.0012969970703
2024-05-14,5269.5,18415.0,13.420000076293945,139.82015991210938
2024-05-15,5333.0,18691.75,12.449999809265137,141.4193115234375
2024-05-16,5320.25,18650.0,12.420000076293945,141.07252502441406
2024-05-17,5327.25,18635.25,11.989999771118164,141.3518829345703
2024-05-20,5331.75,18763.0,12.149999618530273,141.40005493164062
2024-05-21,5345.25,18799.25,11.859999656677246,141.63125610351562
2024-05-22,5328.0,18786.75,12.289999961853027,140.94728088378906
2024-05-23,5285.25,18696.25,12.770000457763672,139.9742889404297
2024-05-24,5321.5,18876.0,11.930000305175781,140.94728088378906
2024-05-28,5324.75,18940.5,12.920000076293945,140.97618103027344
2024-05-29,5284.0,18802.75,14.279999732971191,139.51187133789062
2024-05-30,5253.0,18606.5,14.470000267028809,139.328857421875
2024-05-31,5295.5,18591.0,12.920000076293945,140.3692626953125
2024-06-03,5297.25,18646.25,13.109999656677246,140.70645141601562
2024-06-04,5304.0,18701.0,13.15999984741211,140.67755126953125
2024-06-05,5366.0,19074.25,12.630000114440918,142.15145874023438
2024-06-06,5364.0,19060.25,12.579999923706055,142.2381591796875
2024-06-07,5355.75,19037.75,12.220000267028809,141.64088439941406
2024-06-10,5371.25,19109.75,12.739999771118164,141.95880126953125
2024-06-11,5384.0,19242.25,12.850000381469727,141.7635955810547
2024-06-12,5427.5,19496.5,12.039999961853027,143.08438110351562
2024-06-13,5438.5,19602.5,11.9399995803833,142.7736053466797
2024-06-14,5437.5,19685.5,12.65999984741211,142.3560028076172
2024-06-17,5478.5,19921.25,12.75,143.22035217285156
2024-06-18,5491.0,19919.25,12.300000190734863,143.6962432861328
2024-06-20,5476.75,19763.25,13.279999732971191,143.46316528320312
2024-06-21,5471.89013671875,19747.2890625,13.199999809265137,142.98727416992188
2024-06-24,5517.0,19750.75,13.329999923706055,143.02613830566406
2024-06-25,5537.0,19972.25,12.84000015258789,143.52142333984375
2024-06-26,5543.5,20012.5,12.550000190734863,143.44374084472656
2024-06-27,5546.0,20039.5,12.239999771118164,143.48257446289062
2024-06-28,5521.5,19927.25,12.4399995803833,143.2397918701172
2024-07-01,5533.75,20052.0,12.220000267028809,143.5505828857422
2024-07-02,5568.75,20255.25,12.029999732971191,144.29837036132812
2024-07-03,5590.25,20411.5,12.09000015258789,145.2792510986328
2024-07-05,5621.5,20620.75,12.479999542236328,146.16305541992188
2024-07-08,5625.25,20659.75,12.369999885559082,146.00765991210938
2024-07-09,5631.25,20678.5,12.510000228881836,146.09506225585938
2024-07-10,5688.0,20899.75,12.850000381469727,147.63925170898438
2024-07-11,5639.75,20441.75,12.920000076293945,146.91085815429688
2024-07-12,5664.75,20524.0,12.460000038146973,148.00827026367188
2024-07-15,5683.0,20583.75,13.119999885559082,148.01800537109375
2024-07-16,5717.25,20598.0,13.1899995803833,148.8823699951172
2024-07-17,5639.0,19997.5,14.479999542236328,147.23135375976562
2024-07-18,5594.5,19899.25,15.930000305175781,145.91053771972656
2024-07-19,5553.75,19713.0,16.520000457763672,144.88107299804688
2024-07-22,5610.75,20001.0,14.90999984741211,146.42527770996094
2024-07-23,5599.25,19925.0,14.720000267028809,145.95909118652344
2024-07-24,5472.0,19203.25,18.040000915527344,142.98727416992188
2024-07-25,5441.25,18992.25,18.459999084472656,142.27830505371094
2024-07-26,5499.0,19174.5,16.389999389648438,143.86134338378906
2024-07-29,5503.0,19209.25,16.600000381469727,143.81277465820312
2024-07-30,5472.5,18936.25,17.690000534057617,143.40489196777344
2024-07-31,5558.0,19505.25,16.360000610351562,145.6483154296875
2024-08-01,5480.25,19023.25,18.59000015258789,143.06495666503906
2024-08-02,5376.0,18556.25,23.389999389648438,140.4524688720703
2024-08-05,5217.5,18013.25,38.56999969482422,136.6260223388672
2024-08-06,5266.25,18179.0,27.709999084472656,137.67489624023438
2024-08-07,5227.5,17966.5,27.850000381469727,137.1116180419922
2024-08-08,5348.25,18525.25,23.790000915527344,140.025146484375
2024-08-09,5370.25,18616.0,20.3700008392334,140.85067749023438
2024-08-12,5369.75,18639.5,20.709999084472656,140.72442626953125
2024-08-13,5459.0,19104.25,18.1200008392334,143.17178344726562
2024-08-14,5477.0,19115.0,16.190000534057617,143.60882568359375
2024-08-15,5567.5,19581.25,15.229999542236328,145.7648468017578
2024-08-16,5578.25,19605.75,14.800000190734863,146.3669891357422
2024-08-19,5630.0,19857.75,14.649999618530273,147.83348083496094
2024-08-20,5619.75,19809.5,15.880000114440918,147.6198272705078
2024-08-21,5641.5,19909.5,16.270000457763672,148.46475219726562
2024-08-22,5594.0,19578.25,17.549999237060547,147.12452697753906
2024-08-23,5652.5,19790.75,15.859999656677246,149.36795043945312
2024-08-26,5637.0,19591.25,16.149999618530273,148.94061279296875
2024-08-27,5644.75,19653.75,15.430000305175781,149.1639862060547
2024-08-28,5610.25,19415.75,17.110000610351562,148.4550323486328
2024-08-29,5610.0,19393.25,15.649999618530273,148.5521697998047
2024-08-30,5661.0,19623.0,15.0,149.7369842529297
2024-09-03,5541.75,19006.5,20.719999313354492,146.65834045410156
2024-09-04,5530.0,18962.5,21.31999969482422,146.37669372558594
2024-09-05,5512.25,18963.5,19.899999618530273,145.8619842529297
2024-09-06,5419.5,18458.25,22.3799991607666,143.49229431152344
2024-09-09,5479.5,18692.25,19.450000762939453,145.02674865722656
2024-09-10,5504.0,18864.0,19.079999923706055,145.42494201660156
2024-09-11,5561.25,19271.0,17.690000534057617,146.8525848388672
2024-09-12,5602.25,19447.25,17.06999969482422,147.96945190429688
2024-09-13,5629.75,19530.25,16.559999465942383,148.72695922851562
2024-09-16,5638.0,19433.0,17.139999389648438,149.24169921875
2024-09-17,5639.0,19439.25,17.610000610351562,148.99888610839844
2024-09-18,5620.75,19349.25,18.229999542236328,148.60069274902344
2024-09-19,5717.75,19850.25,16.329999923706055,151.17434692382812
2024-09-20,5699.990234375,19808.009765625,16.149999618530273,150.64019775390625
2024-09-23,5776.75,20080.0,15.890000343322754,151.09666442871094
2024-09-24,5792.0,20167.75,15.390000343322754,151.57254028320312
2024-09-25,5779.0,20192.0,15.40999984741211,151.19374084472656
2024-09-26,5804.5,20346.25,15.369999885559082,152.57286071777344
2024-09-27,5791.25,20221.5,16.959999084472656,152.10667419433594
2024-09-30,5814.25,20261.25,16.729999542236328,152.38833618164062
2024-10-01,5759.75,19975.0,19.260000228881836,151.12579345703125
2024-10-02,5760.25,20009.75,18.899999618530273,151.14520263671875
2024-10-03,5749.5,19990.25,20.489999771118164,150.57220458984375
2024-10-04,5800.0,20227.25,19.209999084472656,151.83474731445312
2024-10-07,5744.75,19992.75,22.639999389648438,150.53338623046875
2024-10-08,5800.5,20298.5,21.420000076293945,151.57254028320312
2024-10-09,5841.25,20463.5,20.860000610351562,152.37860107421875
2024-10-10,5829.0,20429.75,20.93000030517578,152.12612915039062
2024-10-11,5859.75,20450.0,20.459999084472656,153.0001678466797
2024-10-14,5908.25,20619.25,19.700000762939453,153.97134399414062
2024-10-15,5862.75,20342.0,20.639999389648438,152.44659423828125
2024-10-16,5887.0,20349.5,19.579999923706055,153.0681610107422
2024-10-17,5887.0,20368.0,19.110000610351562,153.1555633544922
2024-10-18,5906.0,20483.5,18.030000686645508,153.8353729248047
2024-10-21,5896.25,20519.5,18.3700008392334,153.16529846191406
2024-10-22,5892.5,20542.0,18.200000762939453,152.9224853515625
2024-10-23,5837.75,20220.5,19.239999771118164,151.39772033691406
2024-10-24,5849.0,20380.25,19.079999923706055,151.8930206298828
2024-10-25,5846.0,20498.75,20.329999923706055,151.65023803710938
2024-10-28,5861.5,20497.0,19.799999237060547,152.32032775878906
2024-10-29,5871.0,20696.5,19.34000015258789,152.32032775878906
2024-10-30,5852.0,20534.75,20.350000381469727,151.7667694091797
2024-10-31,5738.5,20021.75,23.15999984741211,149.29995727539062
2024-11-01,5758.25,20153.25,21.8799991607666,149.902099609375
2024-11-04,5743.25,20086.0,21.979999542236328,149.69815063476562
2024-11-05,5812.25,20341.75,20.489999771118164,151.46571350097656
2024-11-06,5958.25,20894.0,16.270000457763672,153.7965545654297
2024-11-07,6003.75,21224.75,15.199999809265137,155.3018798828125
2024-11-08,6025.25,21231.25,14.9399995803833,155.2727508544922
2024-11-11,6031.75,21217.75,14.970000267028809,155.632080078125
2024-11-12,6013.0,21189.5,14.710000038146973,154.5928955078125
2024-11-13,6016.0,21159.5,14.020000457763672,154.3889617919922
2024-11-14,5978.25,21011.75,14.3100004196167,153.7479705810547
2024-11-15,5896.5,20493.75,16.139999389648438,152.14553833007812
2024-11-18,5920.0,20633.5,15.579999923706055,152.85450744628906
2024-11-19,5938.75,20767.75,16.350000381469727,153.30125427246094
2024-11-20,5937.75,20749.0,17.15999984741211,153.2138214111328
2024-11-21,5970.5,20829.5,16.8700008392334,154.00048828125
2024-11-22,5987.0,20849.75,15.239999771118164,154.6706085205078
2024-11-25,6006.5,20880.25,14.600000381469727,155.15618896484375
2024-11-26,6038.25,20993.5,14.100000381469727,155.43785095214844
2024-11-27,6015.0,20813.0,14.100000381469727,155.24359130859375
2024-11-29,6051.5,20993.5,13.510000228881836,156.4964141845703
2024-12-02,6061.75,21218.0,13.34000015258789,156.8946075439453
2024-12-03,6063.25,21281.5,13.300000190734863,157.05972290039062
2024-12-04,6098.5,21536.5,13.449999809265137,157.97264099121094
2024-12-05,6088.75,21473.25,13.539999961853027,157.9823455810547
2024-12-06,6099.0,21656.75,12.770000457763672,158.25425720214844
2024-12-09,6065.75,21483.75,14.1899995803833,157.35105895996094
2024-12-10,6046.25,21405.25,14.180000305175781,156.6809539794922
2024-12-11,6092.75,21793.5,13.579999923706055,157.90464782714844
2024-12-12,6060.75,21651.25,13.920000076293945,156.8848876953125
2024-12-13,6055.5,21795.75,13.8100004196167,156.7003936767578
2024-12-16,6080.5,22110.25,14.6899995803833,157.04029846191406
2024-12-17,6053.75,22014.75,15.869999885559082,156.45651245117188
2024-12-18,5872.25,21218.75,27.6200008392334,151.9388427734375
2024-12-19,5868.75,21112.75,24.09000015258789,151.7237091064453
2024-12-20,5840.259765625,20947.98046875,18.360000610351562,152.89712524414062
2024-12-23,6036.0,21753.25,16.780000686645508,153.9141082763672
2024-12-24,6098.0,22028.5,14.270000457763672,155.25375366210938
2024-12-26,6095.25,22008.0,14.729999542236328,155.53732299804688
2024-12-27,6027.0,21698.5,15.949999809265137,154.10968017578125
2024-12-30,5958.75,21416.25,17.399999618530273,152.6624298095703
2024-12-31,5935.75,21226.5,17.350000381469727,152.05616760253906
2025-01-02,5916.5,21167.5,17.93000030517578,151.76280212402344
2025-01-03,5989.5,21516.5,16.1299991607666,153.50340270996094
2025-01-06,6020.5,21744.5,16.040000915527344,154.26611328125
2025-01-07,5954.25,21359.75,17.81999969482422,152.94602966308594
2025-01-08,5959.25,21360.75,17.700000762939453,152.96556091308594
2025-01-09,5944.75,21301.5,17.700000762939453,152.96556091308594
2025-01-10,5866.25,21016.0,19.540000915527344,150.83384704589844
2025-01-13,5874.5,20947.25,19.190000534057617,150.81430053710938
2025-01-14,5882.25,20919.5,18.709999084472656,151.00985717773438
2025-01-15,5989.0,21400.25,16.1200008392334,153.63052368164062
2025-01-16,5975.5,21249.75,16.600000381469727,153.65985107421875
2025-01-17,6033.5,21594.75,15.970000267028809,154.89193725585938
2025-01-21,6084.25,21709.5,15.0600004196167,156.7205352783203
2025-01-22,6120.5,22000.5,15.100000381469727,157.32679748535156
2025-01-23,6152.0,22038.25,15.020000457763672,158.28509521484375
2025-01-24,6133.25,21911.25,14.850000381469727,158.15798950195312
2025-01-27,6046.75,21258.5,17.899999618530273,156.4369354248047
2025-01-28,6097.0,21581.75,16.40999984741211,157.36590576171875
2025-01-29,6067.5,21523.25,16.559999465942383,156.85743713378906
2025-01-30,6099.25,21624.75,15.84000015258789,157.97218322753906
2025-01-31,6067.25,21589.25,16.43000030517578,157.10189819335938
2025-02-03,6022.25,21405.0,18.6200008392334,155.8404541015625
2025-02-04,6063.0,21670.25,17.209999084472656,157.0823516845703
2025-02-05,6086.5,21763.0,15.770000457763672,157.97218322753906
2025-02-06,6106.0,21871.75,15.5,158.4709014892578
2025-02-07,6049.5,21590.75,16.540000915527344,157.04322814941406
2025-02-10,6088.75,21846.5,15.8100004196167,158.0992889404297
2025-02-11,6092.25,21786.75,16.020000457763672,158.3828887939453
2025-02-12,6072.75,21804.75,15.890000343322754,158.24598693847656
2025-02-13,6135.25,22113.25,15.100000381469727,159.92788696289062
2025-02-14,6132.0,22196.25,14.770000457763672,159.9376678466797
2025-02-18,6146.75,22232.25,15.350000381469727,160.4559326171875
2025-02-19,6163.0,22250.5,15.270000457763672,160.39724731445312
2025-02-20,6136.5,22141.75,15.65999984741211,160.0843505859375
2025-02-21,6029.0,21679.25,18.209999084472656,157.7081756591797
2025-02-24,6000.75,21420.25,18.979999542236328,157.0725555419922
2025-02-25,5970.0,21149.0,19.43000030517578,156.85743713378906
2025-02-26,5970.75,21187.0,19.100000381469727,156.95521545410156
2025-02-27,5876.25,20605.75,21.1299991607666,154.55947875976562
2025-02-28,5963.25,20919.5,19.6299991607666,156.45651245117188
2025-03-03,5860.75,20468.25,22.780000686645508,154.78436279296875
2025-03-04,5789.5,20399.0,23.510000228881836,153.4838409423828
2025-03-05,5851.25,20665.0,21.93000030517578,155.71334838867188
2025-03-06,5746.25,20089.25,24.8700008392334,153.02426147460938
2025-03-07,5776.0,20229.75,23.3700008392334,154.14877319335938
2025-03-10,5620.75,19452.75,27.860000610351562,149.94400024414062
2025-03-11,5577.0,19399.0,26.920000076293945,149.05413818359375
2025-03-12,5604.75,19618.5,24.229999542236328,149.80709838867188
2025-03-13,5527.5,19249.0,24.65999984741211,147.89051818847656
2025-03-14,5640.0,19712.0,21.770000457763672,151.0392303466797
2025-03-17,5680.25,19831.75,20.510000228881836,152.41798400878906
2025-03-18,5618.0,19496.75,21.700000762939453,151.10765075683594
2025-03-19,5678.5,19746.75,19.899999618530273,152.47665405273438
2025-03-20,5662.5,19678.5,19.799999237060547,151.8899383544922
2025-03-21,5617.7998046875,19450.810546875,19.280000686645508,151.79214477539062
2025-03-24,5815.5,20374.25,17.479999542236328,153.93365478515625
2025-03-25,5826.5,20488.5,17.149999618530273,154.28567504882812
2025-03-26,5759.5,20116.5,18.329999923706055,152.52554321289062
2025-03-27,5739.25,19990.25,18.690000534057617,152.13441467285156
2025-03-28,5623.0,19457.0,21.649999618530273,149.4941864013672
2025-03-31,5653.25,19439.5,22.280000686645508,149.7875518798828
2025-04-01,5674.5,19604.5,21.770000457763672,150.19825744628906
2025-04-02,5712.25,19758.0,21.510000228881836,151.20545959472656
2025-04-03,5432.75,18675.5,30.020000457763672,144.99607849121094
2025-04-04,5110.25,17539.0,45.310001373291016,136.16604614257812
2025-04-07,5097.25,17563.25,46.97999954223633,134.95350646972656
2025-04-08,5020.25,17243.75,52.33000183105469,133.28140258789062
2025-04-09,5491.0,19288.75,33.619998931884766,145.19163513183594
2025-04-10,5302.0,18484.5,40.720001220703125,140.90866088867188
2025-04-11,5391.25,18807.5,37.560001373291016,143.66619873046875
2025-04-14,5440.75,18934.75,30.889999389648438,144.98629760742188
2025-04-15,5428.25,18960.25,30.1200008392334,145.1623077392578
2025-04-16,5305.75,18385.25,32.63999938964844,142.8056640625
2025-04-17,5312.75,18380.75,29.649999618530273,143.42172241210938
2025-04-21,5184.75,17922.25,33.81999969482422,140.7913055419922
2025-04-22,5314.75,18385.0,30.56999969482422,144.1160125732422
2025-04-23,5401.75,18804.0,28.450000762939453,145.91526794433594
2025-04-24,5511.25,19322.0,26.469999313354492,148.73147583007812
2025-04-25,5549.75,19535.25,24.84000015258789,149.66043090820312
2025-04-28,5553.0,19528.0,25.149999618530273,150.05157470703125
2025-04-29,5583.75,19642.0,24.170000076293945,150.76539611816406
2025-04-30,5587.0,19658.5,24.700000762939453,150.86318969726562
2025-05-01,5623.25,19870.75,24.600000381469727,151.3521270751953
2025-05-02,5709.0,20195.25,22.68000030517578,153.72830200195312
2025-05-05,5671.75,20055.5,23.639999389648438,153.16116333007812
2025-05-06,5625.75,19876.5,24.760000228881836,152.26153564453125
2025-05-07,5652.0,19961.0,23.549999237060547,152.57443237304688
2025-05-08,5684.5,20148.0,22.479999542236328,153.1513671875
2025-05-09,5678.0,20136.75,21.899999618530273,153.30783081054688
2025-05-12,5865.0,20948.75,18.389999389648438,157.0725555419922
2025-05-13,5904.5,21278.0,18.219999313354492,158.04061889648438
2025-05-14,5908.5,21392.5,18.6200008392334,158.04061889648438
2025-05-15,5933.25,21400.25,17.829999923706055,158.91091918945312
2025-05-16,5975.5,21506.0,17.239999771118164,159.88877868652344
2025-05-19,5982.5,21527.0,18.139999389648438,160.29946899414062
2025-05-20,5959.75,21447.25,18.09000015258789,160.13323974609375
2025-05-21,5861.25,21156.75,20.8700008392334,158.03086853027344
2025-05-22,5856.75,21178.25,20.280000686645508,157.91351318359375
2025-05-23,5817.0,20975.0,22.290000915527344,157.395263671875
2025-05-27,5934.25,21460.5,18.959999084472656,160.20169067382812
2025-05-28,5902.75,21379.75,19.309999465942383,159.16517639160156
2025-05-29,5922.75,21408.5,19.18000030517578,159.73233032226562
2025-05-30,5916.0,21376.75,18.56999969482422,159.69320678710938
2025-06-02,5947.25,21534.5,18.360000610351562,160.80795288085938
2025-06-03,5981.5,21706.0,17.690000534057617,161.26754760742188
2025-06-04,5981.0,21766.5,17.610000610351562,161.463134765625
2025-06-05,5946.0,21582.25,18.479999542236328,160.79818725585938
2025-06-06,6006.75,21789.5,16.770000457763672,162.1769561767578
2025-06-09,6010.25,21821.5,17.15999984741211,162.2551727294922
2025-06-10,6045.0,21962.5,16.950000762939453,162.8614501953125
2025-06-11,6029.0,21887.5,17.260000228881836,162.4898681640625
2025-06-12,6049.5,21932.5,18.020000457763672,163.2721405029297
2025-06-13,5979.25,21644.25,20.81999969482422,161.3457794189453
2025-06-16,6035.75,21941.5,19.110000610351562,162.7460174560547
2025-06-17,5985.0,21730.5,21.600000381469727,161.24822998046875
2025-06-18,5981.5,21720.25,20.139999389648438,161.2876434326172
2025-06-20,6010.2099609375,21889.890625,20.6200008392334,160.63729858398438
2025-06-23,6077.0,22073.5,19.829999923706055,162.0858154296875
2025-06-24,6146.25,22412.75,17.479999542236328,163.97775268554688
2025-06-25,6147.0,22461.0,16.760000228881836,163.6919708251953
2025-06-26,6195.0,22669.25,16.59000015258789,165.2489013671875
2025-06-27,6223.75,22751.5,16.31999969482422,166.12586975097656
2025-06-30,6253.75,22893.25,16.729999542236328,166.9043426513672
2025-07-01,6248.75,22692.75,16.829999923706055,166.6776885986328
2025-07-02,6275.0,22843.0,16.639999389648438,167.38717651367188
2025-07-03,6324.25,23062.5,16.3799991607666,168.37254333496094
2025-07-04,6283.5,22906.75,16.3799991607666,168.37254333496094
2025-07-07,6276.0,22884.75,17.790000915527344,166.99302673339844
2025-07-08,6272.0,22896.75,16.809999465942383,167.0817108154297
2025-07-09,6307.25,23052.75,15.9399995803833,168.2050323486328
2025-07-10,6324.25,23013.25,15.779999732971191,168.5302276611328
2025-07-11,6300.0,22959.0,16.399999618530273,167.6236572265625
2025-07-14,6311.0,23035.5,17.200000762939453,167.9685516357422
2025-07-15,6284.0,23056.75,17.3799991607666,166.99302673339844
2025-07-16,6303.25,23076.5,17.15999984741211,167.51527404785156
2025-07-17,6340.5,23251.0,16.520000457763672,168.45138549804688
2025-07-18,6334.75,23224.25,16.40999984741211,168.3134307861328
2025-07-21,6344.75,23342.0,16.649999618530273,168.71743774414062
2025-07-22,6346.75,23226.25,16.5,169.01304626464844
2025-07-23,6396.25,23310.75,15.369999885559082,170.9542694091797
2025-07-24,6401.5,23377.5,15.390000343322754,170.81631469726562
2025-07-25,6425.0,23421.25,14.930000305175781,171.21046447753906
2025-07-28,6422.75,23491.25,15.029999732971191,170.47142028808594
2025-07-29,6406.0,23452.0,15.979999542236328,170.10682678222656
2025-07-30,6396.25,23480.5,15.479999542236328,169.62400817871094
2025-07-31,6374.25,23365.0,16.719999313354492,168.5991973876953
2025-08-01,6264.5,22883.75,20.3799991607666,166.490478515625
2025-08-04,6356.0,23296.5,17.520000457763672,168.91452026367188
2025-08-05,6325.25,23132.0,17.850000381469727,168.34300231933594
2025-08-06,6371.0,23422.75,16.770000457763672,169.6732635498047
2025-08-07,6366.5,23496.25,16.56999969482422,169.8309326171875
2025-08-08,6413.5,23713.75,15.149999618530273,171.09222412109375
2025-08-11,6399.75,23637.5,16.25,170.56997680664062
2025-08-12,6468.5,23938.0,14.729999542236328,172.5604248046875
2025-08-13,6488.75,23946.5,14.489999771118164,173.20094299316406
2025-08-14,6490.5,23930.5,14.829999923706055,173.03343200683594
2025-08-15,6471.5,23804.0,15.09000015258789,173.15167236328125
2025-08-18,6469.25,23797.75,14.989999771118164,172.95458984375
2025-08-19,6432.5,23469.5,15.569999694824219,172.23526000976562
2025-08-20,6413.25,23324.0,15.6899995803833,172.1170196533203
2025-08-21,6388.25,23219.75,16.600000381469727,171.4174041748047
2025-08-22,6483.25,23569.75,14.220000267028809,173.97938537597656
2025-08-25,6455.5,23498.25,14.789999961853027,172.92503356933594
2025-08-26,6482.5,23591.5,14.619999885559082,173.3684539794922
2025-08-27,6496.0,23628.75,14.850000381469727,173.634521484375
2025-08-28,6517.5,23769.0,14.430000305175781,174.33413696289062
2025-08-29,6472.75,23461.75,15.359999656677246,173.309326171875
2025-09-02,6425.5,23275.0,17.170000076293945,171.99876403808594
2025-09-03,6457.25,23448.75,16.350000381469727,172.63926696777344
2025-09-04,6510.75,23668.0,15.300000190734863,174.07794189453125
2025-09-05,6489.75,23684.0,15.180000305175781,173.85128784179688
2025-09-08,6506.0,23799.75,15.109999656677246,174.66915893554688
2025-09-09,6521.75,23874.0,15.039999961853027,174.9647674560547
2025-09-10,6539.75,23877.75,15.350000381469727,175.26039123535156
2025-09-11,6592.5,24017.75,14.710000038146973,176.8468475341797
2025-09-12,6588.25,24113.25,14.760000228881836,176.63006591796875
2025-09-15,6621.5,24309.25,15.6899995803833,177.5464630126953
2025-09-16,6610.75,24284.0,16.360000610351562,177.3789520263672
2025-09-17,6601.25,24222.5,15.720000267028809,176.93553161621094
2025-09-18,6635.0,24460.25,15.699999809265137,177.86180114746094
2025-09-19,6658.77001953125,24568.0703125,15.449999809265137,178.39390563964844
2025-09-22,6752.5,25003.0,16.100000381469727,179.0541229248047
2025-09-23,6715.0,24827.25,16.639999389648438,178.32493591308594
2025-09-24,6692.25,24739.25,16.18000030517578,177.5267791748047
2025-09-25,6659.75,24629.25,16.739999771118164,176.71875
2025-09-26,6696.5,24726.75,15.289999961853027,177.66473388671875
2025-09-29,6713.5,24837.75,16.1200008392334,178.2855224609375
2025-09-30,6738.75,24901.75,16.280000686645508,178.90631103515625
2025-10-01,6761.5,25017.5,16.290000915527344,179.69461059570312
2025-10-02,6766.75,25110.0,16.6299991607666,179.97052001953125
2025-10-03,6764.0,24992.0,16.649999618530273,180.33511352539062
2025-10-06,6788.75,25184.75,16.3700008392334,180.9263458251953
2025-10-07,6761.5,25039.25,17.239999771118164,179.9508056640625
2025-10-08,6801.25,25331.0,16.299999237060547,180.83766174316406
2025-10-09,6779.25,25289.25,16.43000030517578,180.0000762939453
2025-10-10,6595.25,24397.0,21.65999984741211,175.5954132080078
2025-10-13,6694.75,24922.25,19.030000686645508,178.00961303710938
2025-10-14,6686.5,24762.5,20.809999465942383,178.1278533935547
2025-10-15,6715.0,24924.5,20.639999389648438,178.85702514648438
2025-10-16,6668.75,24831.25,25.309999465942383,178.23626708984375
2025-10-17,6702.5,24986.5,20.780000686645508,178.9851531982422
2025-10-20,6773.75,25305.25,18.229999542236328,180.56175231933594
2025-10-21,6773.25,25294.75,17.8700008392334,180.18731689453125
2025-10-22,6737.0,25039.25,18.600000381469727,179.3300323486328
2025-10-23,6775.0,25254.0,17.299999237060547,180.48292541503906
2025-10-24,6827.0,25509.25,16.3700008392334,181.59640502929688
2025-10-27,6908.25,25963.75,15.789999961853027,183.53759765625
2025-10-28,6925.75,26163.5,16.420000076293945,183.9120635986328
2025-10-29,6922.75,26262.5,16.920000076293945,183.4883575439453
2025-10-30,6855.5,25882.75,16.90999984741211,181.95114135742188
2025-10-31,6874.0,26004.0,17.440000534057617,182.32559204101562
2025-11-03,6882.75,26103.25,17.170000076293945,182.65077209472656
2025-11-04,6801.75,25575.25,19.0,180.4040985107422
2025-11-05,6825.25,25746.25,18.010000228881836,181.22195434570312
2025-11-06,6747.5,25244.25,19.5,179.5074005126953
2025-11-07,6753.75,25166.25,19.079999923706055,179.89169311523438
2025-11-10,6856.75,25714.5,17.600000381469727,182.4635467529297
2025-11-11,6871.5,25640.75,17.280000686645508,183.044921875
2025-11-12,6875.75,25623.75,17.510000228881836,183.51791381835938
2025-11-13,6760.0,25094.75,20.0,180.55191040039062
2025-11-14,6755.25,25094.0,19.829999923706055,180.5124969482422
2025-11-17,6692.0,24879.0,22.3799991607666,178.63040161132812
2025-11-18,6639.75,24595.75,24.690000534057617,177.14248657226562
2025-11-19,6661.5,24721.75,23.65999984741211,177.42823791503906
2025-11-20,6557.5,24131.5,26.420000076293945,174.7085723876953
2025-11-21,6620.25,24305.5,23.43000030517578,176.56109619140625
2025-11-24,6721.25,24948.25,20.520000457763672,178.5121612548828
2025-11-25,6781.5,25085.5,18.559999465942383,180.54205322265625
2025-11-26,6828.0,25302.25,17.190000534057617,182.0299835205078
2025-11-28,6859.5,25482.0,16.350000381469727,182.94639587402344
2025-12-01,6826.75,25391.25,17.239999771118164,182.12852478027344
2025-12-02,6840.25,25606.0,16.59000015258789,182.5719451904297
2025-12-03,6862.0,25657.5,16.079999923706055,183.3405303955078
2025-12-04,6866.75,25622.75,15.779999732971191,183.52777099609375
2025-12-05,6878.25,25732.0,15.40999984741211,183.85293579101562
2025-12-08,6855.75,25664.0,16.65999984741211,183.19273376464844
2025-12-09,6848.25,25699.75,16.93000030517578,183.16317749023438
2025-12-10,6891.75,25798.0,15.770000457763672,184.39491271972656
2025-12-11,6907.25,25713.5,14.850000381469727,185.10438537597656
2025-12-12,6830.75,25213.5,15.739999771118164,183.37008666992188
2025-12-15,6823.0,25093.25,16.5,183.53759765625
2025-12-16,6801.0,25139.0,16.479999542236328,182.96644592285156
2025-12-17,6726.5,24668.75,17.6200008392334,181.0790557861328
2025-12-18,6778.25,25028.25,16.8700008392334,182.44989013671875
2025-12-19,6796.5400390625,25132.7890625,14.90999984741211,183.94985961914062
2025-12-22,6930.25,25692.25,14.079999923706055,185.05247497558594
2025-12-23,6961.0,25812.25,14.0,185.9663848876953
2025-12-24,6982.5,25880.5,13.470000267028809,186.47299194335938
2025-12-26,6979.25,25863.25,13.600000381469727,186.56239318847656
2025-12-29,6955.0,25739.75,14.199999809265137,185.85711669921875
2025-12-30,6944.25,25675.25,14.329999923706055,185.7677001953125
2025-12-31,6892.5,25456.75,14.949999809265137,184.53594970703125
2026-01-02,6900.5,25385.25,14.510000228881836,185.27102661132812
2026-01-05,6943.75,25577.75,14.899999618530273,186.7610626220703
2026-01-06,6987.75,25822.0,14.75,187.724609375
2026-01-07,6963.25,25838.75,15.380000114440918,186.96966552734375
2026-01-08,6962.0,25687.5,15.449999809265137,186.98953247070312
2026-01-09,7005.0,25938.25,14.489999771118164,188.27096557617188
2026-01-12,7016.5,25956.75,15.119999885559082,188.78750610351562
2026-01-13,7001.75,25906.0,15.979999542236328,188.27096557617188
2026-01-14,6966.25,25631.0,16.75,187.67494201660156
2026-01-15,6981.75,25705.75,15.84000015258789,187.99282836914062
2026-01-16,6976.75,25689.0,15.859999656677246,187.95309448242188
2026-01-20,6829.5,25129.25,20.09000015258789,184.40679931640625
2026-01-21,6910.0,25471.0,16.899999618530273,186.41339111328125
2026-01-22,6945.0,25658.25,15.640000343322754,187.30740356445312
2026-01-23,6945.75,25738.25,16.09000015258789,187.6054229736328
2026-01-26,6981.25,25848.5,16.149999618530273,188.6484375
2026-01-27,7008.5,26073.0,16.350000381469727,190.01927185058594
2026-01-28,7007.25,26156.25,16.350000381469727,189.5225830078125
2026-01-29,6992.75,25999.25,16.8799991607666,189.53253173828125
2026-01-30,6965.75,25670.0,17.440000534057617,188.37030029296875
2026-02-02,7002.5,25850.0,16.34000015258789,189.39346313476562
2026-02-03,6941.75,25452.0,18.0,188.1815643310547
2026-02-04,6906.25,24999.25,18.639999389648438,187.724609375
2026-02-05,6820.75,24651.0,21.770000457763672,185.2213592529297
2026-02-06,6952.75,25163.25,20.3700008392334,188.97625732421875
2026-02-09,6983.25,25354.0,17.360000610351562,190.56561279296875
2026-02-10,6961.5,25218.25,17.790000915527344,190.3272247314453
2026-02-11,6960.5,25288.5,17.649999618530273,190.55569458007812
2026-02-12,6851.0,24768.0,20.81999969482422,187.7643585205078
2026-02-13,6850.5,24803.25,20.600000381469727,188.14181518554688
2026-02-17,6860.5,24767.75,20.290000915527344,188.20143127441406
2026-02-18,6894.25,24956.0,19.6200008392334,189.14512634277344
2026-02-19,6877.0,24858.75,20.229999542236328,188.62857055664062
2026-02-20,6923.25,25067.5,19.09000015258789,189.91993713378906
2026-02-23,6851.5,24762.75,21.010000228881836,188.2411651611328
2026-02-24,6903.75,25028.75,19.549999237060547,189.5027313232422
2026-02-25,6959.75,25382.0,17.93000030517578,191.0920867919922
2026-02-26,6920.0,25081.0,18.6299991607666,190.40667724609375
2026-02-27,6889.0,25004.75,19.860000610351562,189.572265625
2026-03-02,6888.25,25025.25,21.440000534057617,188.91664123535156
2026-03-03,6824.75,24755.75,23.56999969482422,185.9663848876953
2026-03-04,6876.0,25128.25,21.149999618530273,187.56568908691406
2026-03-05,6835.25,25049.5,23.75,185.84716796875
2026-03-06,6743.75,24670.25,29.489999771118164,183.75119018554688
2026-03-09,6801.0,24991.0,25.5,185.21142578125
2026-03-10,6787.25,24982.5,24.93000030517578,185.1220245361328
2026-03-11,6779.5,24983.5,24.229999542236328,184.78428649902344
2026-03-12,6677.5,24560.0,27.290000915527344,181.93333435058594
2026-03-13,6636.0,24394.25,27.190000534057617,180.5426483154297
2026-03-16,6704.75,24675.75,23.510000228881836,182.8174285888672
2026-03-17,6721.75,24795.5,22.3700008392334,183.2644500732422
2026-03-18,6626.0,24434.5,25.09000015258789,180.56251525878906
2026-03-19,6609.25,24364.0,24.059999465942383,180.15524291992188
2026-03-20,6594.6298828125,24291.779296875,26.780000686645508,176.8175506591797
2026-03-23,6634.75,24408.25,26.149999618530273,179.34068298339844
2026-03-24,6606.0,24213.75,26.950000762939453,178.6552734375
2026-03-25,6640.75,24367.75,25.329999923706055,179.9863739013672
2026-03-26,6525.0,23794.25,27.440000534057617,176.85728454589844
2026-03-27,6412.25,23328.5,31.049999237060547,174.25469970703125
2026-03-30,6388.25,23139.75,30.610000610351562,173.77789306640625
2026-03-31,6570.75,23915.0,25.25,178.8241424560547
2026-04-01,6617.75,24194.75,24.540000915527344,180.6022491455078
2026-04-02,6622.25,24218.0,23.8700008392334,180.51284790039062
2026-04-06,6651.0,24358.5,24.170000076293945,181.3075408935547
2026-04-07,6656.75,24371.0,25.780000686645508,181.2578582763672
2026-04-08,6823.75,25074.25,21.040000915527344,186.41339111328125
2026-04-09,6863.25,25251.5,19.489999771118164,187.10873413085938
2026-04-10,6855.25,25281.25,19.229999542236328,187.12860107421875
2026-04-13,6922.75,25543.5,19.1200008392334,188.72792053222656
2026-04-14,7004.75,25996.75,18.360000610351562,190.72454833984375
2026-04-15,7060.5,26365.5,18.170000076293945,192.04571533203125
2026-04-16,7077.0,26487.25,17.940000534057617,192.09539794921875
2026-04-17,7161.5,26825.5,17.479999542236328,194.4893798828125
2026-04-20,7148.0,26748.75,18.8700008392334,194.2112274169922
2026-04-21,7100.0,26634.75,19.5,191.9960479736328
2026-04-22,7171.25,27083.0,18.920000076293945,193.62515258789062
2026-04-23,7143.5,26934.0,19.309999465942383,192.532470703125
2026-04-24,7194.75,27435.0,18.709999084472656,193.97283935546875
2026-04-27,7206.0,27440.5,18.020000457763672,194.15164184570312
2026-04-28,7171.0,27168.75,17.829999923706055,193.13841247558594
2026-04-29,7168.0,27325.25,18.809999465942383,192.58212280273438
2026-04-30,7243.75,27596.0,16.889999389648438,195.2443389892578
2026-05-01,7258.0,27835.75,16.989999771118164,195.4529266357422
2026-05-04,7230.25,27776.0,18.290000915527344,194.2609100341797
2026-05-05,7287.25,28136.0,17.3799991607666,195.7211456298828
2026-05-06,7389.5,28716.75,17.389999389648438,199.29722595214844
2026-05-07,7363.0,28682.25,17.079999923706055,197.79725646972656
2026-05-08,7419.0,29332.5,17.190000534057617,199.30715942382812
2026-05-11,7436.75,29424.0,18.3799991607666,199.5455780029297
2026-05-12,7426.5,29170.0,17.989999771118164,199.23764038085938
2026-05-13,7469.5,29479.25,17.8700008392334,200.29058837890625
2026-05-14,7525.5,29687.75,17.260000228881836,201.39321899414062
2026-05-15,7432.25,29231.75,18.43000030517578,198.59194946289062
2026-05-18,7425.75,29096.0,17.81999969482422,198.9197540283203
2026-05-19,7378.0,28924.25,18.059999465942383,197.64825439453125
2026-05-20,7451.75,29390.5,17.440000534057617,200.15151977539062
2026-05-21,7466.0,29447.25,16.760000228881836,200.72767639160156
2026-05-22,7491.0,29558.75,16.700000762939453,201.1945343017578
2026-05-25,7491.0,29558.75,16.59000015258789,201.1945343017578
2026-05-26,7537.0,30073.5,17.010000228881836,202.64483642578125
2026-05-27,7540.0,30047.25,16.290000915527344,202.55543518066406
2026-05-28,7581.75,30307.0,15.739999771118164,203.4395294189453
2026-05-29,7595.75,30405.25,15.319999694824219,203.5686492919922
2026-06-01,7613.25,30566.25,16.049999237060547,203.9958038330078
2026-06-02,7623.75,30712.75,15.770000457763672,204.8103485107422
2026-06-03,7571.75,30633.25,16.059999465942383,203.29051208496094
2026-06-04,7601.0,30488.25,15.399999618530273,204.30374145507812
2026-06-05,7400.5,29026.5,21.510000228881836,199.04888916015625
2026-06-08,7416.0,29454.75,18.920000076293945,199.71444702148438
2026-06-09,7392.75,29117.0,19.8700008392334,199.04888916015625
2026-06-10,7278.5,28554.0,22.219999313354492,196.12841796875
2026-06-11,7396.0,29464.75,19.440000534057617,200.201171875
2026-06-12,7435.0,29662.0,17.68000030517578,200.97601318359375
2026-06-15,7561.25,30559.25,16.200000762939453,203.6300048828125
2026-06-16,7518.5,29995.0,16.40999984741211,203.10000610351562
2026-06-17,7424.5,29687.5,18.440000534057617,200.99000549316406
2026-06-18,7508.43017578125,30263.349609375,16.399999618530273,202.72999572753906
2026-06-22,7541.25,30653.5,17.280000686645508,202.3699951171875
2026-06-23,7437.5,29666.0,19.489999771118164,199.42999267578125
2026-06-24,7428.25,29514.25,18.6299991607666,199.0
2026-06-25,7423.25,29724.75,18.889999389648438,199.2899932861328
2026-06-26,7401.75,29368.25,18.40999984741211,197.36000061035156
2026-06-29,7500.25,30052.75,17.649999618530273,201.24000549316406
2026-06-30,7548.25,30523.5,16.450000762939453,202.63999938964844
2026-07-01,7543.5,30094.25,16.59000015258789,202.0800018310547
2026-07-02,7528.25,29556.0,16.149999618530273,202.64999389648438
2026-07-06,7591.5,29941.0,15.569999694824219,204.44000244140625
2026-07-07,7551.25,29391.5,16.1299991607666,203.1300048828125
2026-07-08,7528.75,29468.5,16.899999618530273,202.2899932861328
2026-07-09,7588.75,29937.0,15.84000015258789,203.72999572753906
2026-07-10,7620.25,30032.25,15.029999732971191,204.6300048828125
2026-07-13,7563.0,29475.75,17.15999984741211,203.00999450683594
2026-07-14,7591.25,29790.25,16.5,203.97999572753906
2026-07-15,7614.75,29693.25,15.670000076293945,204.75
2026-07-16,7577.75,29225.75,16.729999542236328,203.5800018310547
2026-07-17,7497.75,28773.25,18.770000457763672,201.89999389648438
2026-07-20,7484.25,28778.75,18.649999618530273,201.10000610351562
2026-07-21,7545.75,29316.0,17.049999237060547,203.1300048828125
2026-07-22,7540.25,29181.25,16.639999389648438,203.10000610351562
2026-07-23,7445.0,28620.75,18.700000762939453,200.61000061035156
2026-07-24,7447.5,28282.25,18.579999923706055,200.8800048828125
2026-07-27,7448.25,28190.0,18.670000076293945,201.25999450683594
2026-07-28,7465.25,27922.0,18.209999084472656,201.8000030517578
2026-07-29,7351.25,27342.0,20.65999984741211,199.17999267578125
2026-07-30,7472.5,28237.75,17.09000015258789,202.97999572753906
2026-07-31,7519.25,28404.25,15.989999771118164,203.3699951171875
2026-08-03,7628.25,28891.75,15.859999656677246,205.85000610351562
2026-08-04,7765.5,29863.5,16.5,209.24000549316406
2026-08-05,7749.5,29615.0,15.8100004196167,209.14999389648438
2026-08-06,7734.75,29488.25,15.149999618530273,208.6300048828125
2026-08-07,7779.75,29834.75,14.899999618530273,210.47000122070312
2026-08-10,7776.75,29737.0,15.460000038146973,210.11000061035156
2026-08-11,7747.5,29626.0,15.279999732971191,209.69000244140625
2026-08-12,7770.5,29853.25,14.550000190734863,210.3800048828125
2026-08-13,7822.5,30188.5,14.630000114440918,211.50999450683594
2026-08-14,7805.0,30141.75,14.25,211.2100067138672
2026-08-17,7768.75,30096.0,15.1899995803833,210.42999267578125
2026-08-18,7714.0,29586.0,15.84000015258789,208.74000549316406
2026-08-19,7729.0,29512.75,14.890000343322754,209.22000122070312
2026-08-20,7662.5,29300.5,16.010000228881836,207.8300018310547
2026-08-21,7691.25,29387.75,15.130000114440918,209.07000732421875
2026-08-24,7669.75,29105.75,15.850000381469727,208.47999572753906
2026-08-25,7692.0,29276.75,15.449999809265137,209.3300018310547
2026-08-26,7690.0,29289.5,15.210000038146973,208.9600067138672
2026-08-27,7742.5,29695.75,14.510000228881836,209.92999267578125
2026-08-28,7722.0,29491.75,14.430000305175781,209.42999267578125
2026-08-31,7699.0,29513.0,14.920000076293945,208.82000732421875
2026-09-01,7642.75,29125.5,16.34000015258789,207.02999877929688
2026-09-02,7676.5,29186.25,15.199999809265137,208.0
2026-09-03,7754.75,29524.75,14.319999694824219,210.33999633789062
2026-09-04,7722.0,29565.25,14.529999732971191,209.82000732421875
2026-09-07,7722.0,29565.25,15.300000190734863,209.82000732421875
2026-09-08,7680.5,29538.75,15.720000267028809,208.6300048828125
2026-09-09,7643.75,29448.75,16.459999084472656,207.4499969482422
2026-09-10,7598.5,29135.25,17.84000015258789,205.8699951171875
2026-09-11,7659.5,29387.0,15.84000015258789,207.69000244140625
2026-09-14,7625.0,29152.25,17.100000381469727,206.8000030517578
2026-09-15,7589.25,28955.0,17.200000762939453,205.6300048828125
2026-09-16,7556.5,28963.5,17.709999084472656,204.7100067138672
2026-09-17,7640.0,29446.75,15.4399995803833,207.2100067138672
2026-09-18,7657.35009765625,29613.6796875,14.8100004196167,206.77000427246094
2026-09-21,7833.5,30784.75,14.869999885559082,209.6999969482422
2026-09-22,7838.75,30771.75,14.670000076293945,209.6999969482422
